date,combined_equity
2000-05-26 00:00:00,1.0
2000-05-30 00:00:00,1.0
2000-05-31 00:00:00,1.0
2000-06-01 00:00:00,1.0
2000-06-02 00:00:00,1.0
2000-06-05 00:00:00,1.0
2000-06-06 00:00:00,1.0
2000-06-07 00:00:00,1.0
2000-06-08 00:00:00,1.0
2000-06-09 00:00:00,1.0
2000-06-12 00:00:00,1.0
2000-06-13 00:00:00,1.0
2000-06-14 00:00:00,1.0
2000-06-15 00:00:00,1.0
2000-06-16 00:00:00,1.0
2000-06-19 00:00:00,1.0
2000-06-20 00:00:00,1.0
2000-06-21 00:00:00,1.0
2000-06-22 00:00:00,1.0
2000-06-23 00:00:00,1.0
2000-06-26 00:00:00,1.0
2000-06-27 00:00:00,1.0
2000-06-28 00:00:00,1.0
2000-06-29 00:00:00,1.0
2000-06-30 00:00:00,1.0
2000-07-03 00:00:00,1.0
2000-07-05 00:00:00,1.0
2000-07-06 00:00:00,1.0
2000-07-07 00:00:00,1.0
2000-07-10 00:00:00,1.0
2000-07-11 00:00:00,1.0
2000-07-12 00:00:00,1.0
2000-07-13 00:00:00,1.0
2000-07-14 00:00:00,1.0
2000-07-17 00:00:00,1.0
2000-07-18 00:00:00,1.0
2000-07-19 00:00:00,1.0
2000-07-20 00:00:00,1.0
2000-07-21 00:00:00,1.0
2000-07-24 00:00:00,1.0
2000-07-25 00:00:00,1.0
2000-07-26 00:00:00,1.0
2000-07-27 00:00:00,1.0
2000-07-28 00:00:00,1.0
2000-07-31 00:00:00,1.0
2000-08-01 00:00:00,1.0
2000-08-02 00:00:00,1.0
2000-08-03 00:00:00,1.0
2000-08-04 00:00:00,1.0
2000-08-07 00:00:00,1.0
2000-08-08 00:00:00,1.0
2000-08-09 00:00:00,1.0
2000-08-10 00:00:00,1.0
2000-08-11 00:00:00,1.0
2000-08-14 00:00:00,1.0
2000-08-15 00:00:00,1.0
2000-08-16 00:00:00,1.0
2000-08-17 00:00:00,1.0
2000-08-18 00:00:00,1.0
2000-08-21 00:00:00,1.0
2000-08-22 00:00:00,1.0
2000-08-23 00:00:00,1.0
2000-08-24 00:00:00,1.0
2000-08-25 00:00:00,1.0
2000-08-28 00:00:00,1.0
2000-08-29 00:00:00,1.0
2000-08-30 00:00:00,1.0
2000-08-31 00:00:00,1.0
2000-09-01 00:00:00,1.0
2000-09-05 00:00:00,1.0
2000-09-06 00:00:00,1.0
2000-09-07 00:00:00,1.0
2000-09-08 00:00:00,1.0
2000-09-11 00:00:00,1.0
2000-09-12 00:00:00,1.0
2000-09-13 00:00:00,1.0
2000-09-14 00:00:00,1.0
2000-09-15 00:00:00,1.0
2000-09-18 00:00:00,1.0
2000-09-19 00:00:00,1.0
2000-09-20 00:00:00,1.0
2000-09-21 00:00:00,1.0
2000-09-22 00:00:00,1.0
2000-09-25 00:00:00,1.0
2000-09-26 00:00:00,1.0
2000-09-27 00:00:00,1.0
2000-09-28 00:00:00,1.0
2000-09-29 00:00:00,1.0
2000-10-02 00:00:00,1.0
2000-10-03 00:00:00,1.0
2000-10-04 00:00:00,1.0
2000-10-05 00:00:00,1.0
2000-10-06 00:00:00,1.0
2000-10-09 00:00:00,1.0
2000-10-10 00:00:00,1.0
2000-10-11 00:00:00,1.0
2000-10-12 00:00:00,1.0
2000-10-13 00:00:00,1.0
2000-10-16 00:00:00,1.0
2000-10-17 00:00:00,1.0
2000-10-18 00:00:00,1.0
2000-10-19 00:00:00,1.0
2000-10-20 00:00:00,1.0
2000-10-23 00:00:00,1.0
2000-10-24 00:00:00,1.0
2000-10-25 00:00:00,1.0
2000-10-26 00:00:00,1.0
2000-10-27 00:00:00,1.0
2000-10-30 00:00:00,1.0
2000-10-31 00:00:00,1.0
2000-11-01 00:00:00,1.0
2000-11-02 00:00:00,1.0
2000-11-03 00:00:00,1.0
2000-11-06 00:00:00,1.0
2000-11-07 00:00:00,1.0
2000-11-08 00:00:00,1.0
2000-11-09 00:00:00,1.0
2000-11-10 00:00:00,1.0
2000-11-13 00:00:00,1.0
2000-11-14 00:00:00,1.0
2000-11-15 00:00:00,1.0
2000-11-16 00:00:00,1.0
2000-11-17 00:00:00,1.0
2000-11-20 00:00:00,1.0
2000-11-21 00:00:00,1.0
2000-11-22 00:00:00,1.0
2000-11-24 00:00:00,1.0
2000-11-27 00:00:00,1.0
2000-11-28 00:00:00,1.0
2000-11-29 00:00:00,1.0
2000-11-30 00:00:00,1.0
2000-12-01 00:00:00,1.0
2000-12-04 00:00:00,1.0
2000-12-05 00:00:00,1.0
2000-12-06 00:00:00,1.0
2000-12-07 00:00:00,1.0
2000-12-08 00:00:00,1.0
2000-12-11 00:00:00,1.0
2000-12-12 00:00:00,1.0
2000-12-13 00:00:00,1.0
2000-12-14 00:00:00,1.0
2000-12-15 00:00:00,1.0
2000-12-18 00:00:00,1.0
2000-12-19 00:00:00,1.0
2000-12-20 00:00:00,1.0
2000-12-21 00:00:00,1.0
2000-12-22 00:00:00,1.0
2000-12-26 00:00:00,1.0
2000-12-27 00:00:00,1.0
2000-12-28 00:00:00,1.0
2000-12-29 00:00:00,1.0
2001-01-02 00:00:00,1.0
2001-01-03 00:00:00,1.0
2001-01-04 00:00:00,1.0
2001-01-05 00:00:00,1.0
2001-01-08 00:00:00,1.0
2001-01-09 00:00:00,1.0
2001-01-10 00:00:00,1.0
2001-01-11 00:00:00,1.0
2001-01-12 00:00:00,1.0
2001-01-16 00:00:00,1.0
2001-01-17 00:00:00,1.0
2001-01-18 00:00:00,1.0
2001-01-19 00:00:00,1.0
2001-01-22 00:00:00,1.0
2001-01-23 00:00:00,1.0
2001-01-24 00:00:00,1.0
2001-01-25 00:00:00,1.0
2001-01-26 00:00:00,1.0
2001-01-29 00:00:00,1.0
2001-01-30 00:00:00,1.0
2001-01-31 00:00:00,1.0
2001-02-01 00:00:00,1.0
2001-02-02 00:00:00,1.0
2001-02-05 00:00:00,1.0
2001-02-06 00:00:00,1.0
2001-02-07 00:00:00,1.0
2001-02-08 00:00:00,1.0
2001-02-09 00:00:00,1.0
2001-02-12 00:00:00,1.0
2001-02-13 00:00:00,1.0
2001-02-14 00:00:00,1.0
2001-02-15 00:00:00,1.0
2001-02-16 00:00:00,1.0
2001-02-20 00:00:00,1.0
2001-02-21 00:00:00,1.0
2001-02-22 00:00:00,1.0
2001-02-23 00:00:00,1.0
2001-02-26 00:00:00,1.0
2001-02-27 00:00:00,1.0
2001-02-28 00:00:00,1.0
2001-03-01 00:00:00,1.0
2001-03-02 00:00:00,1.0
2001-03-05 00:00:00,1.0
2001-03-06 00:00:00,1.0
2001-03-07 00:00:00,1.0
2001-03-08 00:00:00,1.0
2001-03-09 00:00:00,1.0
2001-03-12 00:00:00,1.0
2001-03-13 00:00:00,1.0
2001-03-14 00:00:00,1.0
2001-03-15 00:00:00,1.0
2001-03-16 00:00:00,1.0
2001-03-19 00:00:00,1.0
2001-03-20 00:00:00,1.0
2001-03-21 00:00:00,1.0
2001-03-22 00:00:00,1.0
2001-03-23 00:00:00,1.0
2001-03-26 00:00:00,1.0
2001-03-27 00:00:00,1.0
2001-03-28 00:00:00,1.0
2001-03-29 00:00:00,1.0
2001-03-30 00:00:00,1.0
2001-04-02 00:00:00,1.0
2001-04-03 00:00:00,1.0
2001-04-04 00:00:00,1.0
2001-04-05 00:00:00,1.0
2001-04-06 00:00:00,1.0
2001-04-09 00:00:00,1.0
2001-04-10 00:00:00,1.0
2001-04-11 00:00:00,1.0
2001-04-12 00:00:00,1.0
2001-04-16 00:00:00,1.0
2001-04-17 00:00:00,1.0
2001-04-18 00:00:00,1.0
2001-04-19 00:00:00,1.0
2001-04-20 00:00:00,1.0
2001-04-23 00:00:00,1.0
2001-04-24 00:00:00,1.0
2001-04-25 00:00:00,1.0
2001-04-26 00:00:00,1.0
2001-04-27 00:00:00,1.0
2001-04-30 00:00:00,1.0
2001-05-01 00:00:00,1.0
2001-05-02 00:00:00,1.0
2001-05-03 00:00:00,1.0
2001-05-04 00:00:00,1.0
2001-05-07 00:00:00,1.0
2001-05-08 00:00:00,1.0
2001-05-09 00:00:00,1.0
2001-05-10 00:00:00,1.0
2001-05-11 00:00:00,1.0
2001-05-14 00:00:00,1.0
2001-05-15 00:00:00,1.0
2001-05-16 00:00:00,1.0
2001-05-17 00:00:00,1.0
2001-05-18 00:00:00,1.0
2001-05-21 00:00:00,1.0
2001-05-22 00:00:00,1.0
2001-05-23 00:00:00,1.0
2001-05-24 00:00:00,1.0
2001-05-25 00:00:00,1.0
2001-05-29 00:00:00,1.0
2001-05-30 00:00:00,1.0
2001-05-31 00:00:00,1.0
2001-06-01 00:00:00,1.0
2001-06-04 00:00:00,1.0
2001-06-05 00:00:00,1.0
2001-06-06 00:00:00,1.0
2001-06-07 00:00:00,1.0
2001-06-08 00:00:00,1.0
2001-06-11 00:00:00,1.0
2001-06-12 00:00:00,1.0
2001-06-13 00:00:00,1.0
2001-06-14 00:00:00,1.0
2001-06-15 00:00:00,1.0
2001-06-18 00:00:00,1.0
2001-06-19 00:00:00,1.0
2001-06-20 00:00:00,1.0
2001-06-21 00:00:00,1.0
2001-06-22 00:00:00,1.0
2001-06-25 00:00:00,1.0
2001-06-26 00:00:00,1.0
2001-06-27 00:00:00,1.0
2001-06-28 00:00:00,1.0
2001-06-29 00:00:00,1.0
2001-07-02 00:00:00,1.0
2001-07-03 00:00:00,1.0
2001-07-05 00:00:00,1.0
2001-07-06 00:00:00,1.0
2001-07-09 00:00:00,1.0
2001-07-10 00:00:00,1.0
2001-07-11 00:00:00,1.0
2001-07-12 00:00:00,1.0
2001-07-13 00:00:00,1.0
2001-07-16 00:00:00,1.0
2001-07-17 00:00:00,1.0
2001-07-18 00:00:00,1.0
2001-07-19 00:00:00,1.0
2001-07-20 00:00:00,1.0
2001-07-23 00:00:00,1.0
2001-07-24 00:00:00,1.0
2001-07-25 00:00:00,1.0
2001-07-26 00:00:00,1.0
2001-07-27 00:00:00,1.0
2001-07-30 00:00:00,1.0
2001-07-31 00:00:00,1.0
2001-08-01 00:00:00,1.0
2001-08-02 00:00:00,1.0
2001-08-03 00:00:00,1.0
2001-08-06 00:00:00,1.0
2001-08-07 00:00:00,1.0
2001-08-08 00:00:00,1.0
2001-08-09 00:00:00,1.0
2001-08-10 00:00:00,1.0
2001-08-13 00:00:00,1.0
2001-08-14 00:00:00,1.0
2001-08-15 00:00:00,1.0
2001-08-16 00:00:00,1.0
2001-08-17 00:00:00,1.0
2001-08-20 00:00:00,1.0
2001-08-21 00:00:00,1.0
2001-08-22 00:00:00,1.0
2001-08-23 00:00:00,1.0
2001-08-24 00:00:00,1.0
2001-08-27 00:00:00,1.0
2001-08-28 00:00:00,1.0
2001-08-29 00:00:00,1.0
2001-08-30 00:00:00,1.0
2001-08-31 00:00:00,1.0
2001-09-04 00:00:00,1.0
2001-09-05 00:00:00,1.0
2001-09-06 00:00:00,1.0
2001-09-07 00:00:00,1.0
2001-09-10 00:00:00,1.0
2001-09-17 00:00:00,1.0
2001-09-18 00:00:00,1.0
2001-09-19 00:00:00,1.0
2001-09-20 00:00:00,1.0
2001-09-21 00:00:00,1.0
2001-09-24 00:00:00,1.0
2001-09-25 00:00:00,1.0
2001-09-26 00:00:00,1.0
2001-09-27 00:00:00,1.0
2001-09-28 00:00:00,1.0
2001-10-01 00:00:00,1.0
2001-10-02 00:00:00,1.0
2001-10-03 00:00:00,1.0
2001-10-04 00:00:00,1.0
2001-10-05 00:00:00,1.0
2001-10-08 00:00:00,1.0
2001-10-09 00:00:00,1.0
2001-10-10 00:00:00,1.0
2001-10-11 00:00:00,1.0
2001-10-12 00:00:00,1.0
2001-10-15 00:00:00,1.0
2001-10-16 00:00:00,1.0
2001-10-17 00:00:00,1.0
2001-10-18 00:00:00,1.0
2001-10-19 00:00:00,1.0
2001-10-22 00:00:00,1.0
2001-10-23 00:00:00,1.0
2001-10-24 00:00:00,1.0
2001-10-25 00:00:00,1.0
2001-10-26 00:00:00,1.0
2001-10-29 00:00:00,1.0
2001-10-30 00:00:00,1.0
2001-10-31 00:00:00,1.0
2001-11-01 00:00:00,1.0
2001-11-02 00:00:00,1.0
2001-11-05 00:00:00,1.0
2001-11-06 00:00:00,1.0
2001-11-07 00:00:00,1.0
2001-11-08 00:00:00,1.0
2001-11-09 00:00:00,1.0
2001-11-12 00:00:00,1.0
2001-11-13 00:00:00,1.0
2001-11-14 00:00:00,1.0
2001-11-15 00:00:00,1.0
2001-11-16 00:00:00,1.0
2001-11-19 00:00:00,1.0
2001-11-20 00:00:00,1.0
2001-11-21 00:00:00,1.0
2001-11-23 00:00:00,1.0
2001-11-26 00:00:00,1.0
2001-11-27 00:00:00,1.0
2001-11-28 00:00:00,1.0
2001-11-29 00:00:00,1.0
2001-11-30 00:00:00,1.0
2001-12-03 00:00:00,1.0
2001-12-04 00:00:00,1.0
2001-12-05 00:00:00,1.0
2001-12-06 00:00:00,1.0
2001-12-07 00:00:00,1.0
2001-12-10 00:00:00,1.0
2001-12-11 00:00:00,1.0
2001-12-12 00:00:00,1.0
2001-12-13 00:00:00,1.0
2001-12-14 00:00:00,1.0
2001-12-17 00:00:00,1.0
2001-12-18 00:00:00,1.0
2001-12-19 00:00:00,1.0
2001-12-20 00:00:00,1.0
2001-12-21 00:00:00,1.0
2001-12-24 00:00:00,1.0
2001-12-26 00:00:00,1.0
2001-12-27 00:00:00,1.0
2001-12-28 00:00:00,1.0
2001-12-31 00:00:00,1.0
2002-01-02 00:00:00,1.0
2002-01-03 00:00:00,1.0
2002-01-04 00:00:00,1.0
2002-01-07 00:00:00,1.0
2002-01-08 00:00:00,1.0
2002-01-09 00:00:00,1.0
2002-01-10 00:00:00,1.0
2002-01-11 00:00:00,1.0
2002-01-14 00:00:00,1.0
2002-01-15 00:00:00,1.0
2002-01-16 00:00:00,1.0
2002-01-17 00:00:00,1.0
2002-01-18 00:00:00,1.0
2002-01-22 00:00:00,1.0
2002-01-23 00:00:00,1.0
2002-01-24 00:00:00,1.0
2002-01-25 00:00:00,1.0
2002-01-28 00:00:00,1.0
2002-01-29 00:00:00,1.0
2002-01-30 00:00:00,1.0
2002-01-31 00:00:00,1.0
2002-02-01 00:00:00,1.0
2002-02-04 00:00:00,1.0
2002-02-05 00:00:00,1.0
2002-02-06 00:00:00,1.0
2002-02-07 00:00:00,1.0
2002-02-08 00:00:00,1.0
2002-02-11 00:00:00,1.0
2002-02-12 00:00:00,1.0
2002-02-13 00:00:00,1.0
2002-02-14 00:00:00,1.0
2002-02-15 00:00:00,1.0
2002-02-19 00:00:00,1.0
2002-02-20 00:00:00,1.0
2002-02-21 00:00:00,1.0
2002-02-22 00:00:00,1.0
2002-02-25 00:00:00,1.0
2002-02-26 00:00:00,1.0
2002-02-27 00:00:00,1.0
2002-02-28 00:00:00,1.0
2002-03-01 00:00:00,1.0
2002-03-04 00:00:00,1.0
2002-03-05 00:00:00,1.0
2002-03-06 00:00:00,1.0
2002-03-07 00:00:00,1.0
2002-03-08 00:00:00,1.0
2002-03-11 00:00:00,1.0
2002-03-12 00:00:00,1.0
2002-03-13 00:00:00,1.0
2002-03-14 00:00:00,1.0
2002-03-15 00:00:00,1.0
2002-03-18 00:00:00,1.0
2002-03-19 00:00:00,1.0
2002-03-20 00:00:00,1.0
2002-03-21 00:00:00,1.0
2002-03-22 00:00:00,1.0
2002-03-25 00:00:00,1.0
2002-03-26 00:00:00,1.0
2002-03-27 00:00:00,1.0
2002-03-28 00:00:00,1.0
2002-04-01 00:00:00,1.0
2002-04-02 00:00:00,1.0
2002-04-03 00:00:00,1.0
2002-04-04 00:00:00,1.0
2002-04-05 00:00:00,1.0
2002-04-08 00:00:00,1.0
2002-04-09 00:00:00,1.0
2002-04-10 00:00:00,1.0
2002-04-11 00:00:00,1.0
2002-04-12 00:00:00,1.0
2002-04-15 00:00:00,1.0
2002-04-16 00:00:00,1.0
2002-04-17 00:00:00,1.0
2002-04-18 00:00:00,1.0
2002-04-19 00:00:00,1.0
2002-04-22 00:00:00,1.0
2002-04-23 00:00:00,1.0
2002-04-24 00:00:00,1.0
2002-04-25 00:00:00,1.0
2002-04-26 00:00:00,1.0
2002-04-29 00:00:00,1.0
2002-04-30 00:00:00,1.0
2002-05-01 00:00:00,1.0
2002-05-02 00:00:00,1.0
2002-05-03 00:00:00,1.0
2002-05-06 00:00:00,1.0
2002-05-07 00:00:00,0.987363184079602
2002-05-08 00:00:00,1.0109452736318407
2002-05-09 00:00:00,0.9925373134328358
2002-05-10 00:00:00,0.9764179104477612
2002-05-13 00:00:00,0.9890547263681593
2002-05-14 00:00:00,1.018905472636816
2002-05-15 00:00:00,1.017910447761194
2002-05-16 00:00:00,1.0059701492537312
2002-05-17 00:00:00,1.008955223880597
2002-05-20 00:00:00,0.9960199004975124
2002-05-21 00:00:00,0.981094527363184
2002-05-22 00:00:00,0.9751243781094527
2002-05-23 00:00:00,0.9945273631840796
2002-05-24 00:00:00,0.9788059701492537
2002-05-28 00:00:00,0.9763184079601991
2002-05-29 00:00:00,0.9638805970149255
2002-05-30 00:00:00,0.9598499385956084
2002-05-31 00:00:00,0.9498905297994369
2002-06-03 00:00:00,0.9285489395219262
2002-06-04 00:00:00,0.9181008252372375
2002-06-05 00:00:00,0.9185530199456029
2002-06-06 00:00:00,0.9177587851598299
2002-06-07 00:00:00,0.9177587851598299
2002-06-10 00:00:00,0.9177587851598299
2002-06-11 00:00:00,0.9177587851598299
2002-06-12 00:00:00,0.9177587851598299
2002-06-13 00:00:00,0.9177587851598299
2002-06-14 00:00:00,0.9177587851598299
2002-06-17 00:00:00,0.9177587851598299
2002-06-18 00:00:00,0.9177587851598299
2002-06-19 00:00:00,0.9177587851598299
2002-06-20 00:00:00,0.9177587851598299
2002-06-21 00:00:00,0.9177587851598299
2002-06-24 00:00:00,0.9177587851598299
2002-06-25 00:00:00,0.9177587851598299
2002-06-26 00:00:00,0.9177587851598299
2002-06-27 00:00:00,0.9177587851598299
2002-06-28 00:00:00,0.9177587851598299
2002-07-01 00:00:00,0.9177587851598299
2002-07-02 00:00:00,0.9177587851598299
2002-07-03 00:00:00,0.9177587851598299
2002-07-05 00:00:00,0.9177587851598299
2002-07-08 00:00:00,0.9177587851598299
2002-07-09 00:00:00,0.9177587851598299
2002-07-10 00:00:00,0.9177587851598299
2002-07-11 00:00:00,0.9177587851598299
2002-07-12 00:00:00,0.9177587851598299
2002-07-15 00:00:00,0.9177587851598299
2002-07-16 00:00:00,0.9177587851598299
2002-07-17 00:00:00,0.9177587851598299
2002-07-18 00:00:00,0.9177587851598299
2002-07-19 00:00:00,0.9177587851598299
2002-07-22 00:00:00,0.9177587851598299
2002-07-23 00:00:00,0.9177587851598299
2002-07-24 00:00:00,0.9177587851598299
2002-07-25 00:00:00,0.9177587851598299
2002-07-26 00:00:00,0.9177587851598299
2002-07-29 00:00:00,0.9177587851598299
2002-07-30 00:00:00,0.9177587851598299
2002-07-31 00:00:00,0.9177587851598299
2002-08-01 00:00:00,0.9177587851598299
2002-08-02 00:00:00,0.9177587851598299
2002-08-05 00:00:00,0.9177587851598299
2002-08-06 00:00:00,0.9177587851598299
2002-08-07 00:00:00,0.9177587851598299
2002-08-08 00:00:00,0.9177587851598299
2002-08-09 00:00:00,0.9177587851598299
2002-08-12 00:00:00,0.9177587851598299
2002-08-13 00:00:00,0.9177587851598299
2002-08-14 00:00:00,0.9177587851598299
2002-08-15 00:00:00,0.9177587851598299
2002-08-16 00:00:00,0.9177587851598299
2002-08-19 00:00:00,0.9177587851598299
2002-08-20 00:00:00,0.9177587851598299
2002-08-21 00:00:00,0.9177587851598299
2002-08-22 00:00:00,0.9177587851598299
2002-08-23 00:00:00,0.9177587851598299
2002-08-26 00:00:00,0.9177587851598299
2002-08-27 00:00:00,0.9177587851598299
2002-08-28 00:00:00,0.9177587851598299
2002-08-29 00:00:00,0.9177587851598299
2002-08-30 00:00:00,0.9177587851598299
2002-09-03 00:00:00,0.9177587851598299
2002-09-04 00:00:00,0.9177587851598299
2002-09-05 00:00:00,0.9177587851598299
2002-09-06 00:00:00,0.9177587851598299
2002-09-09 00:00:00,0.9177587851598299
2002-09-10 00:00:00,0.9177587851598299
2002-09-11 00:00:00,0.9177587851598299
2002-09-12 00:00:00,0.9177587851598299
2002-09-13 00:00:00,0.9177587851598299
2002-09-16 00:00:00,0.9177587851598299
2002-09-17 00:00:00,0.9177587851598299
2002-09-18 00:00:00,0.9177587851598299
2002-09-19 00:00:00,0.9177587851598299
2002-09-20 00:00:00,0.9177587851598299
2002-09-23 00:00:00,0.9177587851598299
2002-09-24 00:00:00,0.9177587851598299
2002-09-25 00:00:00,0.9177587851598299
2002-09-26 00:00:00,0.9177587851598299
2002-09-27 00:00:00,0.9177587851598299
2002-09-30 00:00:00,0.9177587851598299
2002-10-01 00:00:00,0.9177587851598299
2002-10-02 00:00:00,0.9177587851598299
2002-10-03 00:00:00,0.9177587851598299
2002-10-04 00:00:00,0.9177587851598299
2002-10-07 00:00:00,0.9177587851598299
2002-10-08 00:00:00,0.9177587851598299
2002-10-09 00:00:00,0.9177587851598299
2002-10-10 00:00:00,0.9177587851598299
2002-10-11 00:00:00,0.9177587851598299
2002-10-14 00:00:00,0.9177587851598299
2002-10-15 00:00:00,0.9177587851598299
2002-10-16 00:00:00,0.9177587851598299
2002-10-17 00:00:00,0.9177587851598299
2002-10-18 00:00:00,0.9177587851598299
2002-10-21 00:00:00,0.9177587851598299
2002-10-22 00:00:00,0.9177587851598299
2002-10-23 00:00:00,0.9177587851598299
2002-10-24 00:00:00,0.9177587851598299
2002-10-25 00:00:00,0.9177587851598299
2002-10-28 00:00:00,0.9177587851598299
2002-10-29 00:00:00,0.9177587851598299
2002-10-30 00:00:00,0.9177587851598299
2002-10-31 00:00:00,0.9177587851598299
2002-11-01 00:00:00,0.9177587851598299
2002-11-04 00:00:00,0.9177587851598299
2002-11-05 00:00:00,0.9177587851598299
2002-11-06 00:00:00,0.9177587851598299
2002-11-07 00:00:00,0.9177587851598299
2002-11-08 00:00:00,0.9177587851598299
2002-11-11 00:00:00,0.9177587851598299
2002-11-12 00:00:00,0.9177587851598299
2002-11-13 00:00:00,0.9177587851598299
2002-11-14 00:00:00,0.9177587851598299
2002-11-15 00:00:00,0.9177587851598299
2002-11-18 00:00:00,0.9177587851598299
2002-11-19 00:00:00,0.9177587851598299
2002-11-20 00:00:00,0.9177587851598299
2002-11-21 00:00:00,0.9177587851598299
2002-11-22 00:00:00,0.9177587851598299
2002-11-25 00:00:00,0.9177587851598299
2002-11-26 00:00:00,0.9177587851598299
2002-11-27 00:00:00,0.9177587851598299
2002-11-29 00:00:00,0.9177587851598299
2002-12-02 00:00:00,0.9177587851598299
2002-12-03 00:00:00,0.9177587851598299
2002-12-04 00:00:00,0.9177587851598299
2002-12-05 00:00:00,0.9177587851598299
2002-12-06 00:00:00,0.9177587851598299
2002-12-09 00:00:00,0.9177587851598299
2002-12-10 00:00:00,0.9177587851598299
2002-12-11 00:00:00,0.9177587851598299
2002-12-12 00:00:00,0.9177587851598299
2002-12-13 00:00:00,0.9177587851598299
2002-12-16 00:00:00,0.9177587851598299
2002-12-17 00:00:00,0.9177587851598299
2002-12-18 00:00:00,0.9177587851598299
2002-12-19 00:00:00,0.9177587851598299
2002-12-20 00:00:00,0.9177587851598299
2002-12-23 00:00:00,0.9177587851598299
2002-12-24 00:00:00,0.9177587851598299
2002-12-26 00:00:00,0.9177587851598299
2002-12-27 00:00:00,0.9177587851598299
2002-12-30 00:00:00,0.9177587851598299
2002-12-31 00:00:00,0.9177587851598299
2003-01-02 00:00:00,0.9177587851598299
2003-01-03 00:00:00,0.9177587851598299
2003-01-06 00:00:00,0.9177587851598299
2003-01-07 00:00:00,0.9177587851598299
2003-01-08 00:00:00,0.9177587851598299
2003-01-09 00:00:00,0.9177587851598299
2003-01-10 00:00:00,0.9177587851598299
2003-01-13 00:00:00,0.9177587851598299
2003-01-14 00:00:00,0.9177587851598299
2003-01-15 00:00:00,0.9177587851598299
2003-01-16 00:00:00,0.9177587851598299
2003-01-17 00:00:00,0.9177587851598299
2003-01-21 00:00:00,0.9177587851598299
2003-01-22 00:00:00,0.9177587851598299
2003-01-23 00:00:00,0.9177587851598299
2003-01-24 00:00:00,0.9177587851598299
2003-01-27 00:00:00,0.9177587851598299
2003-01-28 00:00:00,0.9177587851598299
2003-01-29 00:00:00,0.9177587851598299
2003-01-30 00:00:00,0.9177587851598299
2003-01-31 00:00:00,0.9177587851598299
2003-02-03 00:00:00,0.9177587851598299
2003-02-04 00:00:00,0.9177587851598299
2003-02-05 00:00:00,0.9177587851598299
2003-02-06 00:00:00,0.9177587851598299
2003-02-07 00:00:00,0.9177587851598299
2003-02-10 00:00:00,0.9177587851598299
2003-02-11 00:00:00,0.9177587851598299
2003-02-12 00:00:00,0.9177587851598299
2003-02-13 00:00:00,0.9177587851598299
2003-02-14 00:00:00,0.9177587851598299
2003-02-18 00:00:00,0.9177587851598299
2003-02-19 00:00:00,0.9177587851598299
2003-02-20 00:00:00,0.9177587851598299
2003-02-21 00:00:00,0.9177587851598299
2003-02-24 00:00:00,0.9177587851598299
2003-02-25 00:00:00,0.9177587851598299
2003-02-26 00:00:00,0.9177587851598299
2003-02-27 00:00:00,0.9177587851598299
2003-02-28 00:00:00,0.9177587851598299
2003-03-03 00:00:00,0.9177587851598299
2003-03-04 00:00:00,0.9177587851598299
2003-03-05 00:00:00,0.9177587851598299
2003-03-06 00:00:00,0.9177587851598299
2003-03-07 00:00:00,0.9177587851598299
2003-03-10 00:00:00,0.9177587851598299
2003-03-11 00:00:00,0.9177587851598299
2003-03-12 00:00:00,0.9177587851598299
2003-03-13 00:00:00,0.9177587851598299
2003-03-14 00:00:00,0.9177587851598299
2003-03-17 00:00:00,0.9177587851598299
2003-03-18 00:00:00,0.9177587851598299
2003-03-19 00:00:00,0.9177587851598299
2003-03-20 00:00:00,0.9177587851598299
2003-03-21 00:00:00,0.9177587851598299
2003-03-24 00:00:00,0.9177587851598299
2003-03-25 00:00:00,0.9177587851598299
2003-03-26 00:00:00,0.9177587851598299
2003-03-27 00:00:00,0.9177587851598299
2003-03-28 00:00:00,0.9177587851598299
2003-03-31 00:00:00,0.9177587851598299
2003-04-01 00:00:00,0.9177587851598299
2003-04-02 00:00:00,0.9177587851598299
2003-04-03 00:00:00,0.9177587851598299
2003-04-04 00:00:00,0.9177587851598299
2003-04-07 00:00:00,0.9177587851598299
2003-04-08 00:00:00,0.9177587851598299
2003-04-09 00:00:00,0.9177587851598299
2003-04-10 00:00:00,0.9177587851598299
2003-04-11 00:00:00,0.9177587851598299
2003-04-14 00:00:00,0.9177587851598299
2003-04-15 00:00:00,0.9177587851598299
2003-04-16 00:00:00,0.9177587851598299
2003-04-17 00:00:00,0.9296919629421919
2003-04-21 00:00:00,0.9360238531940577
2003-04-22 00:00:00,0.9489311679382452
2003-04-23 00:00:00,0.9589160717969565
2003-04-24 00:00:00,0.9540453869878288
2003-04-25 00:00:00,0.9406510037627286
2003-04-28 00:00:00,0.9573330992339901
2003-04-29 00:00:00,0.9638111100301294
2003-04-30 00:00:00,0.9668309346117884
2003-05-01 00:00:00,0.9656132634095065
2003-05-02 00:00:00,0.9899666874551434
2003-05-05 00:00:00,0.9944720709035864
2003-05-06 00:00:00,1.003969906281385
2003-05-07 00:00:00,0.9978815502699756
2003-05-08 00:00:00,0.9896013860944588
2003-05-09 00:00:00,1.0038481391611564
2003-05-12 00:00:00,1.0148071799816933
2003-05-13 00:00:00,1.0207737688728744
2003-05-14 00:00:00,1.0201649332717335
2003-05-15 00:00:00,1.0241832482392634
2003-05-16 00:00:00,1.0115194677355321
2003-05-19 00:00:00,0.9939850024226734
2003-05-20 00:00:00,0.9937414681822172
2003-05-21 00:00:00,0.9975162489092909
2003-05-22 00:00:00,1.0076229198882303
2003-05-23 00:00:00,1.0155377827030625
2003-05-27 00:00:00,1.0394041382677865
2003-05-28 00:00:00,1.0464666312410214
2003-05-29 00:00:00,1.0531638228535714
2003-05-30 00:00:00,1.071915959368712
2003-06-02 00:00:00,1.0775172468992085
2003-06-03 00:00:00,1.0809267262655977
2003-06-04 00:00:00,1.095660547813208
2003-06-05 00:00:00,1.1135603144867512
2003-06-06 00:00:00,1.1007747668627919
2003-06-09 00:00:00,1.0803178906644568
2003-06-10 00:00:00,1.0965129176548054
2003-06-11 00:00:00,1.1068631228742012
2003-06-12 00:00:00,1.1130732460058383
2003-06-13 00:00:00,1.0915204657254498
2003-06-16 00:00:00,1.1099073008799056
2003-06-17 00:00:00,1.1122208761642414
2003-06-18 00:00:00,1.1114902734428722
2003-06-19 00:00:00,1.0963911505345771
2003-06-20 00:00:00,1.0870150822770068
2003-06-23 00:00:00,1.0676541101607255
2003-06-24 00:00:00,1.067288808800041
2003-06-25 00:00:00,1.0744730688935038
2003-06-26 00:00:00,1.0928599040479596
2003-06-27 00:00:00,1.0859191781949533
2003-06-30 00:00:00,1.082509698828564
2003-07-01 00:00:00,1.0899374931624835
2003-07-02 00:00:00,1.1172133280935967
2003-07-03 00:00:00,1.10759372559557
2003-07-07 00:00:00,1.130607711318697
2003-07-08 00:00:00,1.1506992861563476
2003-07-09 00:00:00,1.1592229845723205
2003-07-10 00:00:00,1.1365743002098783
2003-07-11 00:00:00,1.152282258719314
2003-07-14 00:00:00,1.1617800940971124
2003-07-15 00:00:00,1.1586141489711796
2003-07-16 00:00:00,1.152282258719314
2003-07-17 00:00:00,1.1157521226508584
2003-07-18 00:00:00,1.123301684105006
2003-07-21 00:00:00,1.1135603144867512
2003-07-22 00:00:00,1.126589396351167
2003-07-23 00:00:00,1.1342607249255428
2003-07-24 00:00:00,1.1320689167614353
2003-07-25 00:00:00,1.140349080936952
2003-07-28 00:00:00,1.1543522997631932
2003-07-29 00:00:00,1.154961135364334
2003-07-30 00:00:00,1.1505775190361194
2003-07-31 00:00:00,1.1528910943204551
2003-08-01 00:00:00,1.136696067330106
2003-08-04 00:00:00,1.125249958028657
2003-08-05 00:00:00,1.1057672187921475
2003-08-06 00:00:00,1.1007747668627919
2003-08-07 00:00:00,1.1044277804696372
2003-08-08 00:00:00,1.1019924380650736
2003-08-11 00:00:00,1.1172133280935967
2003-08-12 00:00:00,1.1359654646087374
2003-08-13 00:00:00,1.139740245335811
2003-08-14 00:00:00,1.1471680396697301
2003-08-15 00:00:00,1.1475333410304147
2003-08-18 00:00:00,1.1703037925130855
2003-08-19 00:00:00,1.1922218741541586
2003-08-20 00:00:00,1.1916130385530177
2003-08-21 00:00:00,1.2013544081712726
2003-08-22 00:00:00,1.1801669292515684
2003-08-25 00:00:00,1.1790710251695147
2003-08-26 00:00:00,1.1835764086179577
2003-08-27 00:00:00,1.1951442850396352
2003-08-28 00:00:00,1.203059147854467
2003-08-29 00:00:00,1.2080515997838226
2003-09-02 00:00:00,1.235936270316077
2003-09-03 00:00:00,1.2411722564858891
2003-09-04 00:00:00,1.2462864755354728
2003-09-05 00:00:00,1.2383716127206408
2003-09-08 00:00:00,1.2555407766728148
2003-09-09 00:00:00,1.2462864755354728
2003-09-10 00:00:00,1.2216895172493794
2003-09-11 00:00:00,1.2322832567092314
2003-09-12 00:00:00,1.2348403662340235
2003-09-15 00:00:00,1.2317961882283186
2003-09-16 00:00:00,1.2501830233827749
2003-09-17 00:00:00,1.2498177220220903
2003-09-18 00:00:00,1.2628468038865057
2003-09-19 00:00:00,1.261507365563996
2003-09-22 00:00:00,1.2442164344915938
2003-09-23 00:00:00,1.2611420642033113
2003-09-24 00:00:00,1.2299696814248962
2003-09-25 00:00:00,1.1967272576026016
2003-09-26 00:00:00,1.1762703814042663
2003-09-29 00:00:00,1.1973360932037425
2003-09-30 00:00:00,1.1817499018145345
2003-10-01 00:00:00,1.213652887314319
2003-10-02 00:00:00,1.225342530856225
2003-10-03 00:00:00,1.2447035029725062
2003-10-06 00:00:00,1.2554190095525866
2003-10-07 00:00:00,1.2624815025258214
2003-10-08 00:00:00,1.2526183657873384
2003-10-09 00:00:00,1.2657692147719826
2003-10-10 00:00:00,1.264186242209016
2003-10-13 00:00:00,1.2840342828062101
2003-10-14 00:00:00,1.292436214101955
2003-10-15 00:00:00,1.2762411871116062
2003-10-16 00:00:00,1.2876872964130557
2003-10-17 00:00:00,1.262725036766278
2003-10-20 00:00:00,1.2690569270181433
2003-10-21 00:00:00,1.274779981668868
2003-10-22 00:00:00,1.2468953111366137
2003-10-23 00:00:00,1.235936270316077
2003-10-24 00:00:00,1.2328920923103723
2003-10-27 00:00:00,1.2509136261041438
2003-10-28 00:00:00,1.2809901048005055
2003-10-29 00:00:00,1.2895138032164786
2003-10-30 00:00:00,1.293166816823324
2003-10-31 00:00:00,1.284643118407351
2003-11-03 00:00:00,1.3064394329281963
2003-11-04 00:00:00,1.3082659397316188
2003-11-05 00:00:00,1.3147195971037127
2003-11-06 00:00:00,1.3250698023231082
2003-11-07 00:00:00,1.314963131344169
2003-11-10 00:00:00,1.2937756524244648
2003-11-11 00:00:00,1.2848866526478073
2003-11-12 00:00:00,1.3145978299834844
2003-11-13 00:00:00,1.318129076470102
2003-11-14 00:00:00,1.293166816823324
2003-11-17 00:00:00,1.2774588583138882
2003-11-18 00:00:00,1.2634556394876468
2003-11-19 00:00:00,1.276728255592519
2003-11-20 00:00:00,1.2680827900563179
2003-11-21 00:00:00,1.2820860088825592
2003-11-24 00:00:00,1.311431884857552
2003-11-25 00:00:00,1.3193467476723837
2003-11-26 00:00:00,1.3264092406456185
2003-11-28 00:00:00,1.3327411308974841
2003-12-01 00:00:00,1.3499102948496582
2003-12-02 00:00:00,1.347840253805779
2003-12-03 00:00:00,1.3236085968803701
2003-12-04 00:00:00,1.3266527748860748
2003-12-05 00:00:00,1.3102142136552697
2003-12-08 00:00:00,1.3199555832735248
2003-12-09 00:00:00,1.2976722002717667
2003-12-10 00:00:00,1.285982556729861
2003-12-11 00:00:00,1.3219038571971755
2003-12-12 00:00:00,1.3267745420063028
2003-12-15 00:00:00,1.2957239263481157
2003-12-16 00:00:00,1.3043693918843169
2003-12-17 00:00:00,1.3041258576438604
2003-12-18 00:00:00,1.324217432481511
2003-12-19 00:00:00,1.3199555832735248
2003-12-22 00:00:00,1.334689404821135
2003-12-23 00:00:00,1.341995432034826
2003-12-24 00:00:00,1.3404124594718596
2003-12-26 00:00:00,1.345161377160759
2003-12-29 00:00:00,1.3656182533590941
2003-12-30 00:00:00,1.3691494998457114
2003-12-31 00:00:00,1.3491796921282888
2004-01-02 00:00:00,1.363669979435443
2004-01-05 00:00:00,1.3796214721853353
2004-01-06 00:00:00,1.3777949653819126
2004-01-07 00:00:00,1.3924070198092946
2004-01-08 00:00:00,1.4030007592691467
2004-01-09 00:00:00,1.3917981842081537
2004-01-12 00:00:00,1.4178563479369855
2004-01-13 00:00:00,1.4118897590458044
2004-01-14 00:00:00,1.4191957862594955
2004-01-15 00:00:00,1.4228487998663408
2004-01-16 00:00:00,1.430763662681173
2004-01-20 00:00:00,1.4479328266333469
2004-01-21 00:00:00,1.445984552709696
2004-01-22 00:00:00,1.4378261556544076
2004-01-23 00:00:00,1.4456192513490116
2004-01-26 00:00:00,1.4599877715359373
2004-01-27 00:00:00,1.4417227035017097
2004-01-28 00:00:00,1.4191957862594955
2004-01-29 00:00:00,1.405801403034395
2004-01-30 00:00:00,1.4076279098378177
2004-02-02 00:00:00,1.4112809234446635
2004-02-03 00:00:00,1.4033660606298313
2004-02-04 00:00:00,1.3686624313647986
2004-02-05 00:00:00,1.3814479789887582
2004-02-06 00:00:00,1.4163951424942471
2004-02-09 00:00:00,1.4191957862594955
2004-02-10 00:00:00,1.4362431830914413
2004-02-11 00:00:00,1.4450104157478707
2004-02-12 00:00:00,1.4351472790093878
2004-02-13 00:00:00,1.4204134574617773
2004-02-17 00:00:00,1.445375717108555
2004-02-18 00:00:00,1.434781977648703
2004-02-19 00:00:00,1.4094544166412406
2004-02-20 00:00:00,1.4070190742366768
2004-02-23 00:00:00,1.3858315953169726
2004-02-24 00:00:00,1.3857098281967446
2004-02-25 00:00:00,1.4051925674332542
2004-02-26 00:00:00,1.413716265849227
2004-02-27 00:00:00,1.4210222930629182
2004-03-01 00:00:00,1.4435492103051324
2004-03-02 00:00:00,1.4321031010036829
2004-03-03 00:00:00,1.4335643064464212
2004-03-04 00:00:00,1.451707607360421
2004-03-05 00:00:00,1.4549953196065817
2004-03-08 00:00:00,1.4344166762880186
2004-03-09 00:00:00,1.4222399642652
2004-03-10 00:00:00,1.3924070198092946
2004-03-11 00:00:00,1.3784038009830535
2004-03-12 00:00:00,1.4155427726526497
2004-03-15 00:00:00,1.3790126365841944
2004-03-16 00:00:00,1.3796214721853353
2004-03-17 00:00:00,1.4051925674332542
2004-03-18 00:00:00,1.3966688690172813
2004-03-19 00:00:00,1.3844921569944626
2004-03-22 00:00:00,1.3578251576644904
2004-03-23 00:00:00,1.3601387329488257
2004-03-24 00:00:00,1.3583122261454028
2004-03-25 00:00:00,1.3896063760440465
2004-03-26 00:00:00,1.390580513005872
2004-03-29 00:00:00,1.4172475123358446
2004-03-30 00:00:00,1.4288153887575221
2004-03-31 00:00:00,1.4319813338834548
2004-04-01 00:00:00,1.4476892923928908
2004-04-02 00:00:00,1.4660761275473466
2004-04-05 00:00:00,1.470337976755333
2004-04-06 00:00:00,1.4524382100817899
2004-04-07 00:00:00,1.4633972509023265
2004-04-08 00:00:00,1.4503681690379109
2004-04-12 00:00:00,1.4541429497649845
2004-04-13 00:00:00,1.420291690341549
2004-04-14 00:00:00,1.4159080740133345
2004-04-15 00:00:00,1.4049490331927976
2004-04-16 00:00:00,1.4156645397728782
2004-04-19 00:00:00,1.4261365121125018
2004-04-20 00:00:00,1.394598827973402
2004-04-21 00:00:00,1.4173692794560726
2004-04-22 00:00:00,1.4368520186925822
2004-04-23 00:00:00,1.4338078406868777
2004-04-26 00:00:00,1.4368520186925822
2004-04-27 00:00:00,1.4331990050857368
2004-04-28 00:00:00,1.4032442935096032
2004-04-29 00:00:00,1.3753596229773488
2004-04-30 00:00:00,1.3829073822781168
2004-05-03 00:00:00,1.3829073822781168
2004-05-04 00:00:00,1.3829073822781168
2004-05-05 00:00:00,1.3829073822781168
2004-05-06 00:00:00,1.3829073822781168
2004-05-07 00:00:00,1.3829073822781168
2004-05-10 00:00:00,1.3829073822781168
2004-05-11 00:00:00,1.3829073822781168
2004-05-12 00:00:00,1.3829073822781168
2004-05-13 00:00:00,1.3829073822781168
2004-05-14 00:00:00,1.3829073822781168
2004-05-17 00:00:00,1.3829073822781168
2004-05-18 00:00:00,1.3829073822781168
2004-05-19 00:00:00,1.3829073822781168
2004-05-20 00:00:00,1.3829073822781168
2004-05-21 00:00:00,1.3829073822781168
2004-05-24 00:00:00,1.3829073822781168
2004-05-25 00:00:00,1.3829073822781168
2004-05-26 00:00:00,1.3829073822781168
2004-05-27 00:00:00,1.3829073822781168
2004-05-28 00:00:00,1.3829073822781168
2004-06-01 00:00:00,1.3829073822781168
2004-06-02 00:00:00,1.3829073822781168
2004-06-03 00:00:00,1.3829073822781168
2004-06-04 00:00:00,1.3829073822781168
2004-06-07 00:00:00,1.3829073822781168
2004-06-08 00:00:00,1.385460264106969
2004-06-09 00:00:00,1.3622623379230518
2004-06-10 00:00:00,1.3672571067186323
2004-06-14 00:00:00,1.3425052524649792
2004-06-15 00:00:00,1.3650372094761523
2004-06-16 00:00:00,1.3624172423526322
2004-06-17 00:00:00,1.3624172423526322
2004-06-18 00:00:00,1.3624172423526322
2004-06-21 00:00:00,1.3568719440779458
2004-06-22 00:00:00,1.3668308471018726
2004-06-23 00:00:00,1.3862959757395477
2004-06-24 00:00:00,1.3815428629326734
2004-06-25 00:00:00,1.393425644949859
2004-06-28 00:00:00,1.3907095804887881
2004-06-29 00:00:00,1.4016870076856165
2004-06-30 00:00:00,1.4091561849535614
2004-07-01 00:00:00,1.3848247741564677
2004-07-02 00:00:00,1.388898870848074
2004-07-06 00:00:00,1.3653596455187924
2004-07-07 00:00:00,1.3637752745831677
2004-07-08 00:00:00,1.3403492186064305
2004-07-09 00:00:00,1.348723750694733
2004-07-12 00:00:00,1.3413677427793322
2004-07-13 00:00:00,1.3430652830675016
2004-07-14 00:00:00,1.3357092751521011
2004-07-15 00:00:00,1.3385385089657167
2004-07-16 00:00:00,1.3243923398976387
2004-07-19 00:00:00,1.322807968962014
2004-07-20 00:00:00,1.3258008003916681
2004-07-21 00:00:00,1.3258008003916681
2004-07-22 00:00:00,1.3258008003916681
2004-07-23 00:00:00,1.3258008003916681
2004-07-26 00:00:00,1.3258008003916681
2004-07-27 00:00:00,1.3258008003916681
2004-07-28 00:00:00,1.3258008003916681
2004-07-29 00:00:00,1.3258008003916681
2004-07-30 00:00:00,1.3258008003916681
2004-08-02 00:00:00,1.3258008003916681
2004-08-03 00:00:00,1.3258008003916681
2004-08-04 00:00:00,1.3258008003916681
2004-08-05 00:00:00,1.3258008003916681
2004-08-06 00:00:00,1.3258008003916681
2004-08-09 00:00:00,1.3258008003916681
2004-08-10 00:00:00,1.3258008003916681
2004-08-11 00:00:00,1.3258008003916681
2004-08-12 00:00:00,1.3258008003916681
2004-08-13 00:00:00,1.3258008003916681
2004-08-16 00:00:00,1.3258008003916681
2004-08-17 00:00:00,1.3258008003916681
2004-08-18 00:00:00,1.3258008003916681
2004-08-19 00:00:00,1.3258008003916681
2004-08-20 00:00:00,1.3258008003916681
2004-08-23 00:00:00,1.3258008003916681
2004-08-24 00:00:00,1.3258008003916681
2004-08-25 00:00:00,1.3258008003916681
2004-08-26 00:00:00,1.3258008003916681
2004-08-27 00:00:00,1.3258008003916681
2004-08-30 00:00:00,1.3258008003916681
2004-08-31 00:00:00,1.3258008003916681
2004-09-01 00:00:00,1.3258008003916681
2004-09-02 00:00:00,1.3258008003916681
2004-09-03 00:00:00,1.3258008003916681
2004-09-07 00:00:00,1.3322039166801172
2004-09-08 00:00:00,1.325089343026285
2004-09-09 00:00:00,1.3361169321897253
2004-09-10 00:00:00,1.348448859856368
2004-09-13 00:00:00,1.3556820097377642
2004-09-14 00:00:00,1.3529547565037952
2004-09-15 00:00:00,1.3447729968018878
2004-09-16 00:00:00,1.3592392965646805
2004-09-17 00:00:00,1.356867772013403
2004-09-20 00:00:00,1.3508203844076456
2004-09-21 00:00:00,1.3610179399781386
2004-09-22 00:00:00,1.3380141518307473
2004-09-23 00:00:00,1.3367098133275446
2004-09-24 00:00:00,1.335998355962161
2004-09-27 00:00:00,1.3217692086544963
2004-09-28 00:00:00,1.3375398469204915
2004-09-29 00:00:00,1.3499903508146984
2004-09-30 00:00:00,1.3499903508146984
2004-10-01 00:00:00,1.3840217281255298
2004-10-04 00:00:00,1.3918477591447456
2004-10-05 00:00:00,1.390543420641543
2004-10-06 00:00:00,1.3995552139363974
2004-10-07 00:00:00,1.3761956971063143
2004-10-08 00:00:00,1.3588835678819888
2004-10-11 00:00:00,1.3652866841704379
2004-10-12 00:00:00,1.3620851260262135
2004-10-13 00:00:00,1.3422828960230466
2004-10-14 00:00:00,1.33350825518332
2004-10-15 00:00:00,1.3472630975807294
2004-10-18 00:00:00,1.3529547565037952
2004-10-19 00:00:00,1.338962761651258
2004-10-20 00:00:00,1.3459587590775268
2004-10-21 00:00:00,1.3630337358467244
2004-10-22 00:00:00,1.339792795244205
2004-10-25 00:00:00,1.354140518779434
2004-10-26 00:00:00,1.371926952914015
2004-10-27 00:00:00,1.3853260666287324
2004-10-28 00:00:00,1.3802272888434859
2004-10-29 00:00:00,1.3777371880646447
2004-11-01 00:00:00,1.388646201000521
2004-11-02 00:00:00,1.383191694532583
2004-11-03 00:00:00,1.405484025314591
2004-11-04 00:00:00,1.4226775783113528
2004-11-05 00:00:00,1.4290806945998018
2004-11-08 00:00:00,1.424100493042119
2004-11-09 00:00:00,1.4291992708273658
2004-11-10 00:00:00,1.4395154026254229
2004-11-11 00:00:00,1.4537445499330874
2004-11-12 00:00:00,1.4685665783785715
2004-11-15 00:00:00,1.4768669143080428
2004-11-16 00:00:00,1.4638235292760169
2004-11-17 00:00:00,1.4716495602952322
2004-11-18 00:00:00,1.4693966119715187
2004-11-19 00:00:00,1.4537445499330874
2004-11-22 00:00:00,1.469159459516391
2004-11-23 00:00:00,1.4782898290388093
2004-11-24 00:00:00,1.4871830461060997
2004-11-26 00:00:00,1.4881316559266107
2004-11-29 00:00:00,1.4934675861669853
2004-11-30 00:00:00,1.5044951753304252
2004-12-01 00:00:00,1.5184871701829623
2004-12-02 00:00:00,1.5163527980868126
2004-12-03 00:00:00,1.5135069686252798
2004-12-06 00:00:00,1.5063923949714473
2004-12-07 00:00:00,1.4799498962247035
2004-12-08 00:00:00,1.496431991856082
2004-12-09 00:00:00,1.48504867400995
2004-12-10 00:00:00,1.496431991856082
2004-12-13 00:00:00,1.5127955112598963
2004-12-14 00:00:00,1.520977270961804
2004-12-15 00:00:00,1.533664927311138
2004-12-16 00:00:00,1.521688728327187
2004-12-17 00:00:00,1.5155227644938656
2004-12-20 00:00:00,1.5137441210804072
2004-12-21 00:00:00,1.5297519118015301
2004-12-22 00:00:00,1.5327163174906269
2004-12-23 00:00:00,1.5317677076701164
2004-12-27 00:00:00,1.5219258807823144
2004-12-28 00:00:00,1.5420838394681733
2004-12-29 00:00:00,1.5419652632406091
2004-12-30 00:00:00,1.536510756772671
2004-12-31 00:00:00,1.5355621469521603
2005-01-03 00:00:00,1.5156413407214293
2005-01-04 00:00:00,1.4831514543689281
2005-01-05 00:00:00,1.4535073974779598
2005-01-06 00:00:00,1.4612148522696116
2005-01-07 00:00:00,1.4449699090933608
2005-01-10 00:00:00,1.4596733613112811
2005-01-11 00:00:00,1.4418869271767
2005-01-12 00:00:00,1.4478157385548938
2005-01-13 00:00:00,1.4434284181350305
2005-01-14 00:00:00,1.45718326053244
2005-01-18 00:00:00,1.4744953897567652
2005-01-19 00:00:00,1.4533888212503958
2005-01-20 00:00:00,1.444732756638233
2005-01-21 00:00:00,1.4414126222664447
2005-01-24 00:00:00,1.4303850331030044
2005-01-25 00:00:00,1.4340608961574846
2005-01-26 00:00:00,1.453151668795268
2005-01-27 00:00:00,1.4573018367600037
2005-01-28 00:00:00,1.456116074484365
2005-01-31 00:00:00,1.4731910512535626
2005-02-01 00:00:00,1.4814913871830337
2005-02-02 00:00:00,1.4927561288016018
2005-02-03 00:00:00,1.4846929453272582
2005-02-04 00:00:00,1.5033094130547866
2005-02-07 00:00:00,1.502953684372095
2005-02-08 00:00:00,1.506629547426575
2005-02-09 00:00:00,1.4744953897567652
2005-02-10 00:00:00,1.4771040667631705
2005-02-11 00:00:00,1.5011750409586366
2005-02-14 00:00:00,1.499870702455434
2005-02-15 00:00:00,1.5011750409586366
2005-02-16 00:00:00,1.505680937606064
2005-02-17 00:00:00,1.4924004001189104
2005-02-18 00:00:00,1.4887245370644302
2005-02-22 00:00:00,1.4596733613112811
2005-02-23 00:00:00,1.4683294259234438
2005-02-24 00:00:00,1.4820842683208533
2005-02-25 00:00:00,1.506748123654139
2005-02-28 00:00:00,1.4973806016765927
2005-03-01 00:00:00,1.5088824957502884
2005-03-02 00:00:00,1.5061552425163196
2005-03-03 00:00:00,1.5074595810195222
2005-03-04 00:00:00,1.5259574725194864
2005-03-07 00:00:00,1.5221630332374425
2005-03-08 00:00:00,1.5076967334746498
2005-03-09 00:00:00,1.490621756705452
2005-03-10 00:00:00,1.484218640417003
2005-03-11 00:00:00,1.4831514543689281
2005-03-14 00:00:00,1.494297619759932
2005-03-15 00:00:00,1.484218640417003
2005-03-16 00:00:00,1.475918304487532
2005-03-17 00:00:00,1.475918304487532
2005-03-18 00:00:00,1.4679736972407524
2005-03-21 00:00:00,1.4697523406542103
2005-03-22 00:00:00,1.4596733613112811
2005-03-23 00:00:00,1.4490015008305326
2005-03-24 00:00:00,1.4496569427860146
2005-03-28 00:00:00,1.4496569427860146
2005-03-29 00:00:00,1.4496569427860146
2005-03-30 00:00:00,1.4496569427860146
2005-03-31 00:00:00,1.4496569427860146
2005-04-01 00:00:00,1.4496569427860146
2005-04-04 00:00:00,1.4496569427860146
2005-04-05 00:00:00,1.4496569427860146
2005-04-06 00:00:00,1.4496569427860146
2005-04-07 00:00:00,1.4496569427860146
2005-04-08 00:00:00,1.4496569427860146
2005-04-11 00:00:00,1.4496569427860146
2005-04-12 00:00:00,1.4496569427860146
2005-04-13 00:00:00,1.4496569427860146
2005-04-14 00:00:00,1.4496569427860146
2005-04-15 00:00:00,1.4496569427860146
2005-04-18 00:00:00,1.4496569427860146
2005-04-19 00:00:00,1.4496569427860146
2005-04-20 00:00:00,1.4496569427860146
2005-04-21 00:00:00,1.4496569427860146
2005-04-22 00:00:00,1.4496569427860146
2005-04-25 00:00:00,1.4496569427860146
2005-04-26 00:00:00,1.4496569427860146
2005-04-27 00:00:00,1.4496569427860146
2005-04-28 00:00:00,1.4496569427860146
2005-04-29 00:00:00,1.4496569427860146
2005-05-02 00:00:00,1.4496569427860146
2005-05-03 00:00:00,1.4496569427860146
2005-05-04 00:00:00,1.4496569427860146
2005-05-05 00:00:00,1.4496569427860146
2005-05-06 00:00:00,1.4496569427860146
2005-05-09 00:00:00,1.4496569427860146
2005-05-10 00:00:00,1.4496569427860146
2005-05-11 00:00:00,1.4496569427860146
2005-05-12 00:00:00,1.4496569427860146
2005-05-13 00:00:00,1.4496569427860146
2005-05-16 00:00:00,1.4496569427860146
2005-05-17 00:00:00,1.4496569427860146
2005-05-18 00:00:00,1.4496569427860146
2005-05-19 00:00:00,1.4496569427860146
2005-05-20 00:00:00,1.4496569427860146
2005-05-23 00:00:00,1.4496569427860146
2005-05-24 00:00:00,1.4496569427860146
2005-05-25 00:00:00,1.4496569427860146
2005-05-26 00:00:00,1.4496569427860146
2005-05-27 00:00:00,1.4496569427860146
2005-05-31 00:00:00,1.4496569427860146
2005-06-01 00:00:00,1.4496569427860146
2005-06-02 00:00:00,1.4496569427860146
2005-06-03 00:00:00,1.4496569427860146
2005-06-06 00:00:00,1.4556453199188581
2005-06-07 00:00:00,1.4585807989055464
2005-06-08 00:00:00,1.4493046853076121
2005-06-09 00:00:00,1.4635124036031821
2005-06-10 00:00:00,1.4665653017493379
2005-06-13 00:00:00,1.473140774679519
2005-06-14 00:00:00,1.4858220439020113
2005-06-15 00:00:00,1.4898142953239066
2005-06-16 00:00:00,1.5043742710978794
2005-06-17 00:00:00,1.5034349178221393
2005-06-20 00:00:00,1.4954504149783479
2005-06-21 00:00:00,1.4996775047191788
2005-06-22 00:00:00,1.5032000795032046
2005-06-23 00:00:00,1.4766633494635448
2005-06-24 00:00:00,1.4609291820948969
2005-06-27 00:00:00,1.4646865951978574
2005-06-28 00:00:00,1.4874659121345566
2005-06-29 00:00:00,1.4992078280813088
2005-06-30 00:00:00,1.495920091616218
2005-07-01 00:00:00,1.5024955645463989
2005-07-05 00:00:00,1.526214234758838
2005-07-06 00:00:00,1.512358773941671
2005-07-07 00:00:00,1.5165858636825016
2005-07-08 00:00:00,1.5492283900144725
2005-07-11 00:00:00,1.568250293848211
2005-07-12 00:00:00,1.5633186891505748
2005-07-13 00:00:00,1.5597961143665495
2005-07-14 00:00:00,1.5485238750576673
2005-07-15 00:00:00,1.5499329049712778
2005-07-18 00:00:00,1.541009048851746
2005-07-19 00:00:00,1.56261417419377
2005-07-20 00:00:00,1.5816360780275083
2005-07-21 00:00:00,1.5569780545393288
2005-07-22 00:00:00,1.580931563070703
2005-07-25 00:00:00,1.5705986770375613
2005-07-26 00:00:00,1.5752954434162623
2005-07-27 00:00:00,1.579757371476028
2005-07-28 00:00:00,1.5959612154825458
2005-07-29 00:00:00,1.5943173472500007
2005-08-01 00:00:00,1.5936128322931955
2005-08-02 00:00:00,1.605589586558883
2005-08-03 00:00:00,1.5976050837150912
2005-08-04 00:00:00,1.5708335153564965
2005-08-05 00:00:00,1.5492283900144725
2005-08-08 00:00:00,1.5438271086789666
2005-08-09 00:00:00,1.546175491868317
2005-08-10 00:00:00,1.5440619469979016
2005-08-11 00:00:00,1.557447731177199
2005-08-12 00:00:00,1.5386606656623956
2005-08-15 00:00:00,1.5550993479878485
2005-08-16 00:00:00,1.5278581029913838
2005-08-17 00:00:00,1.5259793964399033
2005-08-18 00:00:00,1.5210477917422676
2005-08-19 00:00:00,1.529032294586059
2005-08-22 00:00:00,1.5377213123866555
2005-08-23 00:00:00,1.5374864740677203
2005-08-24 00:00:00,1.5313806777754093
2005-08-25 00:00:00,1.5398348572570708
2005-08-26 00:00:00,1.5147071571310216
2005-08-29 00:00:00,1.53513809087837
2005-08-30 00:00:00,1.5283277796292538
2005-08-31 00:00:00,1.5623793358748348
2005-09-01 00:00:00,1.5623793358748348
2005-09-02 00:00:00,1.5539251563931735
2005-09-06 00:00:00,1.5771741499677423
2005-09-07 00:00:00,1.5818709163464433
2005-09-08 00:00:00,1.572947060226912
2005-09-09 00:00:00,1.5825754313032485
2005-09-12 00:00:00,1.5896205808712998
2005-09-13 00:00:00,1.5774089882866775
2005-09-14 00:00:00,1.5593264377286795
2005-09-15 00:00:00,1.5539251563931735
2005-09-16 00:00:00,1.5720077069511718
2005-09-19 00:00:00,1.5644928807452505
2005-09-20 00:00:00,1.541948402127486
2005-09-21 00:00:00,1.5170555403203716
2005-09-22 00:00:00,1.5248052048452283
2005-09-23 00:00:00,1.5306761628186043
2005-09-26 00:00:00,1.541009048851746
2005-09-27 00:00:00,1.5358426058351753
2005-09-28 00:00:00,1.5337290609647598
2005-09-29 00:00:00,1.550637419928083
2005-09-30 00:00:00,1.5590915994097443
2005-10-03 00:00:00,1.5684851321671462
2005-10-04 00:00:00,1.5447664619547066
2005-10-05 00:00:00,1.5053136243736196
2005-10-06 00:00:00,1.4919278401943223
2005-10-07 00:00:00,1.5053136243736196
2005-10-10 00:00:00,1.4884052654102966
2005-10-11 00:00:00,1.467739493344013
2005-10-12 00:00:00,1.4657506006532883
2005-10-13 00:00:00,1.4657506006532883
2005-10-14 00:00:00,1.4657506006532883
2005-10-17 00:00:00,1.4657506006532883
2005-10-18 00:00:00,1.4657506006532883
2005-10-19 00:00:00,1.4657506006532883
2005-10-20 00:00:00,1.4657506006532883
2005-10-21 00:00:00,1.4657506006532883
2005-10-24 00:00:00,1.4657506006532883
2005-10-25 00:00:00,1.4657506006532883
2005-10-26 00:00:00,1.4657506006532883
2005-10-27 00:00:00,1.4657506006532883
2005-10-28 00:00:00,1.4657506006532883
2005-10-31 00:00:00,1.4657506006532883
2005-11-01 00:00:00,1.4657506006532883
2005-11-02 00:00:00,1.4657506006532883
2005-11-03 00:00:00,1.4657506006532883
2005-11-04 00:00:00,1.4657506006532883
2005-11-07 00:00:00,1.4657506006532883
2005-11-08 00:00:00,1.4657506006532883
2005-11-09 00:00:00,1.4657506006532883
2005-11-10 00:00:00,1.4657506006532883
2005-11-11 00:00:00,1.4657506006532883
2005-11-14 00:00:00,1.4589210243285837
2005-11-15 00:00:00,1.4384322953544704
2005-11-16 00:00:00,1.4388591438747642
2005-11-17 00:00:00,1.462976085271377
2005-11-18 00:00:00,1.473860722538875
2005-11-21 00:00:00,1.4883735722288718
2005-11-22 00:00:00,1.4960568455941645
2005-11-23 00:00:00,1.4977642396753406
2005-11-25 00:00:00,1.4966971183746054
2005-11-28 00:00:00,1.4774889349613742
2005-11-29 00:00:00,1.4796231775628441
2005-11-30 00:00:00,1.4858124811071078
2005-12-01 00:00:00,1.5092891497232792
2005-12-02 00:00:00,1.5150516047472489
2005-12-05 00:00:00,1.504593816000045
2005-12-06 00:00:00,1.5090757254631326
2005-12-07 00:00:00,1.5001119065369577
2005-12-08 00:00:00,1.503953543219604
2005-12-09 00:00:00,1.5112099680646025
2005-12-12 00:00:00,1.51569187752769
2005-12-13 00:00:00,1.5159053017878368
2005-12-14 00:00:00,1.5141979077066607
2005-12-15 00:00:00,1.4992582094963698
2005-12-16 00:00:00,1.4941360272528412
2005-12-19 00:00:00,1.476208389400492
2005-12-20 00:00:00,1.475781540880198
2005-12-21 00:00:00,1.4930689059521063
2005-12-22 00:00:00,1.4969105426347526
2005-12-23 00:00:00,1.5003253307971047
2005-12-27 00:00:00,1.4785560562621092
2005-12-28 00:00:00,1.48709302666799
2005-12-29 00:00:00,1.479409753302697
2005-12-30 00:00:00,1.4702325101163756
2006-01-03 00:00:00,1.4986179367159287
2006-01-04 00:00:00,1.5065146343413682
2006-01-05 00:00:00,1.514411331966808
2006-01-06 00:00:00,1.5319121212988631
2006-01-09 00:00:00,1.5417296372656257
2006-01-10 00:00:00,1.5551753656548877
2006-01-11 00:00:00,1.5526142745331235
2006-01-12 00:00:00,1.5472786680294484
2006-01-13 00:00:00,1.547918940809889
2006-01-17 00:00:00,1.5408759402250376
2006-01-18 00:00:00,1.5310584242582748
2006-01-19 00:00:00,1.5615780934592982
2006-01-20 00:00:00,1.5442907283873897
2006-01-23 00:00:00,1.5489860621106244
2006-01-24 00:00:00,1.5658465786622386
2006-01-25 00:00:00,1.5696882153448848
2006-01-26 00:00:00,1.5916709141400274
2006-01-27 00:00:00,1.59935418750532
2006-01-30 00:00:00,1.5948722780422326
2006-01-31 00:00:00,1.5903903685791452
2006-02-01 00:00:00,1.6063971880901713
2006-02-02 00:00:00,1.582920519474
2006-02-03 00:00:00,1.5782251857507654
2006-02-06 00:00:00,1.5918843384001744
2006-02-07 00:00:00,1.5669136999629736
2006-02-08 00:00:00,1.5765177916695894
2006-02-09 00:00:00,1.5686210940441496
2006-02-10 00:00:00,1.5654197301419448
2006-02-13 00:00:00,1.5553887899150345
2006-02-14 00:00:00,1.57288957924709
2006-02-15 00:00:00,1.586335307636352
2006-02-16 00:00:00,1.5999944602857612
2006-02-17 00:00:00,1.596793096383556
2006-02-21 00:00:00,1.5899635200588513
2006-02-22 00:00:00,1.600421308806055
2006-02-23 00:00:00,1.59935418750532
2006-02-24 00:00:00,1.6117327945938467
2006-02-27 00:00:00,1.616001279796787
2006-02-28 00:00:00,1.5952991265625265
2006-03-01 00:00:00,1.623471128901933
2006-03-02 00:00:00,1.6168549768373754
2006-03-03 00:00:00,1.6089582792119357
2006-03-06 00:00:00,1.596793096383556
2006-03-07 00:00:00,1.574383549068119
2006-03-08 00:00:00,1.5797191555717944
2006-03-09 00:00:00,1.5662734271825325
2006-03-10 00:00:00,1.589750095798704
2006-03-13 00:00:00,1.5929514597009096
2006-03-14 00:00:00,1.6100254005126706
2006-03-15 00:00:00,1.6243248259425207
2006-03-16 00:00:00,1.6206966135200214
2006-03-17 00:00:00,1.627099341324432
2006-03-20 00:00:00,1.626245644283844
2006-03-21 00:00:00,1.6042629454887012
2006-03-22 00:00:00,1.628379886885314
2006-03-23 00:00:00,1.6315812507875191
2006-03-24 00:00:00,1.6448135549166345
2006-03-27 00:00:00,1.645026979176781
2006-03-28 00:00:00,1.6367034330310477
2006-03-29 00:00:00,1.666155980931336
2006-03-30 00:00:00,1.6618874957283956
2006-03-31 00:00:00,1.667649950752365
2006-04-03 00:00:00,1.654204222363103
2006-04-04 00:00:00,1.6614606472081017
2006-04-05 00:00:00,1.6697841933538349
2006-04-06 00:00:00,1.6731989815161876
2006-04-07 00:00:00,1.6471612217782516
2006-04-10 00:00:00,1.6454538276970756
2006-04-11 00:00:00,1.617068401097522
2006-04-12 00:00:00,1.6335020691288424
2006-04-13 00:00:00,1.637557130071636
2006-04-17 00:00:00,1.6362765845107539
2006-04-18 00:00:00,1.683229921743097
2006-04-19 00:00:00,1.69518168031133
2006-04-20 00:00:00,1.6864312856453023
2006-04-21 00:00:00,1.6828030732228032
2006-04-24 00:00:00,1.6697841933538349
2006-04-25 00:00:00,1.6708513146545705
2006-04-26 00:00:00,1.6695707690936883
2006-04-27 00:00:00,1.6561250407044263
2006-04-28 00:00:00,1.6725587087357465
2006-05-01 00:00:00,1.652496828281927
2006-05-02 00:00:00,1.6744795270770698
2006-05-03 00:00:00,1.6717050116951582
2006-05-04 00:00:00,1.6915534678888307
2006-05-05 00:00:00,1.7007307110751522
2006-05-08 00:00:00,1.7030783779367693
2006-05-09 00:00:00,1.7007307110751522
2006-05-10 00:00:00,1.6906997708482425
2006-05-11 00:00:00,1.653563949582662
2006-05-12 00:00:00,1.6149341584960522
2006-05-15 00:00:00,1.6078911579112005
2006-05-16 00:00:00,1.610452249032965
2006-05-17 00:00:00,1.5818533981732645
2006-05-18 00:00:00,1.5673405484832674
2006-05-19 00:00:00,1.5807862768725296
2006-05-22 00:00:00,1.563712336060768
2006-05-23 00:00:00,1.544077304127243
2006-05-24 00:00:00,1.5556022141751817
2006-05-25 00:00:00,1.587402428937087
2006-05-26 00:00:00,1.596225302481861
2006-05-30 00:00:00,1.596225302481861
2006-05-31 00:00:00,1.596225302481861
2006-06-01 00:00:00,1.596225302481861
2006-06-02 00:00:00,1.596225302481861
2006-06-05 00:00:00,1.596225302481861
2006-06-06 00:00:00,1.596225302481861
2006-06-07 00:00:00,1.596225302481861
2006-06-08 00:00:00,1.596225302481861
2006-06-09 00:00:00,1.596225302481861
2006-06-12 00:00:00,1.596225302481861
2006-06-13 00:00:00,1.596225302481861
2006-06-14 00:00:00,1.596225302481861
2006-06-15 00:00:00,1.596225302481861
2006-06-16 00:00:00,1.596225302481861
2006-06-19 00:00:00,1.596225302481861
2006-06-20 00:00:00,1.596225302481861
2006-06-21 00:00:00,1.596225302481861
2006-06-22 00:00:00,1.596225302481861
2006-06-23 00:00:00,1.596225302481861
2006-06-26 00:00:00,1.596225302481861
2006-06-27 00:00:00,1.596225302481861
2006-06-28 00:00:00,1.596225302481861
2006-06-29 00:00:00,1.596225302481861
2006-06-30 00:00:00,1.596225302481861
2006-07-03 00:00:00,1.596225302481861
2006-07-05 00:00:00,1.596225302481861
2006-07-06 00:00:00,1.596225302481861
2006-07-07 00:00:00,1.596225302481861
2006-07-10 00:00:00,1.596225302481861
2006-07-11 00:00:00,1.596225302481861
2006-07-12 00:00:00,1.596225302481861
2006-07-13 00:00:00,1.596225302481861
2006-07-14 00:00:00,1.596225302481861
2006-07-17 00:00:00,1.596225302481861
2006-07-18 00:00:00,1.596225302481861
2006-07-19 00:00:00,1.596225302481861
2006-07-20 00:00:00,1.596225302481861
2006-07-21 00:00:00,1.596225302481861
2006-07-24 00:00:00,1.596225302481861
2006-07-25 00:00:00,1.596225302481861
2006-07-26 00:00:00,1.596225302481861
2006-07-27 00:00:00,1.596225302481861
2006-07-28 00:00:00,1.596225302481861
2006-07-31 00:00:00,1.596225302481861
2006-08-01 00:00:00,1.596225302481861
2006-08-02 00:00:00,1.596225302481861
2006-08-03 00:00:00,1.596225302481861
2006-08-04 00:00:00,1.596225302481861
2006-08-07 00:00:00,1.596225302481861
2006-08-08 00:00:00,1.596225302481861
2006-08-09 00:00:00,1.596225302481861
2006-08-10 00:00:00,1.596225302481861
2006-08-11 00:00:00,1.596225302481861
2006-08-14 00:00:00,1.596225302481861
2006-08-15 00:00:00,1.596225302481861
2006-08-16 00:00:00,1.596225302481861
2006-08-17 00:00:00,1.596225302481861
2006-08-18 00:00:00,1.596225302481861
2006-08-21 00:00:00,1.596225302481861
2006-08-22 00:00:00,1.596225302481861
2006-08-23 00:00:00,1.596225302481861
2006-08-24 00:00:00,1.596225302481861
2006-08-25 00:00:00,1.596225302481861
2006-08-28 00:00:00,1.596225302481861
2006-08-29 00:00:00,1.596225302481861
2006-08-30 00:00:00,1.596225302481861
2006-08-31 00:00:00,1.596225302481861
2006-09-01 00:00:00,1.596225302481861
2006-09-05 00:00:00,1.596225302481861
2006-09-06 00:00:00,1.596225302481861
2006-09-07 00:00:00,1.596225302481861
2006-09-08 00:00:00,1.596225302481861
2006-09-11 00:00:00,1.596225302481861
2006-09-12 00:00:00,1.596225302481861
2006-09-13 00:00:00,1.596225302481861
2006-09-14 00:00:00,1.596225302481861
2006-09-15 00:00:00,1.596225302481861
2006-09-18 00:00:00,1.596225302481861
2006-09-19 00:00:00,1.596225302481861
2006-09-20 00:00:00,1.596225302481861
2006-09-21 00:00:00,1.596225302481861
2006-09-22 00:00:00,1.596225302481861
2006-09-25 00:00:00,1.596225302481861
2006-09-26 00:00:00,1.596225302481861
2006-09-27 00:00:00,1.596225302481861
2006-09-28 00:00:00,1.596225302481861
2006-09-29 00:00:00,1.596225302481861
2006-10-02 00:00:00,1.596225302481861
2006-10-03 00:00:00,1.596225302481861
2006-10-04 00:00:00,1.596225302481861
2006-10-05 00:00:00,1.596225302481861
2006-10-06 00:00:00,1.596225302481861
2006-10-09 00:00:00,1.596225302481861
2006-10-10 00:00:00,1.596225302481861
2006-10-11 00:00:00,1.596225302481861
2006-10-12 00:00:00,1.596225302481861
2006-10-13 00:00:00,1.596225302481861
2006-10-16 00:00:00,1.596225302481861
2006-10-17 00:00:00,1.596225302481861
2006-10-18 00:00:00,1.596225302481861
2006-10-19 00:00:00,1.596225302481861
2006-10-20 00:00:00,1.596225302481861
2006-10-23 00:00:00,1.596225302481861
2006-10-24 00:00:00,1.596225302481861
2006-10-25 00:00:00,1.596225302481861
2006-10-26 00:00:00,1.596225302481861
2006-10-27 00:00:00,1.596225302481861
2006-10-30 00:00:00,1.596225302481861
2006-10-31 00:00:00,1.596225302481861
2006-11-01 00:00:00,1.596225302481861
2006-11-02 00:00:00,1.596225302481861
2006-11-03 00:00:00,1.596225302481861
2006-11-06 00:00:00,1.596225302481861
2006-11-07 00:00:00,1.596225302481861
2006-11-08 00:00:00,1.596225302481861
2006-11-09 00:00:00,1.596225302481861
2006-11-10 00:00:00,1.596225302481861
2006-11-13 00:00:00,1.596225302481861
2006-11-14 00:00:00,1.596225302481861
2006-11-15 00:00:00,1.596225302481861
2006-11-16 00:00:00,1.596225302481861
2006-11-17 00:00:00,1.596225302481861
2006-11-20 00:00:00,1.596225302481861
2006-11-21 00:00:00,1.596225302481861
2006-11-22 00:00:00,1.596225302481861
2006-11-24 00:00:00,1.596225302481861
2006-11-27 00:00:00,1.596225302481861
2006-11-28 00:00:00,1.596225302481861
2006-11-29 00:00:00,1.596225302481861
2006-11-30 00:00:00,1.596225302481861
2006-12-01 00:00:00,1.596225302481861
2006-12-04 00:00:00,1.596225302481861
2006-12-05 00:00:00,1.596225302481861
2006-12-06 00:00:00,1.594411410092677
2006-12-07 00:00:00,1.5875589277335374
2006-12-08 00:00:00,1.5877604713323359
2006-12-11 00:00:00,1.5917913433083002
2006-12-12 00:00:00,1.5831249685599766
2006-12-13 00:00:00,1.5851404045479591
2006-12-14 00:00:00,1.5915897997095019
2006-12-15 00:00:00,1.5901789945179146
2006-12-18 00:00:00,1.5702261782368911
2006-12-19 00:00:00,1.562567521482559
2006-12-20 00:00:00,1.5716369834284787
2006-12-21 00:00:00,1.564381413871743
2006-12-22 00:00:00,1.554102690333034
2006-12-26 00:00:00,1.5762724862008375
2006-12-27 00:00:00,1.5950160408890717
2006-12-28 00:00:00,1.5877604713323359
2006-12-29 00:00:00,1.5726447014224698
2007-01-03 00:00:00,1.5752647682068464
2007-01-04 00:00:00,1.5794971837816092
2007-01-05 00:00:00,1.5464440335787017
2007-01-08 00:00:00,1.540087017968214
2007-01-09 00:00:00,1.5410857773832392
2007-01-10 00:00:00,1.5530708903635362
2007-01-11 00:00:00,1.5626589807477744
2007-01-12 00:00:00,1.577640371973146
2007-01-16 00:00:00,1.5670535221738833
2007-01-17 00:00:00,1.560261958151715
2007-01-18 00:00:00,1.5472780857563924
2007-01-19 00:00:00,1.5532706422465414
2007-01-22 00:00:00,1.5418847849152586
2007-01-23 00:00:00,1.5564666723746208
2007-01-24 00:00:00,1.5734455824300415
2007-01-25 00:00:00,1.5536701460125513
2007-01-26 00:00:00,1.5594629506196946
2007-01-29 00:00:00,1.5730460786640321
2007-01-30 00:00:00,1.5816354096332452
2007-01-31 00:00:00,1.5850311916443292
2007-02-01 00:00:00,1.6020101016997506
2007-02-02 00:00:00,1.6030088611147755
2007-02-05 00:00:00,1.6028091092317704
2007-02-06 00:00:00,1.6068041468918697
2007-02-07 00:00:00,1.6215857862342367
2007-02-08 00:00:00,1.618989011755172
2007-02-09 00:00:00,1.6024096054657606
2007-02-12 00:00:00,1.5984145678056614
2007-02-13 00:00:00,1.6115981920839886
2007-02-14 00:00:00,1.612996455265023
2007-02-15 00:00:00,1.6133959590310332
2007-02-16 00:00:00,1.6213860343512314
2007-02-20 00:00:00,1.6359679218105934
2007-02-21 00:00:00,1.6399629594706921
2007-02-22 00:00:00,1.645755764077836
2007-02-23 00:00:00,1.6369666812256183
2007-02-26 00:00:00,1.6329716435655188
2007-02-27 00:00:00,1.5590634468536848
2007-02-28 00:00:00,1.5590634468536848
2007-03-01 00:00:00,1.5666540184078734
2007-03-02 00:00:00,1.535292972776095
2007-03-05 00:00:00,1.5015349045482576
2007-03-06 00:00:00,1.5394877623191991
2007-03-07 00:00:00,1.5374902434891495
2007-03-08 00:00:00,1.5582644393216654
2007-03-09 00:00:00,1.5632582363967893
2007-03-12 00:00:00,1.5660547627588586
2007-03-13 00:00:00,1.5259046342748621
2007-03-14 00:00:00,1.526087606999695
2007-03-15 00:00:00,1.526087606999695
2007-03-16 00:00:00,1.526087606999695
2007-03-19 00:00:00,1.526087606999695
2007-03-20 00:00:00,1.526087606999695
2007-03-21 00:00:00,1.526087606999695
2007-03-22 00:00:00,1.526087606999695
2007-03-23 00:00:00,1.526087606999695
2007-03-26 00:00:00,1.526087606999695
2007-03-27 00:00:00,1.5193206406740798
2007-03-28 00:00:00,1.5122066504343308
2007-03-29 00:00:00,1.5115126026060628
2007-03-30 00:00:00,1.5172384971892754
2007-04-02 00:00:00,1.5214027841588846
2007-04-03 00:00:00,1.534936716810115
2007-04-04 00:00:00,1.5356307646383827
2007-04-05 00:00:00,1.5333751091965113
2007-04-09 00:00:00,1.5356307646383827
2007-04-10 00:00:00,1.539621539650925
2007-04-11 00:00:00,1.5309459417975724
2007-04-12 00:00:00,1.5403155874791932
2007-04-13 00:00:00,1.550032257074948
2007-04-16 00:00:00,1.5682510125669886
2007-04-17 00:00:00,1.5649542853827145
2007-04-18 00:00:00,1.556625711443496
2007-04-19 00:00:00,1.5493382092466799
2007-04-20 00:00:00,1.56582184516805
2007-04-23 00:00:00,1.5640867255973792
2007-04-24 00:00:00,1.5654748212539158
2007-04-25 00:00:00,1.5696391082235253
2007-04-26 00:00:00,1.5807438734758164
2007-04-27 00:00:00,1.5687715484381899
2007-04-30 00:00:00,1.5385804679085224
2007-05-01 00:00:00,1.5455209461912047
2007-05-02 00:00:00,1.563045653854977
2007-05-03 00:00:00,1.5654748212539158
2007-05-04 00:00:00,1.5755385147638048
2007-05-07 00:00:00,1.5706801799659273
2007-05-08 00:00:00,1.5654748212539158
2007-05-09 00:00:00,1.5712007158371286
2007-05-10 00:00:00,1.552461424473887
2007-05-11 00:00:00,1.5656483332109827
2007-05-14 00:00:00,1.5552376157869596
2007-05-15 00:00:00,1.5427447548781321
2007-05-16 00:00:00,1.5505527929461493
2007-05-17 00:00:00,1.5392745157367909
2007-05-18 00:00:00,1.555758151658161
2007-05-21 00:00:00,1.5736298832360673
2007-05-22 00:00:00,1.5824789930464869
2007-05-23 00:00:00,1.5786617299910115
2007-05-24 00:00:00,1.559748926670703
2007-05-25 00:00:00,1.5689450603952566
2007-05-29 00:00:00,1.5821319691323528
2007-05-30 00:00:00,1.5918486387281077
2007-05-31 00:00:00,1.5998301887531918
2007-06-01 00:00:00,1.6072912029070754
2007-06-04 00:00:00,1.608852810520679
2007-06-05 00:00:00,1.602953403980399
2007-06-06 00:00:00,1.5866432800160961
2007-06-07 00:00:00,1.556625711443496
2007-06-08 00:00:00,1.5751914908496705
2007-06-11 00:00:00,1.5755385147638048
2007-06-12 00:00:00,1.5519408886026858
2007-06-13 00:00:00,1.5706801799659273
2007-06-14 00:00:00,1.5836935767459563
2007-06-15 00:00:00,1.6008712604955944
2007-06-18 00:00:00,1.5980950691825215
2007-06-19 00:00:00,1.6019123322379967
2007-06-20 00:00:00,1.5908075669857054
2007-06-21 00:00:00,1.586296256101962
2007-06-22 00:00:00,1.57640607454914
2007-06-25 00:00:00,1.5689450603952566
2007-06-26 00:00:00,1.5559316636152278
2007-06-27 00:00:00,1.5873373278443643
2007-06-28 00:00:00,1.5850816724024925
2007-06-29 00:00:00,1.5771001223774082
2007-07-02 00:00:00,1.5949718539553144
2007-07-03 00:00:00,1.6013917963667954
2007-07-05 00:00:00,1.603300427894533
2007-07-06 00:00:00,1.609026322477746
2007-07-09 00:00:00,1.6253364464420486
2007-07-10 00:00:00,1.5814379213040846
2007-07-11 00:00:00,1.5925426865563759
2007-07-12 00:00:00,1.6093733463918798
2007-07-13 00:00:00,1.6114554898766844
2007-07-16 00:00:00,1.6034739398516002
2007-07-17 00:00:00,1.6050355474652034
2007-07-18 00:00:00,1.5993096528819908
2007-07-19 00:00:00,1.6052090594222705
2007-07-20 00:00:00,1.5812644093470174
2007-07-23 00:00:00,1.5774471462915425
2007-07-24 00:00:00,1.5430917787922662
2007-07-25 00:00:00,1.5378864200802547
2007-07-26 00:00:00,1.4990197416972348
2007-07-27 00:00:00,1.4703317871588206
2007-07-30 00:00:00,1.4826939092860127
2007-07-31 00:00:00,1.5005538665148055
2007-08-01 00:00:00,1.5005538665148055
2007-08-02 00:00:00,1.5005538665148055
2007-08-03 00:00:00,1.5005538665148055
2007-08-06 00:00:00,1.5005538665148055
2007-08-07 00:00:00,1.5005538665148055
2007-08-08 00:00:00,1.5005538665148055
2007-08-09 00:00:00,1.5005538665148055
2007-08-10 00:00:00,1.5005538665148055
2007-08-13 00:00:00,1.5005538665148055
2007-08-14 00:00:00,1.5005538665148055
2007-08-15 00:00:00,1.5005538665148055
2007-08-16 00:00:00,1.5005538665148055
2007-08-17 00:00:00,1.5005538665148055
2007-08-20 00:00:00,1.5005538665148055
2007-08-21 00:00:00,1.5005538665148055
2007-08-22 00:00:00,1.5005538665148055
2007-08-23 00:00:00,1.5005538665148055
2007-08-24 00:00:00,1.5005538665148055
2007-08-27 00:00:00,1.5005538665148055
2007-08-28 00:00:00,1.5005538665148055
2007-08-29 00:00:00,1.5005538665148055
2007-08-30 00:00:00,1.5005538665148055
2007-08-31 00:00:00,1.5005538665148055
2007-09-04 00:00:00,1.5005538665148055
2007-09-05 00:00:00,1.5005538665148055
2007-09-06 00:00:00,1.5005538665148055
2007-09-07 00:00:00,1.5005538665148055
2007-09-10 00:00:00,1.5005538665148055
2007-09-11 00:00:00,1.5005538665148055
2007-09-12 00:00:00,1.5005538665148055
2007-09-13 00:00:00,1.5005538665148055
2007-09-14 00:00:00,1.5005538665148055
2007-09-17 00:00:00,1.5005538665148055
2007-09-18 00:00:00,1.5005538665148055
2007-09-19 00:00:00,1.5005538665148055
2007-09-20 00:00:00,1.5005538665148055
2007-09-21 00:00:00,1.5005538665148055
2007-09-24 00:00:00,1.5005538665148055
2007-09-25 00:00:00,1.5005538665148055
2007-09-26 00:00:00,1.5005538665148055
2007-09-27 00:00:00,1.5005538665148055
2007-09-28 00:00:00,1.5005538665148055
2007-10-01 00:00:00,1.5005538665148055
2007-10-02 00:00:00,1.5005538665148055
2007-10-03 00:00:00,1.5005538665148055
2007-10-04 00:00:00,1.5005538665148055
2007-10-05 00:00:00,1.5005538665148055
2007-10-08 00:00:00,1.5005538665148055
2007-10-09 00:00:00,1.5005538665148055
2007-10-10 00:00:00,1.5005538665148055
2007-10-11 00:00:00,1.5005538665148055
2007-10-12 00:00:00,1.5005538665148055
2007-10-15 00:00:00,1.5005538665148055
2007-10-16 00:00:00,1.5005538665148055
2007-10-17 00:00:00,1.5005538665148055
2007-10-18 00:00:00,1.5005538665148055
2007-10-19 00:00:00,1.5005538665148055
2007-10-22 00:00:00,1.5005538665148055
2007-10-23 00:00:00,1.5005538665148055
2007-10-24 00:00:00,1.5005538665148055
2007-10-25 00:00:00,1.5005538665148055
2007-10-26 00:00:00,1.5005538665148055
2007-10-29 00:00:00,1.5005538665148055
2007-10-30 00:00:00,1.5005538665148055
2007-10-31 00:00:00,1.5005538665148055
2007-11-01 00:00:00,1.5005538665148055
2007-11-02 00:00:00,1.5005538665148055
2007-11-05 00:00:00,1.5005538665148055
2007-11-06 00:00:00,1.5005538665148055
2007-11-07 00:00:00,1.5005538665148055
2007-11-08 00:00:00,1.5005538665148055
2007-11-09 00:00:00,1.5005538665148055
2007-11-12 00:00:00,1.5005538665148055
2007-11-13 00:00:00,1.5005538665148055
2007-11-14 00:00:00,1.5005538665148055
2007-11-15 00:00:00,1.5005538665148055
2007-11-16 00:00:00,1.5005538665148055
2007-11-19 00:00:00,1.5005538665148055
2007-11-20 00:00:00,1.5005538665148055
2007-11-21 00:00:00,1.5005538665148055
2007-11-23 00:00:00,1.5005538665148055
2007-11-26 00:00:00,1.5005538665148055
2007-11-27 00:00:00,1.5005538665148055
2007-11-28 00:00:00,1.5005538665148055
2007-11-29 00:00:00,1.5005538665148055
2007-11-30 00:00:00,1.5005538665148055
2007-12-03 00:00:00,1.5005538665148055
2007-12-04 00:00:00,1.5005538665148055
2007-12-05 00:00:00,1.5005538665148055
2007-12-06 00:00:00,1.5005538665148055
2007-12-07 00:00:00,1.5005538665148055
2007-12-10 00:00:00,1.5005538665148055
2007-12-11 00:00:00,1.5005538665148055
2007-12-12 00:00:00,1.5005538665148055
2007-12-13 00:00:00,1.5005538665148055
2007-12-14 00:00:00,1.5005538665148055
2007-12-17 00:00:00,1.5005538665148055
2007-12-18 00:00:00,1.5005538665148055
2007-12-19 00:00:00,1.5005538665148055
2007-12-20 00:00:00,1.5005538665148055
2007-12-21 00:00:00,1.5005538665148055
2007-12-24 00:00:00,1.5005538665148055
2007-12-26 00:00:00,1.5005538665148055
2007-12-27 00:00:00,1.5005538665148055
2007-12-28 00:00:00,1.5005538665148055
2007-12-31 00:00:00,1.5005538665148055
2008-01-02 00:00:00,1.5005538665148055
2008-01-03 00:00:00,1.5005538665148055
2008-01-04 00:00:00,1.5005538665148055
2008-01-07 00:00:00,1.5005538665148055
2008-01-08 00:00:00,1.5005538665148055
2008-01-09 00:00:00,1.5005538665148055
2008-01-10 00:00:00,1.5005538665148055
2008-01-11 00:00:00,1.5005538665148055
2008-01-14 00:00:00,1.5005538665148055
2008-01-15 00:00:00,1.5005538665148055
2008-01-16 00:00:00,1.5005538665148055
2008-01-17 00:00:00,1.5005538665148055
2008-01-18 00:00:00,1.5005538665148055
2008-01-22 00:00:00,1.5005538665148055
2008-01-23 00:00:00,1.5005538665148055
2008-01-24 00:00:00,1.5005538665148055
2008-01-25 00:00:00,1.5005538665148055
2008-01-28 00:00:00,1.5005538665148055
2008-01-29 00:00:00,1.5005538665148055
2008-01-30 00:00:00,1.5005538665148055
2008-01-31 00:00:00,1.5005538665148055
2008-02-01 00:00:00,1.5005538665148055
2008-02-04 00:00:00,1.5005538665148055
2008-02-05 00:00:00,1.5005538665148055
2008-02-06 00:00:00,1.5005538665148055
2008-02-07 00:00:00,1.5005538665148055
2008-02-08 00:00:00,1.5005538665148055
2008-02-11 00:00:00,1.5005538665148055
2008-02-12 00:00:00,1.5005538665148055
2008-02-13 00:00:00,1.5005538665148055
2008-02-14 00:00:00,1.5005538665148055
2008-02-15 00:00:00,1.5005538665148055
2008-02-19 00:00:00,1.5005538665148055
2008-02-20 00:00:00,1.5005538665148055
2008-02-21 00:00:00,1.5005538665148055
2008-02-22 00:00:00,1.5005538665148055
2008-02-25 00:00:00,1.5005538665148055
2008-02-26 00:00:00,1.5005538665148055
2008-02-27 00:00:00,1.5005538665148055
2008-02-28 00:00:00,1.5005538665148055
2008-02-29 00:00:00,1.5005538665148055
2008-03-03 00:00:00,1.5005538665148055
2008-03-04 00:00:00,1.5005538665148055
2008-03-05 00:00:00,1.5005538665148055
2008-03-06 00:00:00,1.5005538665148055
2008-03-07 00:00:00,1.5005538665148055
2008-03-10 00:00:00,1.5005538665148055
2008-03-11 00:00:00,1.5005538665148055
2008-03-12 00:00:00,1.5005538665148055
2008-03-13 00:00:00,1.5005538665148055
2008-03-14 00:00:00,1.5005538665148055
2008-03-17 00:00:00,1.5005538665148055
2008-03-18 00:00:00,1.5005538665148055
2008-03-19 00:00:00,1.5005538665148055
2008-03-20 00:00:00,1.5005538665148055
2008-03-24 00:00:00,1.5005538665148055
2008-03-25 00:00:00,1.5005538665148055
2008-03-26 00:00:00,1.5005538665148055
2008-03-27 00:00:00,1.5005538665148055
2008-03-28 00:00:00,1.5005538665148055
2008-03-31 00:00:00,1.5005538665148055
2008-04-01 00:00:00,1.5005538665148055
2008-04-02 00:00:00,1.5005538665148055
2008-04-03 00:00:00,1.5005538665148055
2008-04-04 00:00:00,1.5005538665148055
2008-04-07 00:00:00,1.5005538665148055
2008-04-08 00:00:00,1.5005538665148055
2008-04-09 00:00:00,1.5005538665148055
2008-04-10 00:00:00,1.5005538665148055
2008-04-11 00:00:00,1.5005538665148055
2008-04-14 00:00:00,1.5005538665148055
2008-04-15 00:00:00,1.5005538665148055
2008-04-16 00:00:00,1.5005538665148055
2008-04-17 00:00:00,1.5005538665148055
2008-04-18 00:00:00,1.5005538665148055
2008-04-21 00:00:00,1.5005538665148055
2008-04-22 00:00:00,1.5005538665148055
2008-04-23 00:00:00,1.5005538665148055
2008-04-24 00:00:00,1.5005538665148055
2008-04-25 00:00:00,1.5005538665148055
2008-04-28 00:00:00,1.5005538665148055
2008-04-29 00:00:00,1.5005538665148055
2008-04-30 00:00:00,1.5005538665148055
2008-05-01 00:00:00,1.5005538665148055
2008-05-02 00:00:00,1.5005538665148055
2008-05-05 00:00:00,1.5005538665148055
2008-05-06 00:00:00,1.5005538665148055
2008-05-07 00:00:00,1.5005538665148055
2008-05-08 00:00:00,1.5005538665148055
2008-05-09 00:00:00,1.5005538665148055
2008-05-12 00:00:00,1.5005538665148055
2008-05-13 00:00:00,1.5005538665148055
2008-05-14 00:00:00,1.5005538665148055
2008-05-15 00:00:00,1.5005538665148055
2008-05-16 00:00:00,1.5005538665148055
2008-05-19 00:00:00,1.5005538665148055
2008-05-20 00:00:00,1.5005538665148055
2008-05-21 00:00:00,1.5005538665148055
2008-05-22 00:00:00,1.5005538665148055
2008-05-23 00:00:00,1.5005538665148055
2008-05-27 00:00:00,1.5005538665148055
2008-05-28 00:00:00,1.5005538665148055
2008-05-29 00:00:00,1.5005538665148055
2008-05-30 00:00:00,1.5005538665148055
2008-06-02 00:00:00,1.5005538665148055
2008-06-03 00:00:00,1.5005538665148055
2008-06-04 00:00:00,1.5005538665148055
2008-06-05 00:00:00,1.534794692999036
2008-06-06 00:00:00,1.4888717021848916
2008-06-09 00:00:00,1.484037703151824
2008-06-10 00:00:00,1.4731612053274212
2008-06-11 00:00:00,1.4475812937774373
2008-06-12 00:00:00,1.4506025431731044
2008-06-13 00:00:00,1.4767867046022218
2008-06-16 00:00:00,1.486051869415602
2008-06-17 00:00:00,1.484843369657335
2008-06-18 00:00:00,1.4729597887010433
2008-06-19 00:00:00,1.4852462029100906
2008-06-20 00:00:00,1.4616804576238849
2008-06-23 00:00:00,1.4479841270301927
2008-06-24 00:00:00,1.4316994557556264
2008-06-25 00:00:00,1.4427979011490808
2008-06-26 00:00:00,1.4056685565600695
2008-06-27 00:00:00,1.406475716225048
2008-06-30 00:00:00,1.3933593716691473
2008-07-01 00:00:00,1.3943683212503704
2008-07-02 00:00:00,1.3622067891101493
2008-07-03 00:00:00,1.3474864926265522
2008-07-07 00:00:00,1.354720635130451
2008-07-08 00:00:00,1.354720635130451
2008-07-09 00:00:00,1.354720635130451
2008-07-10 00:00:00,1.354720635130451
2008-07-11 00:00:00,1.354720635130451
2008-07-14 00:00:00,1.354720635130451
2008-07-15 00:00:00,1.354720635130451
2008-07-16 00:00:00,1.354720635130451
2008-07-17 00:00:00,1.354720635130451
2008-07-18 00:00:00,1.354720635130451
2008-07-21 00:00:00,1.354720635130451
2008-07-22 00:00:00,1.354720635130451
2008-07-23 00:00:00,1.354720635130451
2008-07-24 00:00:00,1.354720635130451
2008-07-25 00:00:00,1.354720635130451
2008-07-28 00:00:00,1.354720635130451
2008-07-29 00:00:00,1.354720635130451
2008-07-30 00:00:00,1.354720635130451
2008-07-31 00:00:00,1.3615445133664221
2008-08-01 00:00:00,1.362772811448897
2008-08-04 00:00:00,1.3537652921774153
2008-08-05 00:00:00,1.3702790775084652
2008-08-06 00:00:00,1.3751922698383647
2008-08-07 00:00:00,1.3604526928486667
2008-08-08 00:00:00,1.3861104750159186
2008-08-11 00:00:00,1.409994048841818
2008-08-12 00:00:00,1.40235130521753
2008-08-13 00:00:00,1.4060361994649544
2008-08-14 00:00:00,1.415862584124753
2008-08-15 00:00:00,1.4131330328303644
2008-08-18 00:00:00,1.3998947090525802
2008-08-19 00:00:00,1.3831079685920915
2008-08-20 00:00:00,1.3844727442392855
2008-08-21 00:00:00,1.3730086288028538
2008-08-22 00:00:00,1.3937532186402064
2008-08-25 00:00:00,1.3716438531556598
2008-08-26 00:00:00,1.3731451063675735
2008-08-27 00:00:00,1.3848821769334438
2008-08-28 00:00:00,1.4050808565119184
2008-08-29 00:00:00,1.3963462923698753
2008-09-02 00:00:00,1.3960733372404366
2008-09-03 00:00:00,1.4001676641820193
2008-09-04 00:00:00,1.3683683916023934
2008-09-05 00:00:00,1.3659117954374438
2008-09-08 00:00:00,1.3773759108738755
2008-09-09 00:00:00,1.3545841575657318
2008-09-10 00:00:00,1.3635916768372136
2008-09-11 00:00:00,1.3697331672495878
2008-09-12 00:00:00,1.3742369268853287
2008-09-15 00:00:00,1.3300181959162356
2008-09-16 00:00:00,1.3571772312954007
2008-09-17 00:00:00,1.3135044105851852
2008-09-18 00:00:00,1.3680954364729547
2008-09-19 00:00:00,1.4117682571831702
2008-09-22 00:00:00,1.370142599943746
2008-09-23 00:00:00,1.3570407537306812
2008-09-24 00:00:00,1.3427106094351418
2008-09-25 00:00:00,1.347623801765041
2008-09-26 00:00:00,1.352127561400782
2008-09-29 00:00:00,1.2953157039358298
2008-09-30 00:00:00,1.2953157039358298
2008-10-01 00:00:00,1.2953157039358298
2008-10-02 00:00:00,1.2953157039358298
2008-10-03 00:00:00,1.2953157039358298
2008-10-06 00:00:00,1.2953157039358298
2008-10-07 00:00:00,1.2953157039358298
2008-10-08 00:00:00,1.2953157039358298
2008-10-09 00:00:00,1.2953157039358298
2008-10-10 00:00:00,1.2953157039358298
2008-10-13 00:00:00,1.2953157039358298
2008-10-14 00:00:00,1.2953157039358298
2008-10-15 00:00:00,1.2953157039358298
2008-10-16 00:00:00,1.2953157039358298
2008-10-17 00:00:00,1.2953157039358298
2008-10-20 00:00:00,1.2953157039358298
2008-10-21 00:00:00,1.2953157039358298
2008-10-22 00:00:00,1.2953157039358298
2008-10-23 00:00:00,1.2953157039358298
2008-10-24 00:00:00,1.2953157039358298
2008-10-27 00:00:00,1.2953157039358298
2008-10-28 00:00:00,1.2953157039358298
2008-10-29 00:00:00,1.2953157039358298
2008-10-30 00:00:00,1.2953157039358298
2008-10-31 00:00:00,1.2953157039358298
2008-11-03 00:00:00,1.2953157039358298
2008-11-04 00:00:00,1.2953157039358298
2008-11-05 00:00:00,1.2953157039358298
2008-11-06 00:00:00,1.2953157039358298
2008-11-07 00:00:00,1.2953157039358298
2008-11-10 00:00:00,1.2953157039358298
2008-11-11 00:00:00,1.2953157039358298
2008-11-12 00:00:00,1.2953157039358298
2008-11-13 00:00:00,1.2953157039358298
2008-11-14 00:00:00,1.2953157039358298
2008-11-17 00:00:00,1.2953157039358298
2008-11-18 00:00:00,1.2953157039358298
2008-11-19 00:00:00,1.2953157039358298
2008-11-20 00:00:00,1.2953157039358298
2008-11-21 00:00:00,1.2953157039358298
2008-11-24 00:00:00,1.2953157039358298
2008-11-25 00:00:00,1.2953157039358298
2008-11-26 00:00:00,1.2953157039358298
2008-11-28 00:00:00,1.2953157039358298
2008-12-01 00:00:00,1.2953157039358298
2008-12-02 00:00:00,1.2953157039358298
2008-12-03 00:00:00,1.2953157039358298
2008-12-04 00:00:00,1.2953157039358298
2008-12-05 00:00:00,1.2953157039358298
2008-12-08 00:00:00,1.2953157039358298
2008-12-09 00:00:00,1.2953157039358298
2008-12-10 00:00:00,1.2953157039358298
2008-12-11 00:00:00,1.2953157039358298
2008-12-12 00:00:00,1.2953157039358298
2008-12-15 00:00:00,1.2953157039358298
2008-12-16 00:00:00,1.2953157039358298
2008-12-17 00:00:00,1.2953157039358298
2008-12-18 00:00:00,1.2953157039358298
2008-12-19 00:00:00,1.2953157039358298
2008-12-22 00:00:00,1.2953157039358298
2008-12-23 00:00:00,1.2953157039358298
2008-12-24 00:00:00,1.2953157039358298
2008-12-26 00:00:00,1.2953157039358298
2008-12-29 00:00:00,1.2953157039358298
2008-12-30 00:00:00,1.2953157039358298
2008-12-31 00:00:00,1.2953157039358298
2009-01-02 00:00:00,1.2953157039358298
2009-01-05 00:00:00,1.2953157039358298
2009-01-06 00:00:00,1.2953157039358298
2009-01-07 00:00:00,1.2953157039358298
2009-01-08 00:00:00,1.2953157039358298
2009-01-09 00:00:00,1.2953157039358298
2009-01-12 00:00:00,1.2953157039358298
2009-01-13 00:00:00,1.2953157039358298
2009-01-14 00:00:00,1.2953157039358298
2009-01-15 00:00:00,1.2953157039358298
2009-01-16 00:00:00,1.2953157039358298
2009-01-20 00:00:00,1.2953157039358298
2009-01-21 00:00:00,1.2953157039358298
2009-01-22 00:00:00,1.2953157039358298
2009-01-23 00:00:00,1.2953157039358298
2009-01-26 00:00:00,1.2953157039358298
2009-01-27 00:00:00,1.2953157039358298
2009-01-28 00:00:00,1.2953157039358298
2009-01-29 00:00:00,1.2953157039358298
2009-01-30 00:00:00,1.2953157039358298
2009-02-02 00:00:00,1.2953157039358298
2009-02-03 00:00:00,1.2953157039358298
2009-02-04 00:00:00,1.2953157039358298
2009-02-05 00:00:00,1.2953157039358298
2009-02-06 00:00:00,1.2953157039358298
2009-02-09 00:00:00,1.2953157039358298
2009-02-10 00:00:00,1.2953157039358298
2009-02-11 00:00:00,1.2953157039358298
2009-02-12 00:00:00,1.2953157039358298
2009-02-13 00:00:00,1.2953157039358298
2009-02-17 00:00:00,1.2953157039358298
2009-02-18 00:00:00,1.2953157039358298
2009-02-19 00:00:00,1.2953157039358298
2009-02-20 00:00:00,1.2953157039358298
2009-02-23 00:00:00,1.2953157039358298
2009-02-24 00:00:00,1.2953157039358298
2009-02-25 00:00:00,1.2953157039358298
2009-02-26 00:00:00,1.2953157039358298
2009-02-27 00:00:00,1.2953157039358298
2009-03-02 00:00:00,1.2953157039358298
2009-03-03 00:00:00,1.2953157039358298
2009-03-04 00:00:00,1.2953157039358298
2009-03-05 00:00:00,1.2953157039358298
2009-03-06 00:00:00,1.2953157039358298
2009-03-09 00:00:00,1.2953157039358298
2009-03-10 00:00:00,1.2953157039358298
2009-03-11 00:00:00,1.2953157039358298
2009-03-12 00:00:00,1.2953157039358298
2009-03-13 00:00:00,1.2953157039358298
2009-03-16 00:00:00,1.2953157039358298
2009-03-17 00:00:00,1.2953157039358298
2009-03-18 00:00:00,1.2953157039358298
2009-03-19 00:00:00,1.2953157039358298
2009-03-20 00:00:00,1.2953157039358298
2009-03-23 00:00:00,1.2953157039358298
2009-03-24 00:00:00,1.2953157039358298
2009-03-25 00:00:00,1.2953157039358298
2009-03-26 00:00:00,1.2953157039358298
2009-03-27 00:00:00,1.2953157039358298
2009-03-30 00:00:00,1.2953157039358298
2009-03-31 00:00:00,1.2953157039358298
2009-04-01 00:00:00,1.2953157039358298
2009-04-02 00:00:00,1.2953157039358298
2009-04-03 00:00:00,1.2953157039358298
2009-04-06 00:00:00,1.2953157039358298
2009-04-07 00:00:00,1.2953157039358298
2009-04-08 00:00:00,1.2953157039358298
2009-04-09 00:00:00,1.2953157039358298
2009-04-13 00:00:00,1.2953157039358298
2009-04-14 00:00:00,1.2953157039358298
2009-04-15 00:00:00,1.2953157039358298
2009-04-16 00:00:00,1.2953157039358298
2009-04-17 00:00:00,1.2953157039358298
2009-04-20 00:00:00,1.2953157039358298
2009-04-21 00:00:00,1.2953157039358298
2009-04-22 00:00:00,1.2953157039358298
2009-04-23 00:00:00,1.2953157039358298
2009-04-24 00:00:00,1.2953157039358298
2009-04-27 00:00:00,1.2953157039358298
2009-04-28 00:00:00,1.2953157039358298
2009-04-29 00:00:00,1.2953157039358298
2009-04-30 00:00:00,1.2953157039358298
2009-05-01 00:00:00,1.2953157039358298
2009-05-04 00:00:00,1.2953157039358298
2009-05-05 00:00:00,1.2953157039358298
2009-05-06 00:00:00,1.2953157039358298
2009-05-07 00:00:00,1.2953157039358298
2009-05-08 00:00:00,1.2953157039358298
2009-05-11 00:00:00,1.2953157039358298
2009-05-12 00:00:00,1.2829401020308606
2009-05-13 00:00:00,1.2545637219053252
2009-05-14 00:00:00,1.2628141231753047
2009-05-15 00:00:00,1.2605640137380376
2009-05-18 00:00:00,1.2805649865137454
2009-05-19 00:00:00,1.2808149986734416
2009-05-20 00:00:00,1.2750647190004256
2009-05-21 00:00:00,1.2671893359699908
2009-05-22 00:00:00,1.2609390319775822
2009-05-26 00:00:00,1.2894404181829657
2009-05-27 00:00:00,1.277314828437693
2009-05-28 00:00:00,1.2780648649167818
2009-05-29 00:00:00,1.2906904789814475
2009-06-01 00:00:00,1.3151916706316895
2009-06-02 00:00:00,1.3233170658218207
2009-06-03 00:00:00,1.3189418530271346
2009-06-04 00:00:00,1.3283173090157476
2009-06-05 00:00:00,1.328567321175444
2009-06-08 00:00:00,1.320691938145009
2009-06-09 00:00:00,1.3236920840613653
2009-06-10 00:00:00,1.3210669563845536
2009-06-11 00:00:00,1.3213169685442498
2009-06-12 00:00:00,1.3233170658218207
2009-06-15 00:00:00,1.30556620248338
2009-06-16 00:00:00,1.2948156796164372
2009-06-17 00:00:00,1.2981908437723377
2009-06-18 00:00:00,1.3010659836088458
2009-06-19 00:00:00,1.3049411720841393
2009-06-22 00:00:00,1.2821900655517717
2009-06-23 00:00:00,1.2771898223578446
2009-06-24 00:00:00,1.2838151445897978
2009-06-25 00:00:00,1.301728515832041
2009-06-26 00:00:00,1.3039411234453537
2009-06-29 00:00:00,1.3039411234453537
2009-06-30 00:00:00,1.3020660322476312
2009-07-01 00:00:00,1.3119415125556368
2009-07-02 00:00:00,1.2874403209053948
2009-07-06 00:00:00,1.2819400533920753
2009-07-07 00:00:00,1.2685644028483207
2009-07-08 00:00:00,1.2644392022133308
2009-07-09 00:00:00,1.2619390806163675
2009-07-10 00:00:00,1.2648142204528754
2009-07-13 00:00:00,1.2793149257152636
2009-07-14 00:00:00,1.2829401020308606
2009-07-15 00:00:00,1.3068162632818618
2009-07-16 00:00:00,1.314816652392145
2009-07-17 00:00:00,1.3123165307951816
2009-07-20 00:00:00,1.3203169199054645
2009-07-21 00:00:00,1.319191865186831
2009-07-22 00:00:00,1.324317114460606
2009-07-23 00:00:00,1.3451931297952513
2009-07-24 00:00:00,1.348693300031
2009-07-27 00:00:00,1.352193470266749
2009-07-28 00:00:00,1.3525684885062934
2009-07-29 00:00:00,1.3490683182705445
2009-07-30 00:00:00,1.3610689019359692
2009-07-31 00:00:00,1.3581937620994613
2009-08-03 00:00:00,1.370319351844734
2009-08-04 00:00:00,1.37744469839608
2009-08-05 00:00:00,1.370319351844734
2009-08-06 00:00:00,1.3604438715367284
2009-08-07 00:00:00,1.3771946862363837
2009-08-10 00:00:00,1.3784447470348653
2009-08-11 00:00:00,1.3669441876888335
2009-08-12 00:00:00,1.377569704475928
2009-08-13 00:00:00,1.3834449902287924
2009-08-14 00:00:00,1.3686942728067077
2009-08-17 00:00:00,1.3488183061108483
2009-08-18 00:00:00,1.3579437499397649
2009-08-19 00:00:00,1.3664441633694406
2009-08-20 00:00:00,1.3740695342401794
2009-08-21 00:00:00,1.3904453307002902
2009-08-24 00:00:00,1.3901953185405937
2009-08-25 00:00:00,1.393320470536798
2009-08-26 00:00:00,1.3949455495748244
2009-08-27 00:00:00,1.393820494856191
2009-08-28 00:00:00,1.3891952699018084
2009-08-31 00:00:00,1.3785697531147136
2009-09-01 00:00:00,1.3625689748941474
2009-09-02 00:00:00,1.3590688046583985
2009-09-03 00:00:00,1.3668191816089852
2009-09-04 00:00:00,1.3766946619169909
2009-09-08 00:00:00,1.3845700449474259
2009-09-09 00:00:00,1.396945646852395
2009-09-10 00:00:00,1.4060710906813119
2009-09-11 00:00:00,1.4063211028410083
2009-09-14 00:00:00,1.414196485871443
2009-09-15 00:00:00,1.4203217837840036
2009-09-16 00:00:00,1.4359475437650253
2009-09-17 00:00:00,1.434322464726999
2009-09-18 00:00:00,1.4374476167232033
2009-09-21 00:00:00,1.433447422168062
2009-09-22 00:00:00,1.4388226836015334
2009-09-23 00:00:00,1.431447324890491
2009-09-24 00:00:00,1.4160715770691659
2009-09-25 00:00:00,1.4114463521147833
2009-09-28 00:00:00,1.429322221533072
2009-09-29 00:00:00,1.4259470573771715
2009-09-30 00:00:00,1.4165716013885583
2009-10-01 00:00:00,1.394070507015887
2009-10-02 00:00:00,1.3885702395025674
2009-10-05 00:00:00,1.4015708718067776
2009-10-06 00:00:00,1.4153215405900765
2009-10-07 00:00:00,1.415571552749773
2009-10-08 00:00:00,1.4224468871414226
2009-10-09 00:00:00,1.431322318810643
2009-10-12 00:00:00,1.431447324890491
2009-10-13 00:00:00,1.4281971668144386
2009-10-14 00:00:00,1.442822878156675
2009-10-15 00:00:00,1.442322853837282
2009-10-16 00:00:00,1.4345724768866954
2009-10-19 00:00:00,1.4409477869589522
2009-10-20 00:00:00,1.4301972640920093
2009-10-21 00:00:00,1.419821759464611
2009-10-22 00:00:00,1.4303222701718576
2009-10-23 00:00:00,1.4142964907353217
2009-10-26 00:00:00,1.4075711636394899
2009-10-27 00:00:00,1.398445719810573
2009-10-28 00:00:00,1.3739445281603313
2009-10-29 00:00:00,1.387445184783934
2009-10-30 00:00:00,1.3676942241679224
2009-11-02 00:00:00,1.3663191572895925
2009-11-03 00:00:00,1.3769446740766873
2009-11-04 00:00:00,1.366694175529137
2009-11-05 00:00:00,1.3890702638219603
2009-11-06 00:00:00,1.3895702881413527
2009-11-09 00:00:00,1.4038209812440445
2009-11-10 00:00:00,1.3991957562896622
2009-11-11 00:00:00,1.4043210055634374
2009-11-12 00:00:00,1.3906953428599864
2009-11-13 00:00:00,1.3976956833314842
2009-11-16 00:00:00,1.4170716257079512
2009-11-17 00:00:00,1.4170716257079512
2009-11-18 00:00:00,1.415571552749773
2009-11-19 00:00:00,1.396820640772547
2009-11-20 00:00:00,1.3959455982136098
2009-11-23 00:00:00,1.4086962183581235
2009-11-24 00:00:00,1.405321054202223
2009-11-25 00:00:00,1.4051960481223744
2009-11-27 00:00:00,1.383319984148944
2009-11-30 00:00:00,1.389695294221201
2009-12-01 00:00:00,1.4009458414075369
2009-12-02 00:00:00,1.4096962669969089
2009-12-03 00:00:00,1.4005708231679923
2009-12-04 00:00:00,1.4158188647781447
2009-12-07 00:00:00,1.4158188647781447
2009-12-08 00:00:00,1.4158188647781447
2009-12-09 00:00:00,1.4142584497594872
2009-12-10 00:00:00,1.410097343043067
2009-12-11 00:00:00,1.4198065920480474
2009-12-14 00:00:00,1.4355841216811402
2009-12-15 00:00:00,1.4326366710903429
2009-12-16 00:00:00,1.4393984695045254
2009-12-17 00:00:00,1.427608667141335
2009-12-18 00:00:00,1.4373179161463154
2009-12-21 00:00:00,1.451378989258885
2009-12-22 00:00:00,1.4569097936027937
2009-12-23 00:00:00,1.4709535287707116
2009-12-24 00:00:00,1.4751146354871316
2009-12-28 00:00:00,1.4733808410219569
2009-12-29 00:00:00,1.4728607026824043
2009-12-30 00:00:00,1.4721671848963342
2009-12-31 00:00:00,1.4591637264075212
2010-01-04 00:00:00,1.4858641611712171
2010-01-05 00:00:00,1.4820498133478321
2010-01-06 00:00:00,1.481009536668727
2010-01-07 00:00:00,1.4891583706550497
2010-01-08 00:00:00,1.4952266512831625
2010-01-11 00:00:00,1.4907187856737074
2010-01-12 00:00:00,1.478582224417482
2010-01-13 00:00:00,1.4927993390319174
2010-01-14 00:00:00,1.4969604457483376
2010-01-15 00:00:00,1.480662777775692
2010-01-19 00:00:00,1.5009481730182401
2010-01-20 00:00:00,1.4846505050455947
2010-01-21 00:00:00,1.466402318299627
2010-01-22 00:00:00,1.4468537857047783
2010-01-25 00:00:00,1.448067441830401
2010-01-26 00:00:00,1.437491295592833
2010-01-27 00:00:00,1.448760959616471
2010-01-28 00:00:00,1.4303827382856154
2010-01-29 00:00:00,1.4187663153689425
2010-02-01 00:00:00,1.4310762560716854
2010-02-02 00:00:00,1.4426926789883583
2010-02-03 00:00:00,1.4355841216811402
2010-02-04 00:00:00,1.400214714591569
2010-02-05 00:00:00,1.4042024418614718
2010-02-08 00:00:00,1.4004925378166688
2010-02-09 00:00:00,1.4004925378166688
2010-02-10 00:00:00,1.4004925378166688
2010-02-11 00:00:00,1.4004925378166688
2010-02-12 00:00:00,1.4004925378166688
2010-02-16 00:00:00,1.4004925378166688
2010-02-17 00:00:00,1.4004925378166688
2010-02-18 00:00:00,1.4004925378166688
2010-02-19 00:00:00,1.4074525777001696
2010-02-22 00:00:00,1.411585101380998
2010-02-23 00:00:00,1.3954900091504028
2010-02-24 00:00:00,1.4070175752074505
2010-02-25 00:00:00,1.4074525777001696
2010-02-26 00:00:00,1.401797545294825
2010-03-01 00:00:00,1.4335527272632966
2010-03-02 00:00:00,1.4442102883349066
2010-03-03 00:00:00,1.4522578344502044
2010-03-04 00:00:00,1.455955355638314
2010-03-05 00:00:00,1.484883021404113
2010-03-08 00:00:00,1.4874930363604255
2010-03-09 00:00:00,1.4927130662730512
2010-03-10 00:00:00,1.5051106373155363
2010-03-11 00:00:00,1.5094606622427242
2010-03-12 00:00:00,1.5088081585036461
2010-03-15 00:00:00,1.5038056298373799
2010-03-16 00:00:00,1.5164207021262246
2010-03-17 00:00:00,1.5251207519806005
2010-03-18 00:00:00,1.5205532258070533
2010-03-19 00:00:00,1.502011244554915
2010-03-22 00:00:00,1.522728238270647
2010-03-23 00:00:00,1.5377358242694452
2010-03-24 00:00:00,1.5207707270534125
2010-03-25 00:00:00,1.5113746732106865
2010-03-26 00:00:00,1.5107656697208807
2010-03-29 00:00:00,1.5188132158361782
2010-03-30 00:00:00,1.5233807420097254
2010-03-31 00:00:00,1.5106025437861108
2010-04-01 00:00:00,1.524250746995163
2010-04-05 00:00:00,1.5520909065291648
2010-04-06 00:00:00,1.5610084576299001
2010-04-07 00:00:00,1.5561799299607215
2010-04-08 00:00:00,1.5547009214854777
2010-04-09 00:00:00,1.5638359738325722
2010-04-12 00:00:00,1.5701435099769947
2010-04-13 00:00:00,1.5736235299187449
2010-04-14 00:00:00,1.6064662181190128
2010-04-15 00:00:00,1.6112512455389199
2010-04-16 00:00:00,1.5900992493304686
2010-04-19 00:00:00,1.58254108101948
2010-04-20 00:00:00,1.603638701916341
2010-04-21 00:00:00,1.6145137642343104
2010-04-22 00:00:00,1.6312613602039836
2010-04-23 00:00:00,1.648226457420016
2010-04-26 00:00:00,1.6421364225219532
2010-04-27 00:00:00,1.605378711887216
2010-04-28 00:00:00,1.6079887268435287
2010-04-29 00:00:00,1.6412664175365157
2010-04-30 00:00:00,1.5942861483228872
2010-05-03 00:00:00,1.6293038489867493
2010-05-04 00:00:00,1.5792785623240888
2010-05-05 00:00:00,1.5566584327027124
2010-05-06 00:00:00,1.4996731061565516
2010-05-07 00:00:00,1.4574778643628297
2010-05-10 00:00:00,1.5373008217767263
2010-05-11 00:00:00,1.5473058791092584
2010-05-12 00:00:00,1.593633644583809
2010-05-13 00:00:00,1.578626058585011
2010-05-14 00:00:00,1.5488283878337743
2010-05-17 00:00:00,1.5516559040364462
2010-05-18 00:00:00,1.5225107370242876
2010-05-19 00:00:00,1.504893136069177
2010-05-20 00:00:00,1.4305077098142651
2010-05-21 00:00:00,1.4511703282184072
2010-05-24 00:00:00,1.4322477197851402
2010-05-25 00:00:00,1.4320302185387808
2010-05-26 00:00:00,1.435401487857351
2010-05-27 00:00:00,1.495540582475723
2010-05-28 00:00:00,1.4768354752888155
2010-06-01 00:00:00,1.4331177247705775
2010-06-02 00:00:00,1.4410544322507304
2010-06-03 00:00:00,1.4410544322507304
2010-06-04 00:00:00,1.4410544322507304
2010-06-07 00:00:00,1.4410544322507304
2010-06-08 00:00:00,1.4410544322507304
2010-06-09 00:00:00,1.4410544322507304
2010-06-10 00:00:00,1.4410544322507304
2010-06-11 00:00:00,1.4410544322507304
2010-06-14 00:00:00,1.4410544322507304
2010-06-15 00:00:00,1.4410544322507304
2010-06-16 00:00:00,1.4410544322507304
2010-06-17 00:00:00,1.4410544322507304
2010-06-18 00:00:00,1.4410544322507304
2010-06-21 00:00:00,1.4410544322507304
2010-06-22 00:00:00,1.4410544322507304
2010-06-23 00:00:00,1.4410544322507304
2010-06-24 00:00:00,1.4410544322507304
2010-06-25 00:00:00,1.4410544322507304
2010-06-28 00:00:00,1.4410544322507304
2010-06-29 00:00:00,1.4410544322507304
2010-06-30 00:00:00,1.4410544322507304
2010-07-01 00:00:00,1.4410544322507304
2010-07-02 00:00:00,1.4410544322507304
2010-07-06 00:00:00,1.4410544322507304
2010-07-07 00:00:00,1.4410544322507304
2010-07-08 00:00:00,1.4410544322507304
2010-07-09 00:00:00,1.4410544322507304
2010-07-12 00:00:00,1.4410544322507304
2010-07-13 00:00:00,1.4410544322507304
2010-07-14 00:00:00,1.4410544322507304
2010-07-15 00:00:00,1.4410544322507304
2010-07-16 00:00:00,1.4410544322507304
2010-07-19 00:00:00,1.4410544322507304
2010-07-20 00:00:00,1.4410544322507304
2010-07-21 00:00:00,1.4410544322507304
2010-07-22 00:00:00,1.4410544322507304
2010-07-23 00:00:00,1.4410544322507304
2010-07-26 00:00:00,1.4410544322507304
2010-07-27 00:00:00,1.4410544322507304
2010-07-28 00:00:00,1.4410544322507304
2010-07-29 00:00:00,1.4410544322507304
2010-07-30 00:00:00,1.4410544322507304
2010-08-02 00:00:00,1.4410544322507304
2010-08-03 00:00:00,1.4410544322507304
2010-08-04 00:00:00,1.4410544322507304
2010-08-05 00:00:00,1.4410544322507304
2010-08-06 00:00:00,1.4410544322507304
2010-08-09 00:00:00,1.4410544322507304
2010-08-10 00:00:00,1.4410544322507304
2010-08-11 00:00:00,1.4410544322507304
2010-08-12 00:00:00,1.4410544322507304
2010-08-13 00:00:00,1.4410544322507304
2010-08-16 00:00:00,1.4410544322507304
2010-08-17 00:00:00,1.4410544322507304
2010-08-18 00:00:00,1.4410544322507304
2010-08-19 00:00:00,1.4410544322507304
2010-08-20 00:00:00,1.4410544322507304
2010-08-23 00:00:00,1.4410544322507304
2010-08-24 00:00:00,1.4410544322507304
2010-08-25 00:00:00,1.4410544322507304
2010-08-26 00:00:00,1.4410544322507304
2010-08-27 00:00:00,1.4410544322507304
2010-08-30 00:00:00,1.4410544322507304
2010-08-31 00:00:00,1.4410544322507304
2010-09-01 00:00:00,1.4410544322507304
2010-09-02 00:00:00,1.4410544322507304
2010-09-03 00:00:00,1.4410544322507304
2010-09-07 00:00:00,1.4410544322507304
2010-09-08 00:00:00,1.4410544322507304
2010-09-09 00:00:00,1.4410544322507304
2010-09-10 00:00:00,1.4410544322507304
2010-09-13 00:00:00,1.4410544322507304
2010-09-14 00:00:00,1.4410544322507304
2010-09-15 00:00:00,1.4410544322507304
2010-09-16 00:00:00,1.4410544322507304
2010-09-17 00:00:00,1.4379289191027107
2010-09-20 00:00:00,1.4677446695278977
2010-09-21 00:00:00,1.4612880173668572
2010-09-22 00:00:00,1.4482924626987759
2010-09-23 00:00:00,1.4325003962666765
2010-09-24 00:00:00,1.4672100422788945
2010-09-27 00:00:00,1.4644135305148769
2010-09-28 00:00:00,1.4752705761869451
2010-09-29 00:00:00,1.4783960893349646
2010-09-30 00:00:00,1.4755995775709472
2010-10-01 00:00:00,1.4815216024829843
2010-10-04 00:00:00,1.4663875388188894
2010-10-05 00:00:00,1.4976426702990855
2010-10-06 00:00:00,1.4938591543830617
2010-10-07 00:00:00,1.490569140543041
2010-10-08 00:00:00,1.504880700747131
2010-10-11 00:00:00,1.5058677048991371
2010-10-12 00:00:00,1.5088287173551556
2010-10-13 00:00:00,1.526265790707265
2010-10-14 00:00:00,1.5254432872472599
2010-10-15 00:00:00,1.5214952706392353
2010-10-18 00:00:00,1.5312008114672961
2010-10-19 00:00:00,1.5084997159711535
2010-10-20 00:00:00,1.5201792651032269
2010-10-21 00:00:00,1.5145862415751918
2010-10-22 00:00:00,1.5219887727152381
2010-10-25 00:00:00,1.5288978017792816
2010-10-26 00:00:00,1.5280752983192765
2010-10-27 00:00:00,1.525114285863258
2010-10-28 00:00:00,1.5180407561072136
2010-10-29 00:00:00,1.5216597713312363
2010-11-01 00:00:00,1.5137637381151865
2010-11-02 00:00:00,1.5376163384553365
2010-11-03 00:00:00,1.5422223578313652
2010-11-04 00:00:00,1.5719969830835523
2010-11-05 00:00:00,1.5787415114555945
2010-11-08 00:00:00,1.5777956324765887
2010-11-09 00:00:00,1.5616334394874871
2010-11-10 00:00:00,1.574957995539571
2010-11-11 00:00:00,1.5701874754715408
2010-11-12 00:00:00,1.5501183910474148
2010-11-15 00:00:00,1.550282891739416
2010-11-16 00:00:00,1.5272527948592716
2010-11-17 00:00:00,1.530378308007291
2010-11-18 00:00:00,1.5530794035034332
2010-11-19 00:00:00,1.5570274201114582
2010-11-22 00:00:00,1.5628178444698946
2010-11-23 00:00:00,1.5513932714104228
2010-11-24 00:00:00,1.5780835086875904
2010-11-26 00:00:00,1.5696939733955377
2010-11-29 00:00:00,1.5715034810075492
2010-11-30 00:00:00,1.5619624408714892
2010-12-01 00:00:00,1.5887760536676574
2010-12-02 00:00:00,1.6011136055677349
2010-12-03 00:00:00,1.6099966429357908
2010-12-06 00:00:00,1.6177281754598394
2010-12-07 00:00:00,1.6249662059078847
2010-12-08 00:00:00,1.6241437024478795
2010-12-09 00:00:00,1.6284207204399066
2010-12-10 00:00:00,1.6441305365260053
2010-12-13 00:00:00,1.6376327591919642
2010-12-14 00:00:00,1.63697475642396
2010-12-15 00:00:00,1.633026739815935
2010-12-16 00:00:00,1.6447062889480086
2010-12-17 00:00:00,1.6486543055560334
2010-12-20 00:00:00,1.6537538270080654
2010-12-21 00:00:00,1.6680818372813553
2010-12-22 00:00:00,1.6618143609161158
2010-12-23 00:00:00,1.6601693539961055
2010-12-27 00:00:00,1.6641173706041303
2010-12-28 00:00:00,1.6604983553801076
2010-12-29 00:00:00,1.6632948671441252
2010-12-30 00:00:00,1.66082735676411
2010-12-31 00:00:00,1.652273320780056
2011-01-03 00:00:00,1.6746454148921965
2011-01-04 00:00:00,1.655267233374475
2011-01-05 00:00:00,1.67036839690017
2011-01-06 00:00:00,1.6642818712961316
2011-01-07 00:00:00,1.656879340156085
2011-01-10 00:00:00,1.6642818712961316
2011-01-11 00:00:00,1.6695458934401648
2011-01-12 00:00:00,1.6807319404962349
2011-01-13 00:00:00,1.6802384384202318
2011-01-14 00:00:00,1.6901084799402937
2011-01-18 00:00:00,1.6910954840922998
2011-01-19 00:00:00,1.657043840848086
2011-01-20 00:00:00,1.6435547841040012
2011-01-21 00:00:00,1.6350007481199478
2011-01-24 00:00:00,1.6443772875640068
2011-01-25 00:00:00,1.6463512958680189
2011-01-26 00:00:00,1.666749381676147
2011-01-27 00:00:00,1.6705328975921705
2011-01-28 00:00:00,1.6386197633439703
2011-01-31 00:00:00,1.6475028007120263
2011-02-01 00:00:00,1.677112925272212
2011-02-02 00:00:00,1.6721779045121812
2011-02-03 00:00:00,1.6767510237498096
2011-02-04 00:00:00,1.6790869335762246
2011-02-07 00:00:00,1.692082488244306
2011-02-08 00:00:00,1.701459027688365
2011-02-09 00:00:00,1.6955370027763277
2011-02-10 00:00:00,1.7008010249203607
2011-02-11 00:00:00,1.7152770858164517
2011-02-14 00:00:00,1.722186114880495
2011-02-15 00:00:00,1.7144216822180463
2011-02-16 00:00:00,1.7253116280285148
2011-02-17 00:00:00,1.7348526681645746
2011-02-18 00:00:00,1.7363331743925836
2011-02-22 00:00:00,1.7011300263043627
2011-02-23 00:00:00,1.6780999294242185
2011-02-24 00:00:00,1.6864565645778709
2011-02-25 00:00:00,1.7170865934284631
2011-02-28 00:00:00,1.718534199518072
2011-03-01 00:00:00,1.6914244854763019
2011-03-02 00:00:00,1.6970175090043367
2011-03-03 00:00:00,1.7272856363325269
2011-03-04 00:00:00,1.7213636114204898
2011-03-07 00:00:00,1.6991560180003504
2011-03-08 00:00:00,1.7208701093444867
2011-03-09 00:00:00,1.7154415865084527
2011-03-10 00:00:00,1.6807319404962349
2011-03-11 00:00:00,1.6841864550282566
2011-03-14 00:00:00,1.677112925272212
2011-03-15 00:00:00,1.6654333761401388
2011-03-16 00:00:00,1.652437821472057
2011-03-17 00:00:00,1.6552343332360748
2011-03-18 00:00:00,1.672342405204182
2011-03-21 00:00:00,1.702610532532372
2011-03-22 00:00:00,1.6955370027763277
2011-03-23 00:00:00,1.6996495200763537
2011-03-24 00:00:00,1.7060650470643939
2011-03-25 00:00:00,1.717744596196467
2011-03-28 00:00:00,1.7147835837404486
2011-03-29 00:00:00,1.727450137024528
2011-03-30 00:00:00,1.7450517110686385
2011-03-31 00:00:00,1.7498222311366685
2011-04-01 00:00:00,1.7559087567407068
2011-04-04 00:00:00,1.7590342698887262
2011-04-05 00:00:00,1.7666013017207736
2011-04-06 00:00:00,1.7697268148687932
2011-04-07 00:00:00,1.7613372795767408
2011-04-08 00:00:00,1.7466967179886488
2011-04-11 00:00:00,1.7343591660885715
2011-04-12 00:00:00,1.7164285906604588
2011-04-13 00:00:00,1.7182380982724703
2011-04-14 00:00:00,1.7244891245685094
2011-04-15 00:00:00,1.7389651854646004
2011-04-18 00:00:00,1.7162640899684578
2011-04-19 00:00:00,1.7165700612555799
2011-04-20 00:00:00,1.7442292076086334
2011-04-21 00:00:00,1.7544282505126974
2011-04-25 00:00:00,1.752618742900686
2011-04-26 00:00:00,1.7664368010287728
2011-04-27 00:00:00,1.7748263363208254
2011-04-28 00:00:00,1.7812418633088656
2011-04-29 00:00:00,1.7863413847608975
2011-05-02 00:00:00,1.7697268148687932
2011-05-03 00:00:00,1.751960740132682
2011-05-04 00:00:00,1.7340301647045693
2011-05-05 00:00:00,1.7277791384085301
2011-05-06 00:00:00,1.7350171688565754
2011-05-09 00:00:00,1.7509737359806756
2011-05-10 00:00:00,1.7721943252488088
2011-05-11 00:00:00,1.7462032159126457
2011-05-12 00:00:00,1.758376267120722
2011-05-13 00:00:00,1.7389651854646004
2011-05-16 00:00:00,1.7188961010404744
2011-05-17 00:00:00,1.7146190830484476
2011-05-18 00:00:00,1.7353461702405777
2011-05-19 00:00:00,1.7383071826965961
2011-05-20 00:00:00,1.7282561904153328
2011-05-23 00:00:00,1.7037620373763793
2011-05-24 00:00:00,1.6973465103883392
2011-05-25 00:00:00,1.7141255809724445
2011-05-26 00:00:00,1.731891655708556
2011-05-27 00:00:00,1.7412681951526148
2011-05-31 00:00:00,1.7608437775007377
2011-06-01 00:00:00,1.7159350885844558
2011-06-02 00:00:00,1.7154415865084527
2011-06-03 00:00:00,1.6957015034683285
2011-06-06 00:00:00,1.6738229114321914
2011-06-07 00:00:00,1.6814531115299673
2011-06-08 00:00:00,1.6814531115299673
2011-06-09 00:00:00,1.6814531115299673
2011-06-10 00:00:00,1.6814531115299673
2011-06-13 00:00:00,1.6814531115299673
2011-06-14 00:00:00,1.6814531115299673
2011-06-15 00:00:00,1.6814531115299673
2011-06-16 00:00:00,1.6814531115299673
2011-06-17 00:00:00,1.6814531115299673
2011-06-20 00:00:00,1.6814531115299673
2011-06-21 00:00:00,1.6814531115299673
2011-06-22 00:00:00,1.6814531115299673
2011-06-23 00:00:00,1.6814531115299673
2011-06-24 00:00:00,1.6814531115299673
2011-06-27 00:00:00,1.6814531115299673
2011-06-28 00:00:00,1.6814531115299673
2011-06-29 00:00:00,1.6814531115299673
2011-06-30 00:00:00,1.6814531115299673
2011-07-01 00:00:00,1.6814531115299673
2011-07-05 00:00:00,1.6814531115299673
2011-07-06 00:00:00,1.690538008721284
2011-07-07 00:00:00,1.7150865607063317
2011-07-08 00:00:00,1.7050351850904064
2011-07-11 00:00:00,1.670048666119591
2011-07-12 00:00:00,1.6609637689282741
2011-07-13 00:00:00,1.6752676496124752
2011-07-14 00:00:00,1.649559323517898
2011-07-15 00:00:00,1.6601905861885877
2011-07-18 00:00:00,1.6344822600940105
2011-07-19 00:00:00,1.670048666119591
2011-07-20 00:00:00,1.6673425265306883
2011-07-21 00:00:00,1.6820329985847322
2011-07-22 00:00:00,1.68415925111887
2011-07-25 00:00:00,1.6650229783116286
2011-07-26 00:00:00,1.6528453501615656
2011-07-27 00:00:00,1.6167292133213067
2011-07-28 00:00:00,1.6143280633477717
2011-07-29 00:00:00,1.6123271050364922
2011-08-01 00:00:00,1.6306962224873667
2011-08-02 00:00:00,1.6306962224873667
2011-08-03 00:00:00,1.6306962224873667
2011-08-04 00:00:00,1.6306962224873667
2011-08-05 00:00:00,1.6306962224873667
2011-08-08 00:00:00,1.6306962224873667
2011-08-09 00:00:00,1.6306962224873667
2011-08-10 00:00:00,1.6306962224873667
2011-08-11 00:00:00,1.6306962224873667
2011-08-12 00:00:00,1.6306962224873667
2011-08-15 00:00:00,1.6306962224873667
2011-08-16 00:00:00,1.6306962224873667
2011-08-17 00:00:00,1.6306962224873667
2011-08-18 00:00:00,1.6306962224873667
2011-08-19 00:00:00,1.6306962224873667
2011-08-22 00:00:00,1.6306962224873667
2011-08-23 00:00:00,1.6306962224873667
2011-08-24 00:00:00,1.6306962224873667
2011-08-25 00:00:00,1.6306962224873667
2011-08-26 00:00:00,1.6306962224873667
2011-08-29 00:00:00,1.6306962224873667
2011-08-30 00:00:00,1.6306962224873667
2011-08-31 00:00:00,1.6306962224873667
2011-09-01 00:00:00,1.6306962224873667
2011-09-02 00:00:00,1.6306962224873667
2011-09-06 00:00:00,1.6306962224873667
2011-09-07 00:00:00,1.6306962224873667
2011-09-08 00:00:00,1.6306962224873667
2011-09-09 00:00:00,1.6306962224873667
2011-09-12 00:00:00,1.6306962224873667
2011-09-13 00:00:00,1.6306962224873667
2011-09-14 00:00:00,1.6306962224873667
2011-09-15 00:00:00,1.6306962224873667
2011-09-16 00:00:00,1.6306962224873667
2011-09-19 00:00:00,1.6306962224873667
2011-09-20 00:00:00,1.6306962224873667
2011-09-21 00:00:00,1.6306962224873667
2011-09-22 00:00:00,1.6306962224873667
2011-09-23 00:00:00,1.6306962224873667
2011-09-26 00:00:00,1.6306962224873667
2011-09-27 00:00:00,1.6306962224873667
2011-09-28 00:00:00,1.6306962224873667
2011-09-29 00:00:00,1.6306962224873667
2011-09-30 00:00:00,1.6306962224873667
2011-10-03 00:00:00,1.6306962224873667
2011-10-04 00:00:00,1.6306962224873667
2011-10-05 00:00:00,1.6306962224873667
2011-10-06 00:00:00,1.6306962224873667
2011-10-07 00:00:00,1.6306962224873667
2011-10-10 00:00:00,1.6306962224873667
2011-10-11 00:00:00,1.6306962224873667
2011-10-12 00:00:00,1.6306962224873667
2011-10-13 00:00:00,1.6306962224873667
2011-10-14 00:00:00,1.6306962224873667
2011-10-17 00:00:00,1.6306962224873667
2011-10-18 00:00:00,1.6306962224873667
2011-10-19 00:00:00,1.6306962224873667
2011-10-20 00:00:00,1.6306962224873667
2011-10-21 00:00:00,1.6306962224873667
2011-10-24 00:00:00,1.6306962224873667
2011-10-25 00:00:00,1.6306962224873667
2011-10-26 00:00:00,1.6306962224873667
2011-10-27 00:00:00,1.6306962224873667
2011-10-28 00:00:00,1.6306962224873667
2011-10-31 00:00:00,1.6306962224873667
2011-11-01 00:00:00,1.6306962224873667
2011-11-02 00:00:00,1.6306962224873667
2011-11-03 00:00:00,1.6306962224873667
2011-11-04 00:00:00,1.6306962224873667
2011-11-07 00:00:00,1.6306962224873667
2011-11-08 00:00:00,1.6306962224873667
2011-11-09 00:00:00,1.6306962224873667
2011-11-10 00:00:00,1.6306962224873667
2011-11-11 00:00:00,1.6306962224873667
2011-11-14 00:00:00,1.6306962224873667
2011-11-15 00:00:00,1.6306962224873667
2011-11-16 00:00:00,1.6306962224873667
2011-11-17 00:00:00,1.6306962224873667
2011-11-18 00:00:00,1.6306962224873667
2011-11-21 00:00:00,1.6306962224873667
2011-11-22 00:00:00,1.6306962224873667
2011-11-23 00:00:00,1.6306962224873667
2011-11-25 00:00:00,1.6306962224873667
2011-11-28 00:00:00,1.6306962224873667
2011-11-29 00:00:00,1.6306962224873667
2011-11-30 00:00:00,1.6306962224873667
2011-12-01 00:00:00,1.6306962224873667
2011-12-02 00:00:00,1.6306962224873667
2011-12-05 00:00:00,1.6306962224873667
2011-12-06 00:00:00,1.6306962224873667
2011-12-07 00:00:00,1.6306962224873667
2011-12-08 00:00:00,1.6306962224873667
2011-12-09 00:00:00,1.6306962224873667
2011-12-12 00:00:00,1.6306962224873667
2011-12-13 00:00:00,1.6306962224873667
2011-12-14 00:00:00,1.6306962224873667
2011-12-15 00:00:00,1.6306962224873667
2011-12-16 00:00:00,1.6306962224873667
2011-12-19 00:00:00,1.6306962224873667
2011-12-20 00:00:00,1.6306962224873667
2011-12-21 00:00:00,1.6306962224873667
2011-12-22 00:00:00,1.6306962224873667
2011-12-23 00:00:00,1.6306962224873667
2011-12-27 00:00:00,1.6306962224873667
2011-12-28 00:00:00,1.6306962224873667
2011-12-29 00:00:00,1.6306962224873667
2011-12-30 00:00:00,1.6306962224873667
2012-01-03 00:00:00,1.6306962224873667
2012-01-04 00:00:00,1.6306962224873667
2012-01-05 00:00:00,1.6306962224873667
2012-01-06 00:00:00,1.6306962224873667
2012-01-09 00:00:00,1.6306962224873667
2012-01-10 00:00:00,1.6306962224873667
2012-01-11 00:00:00,1.6306962224873667
2012-01-12 00:00:00,1.6306962224873667
2012-01-13 00:00:00,1.6306962224873667
2012-01-17 00:00:00,1.6306962224873667
2012-01-18 00:00:00,1.6306962224873667
2012-01-19 00:00:00,1.6306962224873667
2012-01-20 00:00:00,1.6306962224873667
2012-01-23 00:00:00,1.6306962224873667
2012-01-24 00:00:00,1.6306962224873667
2012-01-25 00:00:00,1.6306962224873667
2012-01-26 00:00:00,1.6306962224873667
2012-01-27 00:00:00,1.6306962224873667
2012-01-30 00:00:00,1.6306962224873667
2012-01-31 00:00:00,1.6306962224873667
2012-02-01 00:00:00,1.6306962224873667
2012-02-02 00:00:00,1.6306962224873667
2012-02-03 00:00:00,1.6306962224873667
2012-02-06 00:00:00,1.6306962224873667
2012-02-07 00:00:00,1.6306962224873667
2012-02-08 00:00:00,1.6306962224873667
2012-02-09 00:00:00,1.6306962224873667
2012-02-10 00:00:00,1.6306962224873667
2012-02-13 00:00:00,1.6306962224873667
2012-02-14 00:00:00,1.6306962224873667
2012-02-15 00:00:00,1.6306962224873667
2012-02-16 00:00:00,1.6306962224873667
2012-02-17 00:00:00,1.6306962224873667
2012-02-21 00:00:00,1.6306962224873667
2012-02-22 00:00:00,1.6306962224873667
2012-02-23 00:00:00,1.6306962224873667
2012-02-24 00:00:00,1.6306962224873667
2012-02-27 00:00:00,1.6306962224873667
2012-02-28 00:00:00,1.6253626309662088
2012-02-29 00:00:00,1.6010651584809337
2012-03-01 00:00:00,1.609361856402735
2012-03-02 00:00:00,1.5852619243441692
2012-03-05 00:00:00,1.5696491336436278
2012-03-06 00:00:00,1.5562096799685123
2012-03-07 00:00:00,1.5708349677914322
2012-03-08 00:00:00,1.5911937637189852
2012-03-09 00:00:00,1.6127344410138504
2012-03-12 00:00:00,1.6095722166197057
2012-03-13 00:00:00,1.6415897386104223
2012-03-14 00:00:00,1.6281502849353067
2012-03-15 00:00:00,1.641787377635056
2012-03-16 00:00:00,1.640403904462618
2012-03-19 00:00:00,1.6542386361870014
2012-03-20 00:00:00,1.6394354732419107
2012-03-21 00:00:00,1.6390204312901795
2012-03-22 00:00:00,1.6232093093194553
2012-03-23 00:00:00,1.6340794556743286
2012-03-26 00:00:00,1.668073367911385
2012-03-27 00:00:00,1.6564126654579758
2012-03-28 00:00:00,1.6467283532509074
2012-03-29 00:00:00,1.6419850166596903
2012-03-30 00:00:00,1.6366487629945707
2012-04-02 00:00:00,1.6568079435072438
2012-04-03 00:00:00,1.6457401581277369
2012-04-04 00:00:00,1.6194541678514083
2012-04-05 00:00:00,1.6123391629645825
2012-04-09 00:00:00,1.5858555336636198
2012-04-10 00:00:00,1.5485017580077842
2012-04-11 00:00:00,1.5704396897421637
2012-04-12 00:00:00,1.5929705385504456
2012-04-13 00:00:00,1.5720603297441633
2012-04-16 00:00:00,1.5745901092594792
2012-04-17 00:00:00,1.5973185970923947
2012-04-18 00:00:00,1.5852626165897177
2012-04-19 00:00:00,1.5761712214565515
2012-04-20 00:00:00,1.5852626165897177
2012-04-23 00:00:00,1.563324684855338
2012-04-24 00:00:00,1.5751830263333813
2012-04-25 00:00:00,1.5996902653880032
2012-04-26 00:00:00,1.6155013873587276
2012-04-27 00:00:00,1.6281502849353067
2012-04-30 00:00:00,1.610165133693608
2012-05-01 00:00:00,1.6117462458906804
2012-05-02 00:00:00,1.6160943044326295
2012-05-03 00:00:00,1.5933658165997138
2012-05-04 00:00:00,1.5631270458307043
2012-05-07 00:00:00,1.567277465348019
2012-05-08 00:00:00,1.566289270224849
2012-05-09 00:00:00,1.5458975081079864
2012-05-10 00:00:00,1.5458975081079864
2012-05-11 00:00:00,1.5458975081079864
2012-05-14 00:00:00,1.5458975081079864
2012-05-15 00:00:00,1.5458975081079864
2012-05-16 00:00:00,1.5458975081079864
2012-05-17 00:00:00,1.5458975081079864
2012-05-18 00:00:00,1.5458975081079864
2012-05-21 00:00:00,1.5458975081079864
2012-05-22 00:00:00,1.5458975081079864
2012-05-23 00:00:00,1.5458975081079864
2012-05-24 00:00:00,1.5458975081079864
2012-05-25 00:00:00,1.5458975081079864
2012-05-29 00:00:00,1.5458975081079864
2012-05-30 00:00:00,1.5458975081079864
2012-05-31 00:00:00,1.5458975081079864
2012-06-01 00:00:00,1.5458975081079864
2012-06-04 00:00:00,1.5458975081079864
2012-06-05 00:00:00,1.5458975081079864
2012-06-06 00:00:00,1.5458975081079864
2012-06-07 00:00:00,1.5458975081079864
2012-06-08 00:00:00,1.5458975081079864
2012-06-11 00:00:00,1.5458975081079864
2012-06-12 00:00:00,1.5458975081079864
2012-06-13 00:00:00,1.5458975081079864
2012-06-14 00:00:00,1.5458975081079864
2012-06-15 00:00:00,1.5458975081079864
2012-06-18 00:00:00,1.5458975081079864
2012-06-19 00:00:00,1.5458975081079864
2012-06-20 00:00:00,1.5458975081079864
2012-06-21 00:00:00,1.5458975081079864
2012-06-22 00:00:00,1.5458975081079864
2012-06-25 00:00:00,1.5458975081079864
2012-06-26 00:00:00,1.5458975081079864
2012-06-27 00:00:00,1.5458975081079864
2012-06-28 00:00:00,1.5458975081079864
2012-06-29 00:00:00,1.5458975081079864
2012-07-02 00:00:00,1.5458975081079864
2012-07-03 00:00:00,1.5458975081079864
2012-07-05 00:00:00,1.5458975081079864
2012-07-06 00:00:00,1.5458975081079864
2012-07-09 00:00:00,1.5458975081079864
2012-07-10 00:00:00,1.5458975081079864
2012-07-11 00:00:00,1.5458975081079864
2012-07-12 00:00:00,1.5458975081079864
2012-07-13 00:00:00,1.5458975081079864
2012-07-16 00:00:00,1.5430197213969392
2012-07-17 00:00:00,1.551452516724478
2012-07-18 00:00:00,1.551452516724478
2012-07-19 00:00:00,1.5402704097958033
2012-07-20 00:00:00,1.5212608280170563
2012-07-23 00:00:00,1.497778403466839
2012-07-24 00:00:00,1.4879257711197904
2012-07-25 00:00:00,1.4879257711197904
2012-07-26 00:00:00,1.4879257711197904
2012-07-27 00:00:00,1.4879257711197904
2012-07-30 00:00:00,1.4791314412351537
2012-07-31 00:00:00,1.4660335031090992
2012-08-01 00:00:00,1.4418958742767989
2012-08-02 00:00:00,1.4366566990263772
2012-08-03 00:00:00,1.4708984515559196
2012-08-06 00:00:00,1.4823123690657671
2012-08-07 00:00:00,1.495784533995423
2012-08-08 00:00:00,1.4935391731738137
2012-08-09 00:00:00,1.5006494824422436
2012-08-10 00:00:00,1.4954103071918217
2012-08-13 00:00:00,1.4929778329684118
2012-08-14 00:00:00,1.4894226783341968
2012-08-15 00:00:00,1.5025206164602514
2012-08-16 00:00:00,1.5182381422115165
2012-08-17 00:00:00,1.5289036061141608
2012-08-20 00:00:00,1.525535564881747
2012-08-21 00:00:00,1.5245999978727431
2012-08-22 00:00:00,1.5173025752025129
2012-08-23 00:00:00,1.5066371112998682
2012-08-24 00:00:00,1.5107536061394853
2012-08-27 00:00:00,1.5152443277827041
2012-08-28 00:00:00,1.5221675236493328
2012-08-29 00:00:00,1.5268453586943525
2012-08-30 00:00:00,1.5116891731484896
2012-08-31 00:00:00,1.5178639154079152
2012-09-04 00:00:00,1.536388142186192
2012-09-05 00:00:00,1.5367623689897936
2012-09-06 00:00:00,1.564979069981351
2012-09-07 00:00:00,1.5766175235733597
2012-09-10 00:00:00,1.5695072143049298
2012-09-11 00:00:00,1.572875255537344
2012-09-12 00:00:00,1.5809211318147773
2012-09-13 00:00:00,1.601690719414664
2012-09-14 00:00:00,1.6166597915587264
2012-09-17 00:00:00,1.6091752554866952
2012-09-18 00:00:00,1.6039360802362732
2012-09-19 00:00:00,1.6011293792092616
2012-09-20 00:00:00,1.5940190699408319
2012-09-21 00:00:00,1.5998195853966561
2012-09-24 00:00:00,1.5884056678868086
2012-09-25 00:00:00,1.5655778328671135
2012-09-26 00:00:00,1.5556608225716722
2012-09-27 00:00:00,1.5725010287337424
2012-09-28 00:00:00,1.5612742246256954
2012-10-01 00:00:00,1.5665133998761174
2012-10-02 00:00:00,1.5695072143049298
2012-10-03 00:00:00,1.5650164926617112
2012-10-04 00:00:00,1.5756819565643554
2012-10-05 00:00:00,1.5738108225463476
2012-10-08 00:00:00,1.5638938122509065
2012-10-09 00:00:00,1.5455566988744303
2012-10-10 00:00:00,1.54312422465102
2012-10-11 00:00:00,1.5487376267050437
2012-10-12 00:00:00,1.5362010287843912
2012-10-15 00:00:00,1.5463051524816334
2012-10-16 00:00:00,1.557719069991481
2012-10-17 00:00:00,1.5717525751265393
2012-10-18 00:00:00,1.5631453586437034
2012-10-19 00:00:00,1.5315231937393716
2012-10-22 00:00:00,1.5311489669357703
2012-10-23 00:00:00,1.5234829308639923
2012-10-24 00:00:00,1.5193608226223214
2012-10-25 00:00:00,1.525535564881747
2012-10-26 00:00:00,1.5182381422115165
2012-10-31 00:00:00,1.5274066988997548
2012-11-01 00:00:00,1.5434984514546217
2012-11-02 00:00:00,1.5191980339627544
2012-11-05 00:00:00,1.5292142143611502
2012-11-06 00:00:00,1.5342960646633381
2012-11-07 00:00:00,1.5342960646633381
2012-11-08 00:00:00,1.5342960646633381
2012-11-09 00:00:00,1.5342960646633381
2012-11-12 00:00:00,1.5342960646633381
2012-11-13 00:00:00,1.5342960646633381
2012-11-14 00:00:00,1.5342960646633381
2012-11-15 00:00:00,1.5342960646633381
2012-11-16 00:00:00,1.5342960646633381
2012-11-19 00:00:00,1.5342960646633381
2012-11-20 00:00:00,1.5342960646633381
2012-11-21 00:00:00,1.5342960646633381
2012-11-23 00:00:00,1.5342960646633381
2012-11-26 00:00:00,1.5342960646633381
2012-11-27 00:00:00,1.5342960646633381
2012-11-28 00:00:00,1.5342960646633381
2012-11-29 00:00:00,1.5342960646633381
2012-11-30 00:00:00,1.5342960646633381
2012-12-03 00:00:00,1.5342960646633381
2012-12-04 00:00:00,1.5342960646633381
2012-12-05 00:00:00,1.5342960646633381
2012-12-06 00:00:00,1.5342960646633381
2012-12-07 00:00:00,1.5342960646633381
2012-12-10 00:00:00,1.5342960646633381
2012-12-11 00:00:00,1.539834373162905
2012-12-12 00:00:00,1.5311576898469168
2012-12-13 00:00:00,1.5213733448310154
2012-12-14 00:00:00,1.520450293414421
2012-12-17 00:00:00,1.5418650862794128
2012-12-18 00:00:00,1.5629383501202647
2012-12-19 00:00:00,1.5529417032785469
2012-12-20 00:00:00,1.5606953351779405
2012-12-21 00:00:00,1.5542339752617786
2012-12-24 00:00:00,1.546664953645704
2012-12-26 00:00:00,1.535603105469236
2012-12-27 00:00:00,1.534480674946657
2012-12-28 00:00:00,1.5235886682308422
2012-12-31 00:00:00,1.5565932946825947
2013-01-02 00:00:00,1.6024172592080104
2013-01-03 00:00:00,1.5987250535416324
2013-01-04 00:00:00,1.6105401116740419
2013-01-07 00:00:00,1.6044479723245182
2013-01-08 00:00:00,1.6033163112877735
2013-01-09 00:00:00,1.6110939425239985
2013-01-10 00:00:00,1.6147861481903765
2013-01-11 00:00:00,1.6123862145072307
2013-01-14 00:00:00,1.6133092659238253
2013-01-15 00:00:00,1.6203244566899433
2013-01-16 00:00:00,1.615524589323652
2013-01-17 00:00:00,1.6304780222724824
2013-01-18 00:00:00,1.6350932793554547
2013-01-22 00:00:00,1.646908337487864
2013-01-23 00:00:00,1.6430315215381672
2013-01-24 00:00:00,1.6483852197544155
2013-01-25 00:00:00,1.6603848881701435
2013-01-28 00:00:00,1.661492549870057
2013-01-29 00:00:00,1.6624156012866513
2013-01-30 00:00:00,1.6424776906882108
2013-01-31 00:00:00,1.6537389179706634
2013-02-01 00:00:00,1.668323130352856
2013-02-04 00:00:00,1.6482006094710966
2013-02-05 00:00:00,1.6629694321366082
2013-02-06 00:00:00,1.669984622902726
2013-02-07 00:00:00,1.6644463144031592
2013-02-08 00:00:00,1.6762613725355686
2013-02-11 00:00:00,1.6744152697023795
2013-02-12 00:00:00,1.6817996810351352
2013-02-13 00:00:00,1.6888148718012534
2013-02-14 00:00:00,1.6930609083175878
2013-02-15 00:00:00,1.6936147391675447
2013-02-19 00:00:00,1.708568172116375
2013-02-20 00:00:00,1.676813357282692
2013-02-21 00:00:00,1.6605694984534625
2013-02-22 00:00:00,1.6805074090519032
2013-02-25 00:00:00,1.6434007421048054
2013-02-26 00:00:00,1.6498621020209667
2013-02-27 00:00:00,1.6672154686529428
2013-02-28 00:00:00,1.6703538434693639
2013-03-01 00:00:00,1.6779228650854385
2013-03-04 00:00:00,1.682353511885092
2013-03-05 00:00:00,1.701922201916895
2013-03-06 00:00:00,1.7063528487165487
2013-03-07 00:00:00,1.71447570118258
2013-03-08 00:00:00,1.7303521855480049
2013-03-11 00:00:00,1.7297983546980482
2013-03-12 00:00:00,1.7262907593149892
2013-03-13 00:00:00,1.7327521192311506
2013-03-14 00:00:00,1.7501054858631266
2013-03-15 00:00:00,1.749182434446532
2013-03-18 00:00:00,1.7395826997139496
2013-03-19 00:00:00,1.7321982883811937
2013-03-20 00:00:00,1.7482593830299378
2013-03-21 00:00:00,1.7329367295144695
2013-03-22 00:00:00,1.7382904277307174
2013-03-25 00:00:00,1.7344136117810207
2013-03-26 00:00:00,1.7399519202805873
2013-03-27 00:00:00,1.7411334260938283
2013-03-28 00:00:00,1.7432749053803276
2013-04-01 00:00:00,1.7198293993988276
2013-04-02 00:00:00,1.7091220029663317
2013-04-03 00:00:00,1.682353511885092
2013-04-04 00:00:00,1.6967531139839658
2013-04-05 00:00:00,1.6934301288842257
2013-04-08 00:00:00,1.7074605104164617
2013-04-09 00:00:00,1.7024760327668516
2013-04-10 00:00:00,1.7333059500811072
2013-04-11 00:00:00,1.7357058837642527
2013-04-12 00:00:00,1.728690692998135
2013-04-15 00:00:00,1.6635232629865648
2013-04-16 00:00:00,1.6923224671843125
2013-04-17 00:00:00,1.6628955880232805
2013-04-18 00:00:00,1.6537389179706634
2013-04-19 00:00:00,1.6727537771525096
2013-04-22 00:00:00,1.6775536445188008
2013-04-23 00:00:00,1.704137525316722
2013-04-24 00:00:00,1.7129988189160288
2013-04-25 00:00:00,1.7242600461984814
2013-04-26 00:00:00,1.7150295320325366
2013-04-29 00:00:00,1.7273984210149025
2013-04-30 00:00:00,1.737182766030804
2013-05-01 00:00:00,1.6950897753312626
2013-05-02 00:00:00,1.7220447227986546
2013-05-03 00:00:00,1.749367044729851
2013-05-06 00:00:00,1.7606282720123037
2013-05-07 00:00:00,1.7750278741111774
2013-05-08 00:00:00,1.7801969620441067
2013-05-09 00:00:00,1.7741048226945828
2013-05-10 00:00:00,1.7875813733768622
2013-05-13 00:00:00,1.78628910139363
2013-05-14 00:00:00,1.809180776525173
2013-05-15 00:00:00,1.812872982191551
2013-05-16 00:00:00,1.8082577251085787
2013-05-17 00:00:00,1.828564856273657
2013-05-20 00:00:00,1.8315186208067593
2013-05-21 00:00:00,1.8318878413733972
2013-05-22 00:00:00,1.8051193502921574
2013-05-23 00:00:00,1.8073346736919842
2013-05-24 00:00:00,1.8069654531253463
2013-05-28 00:00:00,1.830410959106846
2013-05-29 00:00:00,1.8134268130415077
2013-05-30 00:00:00,1.8256110917405548
2013-05-31 00:00:00,1.8054885708587949
2013-06-03 00:00:00,1.8226573272074524
2013-06-04 00:00:00,1.8032732474589686
2013-06-05 00:00:00,1.7801969620441067
2013-06-06 00:00:00,1.799027210942634
2013-06-07 00:00:00,1.812872982191551
2013-06-10 00:00:00,1.8239495991906847
2013-06-11 00:00:00,1.804196298875563
2013-06-12 00:00:00,1.78628910139363
2013-06-13 00:00:00,1.8179497649828205
2013-06-14 00:00:00,1.803845539337257
2013-06-17 00:00:00,1.8156421364413344
2013-06-18 00:00:00,1.8370569293063266
2013-06-19 00:00:00,1.8145344747414212
2013-06-20 00:00:00,1.7665358010785082
2013-06-21 00:00:00,1.7717971941530966
2013-06-24 00:00:00,1.7484439933132565
2013-06-25 00:00:00,1.765243529095276
2013-06-26 00:00:00,1.7735509918446262
2013-06-27 00:00:00,1.8010579240591418
2013-06-28 00:00:00,1.7907197481932837
2013-07-01 00:00:00,1.819888172957669
2013-07-02 00:00:00,1.8106576587917242
2013-07-03 00:00:00,1.8143498644581022
2013-07-05 00:00:00,1.8400106938394285
2013-07-08 00:00:00,1.8473951051721842
2013-07-09 00:00:00,1.8645638615208417
2013-07-10 00:00:00,1.8697329494537709
2013-07-11 00:00:00,1.8917015731687192
2013-07-12 00:00:00,1.8955783891184161
2013-07-15 00:00:00,1.9121933146171166
2013-07-16 00:00:00,1.9025935798845341
2013-07-17 00:00:00,1.90997799121729
2013-07-18 00:00:00,1.9227161007662938
2013-07-19 00:00:00,1.9256698652993958
2013-07-22 00:00:00,1.9297312915324119
2013-07-23 00:00:00,1.9284390195491792
2013-07-24 00:00:00,1.9123760787976023
2013-07-25 00:00:00,1.9299159018157308
2013-07-26 00:00:00,1.9221622699163372
2013-07-29 00:00:00,1.9086857192340578
2013-07-30 00:00:00,1.910347211783928
2013-07-31 00:00:00,1.9135778917420085
2013-08-01 00:00:00,1.939700246831632
2013-08-02 00:00:00,1.9413617393815021
2013-08-05 00:00:00,1.9480077095809822
2013-08-06 00:00:00,1.9284390195491792
2013-08-07 00:00:00,1.914777858583581
2013-08-08 00:00:00,1.9227161007662938
2013-08-09 00:00:00,1.920685387649786
2013-08-12 00:00:00,1.9308389532323251
2013-08-13 00:00:00,1.9282544092658607
2013-08-14 00:00:00,1.920685387649786
2013-08-15 00:00:00,1.8850556029692391
2013-08-16 00:00:00,1.8771173607865266
2013-08-19 00:00:00,1.8580655795480165
2013-08-20 00:00:00,1.8848709926859202
2013-08-21 00:00:00,1.8734251551201486
2013-08-22 00:00:00,1.8998244256347505
2013-08-23 00:00:00,1.9046242930010422
2013-08-26 00:00:00,1.9048089032843611
2013-08-27 00:00:00,1.8601332147211884
2013-08-28 00:00:00,1.8638254203875662
2013-08-29 00:00:00,1.8824710590027744
2013-08-30 00:00:00,1.8531180239550702
2013-09-03 00:00:00,1.865671523220755
2013-09-04 00:00:00,1.8821018384361368
2013-09-05 00:00:00,1.8850556029692391
2013-09-06 00:00:00,1.890224690902168
2013-09-09 00:00:00,1.9188392848165967
2013-09-10 00:00:00,1.9376695337151242
2013-09-11 00:00:00,1.9385925851317187
2013-09-12 00:00:00,1.9243775933161635
2013-09-13 00:00:00,1.9349003794653408
2013-09-16 00:00:00,1.9391464159816754
2013-09-17 00:00:00,1.9583458854468403
2013-09-18 00:00:00,1.9769915240620488
2013-09-19 00:00:00,1.9749608109455412
2013-09-20 00:00:00,1.967761009896104
2013-09-23 00:00:00,1.9679456201794228
2013-09-24 00:00:00,1.9692378921626552
2013-09-25 00:00:00,1.9655456864962773
2013-09-26 00:00:00,1.9764376932120924
2013-09-27 00:00:00,1.967576399612785
2013-09-30 00:00:00,1.9681302304627422
2013-10-01 00:00:00,1.9910219055942846
2013-10-02 00:00:00,1.9828990531282533
2013-10-03 00:00:00,1.9625919219631753
2013-10-04 00:00:00,1.9756992520788164
2013-10-07 00:00:00,1.9526229666639547
2013-10-08 00:00:00,1.9209623030747642
2013-10-09 00:00:00,1.9133009763170299
2013-10-10 00:00:00,1.9594535471467538
2013-10-11 00:00:00,1.987883530777864
2013-10-14 00:00:00,1.997852486077084
2013-10-15 00:00:00,1.978283796045281
2013-10-16 00:00:00,2.0028369637266943
2013-10-17 00:00:00,2.0203749406419895
2013-10-18 00:00:00,2.043451226056851
2013-10-21 00:00:00,2.0393897998238355
2013-10-22 00:00:00,2.0447434980400834
2013-10-23 00:00:00,2.0379129175572843
2013-10-24 00:00:00,2.048823385301431
2013-10-25 00:00:00,2.050651027106288
2013-10-28 00:00:00,2.049727975689694
2013-10-29 00:00:00,2.055635504755898
2013-10-30 00:00:00,2.027574741691426
2013-10-31 00:00:00,2.0157596835590166
2013-11-01 00:00:00,2.0069906951013694
2013-11-04 00:00:00,2.030159285657891
2013-11-05 00:00:00,2.023144094891773
2013-11-06 00:00:00,2.0144674115757844
2013-11-07 00:00:00,1.980499119445108
2013-11-08 00:00:00,2.0164981246922924
2013-11-11 00:00:00,2.019267278942076
2013-11-12 00:00:00,2.020928771491946
2013-11-13 00:00:00,2.04031285124043
2013-11-14 00:00:00,2.0381898329822628
2013-11-15 00:00:00,2.0460357700233156
2013-11-18 00:00:00,2.0316361679244417
2013-11-19 00:00:00,2.0190826686587573
2013-11-20 00:00:00,2.0183442275254815
2013-11-21 00:00:00,2.0547124533393033
2013-11-22 00:00:00,2.064866018921843
2013-11-25 00:00:00,2.0674505628883075
2013-11-26 00:00:00,2.0827732164037758
2013-11-27 00:00:00,2.0944036642528663
2013-11-29 00:00:00,2.0955113259527796
2013-12-02 00:00:00,2.0744657536544255
2013-12-03 00:00:00,2.064496798355205
2013-12-04 00:00:00,2.0589584898556383
2013-12-05 00:00:00,2.0604353721221895
2013-12-06 00:00:00,2.0764964667709336
2013-12-09 00:00:00,2.0759426359209767
2013-12-10 00:00:00,2.0571123870224493
2013-12-11 00:00:00,2.0233287051750914
2013-12-12 00:00:00,2.027759351974745
2013-12-13 00:00:00,2.0344053221742255
2013-12-16 00:00:00,2.0585892692890004
2013-12-17 00:00:00,2.055635504755898
2013-12-18 00:00:00,2.083880878103689
2013-12-19 00:00:00,2.068373614304902
2013-12-20 00:00:00,2.103264957852173
2013-12-23 00:00:00,2.1189568319342795
2013-12-24 00:00:00,2.127079684400311
2013-12-26 00:00:00,2.1272642946836298
2013-12-27 00:00:00,2.125972022700397
2013-12-30 00:00:00,2.124679750717165
2013-12-31 00:00:00,2.1296642283667753
2014-01-02 00:00:00,2.106587942951913
2014-01-03 00:00:00,2.1172953393844094
2014-01-06 00:00:00,2.100126583035752
2014-01-07 00:00:00,2.117664559951047
2014-01-08 00:00:00,2.1204337142008303
2014-01-09 00:00:00,2.120987545050787
2014-01-10 00:00:00,2.1326179928998776
2014-01-13 00:00:00,2.1034495681354923
2014-01-14 00:00:00,2.1292950078001374
2014-01-15 00:00:00,2.1451714921655625
2014-01-16 00:00:00,2.147756036132027
2014-01-17 00:00:00,2.140187014515952
2014-01-21 00:00:00,2.1529251240649563
2014-01-22 00:00:00,2.163817130780771
2014-01-23 00:00:00,2.149232918398578
2014-01-24 00:00:00,2.0944036642528663
2014-01-27 00:00:00,2.06375835722193
2014-01-28 00:00:00,2.085542370653559
2014-01-29 00:00:00,2.0554508944725796
2014-01-30 00:00:00,2.086114662531848
2014-01-31 00:00:00,2.070588937704729
2014-02-03 00:00:00,2.0057907282597967
2014-02-04 00:00:00,2.020928771491946
2014-02-05 00:00:00,2.0057907282597967
2014-02-06 00:00:00,2.0216672126252213
2014-02-07 00:00:00,2.0445588877567644
2014-02-10 00:00:00,2.0499125859730127
2014-02-11 00:00:00,2.068189004021583
2014-02-12 00:00:00,2.076311856487614
2014-02-13 00:00:00,2.1027111270022165
2014-02-14 00:00:00,2.105664891535319
2014-02-18 00:00:00,2.1276335152502672
2014-02-19 00:00:00,2.1058495018186374
2014-02-20 00:00:00,2.128556566666862
2014-02-21 00:00:00,2.135202536866342
2014-02-24 00:00:00,2.1508944109484482
2014-02-25 00:00:00,2.153109734348275
2014-02-26 00:00:00,2.1664016747472354
2014-02-27 00:00:00,2.1782167328796445
2014-02-28 00:00:00,2.1695400495636568
2014-03-03 00:00:00,2.1579096017145663
2014-03-04 00:00:00,2.2121850250103217
2014-03-05 00:00:00,2.210892753027089
2014-03-06 00:00:00,2.210523532460451
2014-03-07 00:00:00,2.209785091327176
2014-03-10 00:00:00,2.20240067999442
2014-03-11 00:00:00,2.179509004862877
2014-03-12 00:00:00,2.1861549750623572
2014-03-13 00:00:00,2.1608633662476686
2014-03-14 00:00:00,2.1699092701302947
2014-03-17 00:00:00,2.179509004862877
2014-03-18 00:00:00,2.211261973593727
2014-03-19 00:00:00,2.196862371494853
2014-03-20 00:00:00,2.1998161360279553
2014-03-21 00:00:00,2.189662570445416
2014-03-24 00:00:00,2.1647401821973653
2014-03-25 00:00:00,2.158648042847842
2014-03-26 00:00:00,2.1172953393844094
2014-03-27 00:00:00,2.1119416411681615
2014-03-28 00:00:00,2.1099109280516535
2014-03-31 00:00:00,2.147756036132027
2014-04-01 00:00:00,2.176001409479818
2014-04-02 00:00:00,2.1857857544957193
2014-04-03 00:00:00,2.163632520497452
2014-04-04 00:00:00,2.113603133718031
2014-04-07 00:00:00,2.0827732164037758
2014-04-08 00:00:00,2.097357428785968
2014-04-09 00:00:00,2.1276335152502672
2014-04-10 00:00:00,2.066878271010019
2014-04-11 00:00:00,2.038282138123922
2014-04-14 00:00:00,2.058713991996411
2014-04-15 00:00:00,2.058713991996411
2014-04-16 00:00:00,2.058713991996411
2014-04-17 00:00:00,2.058713991996411
2014-04-21 00:00:00,2.058713991996411
2014-04-22 00:00:00,2.058713991996411
2014-04-23 00:00:00,2.058713991996411
2014-04-24 00:00:00,2.058713991996411
2014-04-25 00:00:00,2.058713991996411
2014-04-28 00:00:00,2.058713991996411
2014-04-29 00:00:00,2.058713991996411
2014-04-30 00:00:00,2.058713991996411
2014-05-01 00:00:00,2.058713991996411
2014-05-02 00:00:00,2.058713991996411
2014-05-05 00:00:00,2.058713991996411
2014-05-06 00:00:00,2.058713991996411
2014-05-07 00:00:00,2.058713991996411
2014-05-08 00:00:00,2.058713991996411
2014-05-09 00:00:00,2.058713991996411
2014-05-12 00:00:00,2.058713991996411
2014-05-13 00:00:00,2.058713991996411
2014-05-14 00:00:00,2.058713991996411
2014-05-15 00:00:00,2.058713991996411
2014-05-16 00:00:00,2.058713991996411
2014-05-19 00:00:00,2.058713991996411
2014-05-20 00:00:00,2.058713991996411
2014-05-21 00:00:00,2.058713991996411
2014-05-22 00:00:00,2.058713991996411
2014-05-23 00:00:00,2.058713991996411
2014-05-27 00:00:00,2.058713991996411
2014-05-28 00:00:00,2.058713991996411
2014-05-29 00:00:00,2.058713991996411
2014-05-30 00:00:00,2.058713991996411
2014-06-02 00:00:00,2.058713991996411
2014-06-03 00:00:00,2.058713991996411
2014-06-04 00:00:00,2.058713991996411
2014-06-05 00:00:00,2.058713991996411
2014-06-06 00:00:00,2.058713991996411
2014-06-09 00:00:00,2.058713991996411
2014-06-10 00:00:00,2.058713991996411
2014-06-11 00:00:00,2.058713991996411
2014-06-12 00:00:00,2.058713991996411
2014-06-13 00:00:00,2.058713991996411
2014-06-16 00:00:00,2.058713991996411
2014-06-17 00:00:00,2.058713991996411
2014-06-18 00:00:00,2.058713991996411
2014-06-19 00:00:00,2.058713991996411
2014-06-20 00:00:00,2.058713991996411
2014-06-23 00:00:00,2.058713991996411
2014-06-24 00:00:00,2.058713991996411
2014-06-25 00:00:00,2.058713991996411
2014-06-26 00:00:00,2.058713991996411
2014-06-27 00:00:00,2.058713991996411
2014-06-30 00:00:00,2.058713991996411
2014-07-01 00:00:00,2.058713991996411
2014-07-02 00:00:00,2.058713991996411
2014-07-03 00:00:00,2.058713991996411
2014-07-07 00:00:00,2.058713991996411
2014-07-08 00:00:00,2.058713991996411
2014-07-09 00:00:00,2.058713991996411
2014-07-10 00:00:00,2.058713991996411
2014-07-11 00:00:00,2.058713991996411
2014-07-14 00:00:00,2.058713991996411
2014-07-15 00:00:00,2.058713991996411
2014-07-16 00:00:00,2.058713991996411
2014-07-17 00:00:00,2.058713991996411
2014-07-18 00:00:00,2.058713991996411
2014-07-21 00:00:00,2.058713991996411
2014-07-22 00:00:00,2.058713991996411
2014-07-23 00:00:00,2.058713991996411
2014-07-24 00:00:00,2.058713991996411
2014-07-25 00:00:00,2.058713991996411
2014-07-28 00:00:00,2.058713991996411
2014-07-29 00:00:00,2.058713991996411
2014-07-30 00:00:00,2.058713991996411
2014-07-31 00:00:00,2.058713991996411
2014-08-01 00:00:00,2.058713991996411
2014-08-04 00:00:00,2.058713991996411
2014-08-05 00:00:00,2.058713991996411
2014-08-06 00:00:00,2.058713991996411
2014-08-07 00:00:00,2.058713991996411
2014-08-08 00:00:00,2.058713991996411
2014-08-11 00:00:00,2.058713991996411
2014-08-12 00:00:00,2.058713991996411
2014-08-13 00:00:00,2.058713991996411
2014-08-14 00:00:00,2.058713991996411
2014-08-15 00:00:00,2.058713991996411
2014-08-18 00:00:00,2.058713991996411
2014-08-19 00:00:00,2.058713991996411
2014-08-20 00:00:00,2.058713991996411
2014-08-21 00:00:00,2.058713991996411
2014-08-22 00:00:00,2.058713991996411
2014-08-25 00:00:00,2.058713991996411
2014-08-26 00:00:00,2.058713991996411
2014-08-27 00:00:00,2.0520212781889113
2014-08-28 00:00:00,2.0414538353349645
2014-08-29 00:00:00,2.05290189842674
2014-09-02 00:00:00,2.06417383747095
2014-09-03 00:00:00,2.0511406579510822
2014-09-04 00:00:00,2.0432150758106222
2014-09-05 00:00:00,2.049731665570556
2014-09-08 00:00:00,2.05290189842674
2014-09-09 00:00:00,2.0285967798626623
2014-09-10 00:00:00,2.0405732150971354
2014-09-11 00:00:00,2.053782518664569
2014-09-12 00:00:00,2.031943136766412
2014-09-15 00:00:00,2.009751506773124
2014-09-16 00:00:00,2.0153874762952286
2014-09-17 00:00:00,2.0206711977222023
2014-09-18 00:00:00,2.032999881051807
2014-09-19 00:00:00,2.007285770107203
2014-09-22 00:00:00,1.9960327029308926
2014-09-23 00:00:00,1.9960327029308926
2014-09-24 00:00:00,1.9960327029308926
2014-09-25 00:00:00,1.9960327029308926
2014-09-26 00:00:00,1.9960327029308926
2014-09-29 00:00:00,1.9960327029308926
2014-09-30 00:00:00,1.9960327029308926
2014-10-01 00:00:00,1.9960327029308926
2014-10-02 00:00:00,1.9960327029308926
2014-10-03 00:00:00,1.9960327029308926
2014-10-06 00:00:00,1.9960327029308926
2014-10-07 00:00:00,1.9960327029308926
2014-10-08 00:00:00,1.9960327029308926
2014-10-09 00:00:00,1.9960327029308926
2014-10-10 00:00:00,1.9960327029308926
2014-10-13 00:00:00,1.9960327029308926
2014-10-14 00:00:00,1.9960327029308926
2014-10-15 00:00:00,1.9960327029308926
2014-10-16 00:00:00,1.9960327029308926
2014-10-17 00:00:00,1.9960327029308926
2014-10-20 00:00:00,1.9960327029308926
2014-10-21 00:00:00,1.9960327029308926
2014-10-22 00:00:00,1.9960327029308926
2014-10-23 00:00:00,1.9960327029308926
2014-10-24 00:00:00,1.9960327029308926
2014-10-27 00:00:00,1.9960327029308926
2014-10-28 00:00:00,1.9960327029308926
2014-10-29 00:00:00,1.9960327029308926
2014-10-30 00:00:00,1.9960327029308926
2014-10-31 00:00:00,1.9960327029308926
2014-11-03 00:00:00,1.9960327029308926
2014-11-04 00:00:00,1.9947155781323946
2014-11-05 00:00:00,1.9981730307284513
2014-11-06 00:00:00,2.0064050607190618
2014-11-07 00:00:00,2.0093685915156816
2014-11-10 00:00:00,2.01891774630479
2014-11-11 00:00:00,2.0202348711032876
2014-11-12 00:00:00,2.028960822893335
2014-11-13 00:00:00,2.0124967629121135
2014-11-14 00:00:00,2.0090393103160573
2014-11-17 00:00:00,1.9930691721342728
2014-11-18 00:00:00,2.004100092321691
2014-11-19 00:00:00,1.983684657944977
2014-11-20 00:00:00,2.0049232953207516
2014-11-21 00:00:00,2.007228263718123
2014-11-24 00:00:00,2.03011330709202
2014-11-25 00:00:00,2.03159507249033
2014-11-26 00:00:00,2.038016055883006
2014-11-28 00:00:00,2.0090393103160573
2014-12-01 00:00:00,1.9790747211502349
2014-12-02 00:00:00,2.0017951239243197
2014-12-03 00:00:00,2.0202348711032876
2014-12-04 00:00:00,2.011014997513804
2014-12-05 00:00:00,2.0255033702972782
2014-12-08 00:00:00,2.0013012021248833
2014-12-09 00:00:00,2.0334061190882644
2014-12-10 00:00:00,1.9920813285353993
2014-12-11 00:00:00,1.9996547961267614
2014-12-12 00:00:00,1.9764404715532393
2014-12-15 00:00:00,1.9573421619750233
2014-12-16 00:00:00,1.954707912378028
2014-12-17 00:00:00,2.0123321223123014
2014-12-18 00:00:00,2.040979586679626
2014-12-19 00:00:00,2.0454248828745554
2014-12-22 00:00:00,2.0587607714593443
2014-12-23 00:00:00,2.0612303804565273
2014-12-24 00:00:00,2.0595839744584055
2014-12-26 00:00:00,2.072425941243758
2014-12-29 00:00:00,2.08082261183418
2014-12-30 00:00:00,2.0691331292475135
2014-12-31 00:00:00,2.057279006061034
2015-01-02 00:00:00,2.045918804673992
2015-01-05 00:00:00,2.0197409493038507
2015-01-06 00:00:00,1.9863189075419723
2015-01-07 00:00:00,2.009697872715306
2015-01-08 00:00:00,2.0422967114781234
2015-01-09 00:00:00,2.0235276830995317
2015-01-12 00:00:00,2.0171066997068556
2015-01-13 00:00:00,2.0185884651051653
2015-01-14 00:00:00,2.0108503569139913
2015-01-15 00:00:00,1.978416158750986
2015-01-16 00:00:00,2.0092039509158695
2015-01-20 00:00:00,2.001136561525071
2015-01-21 00:00:00,1.9950448593320194
2015-01-22 00:00:00,2.033900040887701
2015-01-23 00:00:00,2.0325829160892033
2015-01-26 00:00:00,2.051351944467795
2015-01-27 00:00:00,2.0419674302784987
2015-01-28 00:00:00,2.0090393103160573
2015-01-29 00:00:00,2.035546446885823
2015-01-30 00:00:00,1.9927398909346483
2015-02-02 00:00:00,2.0101917945147427
2015-02-03 00:00:00,2.0446016798754942
2015-02-04 00:00:00,2.037357493483757
2015-02-05 00:00:00,2.062547505255025
2015-02-06 00:00:00,2.060407177457466
2015-02-09 00:00:00,2.0447663204753064
2015-02-10 00:00:00,2.057279006061034
2015-02-11 00:00:00,2.054480115864227
2015-02-12 00:00:00,2.0768712374386875
2015-02-13 00:00:00,2.0887253606251663
2015-02-17 00:00:00,2.0949817034180302
2015-02-18 00:00:00,2.0971220312155894
2015-02-19 00:00:00,2.0972866718154015
2015-02-20 00:00:00,2.1027198116092043
2015-02-23 00:00:00,2.104695498806951
2015-02-24 00:00:00,2.1073297484039464
2015-02-25 00:00:00,2.109634716801317
2015-02-26 00:00:00,2.1170435437928665
2015-02-27 00:00:00,2.1060126236054484
2015-03-02 00:00:00,2.1206656369887353
2015-03-03 00:00:00,2.108646873202444
2015-03-04 00:00:00,2.10239053040958
2015-03-05 00:00:00,2.1083175920028197
2015-03-06 00:00:00,2.082798299031927
2015-03-09 00:00:00,2.091524250821974
2015-03-10 00:00:00,2.0684745668482645
2015-03-11 00:00:00,2.0806579712343685
2015-03-12 00:00:00,2.1137507317966224
2015-03-13 00:00:00,2.1065065454048852
2015-03-16 00:00:00,2.1183606685913645
2015-03-17 00:00:00,2.1237938083851673
2015-03-18 00:00:00,2.1400932277665756
2015-03-19 00:00:00,2.1440446021620687
2015-03-20 00:00:00,2.162155068141412
2015-03-23 00:00:00,2.1603440215434775
2015-03-24 00:00:00,2.1598500997440406
2015-03-25 00:00:00,2.1042015770075144
2015-03-26 00:00:00,2.101731968010331
2015-03-27 00:00:00,2.1145739347956836
2015-03-30 00:00:00,2.142068914964322
2015-03-31 00:00:00,2.135483290971834
2015-04-01 00:00:00,2.1363064939708947
2015-04-02 00:00:00,2.1400932277665756
2015-04-06 00:00:00,2.149148460756247
2015-04-07 00:00:00,2.1359772127712704
2015-04-08 00:00:00,2.1535937569511767
2015-04-09 00:00:00,2.1461849299596274
2015-04-10 00:00:00,2.15606336594836
2015-04-13 00:00:00,2.1573804907468577
2015-04-14 00:00:00,2.1568865689474213
2015-04-15 00:00:00,2.1713749417308956
2015-04-16 00:00:00,2.17022245753221
2015-04-17 00:00:00,2.1364711345707073
2015-04-20 00:00:00,2.156557287747797
2015-04-21 00:00:00,2.154416959950238
2015-04-22 00:00:00,2.15754513134667
2015-04-23 00:00:00,2.166929645535966
2015-04-24 00:00:00,2.160014740343853
2015-04-27 00:00:00,2.137129696969956
2015-04-28 00:00:00,2.148489898356998
2015-04-29 00:00:00,2.126098776782538
2015-04-30 00:00:00,2.0829629396317393
2015-05-01 00:00:00,2.0959695470169035
2015-05-04 00:00:00,2.103213733408641
2015-05-05 00:00:00,2.077529799837936
2015-05-06 00:00:00,2.084444705030049
2015-05-07 00:00:00,2.092018172621411
2015-05-08 00:00:00,2.1070004672043217
2015-05-11 00:00:00,2.108152951403007
2015-05-12 00:00:00,2.1045308582071387
2015-05-13 00:00:00,2.104448537907232
2015-05-14 00:00:00,2.125934136182726
2015-05-15 00:00:00,2.123629167785355
2015-05-18 00:00:00,2.1466788517590643
2015-05-19 00:00:00,2.1438799615622566
2015-05-20 00:00:00,2.1476666953579375
2015-05-21 00:00:00,2.1453617269605663
2015-05-22 00:00:00,2.1364711345707073
2015-05-26 00:00:00,2.1168789031930544
2015-05-27 00:00:00,2.141739633764698
2015-05-28 00:00:00,2.1399285871667635
2015-05-29 00:00:00,2.127580542180848
2015-06-01 00:00:00,2.134001525573524
2015-06-02 00:00:00,2.137952899969017
2015-06-03 00:00:00,2.158368334345731
2015-06-04 00:00:00,2.1376236187693927
2015-06-05 00:00:00,2.1524412727524918
2015-06-08 00:00:00,2.1428921179633833
2015-06-09 00:00:00,2.1366357751705194
2015-06-10 00:00:00,2.162155068141412
2015-06-11 00:00:00,2.1674235673354025
2015-06-12 00:00:00,2.1611672245425386
2015-06-15 00:00:00,2.1545816005500504
2015-06-16 00:00:00,2.169234613933337
2015-06-17 00:00:00,2.166106442536905
2015-06-18 00:00:00,2.1939307039051683
2015-06-19 00:00:00,2.192942860306295
2015-06-22 00:00:00,2.20743123308977
2015-06-23 00:00:00,2.2118765292846994
2015-06-24 00:00:00,2.1939307039051683
2015-06-25 00:00:00,2.192778219706483
2015-06-26 00:00:00,2.187015798713056
2015-06-29 00:00:00,2.134001525573524
2015-06-30 00:00:00,2.1435506803626323
2015-07-01 00:00:00,2.149642382555684
2015-07-02 00:00:00,2.125769495582914
2015-07-06 00:00:00,2.125110933183665
2015-07-07 00:00:00,2.1274159015810357
2015-07-08 00:00:00,2.0962988282165282
2015-07-09 00:00:00,2.1035430146082654
2015-07-10 00:00:00,2.131531916576341
2015-07-13 00:00:00,2.1545816005500504
2015-07-14 00:00:00,2.166106442536905
2015-07-15 00:00:00,2.1666602935146733
2015-07-16 00:00:00,2.1666602935146733
2015-07-17 00:00:00,2.1572258610751747
2015-07-20 00:00:00,2.145561471877249
2015-07-21 00:00:00,2.1354408988966957
2015-07-22 00:00:00,2.143331515118822
2015-07-23 00:00:00,2.1196596664524434
2015-07-24 00:00:00,2.0984752018116968
2015-07-27 00:00:00,2.0984752018116968
2015-07-28 00:00:00,2.0984752018116968
2015-07-29 00:00:00,2.0984752018116968
2015-07-30 00:00:00,2.0984752018116968
2015-07-31 00:00:00,2.0984752018116968
2015-08-03 00:00:00,2.0984752018116968
2015-08-04 00:00:00,2.0984752018116968
2015-08-05 00:00:00,2.0984752018116968
2015-08-06 00:00:00,2.0984752018116968
2015-08-07 00:00:00,2.0984752018116968
2015-08-10 00:00:00,2.0984752018116968
2015-08-11 00:00:00,2.0984752018116968
2015-08-12 00:00:00,2.0984752018116968
2015-08-13 00:00:00,2.0984752018116968
2015-08-14 00:00:00,2.0984752018116968
2015-08-17 00:00:00,2.0984752018116968
2015-08-18 00:00:00,2.0984752018116968
2015-08-19 00:00:00,2.0984752018116968
2015-08-20 00:00:00,2.0984752018116968
2015-08-21 00:00:00,2.0984752018116968
2015-08-24 00:00:00,2.0984752018116968
2015-08-25 00:00:00,2.0984752018116968
2015-08-26 00:00:00,2.0984752018116968
2015-08-27 00:00:00,2.0984752018116968
2015-08-28 00:00:00,2.0984752018116968
2015-08-31 00:00:00,2.0984752018116968
2015-09-01 00:00:00,2.0984752018116968
2015-09-02 00:00:00,2.0984752018116968
2015-09-03 00:00:00,2.0984752018116968
2015-09-04 00:00:00,2.0984752018116968
2015-09-08 00:00:00,2.0984752018116968
2015-09-09 00:00:00,2.0984752018116968
2015-09-10 00:00:00,2.0984752018116968
2015-09-11 00:00:00,2.0984752018116968
2015-09-14 00:00:00,2.0984752018116968
2015-09-15 00:00:00,2.0984752018116968
2015-09-16 00:00:00,2.0984752018116968
2015-09-17 00:00:00,2.0984752018116968
2015-09-18 00:00:00,2.0984752018116968
2015-09-21 00:00:00,2.0984752018116968
2015-09-22 00:00:00,2.0984752018116968
2015-09-23 00:00:00,2.0984752018116968
2015-09-24 00:00:00,2.0984752018116968
2015-09-25 00:00:00,2.0984752018116968
2015-09-28 00:00:00,2.0984752018116968
2015-09-29 00:00:00,2.0984752018116968
2015-09-30 00:00:00,2.0984752018116968
2015-10-01 00:00:00,2.0984752018116968
2015-10-02 00:00:00,2.0984752018116968
2015-10-05 00:00:00,2.0984752018116968
2015-10-06 00:00:00,2.0984752018116968
2015-10-07 00:00:00,2.0984752018116968
2015-10-08 00:00:00,2.0984752018116968
2015-10-09 00:00:00,2.0984752018116968
2015-10-12 00:00:00,2.0984752018116968
2015-10-13 00:00:00,2.0984752018116968
2015-10-14 00:00:00,2.0984752018116968
2015-10-15 00:00:00,2.0984752018116968
2015-10-16 00:00:00,2.0984752018116968
2015-10-19 00:00:00,2.0984752018116968
2015-10-20 00:00:00,2.0984752018116968
2015-10-21 00:00:00,2.0984752018116968
2015-10-22 00:00:00,2.0984752018116968
2015-10-23 00:00:00,2.0984752018116968
2015-10-26 00:00:00,2.0984752018116968
2015-10-27 00:00:00,2.0984752018116968
2015-10-28 00:00:00,2.0984752018116968
2015-10-29 00:00:00,2.0984752018116968
2015-10-30 00:00:00,2.0984752018116968
2015-11-02 00:00:00,2.0984752018116968
2015-11-03 00:00:00,2.0984752018116968
2015-11-04 00:00:00,2.0984752018116968
2015-11-05 00:00:00,2.0984752018116968
2015-11-06 00:00:00,2.0984752018116968
2015-11-09 00:00:00,2.0984752018116968
2015-11-10 00:00:00,2.0984752018116968
2015-11-11 00:00:00,2.0984752018116968
2015-11-12 00:00:00,2.0984752018116968
2015-11-13 00:00:00,2.0984752018116968
2015-11-16 00:00:00,2.0984752018116968
2015-11-17 00:00:00,2.0984752018116968
2015-11-18 00:00:00,2.0984752018116968
2015-11-19 00:00:00,2.0984752018116968
2015-11-20 00:00:00,2.0984752018116968
2015-11-23 00:00:00,2.0984752018116968
2015-11-24 00:00:00,2.0984752018116968
2015-11-25 00:00:00,2.0984752018116968
2015-11-27 00:00:00,2.0984752018116968
2015-11-30 00:00:00,2.0984752018116968
2015-12-01 00:00:00,2.0984752018116968
2015-12-02 00:00:00,2.0984752018116968
2015-12-03 00:00:00,2.0984752018116968
2015-12-04 00:00:00,2.0984752018116968
2015-12-07 00:00:00,2.0984752018116968
2015-12-08 00:00:00,2.0984752018116968
2015-12-09 00:00:00,2.0984752018116968
2015-12-10 00:00:00,2.0984752018116968
2015-12-11 00:00:00,2.0984752018116968
2015-12-14 00:00:00,2.0984752018116968
2015-12-15 00:00:00,2.0984752018116968
2015-12-16 00:00:00,2.0984752018116968
2015-12-17 00:00:00,2.0984752018116968
2015-12-18 00:00:00,2.0984752018116968
2015-12-21 00:00:00,2.0984752018116968
2015-12-22 00:00:00,2.0984752018116968
2015-12-23 00:00:00,2.0984752018116968
2015-12-24 00:00:00,2.0984752018116968
2015-12-28 00:00:00,2.0984752018116968
2015-12-29 00:00:00,2.0984752018116968
2015-12-30 00:00:00,2.0984752018116968
2015-12-31 00:00:00,2.0984752018116968
2016-01-04 00:00:00,2.0984752018116968
2016-01-05 00:00:00,2.0984752018116968
2016-01-06 00:00:00,2.0984752018116968
2016-01-07 00:00:00,2.0984752018116968
2016-01-08 00:00:00,2.0984752018116968
2016-01-11 00:00:00,2.0984752018116968
2016-01-12 00:00:00,2.0984752018116968
2016-01-13 00:00:00,2.0984752018116968
2016-01-14 00:00:00,2.0984752018116968
2016-01-15 00:00:00,2.0984752018116968
2016-01-19 00:00:00,2.0984752018116968
2016-01-20 00:00:00,2.0984752018116968
2016-01-21 00:00:00,2.0984752018116968
2016-01-22 00:00:00,2.0984752018116968
2016-01-25 00:00:00,2.0984752018116968
2016-01-26 00:00:00,2.0984752018116968
2016-01-27 00:00:00,2.0984752018116968
2016-01-28 00:00:00,2.0984752018116968
2016-01-29 00:00:00,2.0984752018116968
2016-02-01 00:00:00,2.0984752018116968
2016-02-02 00:00:00,2.0984752018116968
2016-02-03 00:00:00,2.0984752018116968
2016-02-04 00:00:00,2.0984752018116968
2016-02-05 00:00:00,2.0984752018116968
2016-02-08 00:00:00,2.0984752018116968
2016-02-09 00:00:00,2.0984752018116968
2016-02-10 00:00:00,2.0984752018116968
2016-02-11 00:00:00,2.0984752018116968
2016-02-12 00:00:00,2.0984752018116968
2016-02-16 00:00:00,2.0984752018116968
2016-02-17 00:00:00,2.0984752018116968
2016-02-18 00:00:00,2.0984752018116968
2016-02-19 00:00:00,2.0984752018116968
2016-02-22 00:00:00,2.0984752018116968
2016-02-23 00:00:00,2.0984752018116968
2016-02-24 00:00:00,2.0984752018116968
2016-02-25 00:00:00,2.0984752018116968
2016-02-26 00:00:00,2.0984752018116968
2016-02-29 00:00:00,2.0984752018116968
2016-03-01 00:00:00,2.0984752018116968
2016-03-02 00:00:00,2.0984752018116968
2016-03-03 00:00:00,2.0984752018116968
2016-03-04 00:00:00,2.0984752018116968
2016-03-07 00:00:00,2.0984752018116968
2016-03-08 00:00:00,2.0984752018116968
2016-03-09 00:00:00,2.0984752018116968
2016-03-10 00:00:00,2.0984752018116968
2016-03-11 00:00:00,2.0984752018116968
2016-03-14 00:00:00,2.0984752018116968
2016-03-15 00:00:00,2.0984752018116968
2016-03-16 00:00:00,2.0984752018116968
2016-03-17 00:00:00,2.0984752018116968
2016-03-18 00:00:00,2.0984752018116968
2016-03-21 00:00:00,2.0984752018116968
2016-03-22 00:00:00,2.0984752018116968
2016-03-23 00:00:00,2.0984752018116968
2016-03-24 00:00:00,2.0984752018116968
2016-03-28 00:00:00,2.0984752018116968
2016-03-29 00:00:00,2.0984752018116968
2016-03-30 00:00:00,2.0984752018116968
2016-03-31 00:00:00,2.0984752018116968
2016-04-01 00:00:00,2.0984752018116968
2016-04-04 00:00:00,2.0984752018116968
2016-04-05 00:00:00,2.0984752018116968
2016-04-06 00:00:00,2.0984752018116968
2016-04-07 00:00:00,2.0984752018116968
2016-04-08 00:00:00,2.0984752018116968
2016-04-11 00:00:00,2.0984752018116968
2016-04-12 00:00:00,2.0984752018116968
2016-04-13 00:00:00,2.0984752018116968
2016-04-14 00:00:00,2.0984752018116968
2016-04-15 00:00:00,2.0984752018116968
2016-04-18 00:00:00,2.0984752018116968
2016-04-19 00:00:00,2.0984752018116968
2016-04-20 00:00:00,2.0984752018116968
2016-04-21 00:00:00,2.0984752018116968
2016-04-22 00:00:00,2.0984752018116968
2016-04-25 00:00:00,2.0984752018116968
2016-04-26 00:00:00,2.0984752018116968
2016-04-27 00:00:00,2.0984752018116968
2016-04-28 00:00:00,2.0984752018116968
2016-04-29 00:00:00,2.0984752018116968
2016-05-02 00:00:00,2.0984752018116968
2016-05-03 00:00:00,2.0984752018116968
2016-05-04 00:00:00,2.0984752018116968
2016-05-05 00:00:00,2.0984752018116968
2016-05-06 00:00:00,2.0984752018116968
2016-05-09 00:00:00,2.0984752018116968
2016-05-10 00:00:00,2.0984752018116968
2016-05-11 00:00:00,2.0984752018116968
2016-05-12 00:00:00,2.0984752018116968
2016-05-13 00:00:00,2.0984752018116968
2016-05-16 00:00:00,2.0984752018116968
2016-05-17 00:00:00,2.0984752018116968
2016-05-18 00:00:00,2.0984752018116968
2016-05-19 00:00:00,2.0984752018116968
2016-05-20 00:00:00,2.0984752018116968
2016-05-23 00:00:00,2.0984752018116968
2016-05-24 00:00:00,2.0984752018116968
2016-05-25 00:00:00,2.0984752018116968
2016-05-26 00:00:00,2.0984752018116968
2016-05-27 00:00:00,2.0984752018116968
2016-05-31 00:00:00,2.0984752018116968
2016-06-01 00:00:00,2.0984752018116968
2016-06-02 00:00:00,2.0984752018116968
2016-06-03 00:00:00,2.0984752018116968
2016-06-06 00:00:00,2.0984752018116968
2016-06-07 00:00:00,2.0984752018116968
2016-06-08 00:00:00,2.0984752018116968
2016-06-09 00:00:00,2.0984752018116968
2016-06-10 00:00:00,2.0984752018116968
2016-06-13 00:00:00,2.0984752018116968
2016-06-14 00:00:00,2.0984752018116968
2016-06-15 00:00:00,2.0984752018116968
2016-06-16 00:00:00,2.0984752018116968
2016-06-17 00:00:00,2.092055602820052
2016-06-20 00:00:00,2.1147993249618793
2016-06-21 00:00:00,2.1107641484528457
2016-06-22 00:00:00,2.102510378320731
2016-06-23 00:00:00,2.142678726297023
2016-06-24 00:00:00,2.0643596185989552
2016-06-27 00:00:00,2.0303519448353007
2016-06-28 00:00:00,2.0303519448353007
2016-06-29 00:00:00,2.0303519448353007
2016-06-30 00:00:00,2.0303519448353007
2016-07-01 00:00:00,2.0303519448353007
2016-07-05 00:00:00,2.0303519448353007
2016-07-06 00:00:00,2.0303519448353007
2016-07-07 00:00:00,2.0303519448353007
2016-07-08 00:00:00,2.0303519448353007
2016-07-11 00:00:00,2.0303519448353007
2016-07-12 00:00:00,2.0303519448353007
2016-07-13 00:00:00,2.0303519448353007
2016-07-14 00:00:00,2.0303519448353007
2016-07-15 00:00:00,2.027507928436568
2016-07-18 00:00:00,2.0305016299089185
2016-07-19 00:00:00,2.0215205254918676
2016-07-20 00:00:00,2.0331959612340333
2016-07-21 00:00:00,2.024663912037836
2016-07-22 00:00:00,2.0379858835897937
2016-07-25 00:00:00,2.0352915522646784
2016-07-26 00:00:00,2.0439732865344937
2016-07-27 00:00:00,2.049062579037489
2016-07-28 00:00:00,2.044422341755346
2016-07-29 00:00:00,2.0480147835221665
2016-08-01 00:00:00,2.0495116342583413
2016-08-02 00:00:00,2.024214856816983
2016-08-03 00:00:00,2.038734308957881
2016-08-04 00:00:00,2.0403808447676735
2016-08-05 00:00:00,2.06642604757712
2016-08-08 00:00:00,2.0655279371354145
2016-08-09 00:00:00,2.067473843092442
2016-08-10 00:00:00,2.054289581808212
2016-08-11 00:00:00,2.062983290883917
2016-08-12 00:00:00,2.0647795117673273
2016-08-15 00:00:00,2.0828914056750456
2016-08-16 00:00:00,2.0679228983132947
2016-08-17 00:00:00,2.0625342356630645
2016-08-18 00:00:00,2.07600589228864
2016-08-19 00:00:00,2.07600589228864
2016-08-22 00:00:00,2.0801970743499303
2016-08-23 00:00:00,2.0930699906810357
2016-08-24 00:00:00,2.0779517982456674
2016-08-25 00:00:00,2.081544240012488
2016-08-26 00:00:00,2.0778021131720505
2016-08-29 00:00:00,2.087381957883571
2016-08-30 00:00:00,2.0908247145767733
2016-08-31 00:00:00,2.080346759423548
2016-09-01 00:00:00,2.081693925086105
2016-09-02 00:00:00,2.0995064488465887
2016-09-06 00:00:00,2.101290694924109
2016-09-07 00:00:00,2.112978105472164
2016-09-08 00:00:00,2.1092359786317263
2016-09-09 00:00:00,2.0507091148472814
2016-09-12 00:00:00,2.07600589228864
2016-09-13 00:00:00,2.0406802149149086
2016-09-14 00:00:00,2.0409795850621433
2016-09-15 00:00:00,2.0625342356630645
2016-09-16 00:00:00,2.059839904337949
2016-09-19 00:00:00,2.0719643953009674
2016-09-20 00:00:00,2.064180771472857
2016-09-21 00:00:00,2.090675029503156
2016-09-22 00:00:00,2.117318972607072
2016-09-23 00:00:00,2.103997001055114
2016-09-26 00:00:00,2.080346759423548
2016-09-27 00:00:00,2.0878310131044233
2016-09-28 00:00:00,2.102051095098086
2016-09-29 00:00:00,2.0748084116997
2016-09-30 00:00:00,2.0950158966380634
2016-10-03 00:00:00,2.0891781787669803
2016-10-04 00:00:00,2.0800473892763125
2016-10-05 00:00:00,2.0911240847240085
2016-10-06 00:00:00,2.0891781787669803
2016-10-07 00:00:00,2.0743593564788476
2016-10-10 00:00:00,2.096363062300621
2016-10-11 00:00:00,2.0623845505894467
2016-10-12 00:00:00,2.060887699853272
2016-10-13 00:00:00,2.0457695074179036
2016-10-14 00:00:00,2.038434938810646
2016-10-17 00:00:00,2.036339347780001
2016-10-18 00:00:00,2.046667617859609
2016-10-19 00:00:00,2.0543015566141016
2016-10-20 00:00:00,2.048912893963871
2016-10-21 00:00:00,2.0480147835221665
2016-10-24 00:00:00,2.0595405341907145
2016-10-25 00:00:00,2.0459191924915214
2016-10-26 00:00:00,2.0279569836574205
2016-10-27 00:00:00,2.007450128571822
2016-10-28 00:00:00,2.0025105211424443
2016-10-31 00:00:00,2.004037967507667
2016-11-01 00:00:00,2.004037967507667
2016-11-02 00:00:00,2.004037967507667
2016-11-03 00:00:00,2.004037967507667
2016-11-04 00:00:00,2.004037967507667
2016-11-07 00:00:00,2.004037967507667
2016-11-08 00:00:00,2.004037967507667
2016-11-09 00:00:00,2.004037967507667
2016-11-10 00:00:00,2.004037967507667
2016-11-11 00:00:00,2.004037967507667
2016-11-14 00:00:00,2.004037967507667
2016-11-15 00:00:00,2.004037967507667
2016-11-16 00:00:00,2.004037967507667
2016-11-17 00:00:00,2.0094355303289655
2016-11-18 00:00:00,2.0200764398909534
2016-11-21 00:00:00,2.0294836208080724
2016-11-22 00:00:00,2.0479895504810943
2016-11-23 00:00:00,2.0607894851716013
2016-11-25 00:00:00,2.067574992718376
2016-11-28 00:00:00,2.0407413946924944
2016-11-29 00:00:00,2.039661882128234
2016-11-30 00:00:00,2.029637836888681
2016-12-01 00:00:00,2.019768007729736
2016-12-02 00:00:00,2.018688495165476
2016-12-05 00:00:00,2.0533871133023927
2016-12-06 00:00:00,2.075594228910019
2016-12-07 00:00:00,2.0957965354697343
2016-12-08 00:00:00,2.1287987767199565
2016-12-09 00:00:00,2.132962610896387
2016-12-12 00:00:00,2.1104470631275434
2016-12-13 00:00:00,2.110601279208152
2016-12-14 00:00:00,2.084230329424096
2016-12-15 00:00:00,2.0998061535655554
2016-12-16 00:00:00,2.0959507515503426
2016-12-19 00:00:00,2.109675982724501
2016-12-20 00:00:00,2.127565048075089
2016-12-21 00:00:00,2.1136856008203226
2016-12-22 00:00:00,2.08685200279444
2016-12-23 00:00:00,2.0979555605982534
2016-12-27 00:00:00,2.1073627415153733
2016-12-28 00:00:00,2.085772490230181
2016-12-29 00:00:00,2.0876230831974834
2016-12-30 00:00:00,2.0796038470058402
2017-01-03 00:00:00,2.089936324406611
2017-01-04 00:00:00,2.1247891586241354
2017-01-05 00:00:00,2.100268801807381
2017-01-06 00:00:00,2.0925579977769555
2017-01-09 00:00:00,2.0788327666027975
2017-01-10 00:00:00,2.098726641001296
2017-01-11 00:00:00,2.1024278269359007
2017-01-12 00:00:00,2.0862351384720066
2017-01-13 00:00:00,2.101348314371641
2017-01-17 00:00:00,2.0728183394590656
2017-01-18 00:00:00,2.0796038470058402
2017-01-19 00:00:00,2.062640078138904
2017-01-20 00:00:00,2.073280987700891
2017-01-23 00:00:00,2.064644887186814
2017-01-24 00:00:00,2.0962591837115605
2017-01-25 00:00:00,2.11599884202945
2017-01-26 00:00:00,2.1075169575959816
2017-01-27 00:00:00,2.100268801807381
2017-01-30 00:00:00,2.0709677464917635
2017-01-31 00:00:00,2.085464058068964
2017-02-01 00:00:00,2.084230329424096
2017-02-02 00:00:00,2.078986982683406
2017-02-03 00:00:00,2.110755495288761
2017-02-06 00:00:00,2.0948712389860833
2017-02-07 00:00:00,2.0856182741495726
2017-02-08 00:00:00,2.081917088214968
2017-02-09 00:00:00,2.111218143530586
2017-02-10 00:00:00,2.127256615913872
2017-02-13 00:00:00,2.1328083948157786
2017-02-14 00:00:00,2.13990233452377
2017-02-15 00:00:00,2.152702269214277
2017-02-16 00:00:00,2.1466878420705444
2017-02-17 00:00:00,2.1452998973450685
2017-02-21 00:00:00,2.162109450131396
2017-02-22 00:00:00,2.152548053133669
2017-02-23 00:00:00,2.1397481184431615
2017-02-24 00:00:00,2.1382059576370764
2017-02-27 00:00:00,2.159025128519226
2017-02-28 00:00:00,2.1257144551077864
2017-03-01 00:00:00,2.1645769074211327
2017-03-02 00:00:00,2.1397481184431615
2017-03-03 00:00:00,2.1382059576370764
2017-03-06 00:00:00,2.1235554299792674
2017-03-07 00:00:00,2.109675982724501
2017-03-08 00:00:00,2.0957965354697343
2017-03-09 00:00:00,2.0874688671168746
2017-03-10 00:00:00,2.096721831953386
2017-03-13 00:00:00,2.101656746532858
2017-03-14 00:00:00,2.091632701293304
2017-03-15 00:00:00,2.1240180782210927
2017-03-16 00:00:00,2.126793967672046
2017-03-17 00:00:00,2.135275852105515
2017-03-20 00:00:00,2.1243450163119832
2017-03-21 00:00:00,2.0660328319122905
2017-03-22 00:00:00,2.0664954801541167
2017-03-23 00:00:00,2.0785243344415805
2017-03-24 00:00:00,2.0740520681039336
2017-03-27 00:00:00,2.0779074701191464
2017-03-28 00:00:00,2.070011915224152
2017-03-29 00:00:00,2.070011915224152
2017-03-30 00:00:00,2.070011915224152
2017-03-31 00:00:00,2.070011915224152
2017-04-03 00:00:00,2.070011915224152
2017-04-04 00:00:00,2.070011915224152
2017-04-05 00:00:00,2.070011915224152
2017-04-06 00:00:00,2.070011915224152
2017-04-07 00:00:00,2.070011915224152
2017-04-10 00:00:00,2.070011915224152
2017-04-11 00:00:00,2.070011915224152
2017-04-12 00:00:00,2.070011915224152
2017-04-13 00:00:00,2.070011915224152
2017-04-17 00:00:00,2.070011915224152
2017-04-18 00:00:00,2.070011915224152
2017-04-19 00:00:00,2.070011915224152
2017-04-20 00:00:00,2.070011915224152
2017-04-21 00:00:00,2.070011915224152
2017-04-24 00:00:00,2.070011915224152
2017-04-25 00:00:00,2.070011915224152
2017-04-26 00:00:00,2.070011915224152
2017-04-27 00:00:00,2.070011915224152
2017-04-28 00:00:00,2.041096624342839
2017-05-01 00:00:00,2.052838874446926
2017-05-02 00:00:00,2.0424176274795487
2017-05-03 00:00:00,2.0297947086176555
2017-05-04 00:00:00,2.027005924217935
2017-05-05 00:00:00,2.0400691774587316
2017-05-08 00:00:00,2.0315560461332685
2017-05-09 00:00:00,2.030675377375462
2017-05-10 00:00:00,2.043298296237355
2017-05-11 00:00:00,2.0290608179861502
2017-05-12 00:00:00,2.018346014766171
2017-05-15 00:00:00,2.034051274280387
2017-05-16 00:00:00,2.0347851649118924
2017-05-17 00:00:00,2.0001981910965543
2017-05-18 00:00:00,2.012237728398986
2017-05-19 00:00:00,2.0218990854935295
2017-05-22 00:00:00,2.0245176402659295
2017-05-23 00:00:00,2.0245176402659295
2017-05-24 00:00:00,2.0245176402659295
2017-05-25 00:00:00,2.0245176402659295
2017-05-26 00:00:00,2.0245176402659295
2017-05-30 00:00:00,2.0147730250196085
2017-05-31 00:00:00,2.012705985421904
2017-06-01 00:00:00,2.051536800721637
2017-06-02 00:00:00,2.0581092779430463
2017-06-05 00:00:00,2.0436983956024903
2017-06-06 00:00:00,2.0417867479450695
2017-06-07 00:00:00,2.0436983956024903
2017-06-08 00:00:00,2.0716378613647923
2017-06-09 00:00:00,2.0823724982103085
2017-06-12 00:00:00,2.078990352354872
2017-06-13 00:00:00,2.089577939380586
2017-06-14 00:00:00,2.0772257545172526
2017-06-15 00:00:00,2.066638167491538
2017-06-16 00:00:00,2.0614914237984827
2017-06-19 00:00:00,2.076784605057848
2017-06-20 00:00:00,2.055756480826221
2017-06-21 00:00:00,2.050609737133165
2017-06-22 00:00:00,2.0584033775826494
2017-06-23 00:00:00,2.072079010824197
2017-06-26 00:00:00,2.0745788577608244
2017-06-27 00:00:00,2.0563446801054273
2017-06-28 00:00:00,2.087813341542967
2017-06-29 00:00:00,2.0754611566796335
2017-06-30 00:00:00,2.072226060643999
2017-07-03 00:00:00,2.089577939380586
2017-07-05 00:00:00,2.082078398570705
2017-07-06 00:00:00,2.046051192719316
2017-07-07 00:00:00,2.0659029183925304
2017-07-10 00:00:00,2.0569328793846333
2017-07-11 00:00:00,2.0629619219964983
2017-07-12 00:00:00,2.0788433025350708
2017-07-13 00:00:00,2.0806079003726894
2017-07-14 00:00:00,2.0841370960479275
2017-07-17 00:00:00,2.08898974010138
2017-07-18 00:00:00,2.083548896768721
2017-07-19 00:00:00,2.104282921360745
2017-07-20 00:00:00,2.105753419558761
2017-07-21 00:00:00,2.096195181271658
2017-07-24 00:00:00,2.0991361776676896
2017-07-25 00:00:00,2.1182526542418962
2017-07-26 00:00:00,2.1064886686577693
2017-07-27 00:00:00,2.0931071350558246
2017-07-28 00:00:00,2.0875192419033644
2017-07-31 00:00:00,2.0809020000122924
2017-08-01 00:00:00,2.0848723451469353
2017-08-02 00:00:00,2.0620796230776888
2017-08-03 00:00:00,2.051786135691578
2017-08-04 00:00:00,2.061785523438086
2017-08-07 00:00:00,2.0651676692935226
2017-08-08 00:00:00,2.0586974772222524
2017-08-09 00:00:00,2.04090444902626
2017-08-10 00:00:00,2.0038478944362597
2017-08-11 00:00:00,2.0067888908322917
2017-08-14 00:00:00,2.0372282035312206
2017-08-15 00:00:00,2.0204645240738395
2017-08-16 00:00:00,2.023611625497305
2017-08-17 00:00:00,2.023611625497305
2017-08-18 00:00:00,2.023611625497305
2017-08-21 00:00:00,2.023611625497305
2017-08-22 00:00:00,2.023611625497305
2017-08-23 00:00:00,2.023611625497305
2017-08-24 00:00:00,2.023611625497305
2017-08-25 00:00:00,2.023611625497305
2017-08-28 00:00:00,2.023611625497305
2017-08-29 00:00:00,2.023611625497305
2017-08-30 00:00:00,2.023611625497305
2017-08-31 00:00:00,2.023611625497305
2017-09-01 00:00:00,2.023611625497305
2017-09-05 00:00:00,2.023611625497305
2017-09-06 00:00:00,2.023611625497305
2017-09-07 00:00:00,2.023611625497305
2017-09-08 00:00:00,2.023611625497305
2017-09-11 00:00:00,2.023611625497305
2017-09-12 00:00:00,2.023611625497305
2017-09-13 00:00:00,2.031482259780761
2017-09-14 00:00:00,2.0296219280410353
2017-09-15 00:00:00,2.0379218696490433
2017-09-18 00:00:00,2.0518028064762293
2017-09-19 00:00:00,2.0518028064762293
2017-09-20 00:00:00,2.0583855187860287
2017-09-21 00:00:00,2.056238982163268
2017-09-22 00:00:00,2.0649682310958286
2017-09-25 00:00:00,2.0678302799261763
2017-09-26 00:00:00,2.0694044067828674
2017-09-27 00:00:00,2.109902397732286
2017-09-28 00:00:00,2.1154833929514645
2017-09-29 00:00:00,2.1204919784045733
2017-10-02 00:00:00,2.1465366227607365
2017-10-03 00:00:00,2.1512590033308103
2017-10-04 00:00:00,2.1443900861379754
2017-10-05 00:00:00,2.1502572862401883
2017-10-06 00:00:00,2.1472521349683236
2017-10-09 00:00:00,2.138379783594246
2017-10-10 00:00:00,2.1445331885794934
2017-10-11 00:00:00,2.142959061722802
2017-10-12 00:00:00,2.1413849348661103
2017-10-13 00:00:00,2.1375211689451414
2017-10-16 00:00:00,2.1356608372054153
2017-10-17 00:00:00,2.129507432220168
2017-10-18 00:00:00,2.139667705567902
2017-10-19 00:00:00,2.1363763494130024
2017-10-20 00:00:00,2.1462504178777015
2017-10-23 00:00:00,2.130222944427755
2017-10-24 00:00:00,2.1346591201147933
2017-10-25 00:00:00,2.124355744325542
2017-10-26 00:00:00,2.128791920012581
2017-10-27 00:00:00,2.1435314714888714
2017-10-30 00:00:00,2.1209212857291253
2017-10-31 00:00:00,2.1359470420884503
2017-11-01 00:00:00,2.1217799003782294
2017-11-02 00:00:00,2.1280764078049943
2017-11-03 00:00:00,2.1266453833898202
2017-11-06 00:00:00,2.129078124895616
2017-11-07 00:00:00,2.1036058903055217
2017-11-08 00:00:00,2.106467939135869
2017-11-09 00:00:00,2.099026612176966
2017-11-10 00:00:00,2.0974524853202743
2017-11-13 00:00:00,2.098024895086344
2017-11-14 00:00:00,2.092300797425649
2017-11-15 00:00:00,2.0840008558176404
2017-11-16 00:00:00,2.11462477830236
2017-11-17 00:00:00,2.124355744325542
2017-11-20 00:00:00,2.1398108080094196
2017-11-21 00:00:00,2.1621347888861315
2017-11-22 00:00:00,2.1592727400557834
2017-11-24 00:00:00,2.1601313547048875
2017-11-27 00:00:00,2.153548642395088
2017-11-28 00:00:00,2.187463921034708
2017-11-29 00:00:00,2.1947621455520943
2017-11-30 00:00:00,2.198769013914581
2017-12-01 00:00:00,2.189753560098986
2017-12-04 00:00:00,2.181596720932495
2017-12-05 00:00:00,2.159845149821853
2017-12-06 00:00:00,2.1496848764741188
2017-12-07 00:00:00,2.1647106328334442
2017-12-08 00:00:00,2.1667140670146874
2017-12-11 00:00:00,2.165855452365583
2017-12-12 00:00:00,2.159129637614266
2017-12-13 00:00:00,2.1720088573508307
2017-12-14 00:00:00,2.14796764717591
2017-12-15 00:00:00,2.17859156966063
2017-12-18 00:00:00,2.208070672613211
2017-12-19 00:00:00,2.1906121747480904
2017-12-20 00:00:00,2.1949052479936118
2017-12-21 00:00:00,2.1961931699672683
2017-12-22 00:00:00,2.1921863016047816
2017-12-26 00:00:00,2.193474223578438
2017-12-27 00:00:00,2.191327686955677
2017-12-28 00:00:00,2.19991383344672
2017-12-29 00:00:00,2.1817398233740124
2018-01-02 00:00:00,2.2023465749525153
2018-01-03 00:00:00,2.204636214016794
2018-01-04 00:00:00,2.2105034141190063
2018-01-05 00:00:00,2.215082692247562
2018-01-08 00:00:00,2.21851715084398
2018-01-09 00:00:00,2.2155119995721146
2018-01-10 00:00:00,2.215798204455149
2018-01-11 00:00:00,2.253863453898773
2018-01-12 00:00:00,2.2633082150389208
2018-01-16 00:00:00,2.2344015218524094
2018-01-17 00:00:00,2.255580683196982
2018-01-18 00:00:00,2.2401256195131043
2018-01-19 00:00:00,2.2696047224656852
2018-01-22 00:00:00,2.2817684299946626
2018-01-23 00:00:00,2.2890666545120495
2018-01-24 00:00:00,2.274899512801828
2018-01-25 00:00:00,2.2757581274509326
2018-01-26 00:00:00,2.2839149666174237
2018-01-29 00:00:00,2.271035746880859
2018-01-30 00:00:00,2.2492841757702173
2018-01-31 00:00:00,2.237549775565792
2018-02-01 00:00:00,2.2445617952001435
2018-02-02 00:00:00,2.201344857861894
2018-02-05 00:00:00,2.1167713149251206
2018-02-06 00:00:00,2.1421004470736973
2018-02-07 00:00:00,2.1442469836964584
2018-02-08 00:00:00,2.08128190942881
2018-02-09 00:00:00,2.1003145341506224
2018-02-12 00:00:00,2.120205773521538
2018-02-13 00:00:00,2.124785051650094
2018-02-14 00:00:00,2.111811899470918
2018-02-15 00:00:00,2.111811899470918
2018-02-16 00:00:00,2.111811899470918
2018-02-20 00:00:00,2.1053079857949846
2018-02-21 00:00:00,2.107522084067643
2018-02-22 00:00:00,2.1042009366586556
2018-02-23 00:00:00,2.1316004027828
2018-02-26 00:00:00,2.1455768981289554
2018-02-27 00:00:00,2.1147179034537817
2018-02-28 00:00:00,2.0813680482218677
2018-03-01 00:00:00,2.0758328025402224
2018-03-02 00:00:00,2.109044276630095
2018-03-05 00:00:00,2.1278641119476895
2018-03-06 00:00:00,2.1508353815265187
2018-03-07 00:00:00,2.1697935979861547
2018-03-08 00:00:00,2.165365401440838
2018-03-09 00:00:00,2.199960686951122
2018-03-12 00:00:00,2.203835358928274
2018-03-13 00:00:00,2.19359515441723
2018-03-14 00:00:00,2.1832165687641445
2018-03-15 00:00:00,2.1722844585428946
2018-03-16 00:00:00,2.184461999042515
2018-03-19 00:00:00,2.1634280654522624
2018-03-20 00:00:00,2.1628745408840975
2018-03-21 00:00:00,2.175467224809841
2018-03-22 00:00:00,2.122882390834209
2018-03-23 00:00:00,2.077216613960634
2018-03-26 00:00:00,2.122605628550127
2018-03-27 00:00:00,2.081506429363909
2018-03-28 00:00:00,2.0808145236537032
2018-03-29 00:00:00,2.1018484572439564
2018-04-02 00:00:00,2.0506474346887353
2018-04-03 00:00:00,2.0621189546016616
2018-04-04 00:00:00,2.0621189546016616
2018-04-05 00:00:00,2.0621189546016616
2018-04-06 00:00:00,2.0621189546016616
2018-04-09 00:00:00,2.0621189546016616
2018-04-10 00:00:00,2.0621189546016616
2018-04-11 00:00:00,2.0621189546016616
2018-04-12 00:00:00,2.0621189546016616
2018-04-13 00:00:00,2.0621189546016616
2018-04-16 00:00:00,2.0621189546016616
2018-04-17 00:00:00,2.0621189546016616
2018-04-18 00:00:00,2.0621189546016616
2018-04-19 00:00:00,2.0621189546016616
2018-04-20 00:00:00,2.0621189546016616
2018-04-23 00:00:00,2.0621189546016616
2018-04-24 00:00:00,2.0621189546016616
2018-04-25 00:00:00,2.0621189546016616
2018-04-26 00:00:00,2.0621189546016616
2018-04-27 00:00:00,2.0621189546016616
2018-04-30 00:00:00,2.0621189546016616
2018-05-01 00:00:00,2.0621189546016616
2018-05-02 00:00:00,2.0621189546016616
2018-05-03 00:00:00,2.0621189546016616
2018-05-04 00:00:00,2.0621189546016616
2018-05-07 00:00:00,2.0621189546016616
2018-05-08 00:00:00,2.0621189546016616
2018-05-09 00:00:00,2.0621189546016616
2018-05-10 00:00:00,2.0621189546016616
2018-05-11 00:00:00,2.0621189546016616
2018-05-14 00:00:00,2.0621189546016616
2018-05-15 00:00:00,2.0621189546016616
2018-05-16 00:00:00,2.0621189546016616
2018-05-17 00:00:00,2.0621189546016616
2018-05-18 00:00:00,2.0621189546016616
2018-05-21 00:00:00,2.0621189546016616
2018-05-22 00:00:00,2.0621189546016616
2018-05-23 00:00:00,2.0621189546016616
2018-05-24 00:00:00,2.0621189546016616
2018-05-25 00:00:00,2.0621189546016616
2018-05-29 00:00:00,2.0621189546016616
2018-05-30 00:00:00,2.0621189546016616
2018-05-31 00:00:00,2.0621189546016616
2018-06-01 00:00:00,2.0621189546016616
2018-06-04 00:00:00,2.0621189546016616
2018-06-05 00:00:00,2.0621189546016616
2018-06-06 00:00:00,2.0621189546016616
2018-06-07 00:00:00,2.0621189546016616
2018-06-08 00:00:00,2.0621189546016616
2018-06-11 00:00:00,2.0621189546016616
2018-06-12 00:00:00,2.0621189546016616
2018-06-13 00:00:00,2.0621189546016616
2018-06-14 00:00:00,2.0621189546016616
2018-06-15 00:00:00,2.0621189546016616
2018-06-18 00:00:00,2.0621189546016616
2018-06-19 00:00:00,2.0621189546016616
2018-06-20 00:00:00,2.0621189546016616
2018-06-21 00:00:00,2.0621189546016616
2018-06-22 00:00:00,2.0621189546016616
2018-06-25 00:00:00,2.0621189546016616
2018-06-26 00:00:00,2.0621189546016616
2018-06-27 00:00:00,2.0621189546016616
2018-06-28 00:00:00,2.0621189546016616
2018-06-29 00:00:00,2.0621189546016616
2018-07-02 00:00:00,2.0621189546016616
2018-07-03 00:00:00,2.0621189546016616
2018-07-05 00:00:00,2.0621189546016616
2018-07-06 00:00:00,2.0621189546016616
2018-07-09 00:00:00,2.0621189546016616
2018-07-10 00:00:00,2.0621189546016616
2018-07-11 00:00:00,2.0621189546016616
2018-07-12 00:00:00,2.0621189546016616
2018-07-13 00:00:00,2.0621189546016616
2018-07-16 00:00:00,2.0621189546016616
2018-07-17 00:00:00,2.0621189546016616
2018-07-18 00:00:00,2.0621189546016616
2018-07-19 00:00:00,2.0621189546016616
2018-07-20 00:00:00,2.0621189546016616
2018-07-23 00:00:00,2.0621189546016616
2018-07-24 00:00:00,2.0621189546016616
2018-07-25 00:00:00,2.0621189546016616
2018-07-26 00:00:00,2.0621189546016616
2018-07-27 00:00:00,2.0621189546016616
2018-07-30 00:00:00,2.0621189546016616
2018-07-31 00:00:00,2.0621189546016616
2018-08-01 00:00:00,2.0621189546016616
2018-08-02 00:00:00,2.087245404036369
2018-08-03 00:00:00,2.0799949857915276
2018-08-06 00:00:00,2.0916206564254973
2018-08-07 00:00:00,2.096620944870215
2018-08-08 00:00:00,2.0947458367034457
2018-08-09 00:00:00,2.1001211467815177
2018-08-10 00:00:00,2.0942458078589743
2018-08-13 00:00:00,2.0819951011694156
2018-08-14 00:00:00,2.102621291003876
2018-08-15 00:00:00,2.0762447694579897
2018-08-16 00:00:00,2.0954958799701533
2018-08-17 00:00:00,2.1044963991706456
2018-08-20 00:00:00,2.110371738093189
2018-08-21 00:00:00,2.1346231370500712
2018-08-22 00:00:00,2.139873439917025
2018-08-23 00:00:00,2.1333730649388913
2018-08-24 00:00:00,2.144998735572861
2018-08-27 00:00:00,2.1481239158508094
2018-08-28 00:00:00,2.150124031228697
2018-08-29 00:00:00,2.1563743917845937
2018-08-30 00:00:00,2.154624290828943
2018-08-31 00:00:00,2.1628747667627275
2018-09-04 00:00:00,2.1532492115066453
2018-09-05 00:00:00,2.1474988797952195
2018-09-06 00:00:00,2.132998043305538
2018-09-07 00:00:00,2.131872978405476
2018-09-10 00:00:00,2.134498129838953
2018-09-11 00:00:00,2.1379983317502558
2018-09-12 00:00:00,2.13287303609442
2018-09-13 00:00:00,2.1333730649388913
2018-09-14 00:00:00,2.142373584139384
2018-09-17 00:00:00,2.1196222717159174
2018-09-18 00:00:00,2.128497783705292
2018-09-19 00:00:00,2.1207473366159793
2018-09-20 00:00:00,2.1403734687614966
2018-09-21 00:00:00,2.130122877449825
2018-09-24 00:00:00,2.1222474231493944
2018-09-25 00:00:00,2.125497610638461
2018-09-26 00:00:00,2.100496168414871
2018-09-27 00:00:00,2.100621175625989
2018-09-28 00:00:00,2.106996543393005
2018-10-01 00:00:00,2.0792449425248205
2018-10-02 00:00:00,2.05674364452359
2018-10-03 00:00:00,2.074744682924574
2018-10-04 00:00:00,2.0672944531534823
2018-10-05 00:00:00,2.0672944531534823
2018-10-08 00:00:00,2.0672944531534823
2018-10-09 00:00:00,2.0672944531534823
2018-10-10 00:00:00,2.0672944531534823
2018-10-11 00:00:00,2.0672944531534823
2018-10-12 00:00:00,2.0672944531534823
2018-10-15 00:00:00,2.0672944531534823
2018-10-16 00:00:00,2.0672944531534823
2018-10-17 00:00:00,2.0672944531534823
2018-10-18 00:00:00,2.0672944531534823
2018-10-19 00:00:00,2.0672944531534823
2018-10-22 00:00:00,2.0672944531534823
2018-10-23 00:00:00,2.0672944531534823
2018-10-24 00:00:00,2.0672944531534823
2018-10-25 00:00:00,2.0672944531534823
2018-10-26 00:00:00,2.0672944531534823
2018-10-29 00:00:00,2.0672944531534823
2018-10-30 00:00:00,2.0672944531534823
2018-10-31 00:00:00,2.0672944531534823
2018-11-01 00:00:00,2.0672944531534823
2018-11-02 00:00:00,2.0672944531534823
2018-11-05 00:00:00,2.0672944531534823
2018-11-06 00:00:00,2.0672944531534823
2018-11-07 00:00:00,2.0672944531534823
2018-11-08 00:00:00,2.0672944531534823
2018-11-09 00:00:00,2.0672944531534823
2018-11-12 00:00:00,2.0672944531534823
2018-11-13 00:00:00,2.0672944531534823
2018-11-14 00:00:00,2.0672944531534823
2018-11-15 00:00:00,2.0672944531534823
2018-11-16 00:00:00,2.0672944531534823
2018-11-19 00:00:00,2.0672944531534823
2018-11-20 00:00:00,2.0672944531534823
2018-11-21 00:00:00,2.0672944531534823
2018-11-23 00:00:00,2.0672944531534823
2018-11-26 00:00:00,2.0672944531534823
2018-11-27 00:00:00,2.0672944531534823
2018-11-28 00:00:00,2.0672944531534823
2018-11-29 00:00:00,2.0672944531534823
2018-11-30 00:00:00,2.0672944531534823
2018-12-03 00:00:00,2.0672944531534823
2018-12-04 00:00:00,2.0672944531534823
2018-12-06 00:00:00,2.0672944531534823
2018-12-07 00:00:00,2.0672944531534823
2018-12-10 00:00:00,2.0672944531534823
2018-12-11 00:00:00,2.0672944531534823
2018-12-12 00:00:00,2.0672944531534823
2018-12-13 00:00:00,2.0672944531534823
2018-12-14 00:00:00,2.0672944531534823
2018-12-17 00:00:00,2.0672944531534823
2018-12-18 00:00:00,2.0672944531534823
2018-12-19 00:00:00,2.0672944531534823
2018-12-20 00:00:00,2.0672944531534823
2018-12-21 00:00:00,2.0672944531534823
2018-12-24 00:00:00,2.0672944531534823
2018-12-26 00:00:00,2.0672944531534823
2018-12-27 00:00:00,2.0672944531534823
2018-12-28 00:00:00,2.0672944531534823
2018-12-31 00:00:00,2.0672944531534823
2019-01-02 00:00:00,2.0672944531534823
2019-01-03 00:00:00,2.0672944531534823
2019-01-04 00:00:00,2.0672944531534823
2019-01-07 00:00:00,2.0672944531534823
2019-01-08 00:00:00,2.0672944531534823
2019-01-09 00:00:00,2.0672944531534823
2019-01-10 00:00:00,2.0672944531534823
2019-01-11 00:00:00,2.0672944531534823
2019-01-14 00:00:00,2.0672944531534823
2019-01-15 00:00:00,2.0672944531534823
2019-01-16 00:00:00,2.0672944531534823
2019-01-17 00:00:00,2.0672944531534823
2019-01-18 00:00:00,2.0672944531534823
2019-01-22 00:00:00,2.0672944531534823
2019-01-23 00:00:00,2.0672944531534823
2019-01-24 00:00:00,2.0672944531534823
2019-01-25 00:00:00,2.0672944531534823
2019-01-28 00:00:00,2.0672944531534823
2019-01-29 00:00:00,2.0672944531534823
2019-01-30 00:00:00,2.0672944531534823
2019-01-31 00:00:00,2.0672944531534823
2019-02-01 00:00:00,2.0672944531534823
2019-02-04 00:00:00,2.0672944531534823
2019-02-05 00:00:00,2.0672944531534823
2019-02-06 00:00:00,2.0672944531534823
2019-02-07 00:00:00,2.0672944531534823
2019-02-08 00:00:00,2.0672944531534823
2019-02-11 00:00:00,2.0672944531534823
2019-02-12 00:00:00,2.0672944531534823
2019-02-13 00:00:00,2.0672944531534823
2019-02-14 00:00:00,2.0672944531534823
2019-02-15 00:00:00,2.0672944531534823
2019-02-19 00:00:00,2.0672944531534823
2019-02-20 00:00:00,2.0672944531534823
2019-02-21 00:00:00,2.0672944531534823
2019-02-22 00:00:00,2.0672944531534823
2019-02-25 00:00:00,2.0672944531534823
2019-02-26 00:00:00,2.0672944531534823
2019-02-27 00:00:00,2.0672944531534823
2019-02-28 00:00:00,2.0672944531534823
2019-03-01 00:00:00,2.0672944531534823
2019-03-04 00:00:00,2.0672944531534823
2019-03-05 00:00:00,2.0672944531534823
2019-03-06 00:00:00,2.0672944531534823
2019-03-07 00:00:00,2.0672944531534823
2019-03-08 00:00:00,2.0672944531534823
2019-03-11 00:00:00,2.0672944531534823
2019-03-12 00:00:00,2.0672944531534823
2019-03-13 00:00:00,2.0672944531534823
2019-03-14 00:00:00,2.0672944531534823
2019-03-15 00:00:00,2.0672944531534823
2019-03-18 00:00:00,2.0672944531534823
2019-03-19 00:00:00,2.0672944531534823
2019-03-20 00:00:00,2.0672944531534823
2019-03-21 00:00:00,2.0672944531534823
2019-03-22 00:00:00,2.0672944531534823
2019-03-25 00:00:00,2.0672944531534823
2019-03-26 00:00:00,2.0672944531534823
2019-03-27 00:00:00,2.0672944531534823
2019-03-28 00:00:00,2.0672944531534823
2019-03-29 00:00:00,2.0672944531534823
2019-04-01 00:00:00,2.0672944531534823
2019-04-02 00:00:00,2.0672944531534823
2019-04-03 00:00:00,2.0672944531534823
2019-04-04 00:00:00,2.0672944531534823
2019-04-05 00:00:00,2.0672944531534823
2019-04-08 00:00:00,2.0672944531534823
2019-04-09 00:00:00,2.0672944531534823
2019-04-10 00:00:00,2.0672944531534823
2019-04-11 00:00:00,2.0672944531534823
2019-04-12 00:00:00,2.0672944531534823
2019-04-15 00:00:00,2.0672944531534823
2019-04-16 00:00:00,2.0672944531534823
2019-04-17 00:00:00,2.0672944531534823
2019-04-18 00:00:00,2.0672944531534823
2019-04-22 00:00:00,2.0672944531534823
2019-04-23 00:00:00,2.0672944531534823
2019-04-24 00:00:00,2.0672944531534823
2019-04-25 00:00:00,2.0672944531534823
2019-04-26 00:00:00,2.0672944531534823
2019-04-29 00:00:00,2.0672944531534823
2019-04-30 00:00:00,2.0672944531534823
2019-05-01 00:00:00,2.0672944531534823
2019-05-02 00:00:00,2.0672944531534823
2019-05-03 00:00:00,2.0672944531534823
2019-05-06 00:00:00,2.0672944531534823
2019-05-07 00:00:00,2.0672944531534823
2019-05-08 00:00:00,2.0672944531534823
2019-05-09 00:00:00,2.0672944531534823
2019-05-10 00:00:00,2.0672944531534823
2019-05-13 00:00:00,2.0672944531534823
2019-05-14 00:00:00,2.0672944531534823
2019-05-15 00:00:00,2.0672944531534823
2019-05-16 00:00:00,2.0672944531534823
2019-05-17 00:00:00,2.0672944531534823
2019-05-20 00:00:00,2.0672944531534823
2019-05-21 00:00:00,2.0672944531534823
2019-05-22 00:00:00,2.0672944531534823
2019-05-23 00:00:00,2.0672944531534823
2019-05-24 00:00:00,2.0672944531534823
2019-05-28 00:00:00,2.0672944531534823
2019-05-29 00:00:00,2.0672944531534823
2019-05-30 00:00:00,2.0672944531534823
2019-05-31 00:00:00,2.0672944531534823
2019-06-03 00:00:00,2.0672944531534823
2019-06-04 00:00:00,2.0672944531534823
2019-06-05 00:00:00,2.0672944531534823
2019-06-06 00:00:00,2.0672944531534823
2019-06-07 00:00:00,2.0672944531534823
2019-06-10 00:00:00,2.0672944531534823
2019-06-11 00:00:00,2.0672944531534823
2019-06-12 00:00:00,2.0672944531534823
2019-06-13 00:00:00,2.0672944531534823
2019-06-14 00:00:00,2.0672944531534823
2019-06-17 00:00:00,2.0672944531534823
2019-06-18 00:00:00,2.0672944531534823
2019-06-19 00:00:00,2.0672944531534823
2019-06-20 00:00:00,2.0672944531534823
2019-06-21 00:00:00,2.0672944531534823
2019-06-24 00:00:00,2.036759137312656
2019-06-25 00:00:00,2.0243039426933715
2019-06-26 00:00:00,2.03084300022459
2019-06-27 00:00:00,2.03084300022459
2019-06-28 00:00:00,2.03084300022459
2019-07-01 00:00:00,2.03084300022459
2019-07-02 00:00:00,2.03084300022459
2019-07-03 00:00:00,2.03084300022459
2019-07-05 00:00:00,2.0463854992294603
2019-07-08 00:00:00,2.0269247231645386
2019-07-09 00:00:00,2.029667517106575
2019-07-10 00:00:00,2.0331939664606202
2019-07-11 00:00:00,2.0232676645751577
2019-07-12 00:00:00,2.038940772815363
2019-07-15 00:00:00,2.028230815517889
2019-07-16 00:00:00,2.027577769341214
2019-07-17 00:00:00,2.013080144219024
2019-07-18 00:00:00,2.0206554798684566
2019-07-19 00:00:00,2.009031257923638
2019-07-22 00:00:00,2.0072027286289473
2019-07-23 00:00:00,2.0205248706331216
2019-07-24 00:00:00,2.0539608348788922
2019-07-25 00:00:00,2.0291450801652346
2019-07-26 00:00:00,2.0531771794668825
2019-07-29 00:00:00,2.039463209756703
2019-07-30 00:00:00,2.061536170528325
2019-07-31 00:00:00,2.0448181884054395
2019-08-01 00:00:00,2.015169891984385
2019-08-02 00:00:00,1.9928357127420924
2019-08-05 00:00:00,1.9554527896481904
2019-08-06 00:00:00,1.9614938123697363
2019-08-07 00:00:00,1.960968506046123
2019-08-08 00:00:00,2.0032556650969435
2019-08-09 00:00:00,1.9780409615635353
2019-08-12 00:00:00,1.9666213273945197
2019-08-13 00:00:00,1.9666213273945197
2019-08-14 00:00:00,1.9666213273945197
2019-08-15 00:00:00,1.9666213273945197
2019-08-16 00:00:00,1.9666213273945197
2019-08-19 00:00:00,1.9666213273945197
2019-08-20 00:00:00,1.9666213273945197
2019-08-21 00:00:00,1.9666213273945197
2019-08-22 00:00:00,1.9666213273945197
2019-08-23 00:00:00,1.9666213273945197
2019-08-26 00:00:00,1.9666213273945197
2019-08-27 00:00:00,1.9666213273945197
2019-08-28 00:00:00,1.9666213273945197
2019-08-29 00:00:00,1.9666213273945197
2019-08-30 00:00:00,1.9666213273945197
2019-09-03 00:00:00,1.9666213273945197
2019-09-04 00:00:00,1.9666213273945197
2019-09-05 00:00:00,1.9666213273945197
2019-09-06 00:00:00,1.9666213273945197
2019-09-09 00:00:00,1.9666213273945197
2019-09-10 00:00:00,1.9666213273945197
2019-09-11 00:00:00,1.9666213273945197
2019-09-12 00:00:00,1.9666213273945197
2019-09-13 00:00:00,1.9666213273945197
2019-09-16 00:00:00,1.9666213273945197
2019-09-17 00:00:00,1.9679857202144415
2019-09-18 00:00:00,1.9578052507119474
2019-09-19 00:00:00,1.949828800380096
2019-09-20 00:00:00,1.9463653416833715
2019-09-23 00:00:00,1.9451059021572896
2019-09-24 00:00:00,1.9148793535313275
2019-09-25 00:00:00,1.9324065536026318
2019-09-26 00:00:00,1.9143545870621268
2019-09-27 00:00:00,1.898170598299793
2019-09-30 00:00:00,1.8977944001234768
2019-10-01 00:00:00,1.860550780668166
2019-10-02 00:00:00,1.8465060487523586
2019-10-03 00:00:00,1.8200773449897745
2019-10-04 00:00:00,1.8200773449897745
2019-10-07 00:00:00,1.8200773449897745
2019-10-08 00:00:00,1.8200773449897745
2019-10-09 00:00:00,1.8200773449897745
2019-10-10 00:00:00,1.8200773449897745
2019-10-11 00:00:00,1.8200773449897745
2019-10-14 00:00:00,1.8200773449897745
2019-10-15 00:00:00,1.8200773449897745
2019-10-16 00:00:00,1.8200773449897745
2019-10-17 00:00:00,1.8200773449897745
2019-10-18 00:00:00,1.8200773449897745
2019-10-21 00:00:00,1.8200773449897745
2019-10-22 00:00:00,1.8200773449897745
2019-10-23 00:00:00,1.8200773449897745
2019-10-24 00:00:00,1.8200773449897745
2019-10-25 00:00:00,1.8329672436710744
2019-10-28 00:00:00,1.8488135411324889
2019-10-29 00:00:00,1.8548445946439227
2019-10-30 00:00:00,1.8486952851812843
2019-10-31 00:00:00,1.8382887614752803
2019-11-01 00:00:00,1.8696265885444958
2019-11-04 00:00:00,1.8796783443968856
2019-11-05 00:00:00,1.8820434634209775
2019-11-06 00:00:00,1.8711639159101554
2019-11-07 00:00:00,1.876130665860748
2019-11-08 00:00:00,1.8812156717625454
2019-11-11 00:00:00,1.8776679932264075
2019-11-12 00:00:00,1.8782592729824306
2019-11-13 00:00:00,1.8702178683005188
2019-11-14 00:00:00,1.8696265885444958
2019-11-15 00:00:00,1.8793235765432719
2019-11-18 00:00:00,1.8745933384950886
2019-11-19 00:00:00,1.8815704396161592
2019-11-20 00:00:00,1.8744750825438836
2019-11-21 00:00:00,1.8652511183499259
2019-11-22 00:00:00,1.871045659958951
2019-11-25 00:00:00,1.910779659563692
2019-11-26 00:00:00,1.912080475026942
2019-11-27 00:00:00,1.925561653464265
2019-11-29 00:00:00,1.9130265226365788
2019-12-02 00:00:00,1.8943420823462542
2019-12-03 00:00:00,1.8883110288348204
2019-12-04 00:00:00,1.9013191834673246
2019-12-05 00:00:00,1.903211278686598
2019-12-06 00:00:00,1.92544339751306
2019-12-09 00:00:00,1.921777463025718
2019-12-10 00:00:00,1.922960022537764
2019-12-11 00:00:00,1.922368742781741
2019-12-12 00:00:00,1.938924575950383
2019-12-13 00:00:00,1.931474451024494
2019-12-16 00:00:00,1.9379785283407462
2019-12-17 00:00:00,1.9476755163395223
2019-12-18 00:00:00,1.9514597067780692
2019-12-19 00:00:00,1.9598558793135945
2019-12-20 00:00:00,1.9626940221425047
2019-12-23 00:00:00,1.9665964685322561
2019-12-24 00:00:00,1.9710901946780301
2019-12-26 00:00:00,1.9710901946780301
2019-12-27 00:00:00,1.9613932066792545
2019-12-30 00:00:00,1.9564264567286613
2019-12-31 00:00:00,1.959146343606367
2020-01-02 00:00:00,1.9604471590696178
2020-01-03 00:00:00,1.9527605222413194
2020-01-06 00:00:00,1.95536215316782
2020-01-07 00:00:00,1.9488580758515683
2020-01-08 00:00:00,1.954889129363002
2020-01-09 00:00:00,1.9572542483870934
2020-01-10 00:00:00,1.9499223794124092
2020-01-13 00:00:00,1.9625757661913001
2020-01-14 00:00:00,1.9697893792147796
2020-01-15 00:00:00,1.9792498553111466
2020-01-16 00:00:00,2.004793140771337
2020-01-17 00:00:00,1.9993533670159263
2020-01-21 00:00:00,1.9827975338472839
2020-01-22 00:00:00,1.9814967183840335
2020-01-23 00:00:00,1.980195902920783
2020-01-24 00:00:00,1.9558351769726383
2020-01-27 00:00:00,1.9336030581461765
2020-01-28 00:00:00,1.9496858675100004
2020-01-29 00:00:00,1.9385698080967693
2020-01-30 00:00:00,1.9385698080967693
2020-01-31 00:00:00,1.8983627846872102
2020-02-03 00:00:00,1.919530599952831
2020-02-04 00:00:00,1.9485033079979546
2020-02-05 00:00:00,1.978540319603919
2020-02-06 00:00:00,1.974046593458145
2020-02-07 00:00:00,1.9498041234612047
2020-02-10 00:00:00,1.9608019269232313
2020-02-11 00:00:00,1.9744013613117588
2020-02-12 00:00:00,1.988000795700286
2020-02-13 00:00:00,1.9932040575532877
2020-02-14 00:00:00,1.9855174207249895
2020-02-18 00:00:00,1.9812602064816243
2020-02-19 00:00:00,1.991430218285219
2020-02-20 00:00:00,1.9962787122846068
2020-02-21 00:00:00,1.9760569446286227
2020-02-24 00:00:00,1.916574201172716
2020-02-25 00:00:00,1.848458773278875
2020-02-26 00:00:00,1.8270544461108453
2020-02-27 00:00:00,1.7627232086555504
2020-02-28 00:00:00,1.712209422260424
2020-03-02 00:00:00,1.7446067796004276
2020-03-03 00:00:00,1.711997674826829
2020-03-04 00:00:00,1.7360396054856424
2020-03-05 00:00:00,1.7360396054856424
2020-03-06 00:00:00,1.7360396054856424
2020-03-09 00:00:00,1.7360396054856424
2020-03-10 00:00:00,1.7360396054856424
2020-03-11 00:00:00,1.7360396054856424
2020-03-12 00:00:00,1.7360396054856424
2020-03-13 00:00:00,1.7360396054856424
2020-03-16 00:00:00,1.7360396054856424
2020-03-17 00:00:00,1.7360396054856424
2020-03-18 00:00:00,1.7360396054856424
2020-03-19 00:00:00,1.7360396054856424
2020-03-20 00:00:00,1.7360396054856424
2020-03-23 00:00:00,1.7360396054856424
2020-03-24 00:00:00,1.7360396054856424
2020-03-25 00:00:00,1.7360396054856424
2020-03-26 00:00:00,1.7360396054856424
2020-03-27 00:00:00,1.7360396054856424
2020-03-30 00:00:00,1.7360396054856424
2020-03-31 00:00:00,1.7360396054856424
2020-04-01 00:00:00,1.7360396054856424
2020-04-02 00:00:00,1.7360396054856424
2020-04-03 00:00:00,1.7360396054856424
2020-04-06 00:00:00,1.7360396054856424
2020-04-07 00:00:00,1.7360396054856424
2020-04-08 00:00:00,1.7360396054856424
2020-04-09 00:00:00,1.7360396054856424
2020-04-13 00:00:00,1.7360396054856424
2020-04-14 00:00:00,1.7360396054856424
2020-04-15 00:00:00,1.7360396054856424
2020-04-16 00:00:00,1.7360396054856424
2020-04-17 00:00:00,1.7360396054856424
2020-04-20 00:00:00,1.7360396054856424
2020-04-21 00:00:00,1.7360396054856424
2020-04-22 00:00:00,1.7360396054856424
2020-04-23 00:00:00,1.7360396054856424
2020-04-24 00:00:00,1.7360396054856424
2020-04-27 00:00:00,1.7360396054856424
2020-04-28 00:00:00,1.7360396054856424
2020-04-29 00:00:00,1.7360396054856424
2020-04-30 00:00:00,1.7360396054856424
2020-05-01 00:00:00,1.7360396054856424
2020-05-04 00:00:00,1.7360396054856424
2020-05-05 00:00:00,1.7360396054856424
2020-05-06 00:00:00,1.7360396054856424
2020-05-07 00:00:00,1.7360396054856424
2020-05-08 00:00:00,1.7360396054856424
2020-05-11 00:00:00,1.7360396054856424
2020-05-12 00:00:00,1.7360396054856424
2020-05-13 00:00:00,1.7360396054856424
2020-05-14 00:00:00,1.7360396054856424
2020-05-15 00:00:00,1.7360396054856424
2020-05-18 00:00:00,1.7360396054856424
2020-05-19 00:00:00,1.7360396054856424
2020-05-20 00:00:00,1.7360396054856424
2020-05-21 00:00:00,1.7360396054856424
2020-05-22 00:00:00,1.7360396054856424
2020-05-26 00:00:00,1.7360396054856424
2020-05-27 00:00:00,1.7360396054856424
2020-05-28 00:00:00,1.7360396054856424
2020-05-29 00:00:00,1.7360396054856424
2020-06-01 00:00:00,1.7360396054856424
2020-06-02 00:00:00,1.7360396054856424
2020-06-03 00:00:00,1.7360396054856424
2020-06-04 00:00:00,1.7360396054856424
2020-06-05 00:00:00,1.7360396054856424
2020-06-08 00:00:00,1.7360396054856424
2020-06-09 00:00:00,1.7360396054856424
2020-06-10 00:00:00,1.7360396054856424
2020-06-11 00:00:00,1.7360396054856424
2020-06-12 00:00:00,1.7360396054856424
2020-06-15 00:00:00,1.7360396054856424
2020-06-16 00:00:00,1.7360396054856424
2020-06-17 00:00:00,1.7360396054856424
2020-06-18 00:00:00,1.7360396054856424
2020-06-19 00:00:00,1.7360396054856424
2020-06-22 00:00:00,1.7360396054856424
2020-06-23 00:00:00,1.7360396054856424
2020-06-24 00:00:00,1.7360396054856424
2020-06-25 00:00:00,1.7360396054856424
2020-06-26 00:00:00,1.7360396054856424
2020-06-29 00:00:00,1.7360396054856424
2020-06-30 00:00:00,1.7360396054856424
2020-07-01 00:00:00,1.7360396054856424
2020-07-02 00:00:00,1.7360396054856424
2020-07-06 00:00:00,1.7360396054856424
2020-07-07 00:00:00,1.7360396054856424
2020-07-08 00:00:00,1.7360396054856424
2020-07-09 00:00:00,1.7360396054856424
2020-07-10 00:00:00,1.7360396054856424
2020-07-13 00:00:00,1.7360396054856424
2020-07-14 00:00:00,1.7360396054856424
2020-07-15 00:00:00,1.7360396054856424
2020-07-16 00:00:00,1.7360396054856424
2020-07-17 00:00:00,1.7360396054856424
2020-07-20 00:00:00,1.7360396054856424
2020-07-21 00:00:00,1.7360396054856424
2020-07-22 00:00:00,1.7360396054856424
2020-07-23 00:00:00,1.7360396054856424
2020-07-24 00:00:00,1.7360396054856424
2020-07-27 00:00:00,1.7360396054856424
2020-07-28 00:00:00,1.7360396054856424
2020-07-29 00:00:00,1.7360396054856424
2020-07-30 00:00:00,1.7360396054856424
2020-07-31 00:00:00,1.7360396054856424
2020-08-03 00:00:00,1.7360396054856424
2020-08-04 00:00:00,1.7360396054856424
2020-08-05 00:00:00,1.7360396054856424
2020-08-06 00:00:00,1.7360396054856424
2020-08-07 00:00:00,1.7360396054856424
2020-08-10 00:00:00,1.7360396054856424
2020-08-11 00:00:00,1.7360396054856424
2020-08-12 00:00:00,1.7360396054856424
2020-08-13 00:00:00,1.7360396054856424
2020-08-14 00:00:00,1.7360396054856424
2020-08-17 00:00:00,1.7360396054856424
2020-08-18 00:00:00,1.7360396054856424
2020-08-19 00:00:00,1.7360396054856424
2020-08-20 00:00:00,1.7360396054856424
2020-08-21 00:00:00,1.7360396054856424
2020-08-24 00:00:00,1.7360396054856424
2020-08-25 00:00:00,1.7360396054856424
2020-08-26 00:00:00,1.7360396054856424
2020-08-27 00:00:00,1.7360396054856424
2020-08-28 00:00:00,1.7360396054856424
2020-08-31 00:00:00,1.7360396054856424
2020-09-01 00:00:00,1.7360396054856424
2020-09-02 00:00:00,1.7360396054856424
2020-09-03 00:00:00,1.7360396054856424
2020-09-04 00:00:00,1.7035954769649102
2020-09-08 00:00:00,1.6616979245710435
2020-09-09 00:00:00,1.6693792859076328
2020-09-10 00:00:00,1.6476520066984228
2020-09-11 00:00:00,1.636678633360438
2020-09-14 00:00:00,1.6798039905787185
2020-09-15 00:00:00,1.6829862688467339
2020-09-16 00:00:00,1.6988976601868118
2020-09-17 00:00:00,1.6864977483148893
2020-09-18 00:00:00,1.682108398979695
2020-09-21 00:00:00,1.6231813841547165
2020-09-22 00:00:00,1.6356910297600193
2020-09-23 00:00:00,1.580933896803475
2020-09-24 00:00:00,1.5790772877698647
2020-09-25 00:00:00,1.6088699229287384
2020-09-28 00:00:00,1.6450825198726895
2020-09-29 00:00:00,1.638261310476045
2020-09-30 00:00:00,1.6427753461061771
2020-10-01 00:00:00,1.6667498908973248
2020-10-02 00:00:00,1.6734707883910775
2020-10-05 00:00:00,1.7158024114114303
2020-10-06 00:00:00,1.711288375781298
2020-10-07 00:00:00,1.745595046570304
2020-10-08 00:00:00,1.7638518128966174
2020-10-09 00:00:00,1.7722780127395312
2020-10-12 00:00:00,1.7832120101547408
2020-10-13 00:00:00,1.7722780127395312
2020-10-14 00:00:00,1.7561277963739463
2020-10-15 00:00:00,1.7727795722539903
2020-10-16 00:00:00,1.768767096138317
2020-10-19 00:00:00,1.749306586977302
2020-10-20 00:00:00,1.7528175035785158
2020-10-21 00:00:00,1.738974460979443
2020-10-22 00:00:00,1.7665602342746967
2020-10-23 00:00:00,1.775989553146529
2020-10-26 00:00:00,1.7406797633286046
2020-10-27 00:00:00,1.7269370326324234
2020-10-28 00:00:00,1.6780851359241018
2020-10-29 00:00:00,1.6964422141533066
2020-10-30 00:00:00,1.6758782740604818
2020-11-02 00:00:00,1.7032634235499515
2020-11-03 00:00:00,1.7476012846281408
2020-11-04 00:00:00,1.7494068988801934
2020-11-05 00:00:00,1.7944469432786256
2020-11-06 00:00:00,1.7815067078055795
2020-11-09 00:00:00,1.8409916662204353
2020-11-10 00:00:00,1.8725899156313621
2020-11-11 00:00:00,1.8718877323111192
2020-11-12 00:00:00,1.845305078044784
2020-11-13 00:00:00,1.8806148678627086
2020-11-16 00:00:00,1.9220436837570347
2020-11-17 00:00:00,1.9303695716970568
2020-11-18 00:00:00,1.905291595974099
2020-11-19 00:00:00,1.9188337028644964
2020-11-20 00:00:00,1.9207396290194412
2020-11-23 00:00:00,1.9540431807795287
2020-11-24 00:00:00,1.9881492277627515
2020-11-25 00:00:00,1.9818295778805661
2020-11-27 00:00:00,1.989653906306129
2020-11-30 00:00:00,1.9560494188373658
2020-12-01 00:00:00,1.972901818523193
2020-12-02 00:00:00,1.974807744678138
2020-12-03 00:00:00,1.9851398706759964
2020-12-04 00:00:00,2.0280733651137
2020-12-07 00:00:00,2.029878979365753
2020-12-08 00:00:00,2.0541544598655763
2020-12-09 00:00:00,2.040211105363612
2020-12-10 00:00:00,2.0585681835928167
2020-12-11 00:00:00,2.0491388647209847
2020-12-14 00:00:00,2.045427324313987
2020-12-15 00:00:00,2.0930754781876066
2020-12-16 00:00:00,2.0860536449851783
2020-12-17 00:00:00,2.1092256945531913
2020-12-18 00:00:00,2.0996960637784676
2020-12-21 00:00:00,2.0986929447495495
2020-12-22 00:00:00,2.1209621871915356
2020-12-23 00:00:00,2.1378145868773633
2020-12-24 00:00:00,2.1365105321397695
2020-12-28 00:00:00,2.1290874513257743
2020-12-29 00:00:00,2.090567680615311
2020-12-30 00:00:00,2.1104294373878933
2020-12-31 00:00:00,2.1069185207866794
2021-01-04 00:00:00,2.0812386736463706
2021-01-05 00:00:00,2.1112319326110285
2021-01-06 00:00:00,2.19188270253606
2021-01-07 00:00:00,2.2283962351886863
2021-01-08 00:00:00,2.2238821995585543
2021-01-11 00:00:00,2.2220765853065014
2021-01-12 00:00:00,2.2593926131822624
2021-01-13 00:00:00,2.244245515845596
2021-01-14 00:00:00,2.286276203157273
2021-01-15 00:00:00,2.254276706134779
2021-01-19 00:00:00,2.2813609199155733
2021-01-20 00:00:00,2.2907902387874053
2021-01-21 00:00:00,2.272132224849525
2021-01-22 00:00:00,2.296909264863807
2021-01-25 00:00:00,2.2948027149030787
2021-01-26 00:00:00,2.279856241372196
2021-01-27 00:00:00,2.24063428734149
2021-01-28 00:00:00,2.2339133898477375
2021-01-29 00:00:00,2.2022148285339185
2021-02-01 00:00:00,2.2528723394942936
2021-02-02 00:00:00,2.2829659103618427
2021-02-03 00:00:00,2.2893858721469202
2021-02-04 00:00:00,2.33322217371065
2021-02-05 00:00:00,2.3636166802868748
2021-02-08 00:00:00,2.4203932173236513
2021-02-09 00:00:00,2.431126590933077
2021-02-10 00:00:00,2.4160798054993022
2021-02-11 00:00:00,2.413471696024115
2021-02-12 00:00:00,2.419891657809192
2021-02-16 00:00:00,2.4055470556956604
2021-02-17 00:00:00,2.387791848883806
2021-02-18 00:00:00,2.3529836185803408
2021-02-19 00:00:00,2.399127093910583
2021-02-22 00:00:00,2.3844815560883754
2021-02-23 00:00:00,2.364720111218685
2021-02-24 00:00:00,2.4172835483340043
2021-02-25 00:00:00,2.3331218618077583
2021-02-26 00:00:00,2.3301125047210034
2021-03-01 00:00:00,2.407954541365064
2021-03-02 00:00:00,2.3643188636071173
2021-03-03 00:00:00,2.3402440069130783
2021-03-04 00:00:00,2.278752810440386
2021-03-05 00:00:00,2.3240937905474937
2021-03-08 00:00:00,2.334425916545352
2021-03-09 00:00:00,2.380569391875594
2021-03-10 00:00:00,2.419490410197625
2021-03-11 00:00:00,2.46964636164354
2021-03-12 00:00:00,2.483389092339721
2021-03-15 00:00:00,2.4917149802797427
2021-03-16 00:00:00,2.452392714346145
2021-03-17 00:00:00,2.470549168769567
2021-03-18 00:00:00,2.399628653425042
2021-03-19 00:00:00,2.4166816769166535
2021-03-22 00:00:00,2.39952834152215
2021-03-23 00:00:00,2.3175735168595244
2021-03-24 00:00:00,2.267216941607825
2021-03-25 00:00:00,2.313561040743851
2021-03-26 00:00:00,2.3531842423861242
2021-03-29 00:00:00,2.2908905506902975
2021-03-30 00:00:00,2.327103147634248
2021-03-31 00:00:00,2.3564945351815547
2021-04-01 00:00:00,2.3845818679912676
2021-04-05 00:00:00,2.3969202320469627
2021-04-06 00:00:00,2.3902996464561017
2021-04-07 00:00:00,2.353986737609259
2021-04-08 00:00:00,2.3727450634500316
2021-04-09 00:00:00,2.373045999158707
2021-04-12 00:00:00,2.3643188636071173
2021-04-13 00:00:00,2.358500773239391
2021-04-14 00:00:00,2.3803687680698102
2021-04-15 00:00:00,2.3900990226503183
2021-04-16 00:00:00,2.3937102511544244
2021-04-19 00:00:00,2.3644191755100095
2021-04-20 00:00:00,2.318877571597118
2021-04-21 00:00:00,2.3721431920326803
2021-04-22 00:00:00,2.3629144969666322
2021-04-23 00:00:00,2.4048448723754174
2021-04-26 00:00:00,2.428418169554998
2021-04-27 00:00:00,2.4318287742533196
2021-04-28 00:00:00,2.4357409384661013
2021-04-29 00:00:00,2.4272144267202957
2021-04-30 00:00:00,2.396117736823828
2021-05-03 00:00:00,2.40715204614193
2021-05-04 00:00:00,2.380067832361135
2021-05-05 00:00:00,2.371140073003762
2021-05-06 00:00:00,2.373045999158707
2021-05-07 00:00:00,2.4011333319684196
2021-05-10 00:00:00,2.3436546116114005
2021-05-11 00:00:00,2.336632778408972
2021-05-12 00:00:00,2.2653110154528804
2021-05-13 00:00:00,2.304432657580694
2021-05-14 00:00:00,2.3572970304046894
2021-05-17 00:00:00,2.3603063874914443
2021-05-18 00:00:00,2.3434539878056166
2021-05-19 00:00:00,2.3265012762168973
2021-05-20 00:00:00,2.329135707535404
2021-05-21 00:00:00,2.329135707535404
2021-05-24 00:00:00,2.329135707535404
2021-05-25 00:00:00,2.329135707535404
2021-05-26 00:00:00,2.329135707535404
2021-05-27 00:00:00,2.329135707535404
2021-05-28 00:00:00,2.329135707535404
2021-06-01 00:00:00,2.329135707535404
2021-06-02 00:00:00,2.329135707535404
2021-06-03 00:00:00,2.329135707535404
2021-06-04 00:00:00,2.327504977753169
2021-06-07 00:00:00,2.3585907642270305
2021-06-08 00:00:00,2.3834593934061203
2021-06-09 00:00:00,2.3676616986407146
2021-06-10 00:00:00,2.3466660526944345
2021-06-11 00:00:00,2.371330840650744
2021-06-14 00:00:00,2.364400239076244
2021-06-15 00:00:00,2.3576734787245233
2021-06-16 00:00:00,2.3526793687664274
2021-06-17 00:00:00,2.326383851027882
2021-06-18 00:00:00,2.2737928155507907
2021-06-21 00:00:00,2.3222051059609035
2021-06-22 00:00:00,2.3327029289340437
2021-06-23 00:00:00,2.340346974788272
2021-06-24 00:00:00,2.373267332267149
2021-06-25 00:00:00,2.3772422361113477
2021-06-28 00:00:00,2.3584888436156404
2021-06-29 00:00:00,2.3472775763627727
2021-06-30 00:00:00,2.3475833381969418
2021-07-01 00:00:00,2.368171301697663
2021-07-02 00:00:00,2.345748767191927
2021-07-06 00:00:00,2.3118092035991533
2021-07-07 00:00:00,2.2904058752073135
2021-07-08 00:00:00,2.269410229261033
2021-07-09 00:00:00,2.317109075391418
2021-07-12 00:00:00,2.3190455670078225
2021-07-13 00:00:00,2.275525465944416
2021-07-14 00:00:00,2.240566696237745
2021-07-15 00:00:00,2.2279512011409586
2021-07-16 00:00:00,2.1784929749590547
2021-07-19 00:00:00,2.1258828681109483
2021-07-20 00:00:00,2.1258828681109483
2021-07-21 00:00:00,2.1258828681109483
2021-07-22 00:00:00,2.1258828681109483
2021-07-23 00:00:00,2.1258828681109483
2021-07-26 00:00:00,2.1258828681109483
2021-07-27 00:00:00,2.1258828681109483
2021-07-28 00:00:00,2.1258828681109483
2021-07-29 00:00:00,2.1258828681109483
2021-07-30 00:00:00,2.1258828681109483
2021-08-02 00:00:00,2.1258828681109483
2021-08-03 00:00:00,2.1258828681109483
2021-08-04 00:00:00,2.1258828681109483
2021-08-05 00:00:00,2.1258828681109483
2021-08-06 00:00:00,2.1258828681109483
2021-08-09 00:00:00,2.1258828681109483
2021-08-10 00:00:00,2.1258828681109483
2021-08-11 00:00:00,2.1258828681109483
2021-08-12 00:00:00,2.1258828681109483
2021-08-13 00:00:00,2.1258828681109483
2021-08-16 00:00:00,2.1258828681109483
2021-08-17 00:00:00,2.1258828681109483
2021-08-18 00:00:00,2.1258828681109483
2021-08-19 00:00:00,2.1258828681109483
2021-08-20 00:00:00,2.1258828681109483
2021-08-23 00:00:00,2.1258828681109483
2021-08-24 00:00:00,2.1258828681109483
2021-08-25 00:00:00,2.1258828681109483
2021-08-26 00:00:00,2.1258828681109483
2021-08-27 00:00:00,2.1258828681109483
2021-08-30 00:00:00,2.1258828681109483
2021-08-31 00:00:00,2.1258828681109483
2021-09-01 00:00:00,2.1258828681109483
2021-09-02 00:00:00,2.1258828681109483
2021-09-03 00:00:00,2.1258828681109483
2021-09-07 00:00:00,2.1258828681109483
2021-09-08 00:00:00,2.1258828681109483
2021-09-09 00:00:00,2.1258828681109483
2021-09-10 00:00:00,2.1258828681109483
2021-09-13 00:00:00,2.1258828681109483
2021-09-14 00:00:00,2.1258828681109483
2021-09-15 00:00:00,2.1258828681109483
2021-09-16 00:00:00,2.1258828681109483
2021-09-17 00:00:00,2.1258828681109483
2021-09-20 00:00:00,2.1258828681109483
2021-09-21 00:00:00,2.1258828681109483
2021-09-22 00:00:00,2.1258828681109483
2021-09-23 00:00:00,2.1258828681109483
2021-09-24 00:00:00,2.1258828681109483
2021-09-27 00:00:00,2.1258828681109483
2021-09-28 00:00:00,2.1258828681109483
2021-09-29 00:00:00,2.1258828681109483
2021-09-30 00:00:00,2.1258828681109483
2021-10-01 00:00:00,2.1258828681109483
2021-10-04 00:00:00,2.1258828681109483
2021-10-05 00:00:00,2.1258828681109483
2021-10-06 00:00:00,2.1258828681109483
2021-10-07 00:00:00,2.1258828681109483
2021-10-08 00:00:00,2.1258828681109483
2021-10-11 00:00:00,2.1258828681109483
2021-10-12 00:00:00,2.1258828681109483
2021-10-13 00:00:00,2.1258828681109483
2021-10-14 00:00:00,2.1258828681109483
2021-10-15 00:00:00,2.1258828681109483
2021-10-18 00:00:00,2.1258828681109483
2021-10-19 00:00:00,2.1258828681109483
2021-10-20 00:00:00,2.139053802373706
2021-10-21 00:00:00,2.1445103322825623
2021-10-22 00:00:00,2.139430114781213
2021-10-25 00:00:00,2.1597509847866108
2021-10-26 00:00:00,2.1434754731619177
2021-10-27 00:00:00,2.1040567484755215
2021-10-28 00:00:00,2.146015581912592
2021-10-29 00:00:00,2.145451113301331
2021-11-01 00:00:00,2.201051271510543
2021-11-02 00:00:00,2.205661098502508
2021-11-03 00:00:00,2.245079823188904
2021-11-04 00:00:00,2.244233120272013
2021-11-05 00:00:00,2.2749025814838624
2021-11-08 00:00:00,2.2819584391246255
2021-11-09 00:00:00,2.2686934267599907
2021-11-10 00:00:00,2.2329437480467917
2021-11-11 00:00:00,2.2509126655052683
2021-11-12 00:00:00,2.253170539950313
2021-11-15 00:00:00,2.244233120272013
2021-11-16 00:00:00,2.248372556754594
2021-11-17 00:00:00,2.2189261108671428
2021-11-18 00:00:00,2.2095183006794588
2021-11-19 00:00:00,2.189385586877815
2021-11-22 00:00:00,2.180071854792008
2021-11-23 00:00:00,2.1763087307169346
2021-11-24 00:00:00,2.1786606832638555
2021-11-26 00:00:00,2.096530500325374
2021-11-29 00:00:00,2.0952134068990986
2021-11-30 00:00:00,2.044089815692077
2021-12-01 00:00:00,1.953832400358237
2021-12-02 00:00:00,1.9631289323530445
2021-12-03 00:00:00,1.9631289323530445
2021-12-06 00:00:00,1.9631289323530445
2021-12-07 00:00:00,1.9631289323530445
2021-12-08 00:00:00,1.9631289323530445
2021-12-09 00:00:00,1.9631289323530445
2021-12-10 00:00:00,1.9631289323530445
2021-12-13 00:00:00,1.9631289323530445
2021-12-14 00:00:00,1.9631289323530445
2021-12-15 00:00:00,1.9631289323530445
2021-12-16 00:00:00,1.9631289323530445
2021-12-17 00:00:00,1.9631289323530445
2021-12-20 00:00:00,1.9631289323530445
2021-12-21 00:00:00,1.9631289323530445
2021-12-22 00:00:00,1.9631289323530445
2021-12-23 00:00:00,1.9631289323530445
2021-12-27 00:00:00,1.9631289323530445
2021-12-28 00:00:00,1.9631289323530445
2021-12-29 00:00:00,1.9631289323530445
2021-12-30 00:00:00,1.9631289323530445
2021-12-31 00:00:00,1.9631289323530445
2022-01-03 00:00:00,1.9631289323530445
2022-01-04 00:00:00,1.9631289323530445
2022-01-05 00:00:00,1.9631289323530445
2022-01-06 00:00:00,1.9631289323530445
2022-01-07 00:00:00,1.9631289323530445
2022-01-10 00:00:00,1.9631289323530445
2022-01-11 00:00:00,1.9631289323530445
2022-01-12 00:00:00,1.9631289323530445
2022-01-13 00:00:00,1.9631289323530445
2022-01-14 00:00:00,1.9631289323530445
2022-01-18 00:00:00,1.9631289323530445
2022-01-19 00:00:00,1.9631289323530445
2022-01-20 00:00:00,1.9631289323530445
2022-01-21 00:00:00,1.9631289323530445
2022-01-24 00:00:00,1.9631289323530445
2022-01-25 00:00:00,1.9631289323530445
2022-01-26 00:00:00,1.9631289323530445
2022-01-27 00:00:00,1.9631289323530445
2022-01-28 00:00:00,1.9631289323530445
2022-01-31 00:00:00,1.9631289323530445
2022-02-01 00:00:00,1.9631289323530445
2022-02-02 00:00:00,1.9631289323530445
2022-02-03 00:00:00,1.9631289323530445
2022-02-04 00:00:00,1.9631289323530445
2022-02-07 00:00:00,1.9631289323530445
2022-02-08 00:00:00,1.9631289323530445
2022-02-09 00:00:00,1.9631289323530445
2022-02-10 00:00:00,1.9631289323530445
2022-02-11 00:00:00,1.9631289323530445
2022-02-14 00:00:00,1.9631289323530445
2022-02-15 00:00:00,1.9631289323530445
2022-02-16 00:00:00,1.9631289323530445
2022-02-17 00:00:00,1.9631289323530445
2022-02-18 00:00:00,1.9631289323530445
2022-02-22 00:00:00,1.9631289323530445
2022-02-23 00:00:00,1.9631289323530445
2022-02-24 00:00:00,1.9631289323530445
2022-02-25 00:00:00,1.9631289323530445
2022-02-28 00:00:00,1.9631289323530445
2022-03-01 00:00:00,1.9631289323530445
2022-03-02 00:00:00,1.9631289323530445
2022-03-03 00:00:00,1.9631289323530445
2022-03-04 00:00:00,1.9631289323530445
2022-03-07 00:00:00,1.9631289323530445
2022-03-08 00:00:00,1.9631289323530445
2022-03-09 00:00:00,1.9631289323530445
2022-03-10 00:00:00,1.9631289323530445
2022-03-11 00:00:00,1.9631289323530445
2022-03-14 00:00:00,1.9631289323530445
2022-03-15 00:00:00,1.9631289323530445
2022-03-16 00:00:00,1.9631289323530445
2022-03-17 00:00:00,1.9631289323530445
2022-03-18 00:00:00,1.9631289323530445
2022-03-21 00:00:00,1.9631289323530445
2022-03-22 00:00:00,1.9631289323530445
2022-03-23 00:00:00,1.9631289323530445
2022-03-24 00:00:00,1.9631289323530445
2022-03-25 00:00:00,1.9631289323530445
2022-03-28 00:00:00,1.9631289323530445
2022-03-29 00:00:00,1.9631289323530445
2022-03-30 00:00:00,1.9631289323530445
2022-03-31 00:00:00,1.9631289323530445
2022-04-01 00:00:00,1.9631289323530445
2022-04-04 00:00:00,1.9631289323530445
2022-04-05 00:00:00,1.9631289323530445
2022-04-06 00:00:00,1.9631289323530445
2022-04-07 00:00:00,1.9631289323530445
2022-04-08 00:00:00,1.9631289323530445
2022-04-11 00:00:00,1.9631289323530445
2022-04-12 00:00:00,1.9631289323530445
2022-04-13 00:00:00,1.9631289323530445
2022-04-14 00:00:00,1.9631289323530445
2022-04-18 00:00:00,1.9631289323530445
2022-04-19 00:00:00,1.9631289323530445
2022-04-20 00:00:00,1.9631289323530445
2022-04-21 00:00:00,1.9631289323530445
2022-04-22 00:00:00,1.9631289323530445
2022-04-25 00:00:00,1.9631289323530445
2022-04-26 00:00:00,1.9631289323530445
2022-04-27 00:00:00,1.9631289323530445
2022-04-28 00:00:00,1.9631289323530445
2022-04-29 00:00:00,1.9631289323530445
2022-05-02 00:00:00,1.9631289323530445
2022-05-03 00:00:00,1.9631289323530445
2022-05-04 00:00:00,1.9631289323530445
2022-05-05 00:00:00,1.9631289323530445
2022-05-06 00:00:00,1.9631289323530445
2022-05-09 00:00:00,1.9631289323530445
2022-05-10 00:00:00,1.9631289323530445
2022-05-11 00:00:00,1.9631289323530445
2022-05-12 00:00:00,1.9631289323530445
2022-05-13 00:00:00,1.9631289323530445
2022-05-16 00:00:00,1.9631289323530445
2022-05-17 00:00:00,1.9631289323530445
2022-05-18 00:00:00,1.9631289323530445
2022-05-19 00:00:00,1.9631289323530445
2022-05-20 00:00:00,1.9631289323530445
2022-05-23 00:00:00,1.9631289323530445
2022-05-24 00:00:00,1.9631289323530445
2022-05-25 00:00:00,1.9631289323530445
2022-05-26 00:00:00,1.9631289323530445
2022-05-27 00:00:00,1.9631289323530445
2022-05-31 00:00:00,1.9631289323530445
2022-06-01 00:00:00,1.9631289323530445
2022-06-02 00:00:00,1.9631289323530445
2022-06-03 00:00:00,1.9631289323530445
2022-06-06 00:00:00,1.9631289323530445
2022-06-07 00:00:00,1.9631289323530445
2022-06-08 00:00:00,1.9631289323530445
2022-06-09 00:00:00,1.9631289323530445
2022-06-10 00:00:00,1.9631289323530445
2022-06-13 00:00:00,1.9631289323530445
2022-06-14 00:00:00,1.9631289323530445
2022-06-15 00:00:00,1.9631289323530445
2022-06-16 00:00:00,1.9631289323530445
2022-06-17 00:00:00,1.9631289323530445
2022-06-21 00:00:00,1.9631289323530445
2022-06-22 00:00:00,1.9631289323530445
2022-06-23 00:00:00,1.9631289323530445
2022-06-24 00:00:00,1.9631289323530445
2022-06-27 00:00:00,1.9631289323530445
2022-06-28 00:00:00,1.9631289323530445
2022-06-29 00:00:00,1.9631289323530445
2022-06-30 00:00:00,1.9631289323530445
2022-07-01 00:00:00,1.9631289323530445
2022-07-05 00:00:00,1.9631289323530445
2022-07-06 00:00:00,1.9631289323530445
2022-07-07 00:00:00,1.9631289323530445
2022-07-08 00:00:00,1.9631289323530445
2022-07-11 00:00:00,1.9631289323530445
2022-07-12 00:00:00,1.9631289323530445
2022-07-13 00:00:00,1.9631289323530445
2022-07-14 00:00:00,1.9631289323530445
2022-07-15 00:00:00,1.9631289323530445
2022-07-18 00:00:00,1.9631289323530445
2022-07-19 00:00:00,1.9631289323530445
2022-07-20 00:00:00,1.9631289323530445
2022-07-21 00:00:00,1.9631289323530445
2022-07-22 00:00:00,1.9631289323530445
2022-07-25 00:00:00,1.9631289323530445
2022-07-26 00:00:00,1.9631289323530445
2022-07-27 00:00:00,1.9631289323530445
2022-07-28 00:00:00,1.9631289323530445
2022-07-29 00:00:00,1.9631289323530445
2022-08-01 00:00:00,1.9631289323530445
2022-08-02 00:00:00,1.9631289323530445
2022-08-03 00:00:00,1.9631289323530445
2022-08-04 00:00:00,1.9631289323530445
2022-08-05 00:00:00,1.9631289323530445
2022-08-08 00:00:00,1.9631289323530445
2022-08-09 00:00:00,1.9631289323530445
2022-08-10 00:00:00,1.9631289323530445
2022-08-11 00:00:00,1.9631289323530445
2022-08-12 00:00:00,1.9631289323530445
2022-08-15 00:00:00,1.9631289323530445
2022-08-16 00:00:00,1.9631289323530445
2022-08-17 00:00:00,1.9631289323530445
2022-08-18 00:00:00,1.9631289323530445
2022-08-19 00:00:00,1.9631289323530445
2022-08-22 00:00:00,1.9631289323530445
2022-08-23 00:00:00,1.9631289323530445
2022-08-24 00:00:00,1.9631289323530445
2022-08-25 00:00:00,1.9631289323530445
2022-08-26 00:00:00,1.9631289323530445
2022-08-29 00:00:00,1.9631289323530445
2022-08-30 00:00:00,1.9631289323530445
2022-08-31 00:00:00,1.9631289323530445
2022-09-01 00:00:00,1.9631289323530445
2022-09-02 00:00:00,1.9631289323530445
2022-09-06 00:00:00,1.9631289323530445
2022-09-07 00:00:00,1.9631289323530445
2022-09-08 00:00:00,1.9631289323530445
2022-09-09 00:00:00,1.9631289323530445
2022-09-12 00:00:00,1.9631289323530445
2022-09-13 00:00:00,1.9631289323530445
2022-09-14 00:00:00,1.9631289323530445
2022-09-15 00:00:00,1.9631289323530445
2022-09-16 00:00:00,1.9631289323530445
2022-09-19 00:00:00,1.9631289323530445
2022-09-20 00:00:00,1.9631289323530445
2022-09-21 00:00:00,1.9631289323530445
2022-09-22 00:00:00,1.9631289323530445
2022-09-23 00:00:00,1.9631289323530445
2022-09-26 00:00:00,1.9631289323530445
2022-09-27 00:00:00,1.9631289323530445
2022-09-28 00:00:00,1.9631289323530445
2022-09-29 00:00:00,1.9631289323530445
2022-09-30 00:00:00,1.9631289323530445
2022-10-03 00:00:00,1.9631289323530445
2022-10-04 00:00:00,1.9631289323530445
2022-10-05 00:00:00,1.9631289323530445
2022-10-06 00:00:00,1.9631289323530445
2022-10-07 00:00:00,1.9631289323530445
2022-10-10 00:00:00,1.9631289323530445
2022-10-11 00:00:00,1.9631289323530445
2022-10-12 00:00:00,1.9631289323530445
2022-10-13 00:00:00,1.9631289323530445
2022-10-14 00:00:00,1.9631289323530445
2022-10-17 00:00:00,1.9631289323530445
2022-10-18 00:00:00,1.9631289323530445
2022-10-19 00:00:00,1.9631289323530445
2022-10-20 00:00:00,1.9631289323530445
2022-10-21 00:00:00,1.9631289323530445
2022-10-24 00:00:00,1.9631289323530445
2022-10-25 00:00:00,1.9631289323530445
2022-10-26 00:00:00,1.9631289323530445
2022-10-27 00:00:00,1.9631289323530445
2022-10-28 00:00:00,1.9631289323530445
2022-10-31 00:00:00,1.9631289323530445
2022-11-01 00:00:00,1.9631289323530445
2022-11-02 00:00:00,1.9631289323530445
2022-11-03 00:00:00,1.9631289323530445
2022-11-04 00:00:00,1.9631289323530445
2022-11-07 00:00:00,1.9631289323530445
2022-11-08 00:00:00,1.9631289323530445
2022-11-09 00:00:00,1.9631289323530445
2022-11-10 00:00:00,1.9631289323530445
2022-11-11 00:00:00,1.9631289323530445
2022-11-14 00:00:00,1.9631289323530445
2022-11-15 00:00:00,1.9631289323530445
2022-11-16 00:00:00,1.9631289323530445
2022-11-17 00:00:00,1.9631289323530445
2022-11-18 00:00:00,1.9631289323530445
2022-11-21 00:00:00,1.9631289323530445
2022-11-22 00:00:00,1.9631289323530445
2022-11-23 00:00:00,1.9631289323530445
2022-11-25 00:00:00,1.9631289323530445
2022-11-28 00:00:00,1.9631289323530445
2022-11-29 00:00:00,1.9631289323530445
2022-11-30 00:00:00,1.9631289323530445
2022-12-01 00:00:00,1.9631289323530445
2022-12-02 00:00:00,1.9631289323530445
2022-12-05 00:00:00,1.9336089320170462
2022-12-06 00:00:00,1.912893142307574
2022-12-07 00:00:00,1.9089719392554236
2022-12-08 00:00:00,1.9185899844776788
2022-12-09 00:00:00,1.902165322636597
2022-12-12 00:00:00,1.9177021649187014
2022-12-13 00:00:00,1.922585172493077
2022-12-14 00:00:00,1.9137809618665511
2022-12-15 00:00:00,1.8890322833597648
2022-12-16 00:00:00,1.8935001286445634
2022-12-19 00:00:00,1.875001681500484
2022-12-20 00:00:00,1.8821345573060402
2022-12-21 00:00:00,1.8935822742912032
2022-12-22 00:00:00,1.8935822742912032
2022-12-23 00:00:00,1.8935822742912032
2022-12-27 00:00:00,1.8935822742912032
2022-12-28 00:00:00,1.8935822742912032
2022-12-29 00:00:00,1.8935822742912032
2022-12-30 00:00:00,1.8935822742912032
2023-01-03 00:00:00,1.8935822742912032
2023-01-04 00:00:00,1.8935822742912032
2023-01-05 00:00:00,1.8935822742912032
2023-01-06 00:00:00,1.8935822742912032
2023-01-09 00:00:00,1.8935822742912032
2023-01-10 00:00:00,1.8935822742912032
2023-01-11 00:00:00,1.8935822742912032
2023-01-12 00:00:00,1.8935822742912032
2023-01-13 00:00:00,1.8935822742912032
2023-01-17 00:00:00,1.8918787955705558
2023-01-18 00:00:00,1.8632982081463634
2023-01-19 00:00:00,1.8466419717667013
2023-01-20 00:00:00,1.8750332837774888
2023-01-23 00:00:00,1.8967053186123901
2023-01-24 00:00:00,1.8929198103442848
2023-01-25 00:00:00,1.8978409710928212
2023-01-26 00:00:00,1.9083457565368125
2023-01-27 00:00:00,1.9179988026204804
2023-01-30 00:00:00,1.8930144480509874
2023-01-31 00:00:00,1.9359799668939788
2023-02-01 00:00:00,1.9644659166114689
2023-02-02 00:00:00,2.000712158278574
2023-02-03 00:00:00,1.988125343287125
2023-02-06 00:00:00,1.9611535968768767
2023-02-07 00:00:00,1.974781426642055
2023-02-08 00:00:00,1.9477150425251042
2023-02-09 00:00:00,1.921311122355072
2023-02-10 00:00:00,1.924907355209772
2023-02-13 00:00:00,1.946579390044673
2023-02-14 00:00:00,1.9457276506843488
2023-02-15 00:00:00,1.9641820034913613
2023-02-16 00:00:00,1.946579390044673
2023-02-17 00:00:00,1.9515951884999119
2023-02-21 00:00:00,1.8976516956794163
2023-02-22 00:00:00,1.9024782187212501
2023-02-23 00:00:00,1.9151596714194015
2023-02-24 00:00:00,1.898408797333037
2023-02-27 00:00:00,1.90465488597541
2023-02-28 00:00:00,1.9047495236821128
2023-03-01 00:00:00,1.9070208286429757
2023-03-02 00:00:00,1.911279525444594
2023-03-03 00:00:00,1.9361692423073844
2023-03-06 00:00:00,1.9096706844306492
2023-03-07 00:00:00,1.8889450266627745
2023-03-08 00:00:00,1.889796766023098
2023-03-09 00:00:00,1.8406797962444361
2023-03-10 00:00:00,1.809102172269868
2023-03-13 00:00:00,1.816598563310182
2023-03-14 00:00:00,1.8470585826005725
2023-03-15 00:00:00,1.8028487777550637
2023-03-16 00:00:00,1.8028487777550637
2023-03-17 00:00:00,1.8028487777550637
2023-03-20 00:00:00,1.8028487777550637
2023-03-21 00:00:00,1.8028487777550637
2023-03-22 00:00:00,1.8028487777550637
2023-03-23 00:00:00,1.8028487777550637
2023-03-24 00:00:00,1.8028487777550637
2023-03-27 00:00:00,1.8028487777550637
2023-03-28 00:00:00,1.8028487777550637
2023-03-29 00:00:00,1.8028487777550637
2023-03-30 00:00:00,1.8028487777550637
2023-03-31 00:00:00,1.8028487777550637
2023-04-03 00:00:00,1.8028487777550637
2023-04-04 00:00:00,1.8028487777550637
2023-04-05 00:00:00,1.8028487777550637
2023-04-06 00:00:00,1.8028487777550637
2023-04-10 00:00:00,1.8028487777550637
2023-04-11 00:00:00,1.8028487777550637
2023-04-12 00:00:00,1.8028487777550637
2023-04-13 00:00:00,1.8028487777550637
2023-04-14 00:00:00,1.8028487777550637
2023-04-17 00:00:00,1.8028487777550637
2023-04-18 00:00:00,1.8028487777550637
2023-04-19 00:00:00,1.8028487777550637
2023-04-20 00:00:00,1.8028487777550637
2023-04-21 00:00:00,1.8028487777550637
2023-04-24 00:00:00,1.8028487777550637
2023-04-25 00:00:00,1.8028487777550637
2023-04-26 00:00:00,1.8028487777550637
2023-04-27 00:00:00,1.8028487777550637
2023-04-28 00:00:00,1.8028487777550637
2023-05-01 00:00:00,1.8028487777550637
2023-05-02 00:00:00,1.8028487777550637
2023-05-03 00:00:00,1.8028487777550637
2023-05-04 00:00:00,1.8028487777550637
2023-05-05 00:00:00,1.8028487777550637
2023-05-08 00:00:00,1.8028487777550637
2023-05-09 00:00:00,1.8028487777550637
2023-05-10 00:00:00,1.8028487777550637
2023-05-11 00:00:00,1.8028487777550637
2023-05-12 00:00:00,1.8028487777550637
2023-05-15 00:00:00,1.8028487777550637
2023-05-16 00:00:00,1.8028487777550637
2023-05-17 00:00:00,1.8028487777550637
2023-05-18 00:00:00,1.8028487777550637
2023-05-19 00:00:00,1.8028487777550637
2023-05-22 00:00:00,1.8028487777550637
2023-05-23 00:00:00,1.8028487777550637
2023-05-24 00:00:00,1.8028487777550637
2023-05-25 00:00:00,1.8028487777550637
2023-05-26 00:00:00,1.8028487777550637
2023-05-30 00:00:00,1.8028487777550637
2023-05-31 00:00:00,1.8028487777550637
2023-06-01 00:00:00,1.8028487777550637
2023-06-02 00:00:00,1.8028487777550637
2023-06-05 00:00:00,1.8028487777550637
2023-06-06 00:00:00,1.8028487777550637
2023-06-07 00:00:00,1.8028487777550637
2023-06-08 00:00:00,1.8028487777550637
2023-06-09 00:00:00,1.8028487777550637
2023-06-12 00:00:00,1.8028487777550637
2023-06-13 00:00:00,1.8163949605164478
2023-06-14 00:00:00,1.7980303369070547
2023-06-15 00:00:00,1.8119401755814961
2023-06-16 00:00:00,1.7983030788418475
2023-06-20 00:00:00,1.7909390466024373
2023-06-21 00:00:00,1.7870297455370716
2023-06-22 00:00:00,1.7745745305148597
2023-06-23 00:00:00,1.7494822725139065
2023-06-26 00:00:00,1.7511187241226644
2023-06-27 00:00:00,1.7748472724496527
2023-06-28 00:00:00,1.7830295304934414
2023-06-29 00:00:00,1.8023032938854777
2023-06-30 00:00:00,1.8103946379510025
2023-07-03 00:00:00,1.8138493691250466
2023-07-05 00:00:00,1.7968484551896184
2023-07-06 00:00:00,1.7695742617103218
2023-07-07 00:00:00,1.7871206595153362
2023-07-10 00:00:00,1.8158494766468616
2023-07-11 00:00:00,1.8333958744518761
2023-07-12 00:00:00,1.8522150679525906
2023-07-13 00:00:00,1.8663067345835604
2023-07-14 00:00:00,1.8491239926916037
2023-07-17 00:00:00,1.8677613582357897
2023-07-18 00:00:00,1.8894897990409627
2023-07-19 00:00:00,1.8970356592369015
2023-07-20 00:00:00,1.8813984549754383
2023-07-21 00:00:00,1.8757617883230502
2023-07-24 00:00:00,1.8801256592797375
2023-07-25 00:00:00,1.8799438313232089
2023-07-26 00:00:00,1.8939445839759148
2023-07-27 00:00:00,1.8708524334967767
2023-07-28 00:00:00,1.8936718420411216
2023-07-31 00:00:00,1.914400229085387
2023-08-01 00:00:00,1.906127057063334
2023-08-02 00:00:00,1.881671196910231
2023-08-03 00:00:00,1.8766709281056935
2023-08-04 00:00:00,1.8731252829533849
2023-08-07 00:00:00,1.8743071646708211
2023-08-08 00:00:00,1.8632156593225737
2023-08-09 00:00:00,1.849487648604661
2023-08-10 00:00:00,1.8417599604521935
2023-08-11 00:00:00,1.8442146378653304
2023-08-14 00:00:00,1.8412144765826077
2023-08-15 00:00:00,1.8183041540599982
2023-08-16 00:00:00,1.7973939390592044
2023-08-17 00:00:00,1.777483777819318
2023-08-18 00:00:00,1.7865751756457502
2023-08-21 00:00:00,1.7841204982326133
2023-08-22 00:00:00,1.779120229428076
2023-08-23 00:00:00,1.7969393691678825
2023-08-24 00:00:00,1.7735744767539519
2023-08-25 00:00:00,1.780533250843851
2023-08-28 00:00:00,1.780533250843851
2023-08-29 00:00:00,1.806347816138504
2023-08-30 00:00:00,1.8131613259374648
2023-08-31 00:00:00,1.8099944833548496
2023-09-01 00:00:00,1.8314906269459361
2023-09-05 00:00:00,1.7929127263940752
2023-09-06 00:00:00,1.7861951815218604
2023-09-07 00:00:00,1.7689214947075944
2023-09-08 00:00:00,1.7649869327110115
2023-09-11 00:00:00,1.7692093894878322
2023-09-12 00:00:00,1.765426298531625
2023-09-13 00:00:00,1.765426298531625
2023-09-14 00:00:00,1.765426298531625
2023-09-15 00:00:00,1.765426298531625
2023-09-18 00:00:00,1.765426298531625
2023-09-19 00:00:00,1.765426298531625
2023-09-20 00:00:00,1.765426298531625
2023-09-21 00:00:00,1.765426298531625
2023-09-22 00:00:00,1.765426298531625
2023-09-25 00:00:00,1.765426298531625
2023-09-26 00:00:00,1.765426298531625
2023-09-27 00:00:00,1.765426298531625
2023-09-28 00:00:00,1.765426298531625
2023-09-29 00:00:00,1.765426298531625
2023-10-02 00:00:00,1.765426298531625
2023-10-03 00:00:00,1.765426298531625
2023-10-04 00:00:00,1.765426298531625
2023-10-05 00:00:00,1.765426298531625
2023-10-06 00:00:00,1.765426298531625
2023-10-09 00:00:00,1.765426298531625
2023-10-10 00:00:00,1.765426298531625
2023-10-11 00:00:00,1.765426298531625
2023-10-12 00:00:00,1.765426298531625
2023-10-13 00:00:00,1.765426298531625
2023-10-16 00:00:00,1.765426298531625
2023-10-17 00:00:00,1.765426298531625
2023-10-18 00:00:00,1.765426298531625
2023-10-19 00:00:00,1.765426298531625
2023-10-20 00:00:00,1.765426298531625
2023-10-23 00:00:00,1.765426298531625
2023-10-24 00:00:00,1.765426298531625
2023-10-25 00:00:00,1.765426298531625
2023-10-26 00:00:00,1.765426298531625
2023-10-27 00:00:00,1.765426298531625
2023-10-30 00:00:00,1.765426298531625
2023-10-31 00:00:00,1.765426298531625
2023-11-01 00:00:00,1.765426298531625
2023-11-02 00:00:00,1.765426298531625
2023-11-03 00:00:00,1.765426298531625
2023-11-06 00:00:00,1.765426298531625
2023-11-07 00:00:00,1.765426298531625
2023-11-08 00:00:00,1.765426298531625
2023-11-09 00:00:00,1.765426298531625
2023-11-10 00:00:00,1.765426298531625
2023-11-13 00:00:00,1.765426298531625
2023-11-14 00:00:00,1.765426298531625
2023-11-15 00:00:00,1.765426298531625
2023-11-16 00:00:00,1.765426298531625
2023-11-17 00:00:00,1.765426298531625
2023-11-20 00:00:00,1.765426298531625
2023-11-21 00:00:00,1.765426298531625
2023-11-22 00:00:00,1.765426298531625
2023-11-24 00:00:00,1.765426298531625
2023-11-27 00:00:00,1.765426298531625
2023-11-28 00:00:00,1.765426298531625
2023-11-29 00:00:00,1.765426298531625
2023-11-30 00:00:00,1.765426298531625
2023-12-01 00:00:00,1.765426298531625
2023-12-04 00:00:00,1.785871219417199
2023-12-05 00:00:00,1.7666560682089525
2023-12-06 00:00:00,1.7641196682494642
2023-12-07 00:00:00,1.7743421286922512
2023-12-08 00:00:00,1.7851794739737026
2023-12-11 00:00:00,1.7881770375621888
2023-12-12 00:00:00,1.7867166860703618
2023-12-13 00:00:00,1.8353694489296424
2023-12-14 00:00:00,1.8767204543297884
2023-12-15 00:00:00,1.8638847333226798
2023-12-18 00:00:00,1.8644227575565109
2023-12-19 00:00:00,1.8937835086027113
2023-12-20 00:00:00,1.858043327355373
2023-12-21 00:00:00,1.8837147693695901
2023-12-22 00:00:00,1.8980108418685255
2023-12-26 00:00:00,1.9181483203347678
2023-12-27 00:00:00,1.9236822838827428
2023-12-28 00:00:00,1.9176871567057698
2023-12-29 00:00:00,1.8920925752963857
