date,combined_equity
1995-05-04 00:00:00,1.0
1995-05-05 00:00:00,1.0
1995-05-08 00:00:00,1.0
1995-05-09 00:00:00,1.0
1995-05-10 00:00:00,1.0
1995-05-11 00:00:00,1.0
1995-05-12 00:00:00,1.0
1995-05-15 00:00:00,1.0
1995-05-16 00:00:00,1.0
1995-05-17 00:00:00,1.0
1995-05-18 00:00:00,1.0
1995-05-19 00:00:00,1.0
1995-05-22 00:00:00,1.0
1995-05-23 00:00:00,1.0
1995-05-24 00:00:00,1.0
1995-05-25 00:00:00,1.0
1995-05-26 00:00:00,1.0
1995-05-30 00:00:00,1.0
1995-05-31 00:00:00,1.0
1995-06-01 00:00:00,1.0
1995-06-02 00:00:00,1.0
1995-06-05 00:00:00,1.0
1995-06-06 00:00:00,1.0
1995-06-07 00:00:00,1.0
1995-06-08 00:00:00,1.0
1995-06-09 00:00:00,1.0
1995-06-12 00:00:00,1.0
1995-06-13 00:00:00,1.0
1995-06-14 00:00:00,1.0
1995-06-15 00:00:00,1.0
1995-06-16 00:00:00,1.0
1995-06-19 00:00:00,1.0
1995-06-20 00:00:00,1.0
1995-06-21 00:00:00,1.0
1995-06-22 00:00:00,1.0
1995-06-23 00:00:00,1.0
1995-06-26 00:00:00,1.0
1995-06-27 00:00:00,1.0
1995-06-28 00:00:00,1.0
1995-06-29 00:00:00,1.0
1995-06-30 00:00:00,1.0
1995-07-03 00:00:00,1.0
1995-07-05 00:00:00,1.0
1995-07-06 00:00:00,1.0
1995-07-07 00:00:00,1.0
1995-07-10 00:00:00,1.0
1995-07-11 00:00:00,1.0
1995-07-12 00:00:00,1.0
1995-07-13 00:00:00,1.0
1995-07-14 00:00:00,1.0
1995-07-17 00:00:00,1.0
1995-07-18 00:00:00,1.0
1995-07-19 00:00:00,1.0
1995-07-20 00:00:00,1.0
1995-07-21 00:00:00,1.0
1995-07-24 00:00:00,1.0
1995-07-25 00:00:00,1.0
1995-07-26 00:00:00,1.0
1995-07-27 00:00:00,1.0
1995-07-28 00:00:00,1.0
1995-07-31 00:00:00,1.0
1995-08-01 00:00:00,1.0
1995-08-02 00:00:00,1.0
1995-08-03 00:00:00,1.0
1995-08-04 00:00:00,1.0
1995-08-07 00:00:00,1.0
1995-08-08 00:00:00,1.0
1995-08-09 00:00:00,1.0
1995-08-10 00:00:00,1.0
1995-08-11 00:00:00,1.0
1995-08-14 00:00:00,1.0
1995-08-15 00:00:00,1.0
1995-08-16 00:00:00,1.0
1995-08-17 00:00:00,1.0
1995-08-18 00:00:00,1.0
1995-08-21 00:00:00,1.0
1995-08-22 00:00:00,1.0
1995-08-23 00:00:00,1.0
1995-08-24 00:00:00,1.0
1995-08-25 00:00:00,1.0
1995-08-28 00:00:00,1.0
1995-08-29 00:00:00,1.0
1995-08-30 00:00:00,1.0
1995-08-31 00:00:00,1.0
1995-09-01 00:00:00,1.0
1995-09-05 00:00:00,1.0
1995-09-06 00:00:00,1.0
1995-09-07 00:00:00,1.0
1995-09-08 00:00:00,1.0
1995-09-11 00:00:00,1.0
1995-09-12 00:00:00,1.0
1995-09-13 00:00:00,1.0
1995-09-14 00:00:00,1.0
1995-09-15 00:00:00,1.0
1995-09-18 00:00:00,1.0
1995-09-19 00:00:00,1.0
1995-09-20 00:00:00,1.0
1995-09-21 00:00:00,1.0
1995-09-22 00:00:00,1.0
1995-09-25 00:00:00,1.0
1995-09-26 00:00:00,1.0
1995-09-27 00:00:00,1.0
1995-09-28 00:00:00,1.0
1995-09-29 00:00:00,1.0
1995-10-02 00:00:00,1.0
1995-10-03 00:00:00,1.0
1995-10-04 00:00:00,1.0
1995-10-05 00:00:00,1.0
1995-10-06 00:00:00,1.0
1995-10-09 00:00:00,1.0
1995-10-10 00:00:00,1.0
1995-10-11 00:00:00,1.0
1995-10-12 00:00:00,1.0
1995-10-13 00:00:00,1.0
1995-10-16 00:00:00,1.0
1995-10-17 00:00:00,1.0
1995-10-18 00:00:00,1.0
1995-10-19 00:00:00,1.0
1995-10-20 00:00:00,1.0
1995-10-23 00:00:00,1.0
1995-10-24 00:00:00,1.0
1995-10-25 00:00:00,1.0
1995-10-26 00:00:00,1.0
1995-10-27 00:00:00,1.0
1995-10-30 00:00:00,1.0
1995-10-31 00:00:00,1.0
1995-11-01 00:00:00,1.0
1995-11-02 00:00:00,1.0
1995-11-03 00:00:00,1.0
1995-11-06 00:00:00,1.0
1995-11-07 00:00:00,1.0
1995-11-08 00:00:00,1.0
1995-11-09 00:00:00,1.0
1995-11-10 00:00:00,1.0
1995-11-13 00:00:00,1.0
1995-11-14 00:00:00,1.0
1995-11-15 00:00:00,1.0
1995-11-16 00:00:00,1.0
1995-11-17 00:00:00,1.0
1995-11-20 00:00:00,1.0
1995-11-21 00:00:00,1.0
1995-11-22 00:00:00,1.0
1995-11-24 00:00:00,1.0
1995-11-27 00:00:00,1.0
1995-11-28 00:00:00,1.0
1995-11-29 00:00:00,1.0
1995-11-30 00:00:00,1.0
1995-12-01 00:00:00,1.0
1995-12-04 00:00:00,1.0
1995-12-05 00:00:00,1.0
1995-12-06 00:00:00,1.0
1995-12-07 00:00:00,1.0
1995-12-08 00:00:00,1.0
1995-12-11 00:00:00,1.0
1995-12-12 00:00:00,1.0
1995-12-13 00:00:00,1.0
1995-12-14 00:00:00,1.0
1995-12-15 00:00:00,1.0
1995-12-18 00:00:00,1.0
1995-12-19 00:00:00,1.0
1995-12-20 00:00:00,1.0
1995-12-21 00:00:00,1.0
1995-12-22 00:00:00,1.0
1995-12-26 00:00:00,1.0
1995-12-27 00:00:00,1.0
1995-12-28 00:00:00,1.0
1995-12-29 00:00:00,1.0
1996-01-02 00:00:00,1.0
1996-01-03 00:00:00,1.0
1996-01-04 00:00:00,1.0
1996-01-05 00:00:00,1.0
1996-01-08 00:00:00,1.0
1996-01-09 00:00:00,1.0
1996-01-10 00:00:00,1.0
1996-01-11 00:00:00,1.0
1996-01-12 00:00:00,1.0
1996-01-15 00:00:00,1.0
1996-01-16 00:00:00,1.0
1996-01-17 00:00:00,1.0
1996-01-18 00:00:00,1.0
1996-01-19 00:00:00,1.0
1996-01-22 00:00:00,1.0
1996-01-23 00:00:00,1.0
1996-01-24 00:00:00,1.0
1996-01-25 00:00:00,1.0
1996-01-26 00:00:00,1.0
1996-01-29 00:00:00,1.0
1996-01-30 00:00:00,1.0
1996-01-31 00:00:00,1.0
1996-02-01 00:00:00,1.0
1996-02-02 00:00:00,1.0
1996-02-05 00:00:00,1.0
1996-02-06 00:00:00,1.0
1996-02-07 00:00:00,1.0
1996-02-08 00:00:00,1.0
1996-02-09 00:00:00,1.0
1996-02-12 00:00:00,1.0
1996-02-13 00:00:00,1.0
1996-02-14 00:00:00,1.0
1996-02-15 00:00:00,1.0
1996-02-16 00:00:00,1.0
1996-02-20 00:00:00,1.0
1996-02-21 00:00:00,1.0
1996-02-22 00:00:00,1.0
1996-02-23 00:00:00,1.0
1996-02-26 00:00:00,1.0
1996-02-27 00:00:00,1.0
1996-02-28 00:00:00,1.0
1996-02-29 00:00:00,1.0
1996-03-01 00:00:00,1.0
1996-03-04 00:00:00,1.0
1996-03-05 00:00:00,1.0
1996-03-06 00:00:00,1.0
1996-03-07 00:00:00,1.0
1996-03-08 00:00:00,1.0
1996-03-11 00:00:00,1.0
1996-03-12 00:00:00,1.0
1996-03-13 00:00:00,1.0
1996-03-14 00:00:00,1.0
1996-03-15 00:00:00,1.0
1996-03-18 00:00:00,1.0
1996-03-19 00:00:00,1.0
1996-03-20 00:00:00,1.0
1996-03-21 00:00:00,1.0
1996-03-22 00:00:00,1.0
1996-03-25 00:00:00,1.0
1996-03-26 00:00:00,1.0
1996-03-27 00:00:00,1.0
1996-03-28 00:00:00,1.0
1996-03-29 00:00:00,1.0
1996-04-01 00:00:00,1.0
1996-04-02 00:00:00,1.0
1996-04-03 00:00:00,1.0
1996-04-04 00:00:00,1.0
1996-04-08 00:00:00,1.0
1996-04-09 00:00:00,1.0
1996-04-10 00:00:00,1.0
1996-04-11 00:00:00,1.0
1996-04-12 00:00:00,1.0
1996-04-15 00:00:00,1.0
1996-04-16 00:00:00,1.0
1996-04-17 00:00:00,1.0
1996-04-18 00:00:00,1.0
1996-04-19 00:00:00,1.0
1996-04-22 00:00:00,1.0
1996-04-23 00:00:00,1.0
1996-04-24 00:00:00,1.0
1996-04-25 00:00:00,1.0
1996-04-26 00:00:00,1.0
1996-04-29 00:00:00,1.0
1996-04-30 00:00:00,1.0
1996-05-01 00:00:00,1.0
1996-05-02 00:00:00,1.0
1996-05-03 00:00:00,1.0
1996-05-06 00:00:00,1.0
1996-05-07 00:00:00,1.0
1996-05-08 00:00:00,1.0
1996-05-09 00:00:00,1.0
1996-05-10 00:00:00,1.0
1996-05-13 00:00:00,1.0
1996-05-14 00:00:00,1.0
1996-05-15 00:00:00,1.0
1996-05-16 00:00:00,1.0
1996-05-17 00:00:00,1.0
1996-05-20 00:00:00,1.0
1996-05-21 00:00:00,1.0
1996-05-22 00:00:00,1.0
1996-05-23 00:00:00,1.0
1996-05-24 00:00:00,1.0
1996-05-28 00:00:00,1.0
1996-05-29 00:00:00,1.0
1996-05-30 00:00:00,1.0
1996-05-31 00:00:00,1.0
1996-06-03 00:00:00,1.0
1996-06-04 00:00:00,1.0
1996-06-05 00:00:00,1.0
1996-06-06 00:00:00,1.0
1996-06-07 00:00:00,1.0
1996-06-10 00:00:00,1.0
1996-06-11 00:00:00,1.0
1996-06-12 00:00:00,1.0
1996-06-13 00:00:00,1.0
1996-06-14 00:00:00,1.0
1996-06-17 00:00:00,1.0
1996-06-18 00:00:00,1.0
1996-06-19 00:00:00,1.0
1996-06-20 00:00:00,1.0
1996-06-21 00:00:00,1.0
1996-06-24 00:00:00,1.0
1996-06-25 00:00:00,1.0
1996-06-26 00:00:00,1.0
1996-06-27 00:00:00,1.0
1996-06-28 00:00:00,1.0
1996-07-01 00:00:00,1.0
1996-07-02 00:00:00,1.0
1996-07-03 00:00:00,1.0
1996-07-05 00:00:00,1.0
1996-07-08 00:00:00,1.0
1996-07-09 00:00:00,1.0
1996-07-10 00:00:00,1.0
1996-07-11 00:00:00,1.0
1996-07-12 00:00:00,1.0
1996-07-15 00:00:00,1.0
1996-07-16 00:00:00,1.0
1996-07-17 00:00:00,1.0
1996-07-18 00:00:00,1.0
1996-07-19 00:00:00,1.0
1996-07-22 00:00:00,1.0
1996-07-23 00:00:00,1.0
1996-07-24 00:00:00,1.0
1996-07-25 00:00:00,1.0
1996-07-26 00:00:00,1.0
1996-07-29 00:00:00,1.0
1996-07-30 00:00:00,1.0
1996-07-31 00:00:00,1.0
1996-08-01 00:00:00,1.0
1996-08-02 00:00:00,1.0
1996-08-05 00:00:00,1.0
1996-08-06 00:00:00,1.0
1996-08-07 00:00:00,1.0
1996-08-08 00:00:00,1.0
1996-08-09 00:00:00,1.0
1996-08-12 00:00:00,1.0
1996-08-13 00:00:00,1.0
1996-08-14 00:00:00,1.0
1996-08-15 00:00:00,1.0
1996-08-16 00:00:00,1.0
1996-08-19 00:00:00,1.0
1996-08-20 00:00:00,1.0
1996-08-21 00:00:00,1.0
1996-08-22 00:00:00,1.0
1996-08-23 00:00:00,1.0
1996-08-26 00:00:00,1.0
1996-08-27 00:00:00,1.0
1996-08-28 00:00:00,1.0
1996-08-29 00:00:00,1.0
1996-08-30 00:00:00,1.0
1996-09-03 00:00:00,1.0
1996-09-04 00:00:00,1.0
1996-09-05 00:00:00,1.0
1996-09-06 00:00:00,1.0
1996-09-09 00:00:00,1.0
1996-09-10 00:00:00,1.0
1996-09-11 00:00:00,1.0
1996-09-12 00:00:00,1.0
1996-09-13 00:00:00,1.0
1996-09-16 00:00:00,1.0
1996-09-17 00:00:00,1.0
1996-09-18 00:00:00,1.0
1996-09-19 00:00:00,1.0
1996-09-20 00:00:00,1.0
1996-09-23 00:00:00,1.0
1996-09-24 00:00:00,1.0
1996-09-25 00:00:00,1.0
1996-09-26 00:00:00,1.0
1996-09-27 00:00:00,1.0
1996-09-30 00:00:00,1.0
1996-10-01 00:00:00,1.0
1996-10-02 00:00:00,1.0
1996-10-03 00:00:00,1.0
1996-10-04 00:00:00,1.0
1996-10-07 00:00:00,1.0
1996-10-08 00:00:00,1.0
1996-10-09 00:00:00,1.0
1996-10-10 00:00:00,1.0
1996-10-11 00:00:00,1.0
1996-10-14 00:00:00,1.0
1996-10-15 00:00:00,1.0
1996-10-16 00:00:00,1.0
1996-10-17 00:00:00,1.0
1996-10-18 00:00:00,1.0
1996-10-21 00:00:00,1.0
1996-10-22 00:00:00,1.0
1996-10-23 00:00:00,1.0
1996-10-24 00:00:00,1.0
1996-10-25 00:00:00,1.0
1996-10-28 00:00:00,1.0
1996-10-29 00:00:00,1.0
1996-10-30 00:00:00,1.0
1996-10-31 00:00:00,1.0
1996-11-01 00:00:00,1.0
1996-11-04 00:00:00,1.0
1996-11-05 00:00:00,1.0
1996-11-06 00:00:00,1.0
1996-11-07 00:00:00,1.0
1996-11-08 00:00:00,1.0
1996-11-11 00:00:00,1.0
1996-11-12 00:00:00,1.0
1996-11-13 00:00:00,1.0
1996-11-14 00:00:00,1.0
1996-11-15 00:00:00,1.0
1996-11-18 00:00:00,1.0
1996-11-19 00:00:00,1.0
1996-11-20 00:00:00,1.0
1996-11-21 00:00:00,1.0
1996-11-22 00:00:00,1.0
1996-11-25 00:00:00,1.0
1996-11-26 00:00:00,1.0
1996-11-27 00:00:00,1.0
1996-11-29 00:00:00,1.0
1996-12-02 00:00:00,1.0
1996-12-03 00:00:00,1.0
1996-12-04 00:00:00,1.0
1996-12-05 00:00:00,1.0
1996-12-06 00:00:00,1.0
1996-12-09 00:00:00,1.0
1996-12-10 00:00:00,1.0
1996-12-11 00:00:00,1.0
1996-12-12 00:00:00,1.0
1996-12-13 00:00:00,1.0
1996-12-16 00:00:00,1.0
1996-12-17 00:00:00,1.0
1996-12-18 00:00:00,1.0
1996-12-19 00:00:00,1.0
1996-12-20 00:00:00,1.0
1996-12-23 00:00:00,1.0
1996-12-24 00:00:00,1.0
1996-12-26 00:00:00,1.0
1996-12-27 00:00:00,1.0
1996-12-30 00:00:00,1.0
1996-12-31 00:00:00,1.0
1997-01-02 00:00:00,1.0
1997-01-03 00:00:00,1.0
1997-01-06 00:00:00,1.0
1997-01-07 00:00:00,1.0
1997-01-08 00:00:00,1.0
1997-01-09 00:00:00,1.0
1997-01-10 00:00:00,1.0
1997-01-13 00:00:00,1.0
1997-01-14 00:00:00,1.0
1997-01-15 00:00:00,1.0
1997-01-16 00:00:00,1.0
1997-01-17 00:00:00,1.0
1997-01-20 00:00:00,1.0
1997-01-21 00:00:00,1.0
1997-01-22 00:00:00,1.0
1997-01-23 00:00:00,1.0
1997-01-24 00:00:00,1.0
1997-01-27 00:00:00,1.0
1997-01-28 00:00:00,1.0
1997-01-29 00:00:00,1.0
1997-01-30 00:00:00,1.0
1997-01-31 00:00:00,1.0
1997-02-03 00:00:00,1.0
1997-02-04 00:00:00,1.0
1997-02-05 00:00:00,1.0
1997-02-06 00:00:00,1.0
1997-02-07 00:00:00,1.0
1997-02-10 00:00:00,1.0
1997-02-11 00:00:00,1.0
1997-02-12 00:00:00,1.0
1997-02-13 00:00:00,1.0
1997-02-14 00:00:00,1.0
1997-02-18 00:00:00,1.0
1997-02-19 00:00:00,1.0
1997-02-20 00:00:00,1.0
1997-02-21 00:00:00,1.0
1997-02-24 00:00:00,1.0
1997-02-25 00:00:00,1.0
1997-02-26 00:00:00,1.0
1997-02-27 00:00:00,1.0
1997-02-28 00:00:00,1.0
1997-03-03 00:00:00,1.0
1997-03-04 00:00:00,1.0
1997-03-05 00:00:00,1.0
1997-03-06 00:00:00,1.0
1997-03-07 00:00:00,1.0
1997-03-10 00:00:00,1.0
1997-03-11 00:00:00,1.0
1997-03-12 00:00:00,1.0
1997-03-13 00:00:00,1.0
1997-03-14 00:00:00,1.0
1997-03-17 00:00:00,1.0
1997-03-18 00:00:00,1.0
1997-03-19 00:00:00,1.0
1997-03-20 00:00:00,1.0
1997-03-21 00:00:00,1.0
1997-03-24 00:00:00,1.0
1997-03-25 00:00:00,1.0
1997-03-26 00:00:00,1.0
1997-03-27 00:00:00,1.0
1997-03-31 00:00:00,1.0
1997-04-01 00:00:00,1.0
1997-04-02 00:00:00,1.0
1997-04-03 00:00:00,1.0
1997-04-04 00:00:00,1.0
1997-04-07 00:00:00,1.0
1997-04-08 00:00:00,1.0
1997-04-09 00:00:00,1.0
1997-04-10 00:00:00,1.0
1997-04-11 00:00:00,1.0
1997-04-14 00:00:00,1.0
1997-04-15 00:00:00,1.0
1997-04-16 00:00:00,1.0
1997-04-17 00:00:00,1.0
1997-04-18 00:00:00,1.0
1997-04-21 00:00:00,1.0
1997-04-22 00:00:00,1.0
1997-04-23 00:00:00,1.0
1997-04-24 00:00:00,1.0
1997-04-25 00:00:00,1.0
1997-04-28 00:00:00,1.0
1997-04-29 00:00:00,1.0
1997-04-30 00:00:00,1.0
1997-05-01 00:00:00,1.0
1997-05-02 00:00:00,1.0
1997-05-05 00:00:00,1.0
1997-05-06 00:00:00,1.0
1997-05-07 00:00:00,1.0
1997-05-08 00:00:00,1.0
1997-05-09 00:00:00,1.0
1997-05-12 00:00:00,1.00672445674855
1997-05-13 00:00:00,1.0023004720455566
1997-05-14 00:00:00,1.0023004720455566
1997-05-15 00:00:00,1.00672445674855
1997-05-16 00:00:00,1.0
1997-05-19 00:00:00,1.0
1997-05-20 00:00:00,1.0111484414515437
1997-05-21 00:00:00,1.0088479694059869
1997-05-22 00:00:00,1.0111484414515437
1997-05-23 00:00:00,1.0265439082179608
1997-05-27 00:00:00,1.0288443802635177
1997-05-28 00:00:00,1.0265439082179608
1997-05-29 00:00:00,1.0265439082179608
1997-05-30 00:00:00,1.0332683649665113
1997-06-02 00:00:00,1.0421163343724982
1997-06-03 00:00:00,1.0353918776239481
1997-06-04 00:00:00,1.0376923496695047
1997-06-05 00:00:00,1.0398158623269416
1997-06-06 00:00:00,1.0486638317329287
1997-06-09 00:00:00,1.0465403190754918
1997-06-10 00:00:00,1.053087816435922
1997-06-11 00:00:00,1.053087816435922
1997-06-12 00:00:00,1.061935785841909
1997-06-13 00:00:00,1.070783755247896
1997-06-16 00:00:00,1.0663597705449024
1997-06-17 00:00:00,1.0730842272934527
1997-06-18 00:00:00,1.0730842272934527
1997-06-19 00:00:00,1.079631724653883
1997-06-20 00:00:00,1.070783755247896
1997-06-23 00:00:00,1.0553882884814787
1997-06-24 00:00:00,1.0686602425904592
1997-06-25 00:00:00,1.0598122731844721
1997-06-26 00:00:00,1.0598122731844721
1997-06-27 00:00:00,1.0663597705449024
1997-06-30 00:00:00,1.0598122731844721
1997-07-01 00:00:00,1.0686602425904592
1997-07-02 00:00:00,1.0752077399508895
1997-07-03 00:00:00,1.0840557093568763
1997-07-07 00:00:00,1.0840557093568763
1997-07-08 00:00:00,1.0907801661054268
1997-07-09 00:00:00,1.0929036787628637
1997-07-10 00:00:00,1.0884796940598702
1997-07-11 00:00:00,1.097327663465857
1997-07-14 00:00:00,1.1129000896203942
1997-07-15 00:00:00,1.115023602277831
1997-07-16 00:00:00,1.1217480590263813
1997-07-17 00:00:00,1.1282955563868116
1997-07-18 00:00:00,1.1129000896203942
1997-07-21 00:00:00,1.1084761049174008
1997-07-22 00:00:00,1.1217480590263813
1997-07-23 00:00:00,1.1282955563868116
1997-07-24 00:00:00,1.1298881908798892
1997-07-25 00:00:00,1.1305960284323682
1997-07-28 00:00:00,1.1350200131353616
1997-07-29 00:00:00,1.1305960284323682
1997-07-30 00:00:00,1.1371435257927984
1997-07-31 00:00:00,1.1564144031590382
1997-08-01 00:00:00,1.1564144031590382
1997-08-04 00:00:00,1.1564144031590382
1997-08-05 00:00:00,1.1564144031590382
1997-08-06 00:00:00,1.1564144031590382
1997-08-07 00:00:00,1.1564144031590382
1997-08-08 00:00:00,1.1564144031590382
1997-08-11 00:00:00,1.1564144031590382
1997-08-12 00:00:00,1.1564144031590382
1997-08-13 00:00:00,1.1564144031590382
1997-08-14 00:00:00,1.1564144031590382
1997-08-15 00:00:00,1.1564144031590382
1997-08-18 00:00:00,1.1564144031590382
1997-08-19 00:00:00,1.1564144031590382
1997-08-20 00:00:00,1.1564144031590382
1997-08-21 00:00:00,1.1564144031590382
1997-08-22 00:00:00,1.1564144031590382
1997-08-25 00:00:00,1.1564144031590382
1997-08-26 00:00:00,1.1564144031590382
1997-08-27 00:00:00,1.1564144031590382
1997-08-28 00:00:00,1.1564144031590382
1997-08-29 00:00:00,1.1564144031590382
1997-09-02 00:00:00,1.1564144031590382
1997-09-03 00:00:00,1.1564144031590382
1997-09-04 00:00:00,1.1564144031590382
1997-09-05 00:00:00,1.1564144031590382
1997-09-08 00:00:00,1.1564144031590382
1997-09-09 00:00:00,1.1564144031590382
1997-09-10 00:00:00,1.1564144031590382
1997-09-11 00:00:00,1.1564144031590382
1997-09-12 00:00:00,1.1564144031590382
1997-09-15 00:00:00,1.1564144031590382
1997-09-16 00:00:00,1.1564144031590382
1997-09-17 00:00:00,1.1564144031590382
1997-09-18 00:00:00,1.1564144031590382
1997-09-19 00:00:00,1.1564144031590382
1997-09-22 00:00:00,1.1564144031590382
1997-09-23 00:00:00,1.1564144031590382
1997-09-24 00:00:00,1.1564144031590382
1997-09-25 00:00:00,1.1564144031590382
1997-09-26 00:00:00,1.1564144031590382
1997-09-29 00:00:00,1.1564144031590382
1997-09-30 00:00:00,1.1564144031590382
1997-10-01 00:00:00,1.1564144031590382
1997-10-02 00:00:00,1.1564144031590382
1997-10-03 00:00:00,1.1564144031590382
1997-10-06 00:00:00,1.1564144031590382
1997-10-07 00:00:00,1.1564144031590382
1997-10-08 00:00:00,1.1564144031590382
1997-10-09 00:00:00,1.1564144031590382
1997-10-10 00:00:00,1.1564144031590382
1997-10-13 00:00:00,1.1564144031590382
1997-10-14 00:00:00,1.1564144031590382
1997-10-15 00:00:00,1.1564144031590382
1997-10-16 00:00:00,1.1564144031590382
1997-10-17 00:00:00,1.1564144031590382
1997-10-20 00:00:00,1.1564144031590382
1997-10-21 00:00:00,1.1564144031590382
1997-10-22 00:00:00,1.1564144031590382
1997-10-23 00:00:00,1.1564144031590382
1997-10-24 00:00:00,1.1564144031590382
1997-10-27 00:00:00,1.1564144031590382
1997-10-28 00:00:00,1.1564144031590382
1997-10-29 00:00:00,1.1564144031590382
1997-10-30 00:00:00,1.1564144031590382
1997-10-31 00:00:00,1.1564144031590382
1997-11-03 00:00:00,1.1564144031590382
1997-11-04 00:00:00,1.1564144031590382
1997-11-05 00:00:00,1.1564144031590382
1997-11-06 00:00:00,1.1564144031590382
1997-11-07 00:00:00,1.1564144031590382
1997-11-10 00:00:00,1.1564144031590382
1997-11-11 00:00:00,1.1564144031590382
1997-11-12 00:00:00,1.1564144031590382
1997-11-13 00:00:00,1.1564144031590382
1997-11-14 00:00:00,1.1564144031590382
1997-11-17 00:00:00,1.1564144031590382
1997-11-18 00:00:00,1.1564144031590382
1997-11-19 00:00:00,1.1564144031590382
1997-11-20 00:00:00,1.1564144031590382
1997-11-21 00:00:00,1.1564144031590382
1997-11-24 00:00:00,1.1564144031590382
1997-11-25 00:00:00,1.1564144031590382
1997-11-26 00:00:00,1.1564144031590382
1997-11-28 00:00:00,1.1564144031590382
1997-12-01 00:00:00,1.1564144031590382
1997-12-02 00:00:00,1.1564144031590382
1997-12-03 00:00:00,1.1564144031590382
1997-12-04 00:00:00,1.1564144031590382
1997-12-05 00:00:00,1.1564144031590382
1997-12-08 00:00:00,1.1564144031590382
1997-12-09 00:00:00,1.1564144031590382
1997-12-10 00:00:00,1.1564144031590382
1997-12-11 00:00:00,1.1564144031590382
1997-12-12 00:00:00,1.1564144031590382
1997-12-15 00:00:00,1.1564144031590382
1997-12-16 00:00:00,1.1564144031590382
1997-12-17 00:00:00,1.1564144031590382
1997-12-18 00:00:00,1.1564144031590382
1997-12-19 00:00:00,1.1564144031590382
1997-12-22 00:00:00,1.1564144031590382
1997-12-23 00:00:00,1.1564144031590382
1997-12-24 00:00:00,1.1564144031590382
1997-12-26 00:00:00,1.1564144031590382
1997-12-29 00:00:00,1.1564144031590382
1997-12-30 00:00:00,1.1564144031590382
1997-12-31 00:00:00,1.1564144031590382
1998-01-02 00:00:00,1.1564144031590382
1998-01-05 00:00:00,1.1564144031590382
1998-01-06 00:00:00,1.1564144031590382
1998-01-07 00:00:00,1.1564144031590382
1998-01-08 00:00:00,1.1564144031590382
1998-01-09 00:00:00,1.1564144031590382
1998-01-12 00:00:00,1.1564144031590382
1998-01-13 00:00:00,1.1564144031590382
1998-01-14 00:00:00,1.1564144031590382
1998-01-15 00:00:00,1.1564144031590382
1998-01-16 00:00:00,1.1564144031590382
1998-01-20 00:00:00,1.1564144031590382
1998-01-21 00:00:00,1.1564144031590382
1998-01-22 00:00:00,1.1564144031590382
1998-01-23 00:00:00,1.1564144031590382
1998-01-26 00:00:00,1.1564144031590382
1998-01-27 00:00:00,1.1564144031590382
1998-01-28 00:00:00,1.1564144031590382
1998-01-29 00:00:00,1.1564144031590382
1998-01-30 00:00:00,1.1564144031590382
1998-02-02 00:00:00,1.1564144031590382
1998-02-03 00:00:00,1.1564144031590382
1998-02-04 00:00:00,1.1564144031590382
1998-02-05 00:00:00,1.1564144031590382
1998-02-06 00:00:00,1.1564144031590382
1998-02-09 00:00:00,1.1564144031590382
1998-02-10 00:00:00,1.1564144031590382
1998-02-11 00:00:00,1.1564144031590382
1998-02-12 00:00:00,1.1564144031590382
1998-02-13 00:00:00,1.1564144031590382
1998-02-17 00:00:00,1.1564144031590382
1998-02-18 00:00:00,1.1564144031590382
1998-02-19 00:00:00,1.1564144031590382
1998-02-20 00:00:00,1.1564144031590382
1998-02-23 00:00:00,1.1564144031590382
1998-02-24 00:00:00,1.1564144031590382
1998-02-25 00:00:00,1.1564144031590382
1998-02-26 00:00:00,1.1564144031590382
1998-02-27 00:00:00,1.1564144031590382
1998-03-02 00:00:00,1.1564144031590382
1998-03-03 00:00:00,1.1564144031590382
1998-03-04 00:00:00,1.1564144031590382
1998-03-05 00:00:00,1.1564144031590382
1998-03-06 00:00:00,1.1564144031590382
1998-03-09 00:00:00,1.1564144031590382
1998-03-10 00:00:00,1.1564144031590382
1998-03-11 00:00:00,1.1564144031590382
1998-03-12 00:00:00,1.1564144031590382
1998-03-13 00:00:00,1.1564144031590382
1998-03-16 00:00:00,1.1564144031590382
1998-03-17 00:00:00,1.1564144031590382
1998-03-18 00:00:00,1.1564144031590382
1998-03-19 00:00:00,1.1564144031590382
1998-03-20 00:00:00,1.1564144031590382
1998-03-23 00:00:00,1.1564144031590382
1998-03-24 00:00:00,1.1564144031590382
1998-03-25 00:00:00,1.1564144031590382
1998-03-26 00:00:00,1.1564144031590382
1998-03-27 00:00:00,1.1564144031590382
1998-03-30 00:00:00,1.1564144031590382
1998-03-31 00:00:00,1.1564144031590382
1998-04-01 00:00:00,1.1564144031590382
1998-04-02 00:00:00,1.1564144031590382
1998-04-03 00:00:00,1.1564144031590382
1998-04-06 00:00:00,1.1564144031590382
1998-04-07 00:00:00,1.1564144031590382
1998-04-08 00:00:00,1.1564144031590382
1998-04-09 00:00:00,1.1564144031590382
1998-04-13 00:00:00,1.1564144031590382
1998-04-14 00:00:00,1.1564144031590382
1998-04-15 00:00:00,1.1564144031590382
1998-04-16 00:00:00,1.1564144031590382
1998-04-17 00:00:00,1.1564144031590382
1998-04-20 00:00:00,1.1564144031590382
1998-04-21 00:00:00,1.1564144031590382
1998-04-22 00:00:00,1.1564144031590382
1998-04-23 00:00:00,1.1564144031590382
1998-04-24 00:00:00,1.1564144031590382
1998-04-27 00:00:00,1.1564144031590382
1998-04-28 00:00:00,1.1564144031590382
1998-04-29 00:00:00,1.1564144031590382
1998-04-30 00:00:00,1.1564144031590382
1998-05-01 00:00:00,1.1564144031590382
1998-05-04 00:00:00,1.1564144031590382
1998-05-05 00:00:00,1.1564144031590382
1998-05-06 00:00:00,1.1564144031590382
1998-05-07 00:00:00,1.1564144031590382
1998-05-08 00:00:00,1.1564144031590382
1998-05-11 00:00:00,1.1564144031590382
1998-05-12 00:00:00,1.1564144031590382
1998-05-13 00:00:00,1.1564144031590382
1998-05-14 00:00:00,1.1564144031590382
1998-05-15 00:00:00,1.1564144031590382
1998-05-18 00:00:00,1.1564144031590382
1998-05-19 00:00:00,1.1564144031590382
1998-05-20 00:00:00,1.1564144031590382
1998-05-21 00:00:00,1.1564144031590382
1998-05-22 00:00:00,1.1564144031590382
1998-05-26 00:00:00,1.1564144031590382
1998-05-27 00:00:00,1.1564144031590382
1998-05-28 00:00:00,1.1564144031590382
1998-05-29 00:00:00,1.1564144031590382
1998-06-01 00:00:00,1.1564144031590382
1998-06-02 00:00:00,1.1564144031590382
1998-06-03 00:00:00,1.1564144031590382
1998-06-04 00:00:00,1.1564144031590382
1998-06-05 00:00:00,1.1564144031590382
1998-06-08 00:00:00,1.1564144031590382
1998-06-09 00:00:00,1.1564144031590382
1998-06-10 00:00:00,1.1564144031590382
1998-06-11 00:00:00,1.1564144031590382
1998-06-12 00:00:00,1.1564144031590382
1998-06-15 00:00:00,1.1564144031590382
1998-06-16 00:00:00,1.1564144031590382
1998-06-17 00:00:00,1.1564144031590382
1998-06-18 00:00:00,1.1564144031590382
1998-06-19 00:00:00,1.1564144031590382
1998-06-22 00:00:00,1.1564144031590382
1998-06-23 00:00:00,1.1564144031590382
1998-06-24 00:00:00,1.1564144031590382
1998-06-25 00:00:00,1.1564144031590382
1998-06-26 00:00:00,1.1564144031590382
1998-06-29 00:00:00,1.1564144031590382
1998-06-30 00:00:00,1.1564144031590382
1998-07-01 00:00:00,1.1564144031590382
1998-07-02 00:00:00,1.1564144031590382
1998-07-06 00:00:00,1.1564144031590382
1998-07-07 00:00:00,1.1564144031590382
1998-07-08 00:00:00,1.1564144031590382
1998-07-09 00:00:00,1.1564144031590382
1998-07-10 00:00:00,1.1564144031590382
1998-07-13 00:00:00,1.1564144031590382
1998-07-14 00:00:00,1.1564144031590382
1998-07-15 00:00:00,1.1564144031590382
1998-07-16 00:00:00,1.1564144031590382
1998-07-17 00:00:00,1.1564144031590382
1998-07-20 00:00:00,1.1564144031590382
1998-07-21 00:00:00,1.1564144031590382
1998-07-22 00:00:00,1.1564144031590382
1998-07-23 00:00:00,1.1564144031590382
1998-07-24 00:00:00,1.1564144031590382
1998-07-27 00:00:00,1.1564144031590382
1998-07-28 00:00:00,1.1564144031590382
1998-07-29 00:00:00,1.1564144031590382
1998-07-30 00:00:00,1.1564144031590382
1998-07-31 00:00:00,1.1564144031590382
1998-08-03 00:00:00,1.1564144031590382
1998-08-04 00:00:00,1.1564144031590382
1998-08-05 00:00:00,1.1564144031590382
1998-08-06 00:00:00,1.1564144031590382
1998-08-07 00:00:00,1.1564144031590382
1998-08-10 00:00:00,1.1564144031590382
1998-08-11 00:00:00,1.1564144031590382
1998-08-12 00:00:00,1.1564144031590382
1998-08-13 00:00:00,1.1564144031590382
1998-08-14 00:00:00,1.1564144031590382
1998-08-17 00:00:00,1.1564144031590382
1998-08-18 00:00:00,1.1564144031590382
1998-08-19 00:00:00,1.1564144031590382
1998-08-20 00:00:00,1.1564144031590382
1998-08-21 00:00:00,1.1564144031590382
1998-08-24 00:00:00,1.1564144031590382
1998-08-25 00:00:00,1.1564144031590382
1998-08-26 00:00:00,1.1564144031590382
1998-08-27 00:00:00,1.1564144031590382
1998-08-28 00:00:00,1.1564144031590382
1998-08-31 00:00:00,1.1564144031590382
1998-09-01 00:00:00,1.1564144031590382
1998-09-02 00:00:00,1.1564144031590382
1998-09-03 00:00:00,1.1564144031590382
1998-09-04 00:00:00,1.1564144031590382
1998-09-08 00:00:00,1.1564144031590382
1998-09-09 00:00:00,1.1564144031590382
1998-09-10 00:00:00,1.1564144031590382
1998-09-11 00:00:00,1.1564144031590382
1998-09-14 00:00:00,1.1564144031590382
1998-09-15 00:00:00,1.1564144031590382
1998-09-16 00:00:00,1.1564144031590382
1998-09-17 00:00:00,1.1564144031590382
1998-09-18 00:00:00,1.1564144031590382
1998-09-21 00:00:00,1.1564144031590382
1998-09-22 00:00:00,1.1564144031590382
1998-09-23 00:00:00,1.1564144031590382
1998-09-24 00:00:00,1.1564144031590382
1998-09-25 00:00:00,1.1564144031590382
1998-09-28 00:00:00,1.1564144031590382
1998-09-29 00:00:00,1.1564144031590382
1998-09-30 00:00:00,1.1564144031590382
1998-10-01 00:00:00,1.1564144031590382
1998-10-02 00:00:00,1.1564144031590382
1998-10-05 00:00:00,1.1564144031590382
1998-10-06 00:00:00,1.1564144031590382
1998-10-07 00:00:00,1.1564144031590382
1998-10-08 00:00:00,1.1564144031590382
1998-10-09 00:00:00,1.1564144031590382
1998-10-12 00:00:00,1.1564144031590382
1998-10-13 00:00:00,1.1564144031590382
1998-10-14 00:00:00,1.1564144031590382
1998-10-15 00:00:00,1.1564144031590382
1998-10-16 00:00:00,1.1564144031590382
1998-10-19 00:00:00,1.1564144031590382
1998-10-20 00:00:00,1.1564144031590382
1998-10-21 00:00:00,1.1564144031590382
1998-10-22 00:00:00,1.1564144031590382
1998-10-23 00:00:00,1.1564144031590382
1998-10-26 00:00:00,1.1564144031590382
1998-10-27 00:00:00,1.1564144031590382
1998-10-28 00:00:00,1.1564144031590382
1998-10-29 00:00:00,1.1564144031590382
1998-10-30 00:00:00,1.1564144031590382
1998-11-02 00:00:00,1.1564144031590382
1998-11-03 00:00:00,1.1564144031590382
1998-11-04 00:00:00,1.1564144031590382
1998-11-05 00:00:00,1.1564144031590382
1998-11-06 00:00:00,1.1564144031590382
1998-11-09 00:00:00,1.1564144031590382
1998-11-10 00:00:00,1.1564144031590382
1998-11-11 00:00:00,1.1564144031590382
1998-11-12 00:00:00,1.1564144031590382
1998-11-13 00:00:00,1.1564144031590382
1998-11-16 00:00:00,1.1564144031590382
1998-11-17 00:00:00,1.1564144031590382
1998-11-18 00:00:00,1.1564144031590382
1998-11-19 00:00:00,1.1564144031590382
1998-11-20 00:00:00,1.1564144031590382
1998-11-23 00:00:00,1.1564144031590382
1998-11-24 00:00:00,1.1564144031590382
1998-11-25 00:00:00,1.1564144031590382
1998-11-27 00:00:00,1.1564144031590382
1998-11-30 00:00:00,1.1564144031590382
1998-12-01 00:00:00,1.1564144031590382
1998-12-02 00:00:00,1.1564144031590382
1998-12-03 00:00:00,1.1564144031590382
1998-12-04 00:00:00,1.1564144031590382
1998-12-07 00:00:00,1.1564144031590382
1998-12-08 00:00:00,1.1564144031590382
1998-12-09 00:00:00,1.1564144031590382
1998-12-10 00:00:00,1.1564144031590382
1998-12-11 00:00:00,1.1564144031590382
1998-12-14 00:00:00,1.1564144031590382
1998-12-15 00:00:00,1.1564144031590382
1998-12-16 00:00:00,1.1564144031590382
1998-12-17 00:00:00,1.1564144031590382
1998-12-18 00:00:00,1.1564144031590382
1998-12-21 00:00:00,1.1564144031590382
1998-12-22 00:00:00,1.1564144031590382
1998-12-23 00:00:00,1.1564144031590382
1998-12-24 00:00:00,1.1564144031590382
1998-12-28 00:00:00,1.1564144031590382
1998-12-29 00:00:00,1.1564144031590382
1998-12-30 00:00:00,1.1564144031590382
1998-12-31 00:00:00,1.1564144031590382
1999-01-04 00:00:00,1.1564144031590382
1999-01-05 00:00:00,1.1564144031590382
1999-01-06 00:00:00,1.1564144031590382
1999-01-07 00:00:00,1.1564144031590382
1999-01-08 00:00:00,1.1564144031590382
1999-01-11 00:00:00,1.1564144031590382
1999-01-12 00:00:00,1.1564144031590382
1999-01-13 00:00:00,1.1564144031590382
1999-01-14 00:00:00,1.1564144031590382
1999-01-15 00:00:00,1.1564144031590382
1999-01-19 00:00:00,1.1564144031590382
1999-01-20 00:00:00,1.1564144031590382
1999-01-21 00:00:00,1.1564144031590382
1999-01-22 00:00:00,1.1564144031590382
1999-01-25 00:00:00,1.1564144031590382
1999-01-26 00:00:00,1.1564144031590382
1999-01-27 00:00:00,1.1564144031590382
1999-01-28 00:00:00,1.1564144031590382
1999-01-29 00:00:00,1.1564144031590382
1999-02-01 00:00:00,1.1564144031590382
1999-02-02 00:00:00,1.1564144031590382
1999-02-03 00:00:00,1.1564144031590382
1999-02-04 00:00:00,1.1564144031590382
1999-02-05 00:00:00,1.1564144031590382
1999-02-08 00:00:00,1.1564144031590382
1999-02-09 00:00:00,1.1564144031590382
1999-02-10 00:00:00,1.1564144031590382
1999-02-11 00:00:00,1.1564144031590382
1999-02-12 00:00:00,1.1564144031590382
1999-02-16 00:00:00,1.1564144031590382
1999-02-17 00:00:00,1.1564144031590382
1999-02-18 00:00:00,1.1564144031590382
1999-02-19 00:00:00,1.1564144031590382
1999-02-22 00:00:00,1.1564144031590382
1999-02-23 00:00:00,1.1564144031590382
1999-02-24 00:00:00,1.1564144031590382
1999-02-25 00:00:00,1.1564144031590382
1999-02-26 00:00:00,1.1564144031590382
1999-03-01 00:00:00,1.1564144031590382
1999-03-02 00:00:00,1.1564144031590382
1999-03-03 00:00:00,1.1564144031590382
1999-03-04 00:00:00,1.1564144031590382
1999-03-05 00:00:00,1.1564144031590382
1999-03-08 00:00:00,1.1564144031590382
1999-03-09 00:00:00,1.1564144031590382
1999-03-10 00:00:00,1.1564144031590382
1999-03-11 00:00:00,1.1564144031590382
1999-03-12 00:00:00,1.1564144031590382
1999-03-15 00:00:00,1.1564144031590382
1999-03-16 00:00:00,1.1564144031590382
1999-03-17 00:00:00,1.1564144031590382
1999-03-18 00:00:00,1.1564144031590382
1999-03-19 00:00:00,1.1564144031590382
1999-03-22 00:00:00,1.1564144031590382
1999-03-23 00:00:00,1.1564144031590382
1999-03-24 00:00:00,1.1564144031590382
1999-03-25 00:00:00,1.1564144031590382
1999-03-26 00:00:00,1.1564144031590382
1999-03-29 00:00:00,1.1564144031590382
1999-03-30 00:00:00,1.1564144031590382
1999-03-31 00:00:00,1.1564144031590382
1999-04-01 00:00:00,1.1564144031590382
1999-04-05 00:00:00,1.1564144031590382
1999-04-06 00:00:00,1.1564144031590382
1999-04-07 00:00:00,1.1564144031590382
1999-04-08 00:00:00,1.1564144031590382
1999-04-09 00:00:00,1.1564144031590382
1999-04-12 00:00:00,1.1564144031590382
1999-04-13 00:00:00,1.1564144031590382
1999-04-14 00:00:00,1.1564144031590382
1999-04-15 00:00:00,1.1564144031590382
1999-04-16 00:00:00,1.1564144031590382
1999-04-19 00:00:00,1.1564144031590382
1999-04-20 00:00:00,1.1564144031590382
1999-04-21 00:00:00,1.1564144031590382
1999-04-22 00:00:00,1.1564144031590382
1999-04-23 00:00:00,1.1564144031590382
1999-04-26 00:00:00,1.1564144031590382
1999-04-27 00:00:00,1.1564144031590382
1999-04-28 00:00:00,1.1564144031590382
1999-04-29 00:00:00,1.1564144031590382
1999-04-30 00:00:00,1.1564144031590382
1999-05-03 00:00:00,1.1564144031590382
1999-05-04 00:00:00,1.1564144031590382
1999-05-05 00:00:00,1.1564144031590382
1999-05-06 00:00:00,1.1564144031590382
1999-05-07 00:00:00,1.1564144031590382
1999-05-10 00:00:00,1.1564144031590382
1999-05-11 00:00:00,1.1564144031590382
1999-05-12 00:00:00,1.1564144031590382
1999-05-13 00:00:00,1.1564144031590382
1999-05-14 00:00:00,1.1564144031590382
1999-05-17 00:00:00,1.1564144031590382
1999-05-18 00:00:00,1.1564144031590382
1999-05-19 00:00:00,1.1564144031590382
1999-05-20 00:00:00,1.1564144031590382
1999-05-21 00:00:00,1.1564144031590382
1999-05-24 00:00:00,1.1564144031590382
1999-05-25 00:00:00,1.1564144031590382
1999-05-26 00:00:00,1.1564144031590382
1999-05-27 00:00:00,1.1564144031590382
1999-05-28 00:00:00,1.1564144031590382
1999-06-01 00:00:00,1.1564144031590382
1999-06-02 00:00:00,1.1564144031590382
1999-06-03 00:00:00,1.1564144031590382
1999-06-04 00:00:00,1.1564144031590382
1999-06-07 00:00:00,1.1564144031590382
1999-06-08 00:00:00,1.1564144031590382
1999-06-09 00:00:00,1.1564144031590382
1999-06-10 00:00:00,1.1564144031590382
1999-06-11 00:00:00,1.1564144031590382
1999-06-14 00:00:00,1.1564144031590382
1999-06-15 00:00:00,1.1564144031590382
1999-06-16 00:00:00,1.1564144031590382
1999-06-17 00:00:00,1.1564144031590382
1999-06-18 00:00:00,1.1564144031590382
1999-06-21 00:00:00,1.1564144031590382
1999-06-22 00:00:00,1.1564144031590382
1999-06-23 00:00:00,1.1564144031590382
1999-06-24 00:00:00,1.1564144031590382
1999-06-25 00:00:00,1.1564144031590382
1999-06-28 00:00:00,1.1564144031590382
1999-06-29 00:00:00,1.1564144031590382
1999-06-30 00:00:00,1.1564144031590382
1999-07-01 00:00:00,1.1564144031590382
1999-07-02 00:00:00,1.1564144031590382
1999-07-06 00:00:00,1.1564144031590382
1999-07-07 00:00:00,1.1564144031590382
1999-07-08 00:00:00,1.1564144031590382
1999-07-09 00:00:00,1.1564144031590382
1999-07-12 00:00:00,1.1564144031590382
1999-07-13 00:00:00,1.1564144031590382
1999-07-14 00:00:00,1.1564144031590382
1999-07-15 00:00:00,1.1564144031590382
1999-07-16 00:00:00,1.1564144031590382
1999-07-19 00:00:00,1.1564144031590382
1999-07-20 00:00:00,1.1564144031590382
1999-07-21 00:00:00,1.1564144031590382
1999-07-22 00:00:00,1.1564144031590382
1999-07-23 00:00:00,1.1564144031590382
1999-07-26 00:00:00,1.1564144031590382
1999-07-27 00:00:00,1.1564144031590382
1999-07-28 00:00:00,1.1564144031590382
1999-07-29 00:00:00,1.1564144031590382
1999-07-30 00:00:00,1.1564144031590382
1999-08-02 00:00:00,1.1564144031590382
1999-08-03 00:00:00,1.1564144031590382
1999-08-04 00:00:00,1.1564144031590382
1999-08-05 00:00:00,1.1564144031590382
1999-08-06 00:00:00,1.1564144031590382
1999-08-09 00:00:00,1.1564144031590382
1999-08-10 00:00:00,1.1564144031590382
1999-08-11 00:00:00,1.1564144031590382
1999-08-12 00:00:00,1.1564144031590382
1999-08-13 00:00:00,1.1564144031590382
1999-08-16 00:00:00,1.1564144031590382
1999-08-17 00:00:00,1.1564144031590382
1999-08-18 00:00:00,1.1564144031590382
1999-08-19 00:00:00,1.1564144031590382
1999-08-20 00:00:00,1.1564144031590382
1999-08-23 00:00:00,1.1564144031590382
1999-08-24 00:00:00,1.1564144031590382
1999-08-25 00:00:00,1.1564144031590382
1999-08-26 00:00:00,1.1564144031590382
1999-08-27 00:00:00,1.1564144031590382
1999-08-30 00:00:00,1.1564144031590382
1999-08-31 00:00:00,1.1564144031590382
1999-09-01 00:00:00,1.1564144031590382
1999-09-02 00:00:00,1.1564144031590382
1999-09-03 00:00:00,1.1564144031590382
1999-09-07 00:00:00,1.1564144031590382
1999-09-08 00:00:00,1.1564144031590382
1999-09-09 00:00:00,1.1564144031590382
1999-09-10 00:00:00,1.1564144031590382
1999-09-13 00:00:00,1.1564144031590382
1999-09-14 00:00:00,1.1564144031590382
1999-09-15 00:00:00,1.1564144031590382
1999-09-16 00:00:00,1.1564144031590382
1999-09-17 00:00:00,1.1564144031590382
1999-09-20 00:00:00,1.1564144031590382
1999-09-21 00:00:00,1.1564144031590382
1999-09-22 00:00:00,1.1564144031590382
1999-09-23 00:00:00,1.1564144031590382
1999-09-24 00:00:00,1.1564144031590382
1999-09-27 00:00:00,1.1564144031590382
1999-09-28 00:00:00,1.1564144031590382
1999-09-29 00:00:00,1.1564144031590382
1999-09-30 00:00:00,1.1564144031590382
1999-10-01 00:00:00,1.1564144031590382
1999-10-04 00:00:00,1.1564144031590382
1999-10-05 00:00:00,1.1564144031590382
1999-10-06 00:00:00,1.1564144031590382
1999-10-07 00:00:00,1.1564144031590382
1999-10-08 00:00:00,1.1564144031590382
1999-10-11 00:00:00,1.1564144031590382
1999-10-12 00:00:00,1.1564144031590382
1999-10-13 00:00:00,1.1564144031590382
1999-10-14 00:00:00,1.1564144031590382
1999-10-15 00:00:00,1.1564144031590382
1999-10-18 00:00:00,1.1564144031590382
1999-10-19 00:00:00,1.1564144031590382
1999-10-20 00:00:00,1.1564144031590382
1999-10-21 00:00:00,1.1564144031590382
1999-10-22 00:00:00,1.1564144031590382
1999-10-25 00:00:00,1.1564144031590382
1999-10-26 00:00:00,1.1564144031590382
1999-10-27 00:00:00,1.1564144031590382
1999-10-28 00:00:00,1.1564144031590382
1999-10-29 00:00:00,1.1564144031590382
1999-11-01 00:00:00,1.1564144031590382
1999-11-02 00:00:00,1.1564144031590382
1999-11-03 00:00:00,1.1564144031590382
1999-11-04 00:00:00,1.1564144031590382
1999-11-05 00:00:00,1.1564144031590382
1999-11-08 00:00:00,1.1564144031590382
1999-11-09 00:00:00,1.1564144031590382
1999-11-10 00:00:00,1.1564144031590382
1999-11-11 00:00:00,1.1527390459153342
1999-11-12 00:00:00,1.1655292891234241
1999-11-15 00:00:00,1.172438960741588
1999-11-16 00:00:00,1.1933149898858266
1999-11-17 00:00:00,1.190815746960108
1999-11-18 00:00:00,1.1993425757655014
1999-11-19 00:00:00,1.197284375709027
1999-11-22 00:00:00,1.1894926183523744
1999-11-23 00:00:00,1.16347108906695
1999-11-24 00:00:00,1.1756732751160475
1999-11-26 00:00:00,1.176408346564788
1999-11-29 00:00:00,1.1609718461412313
1999-11-30 00:00:00,1.1658233177029207
1999-12-01 00:00:00,1.172438960741588
1999-12-02 00:00:00,1.188022475454893
1999-12-03 00:00:00,1.2009597329527313
1999-12-06 00:00:00,1.1916978326985972
1999-12-07 00:00:00,1.1853762182394258
1999-12-08 00:00:00,1.1674404748901501
1999-12-09 00:00:00,1.1609718461412313
1999-12-10 00:00:00,1.1659703319926689
1999-12-13 00:00:00,1.1650882462541798
1999-12-14 00:00:00,1.1421540170534665
1999-12-15 00:00:00,1.1495047315408746
1999-12-16 00:00:00,1.1622949747489648
1999-12-17 00:00:00,1.1584726032155126
1999-12-20 00:00:00,1.1287757166863839
1999-12-21 00:00:00,1.1508278601486082
1999-12-22 00:00:00,1.1664113748619134
1999-12-23 00:00:00,1.182582946734211
1999-12-27 00:00:00,1.1728800036108322
1999-12-28 00:00:00,1.1780255037520178
1999-12-29 00:00:00,1.1921388755678415
1999-12-30 00:00:00,1.190815746960108
1999-12-31 00:00:00,1.192726932726834
2000-01-03 00:00:00,1.1774374465930253
2000-01-04 00:00:00,1.1375965740712735
2000-01-05 00:00:00,1.1540621745230677
2000-01-06 00:00:00,1.1384786598097625
2000-01-07 00:00:00,1.190815746960108
2000-01-10 00:00:00,1.2147790761890582
2000-01-11 00:00:00,1.181700860995722
2000-01-12 00:00:00,1.1669994320209058
2000-01-13 00:00:00,1.195373189942301
2000-01-14 00:00:00,1.2137499761608215
2000-01-18 00:00:00,1.2141910190300658
2000-01-19 00:00:00,1.2202186049097403
2000-01-20 00:00:00,1.2202186049097403
2000-01-21 00:00:00,1.2202186049097403
2000-01-24 00:00:00,1.190815746960108
2000-01-25 00:00:00,1.1916978326985972
2000-01-26 00:00:00,1.1890515754831301
2000-01-27 00:00:00,1.195226175652553
2000-01-28 00:00:00,1.1568554460282827
2000-01-31 00:00:00,1.1659703319926689
2000-02-01 00:00:00,1.1780255037520178
2000-02-02 00:00:00,1.190815746960108
2000-02-03 00:00:00,1.2083104474401394
2000-02-04 00:00:00,1.1977254185782717
2000-02-07 00:00:00,1.2083104474401394
2000-02-08 00:00:00,1.2202186049097403
2000-02-09 00:00:00,1.198166461447516
2000-02-10 00:00:00,1.2147790761890582
2000-02-11 00:00:00,1.1990485471860053
2000-02-14 00:00:00,1.2018418186912203
2000-02-15 00:00:00,1.2037530044579463
2000-02-16 00:00:00,1.2022828615604646
2000-02-17 00:00:00,1.2202186049097403
2000-02-18 00:00:00,1.182582946734211
2000-02-22 00:00:00,1.181700860995722
2000-02-23 00:00:00,1.2063992616734134
2000-02-24 00:00:00,1.2202186049097403
2000-02-25 00:00:00,1.2055171759349241
2000-02-28 00:00:00,1.2137499761608215
2000-02-29 00:00:00,1.2569721773467806
2000-03-01 00:00:00,1.268880334816382
2000-03-02 00:00:00,1.2597654488519956
2000-03-03 00:00:00,1.2950488783915546
2000-03-06 00:00:00,1.3006354214019846
2000-03-07 00:00:00,1.2846108638194351
2000-03-08 00:00:00,1.2826996780527091
2000-03-09 00:00:00,1.3084271787586372
2000-03-10 00:00:00,1.3272017776915201
2000-03-13 00:00:00,1.3272017776915201
2000-03-14 00:00:00,1.3272017776915201
2000-03-15 00:00:00,1.3272017776915201
2000-03-16 00:00:00,1.3272017776915201
2000-03-17 00:00:00,1.3272017776915201
2000-03-20 00:00:00,1.3272017776915201
2000-03-21 00:00:00,1.3272017776915201
2000-03-22 00:00:00,1.3272017776915201
2000-03-23 00:00:00,1.3272017776915201
2000-03-24 00:00:00,1.3272017776915201
2000-03-27 00:00:00,1.3272017776915201
2000-03-28 00:00:00,1.3272017776915201
2000-03-29 00:00:00,1.3272017776915201
2000-03-30 00:00:00,1.3272017776915201
2000-03-31 00:00:00,1.3272017776915201
2000-04-03 00:00:00,1.3272017776915201
2000-04-04 00:00:00,1.3272017776915201
2000-04-05 00:00:00,1.3272017776915201
2000-04-06 00:00:00,1.3272017776915201
2000-04-07 00:00:00,1.3272017776915201
2000-04-10 00:00:00,1.3272017776915201
2000-04-11 00:00:00,1.3272017776915201
2000-04-12 00:00:00,1.3272017776915201
2000-04-13 00:00:00,1.3272017776915201
2000-04-14 00:00:00,1.3272017776915201
2000-04-17 00:00:00,1.3272017776915201
2000-04-18 00:00:00,1.3272017776915201
2000-04-19 00:00:00,1.3272017776915201
2000-04-20 00:00:00,1.3272017776915201
2000-04-24 00:00:00,1.3272017776915201
2000-04-25 00:00:00,1.3272017776915201
2000-04-26 00:00:00,1.3272017776915201
2000-04-27 00:00:00,1.3272017776915201
2000-04-28 00:00:00,1.3272017776915201
2000-05-01 00:00:00,1.3272017776915201
2000-05-02 00:00:00,1.3272017776915201
2000-05-03 00:00:00,1.3272017776915201
2000-05-04 00:00:00,1.3272017776915201
2000-05-05 00:00:00,1.3272017776915201
2000-05-08 00:00:00,1.3272017776915201
2000-05-09 00:00:00,1.3272017776915201
2000-05-10 00:00:00,1.3272017776915201
2000-05-11 00:00:00,1.3272017776915201
2000-05-12 00:00:00,1.3272017776915201
2000-05-15 00:00:00,1.3272017776915201
2000-05-16 00:00:00,1.3272017776915201
2000-05-17 00:00:00,1.3272017776915201
2000-05-18 00:00:00,1.3272017776915201
2000-05-19 00:00:00,1.3272017776915201
2000-05-22 00:00:00,1.3272017776915201
2000-05-23 00:00:00,1.3272017776915201
2000-05-24 00:00:00,1.3272017776915201
2000-05-25 00:00:00,1.3272017776915201
2000-05-26 00:00:00,1.3272017776915201
2000-05-30 00:00:00,1.3272017776915201
2000-05-31 00:00:00,1.3272017776915201
2000-06-01 00:00:00,1.3272017776915201
2000-06-02 00:00:00,1.3272017776915201
2000-06-05 00:00:00,1.3272017776915201
2000-06-06 00:00:00,1.3272017776915201
2000-06-07 00:00:00,1.3272017776915201
2000-06-08 00:00:00,1.3272017776915201
2000-06-09 00:00:00,1.3272017776915201
2000-06-12 00:00:00,1.3272017776915201
2000-06-13 00:00:00,1.3272017776915201
2000-06-14 00:00:00,1.3272017776915201
2000-06-15 00:00:00,1.3272017776915201
2000-06-16 00:00:00,1.3272017776915201
2000-06-19 00:00:00,1.3272017776915201
2000-06-20 00:00:00,1.3272017776915201
2000-06-21 00:00:00,1.3272017776915201
2000-06-22 00:00:00,1.3272017776915201
2000-06-23 00:00:00,1.3272017776915201
2000-06-26 00:00:00,1.3272017776915201
2000-06-27 00:00:00,1.3272017776915201
2000-06-28 00:00:00,1.3272017776915201
2000-06-29 00:00:00,1.3272017776915201
2000-06-30 00:00:00,1.3272017776915201
2000-07-03 00:00:00,1.3272017776915201
2000-07-05 00:00:00,1.3272017776915201
2000-07-06 00:00:00,1.3272017776915201
2000-07-07 00:00:00,1.3272017776915201
2000-07-10 00:00:00,1.3272017776915201
2000-07-11 00:00:00,1.3272017776915201
2000-07-12 00:00:00,1.3272017776915201
2000-07-13 00:00:00,1.3272017776915201
2000-07-14 00:00:00,1.3272017776915201
2000-07-17 00:00:00,1.3272017776915201
2000-07-18 00:00:00,1.3272017776915201
2000-07-19 00:00:00,1.3272017776915201
2000-07-20 00:00:00,1.3272017776915201
2000-07-21 00:00:00,1.3272017776915201
2000-07-24 00:00:00,1.3272017776915201
2000-07-25 00:00:00,1.3272017776915201
2000-07-26 00:00:00,1.3272017776915201
2000-07-27 00:00:00,1.3272017776915201
2000-07-28 00:00:00,1.3272017776915201
2000-07-31 00:00:00,1.3272017776915201
2000-08-01 00:00:00,1.3272017776915201
2000-08-02 00:00:00,1.3272017776915201
2000-08-03 00:00:00,1.3272017776915201
2000-08-04 00:00:00,1.3272017776915201
2000-08-07 00:00:00,1.3272017776915201
2000-08-08 00:00:00,1.3272017776915201
2000-08-09 00:00:00,1.3272017776915201
2000-08-10 00:00:00,1.3272017776915201
2000-08-11 00:00:00,1.3272017776915201
2000-08-14 00:00:00,1.3272017776915201
2000-08-15 00:00:00,1.3272017776915201
2000-08-16 00:00:00,1.3272017776915201
2000-08-17 00:00:00,1.3272017776915201
2000-08-18 00:00:00,1.3272017776915201
2000-08-21 00:00:00,1.3272017776915201
2000-08-22 00:00:00,1.3272017776915201
2000-08-23 00:00:00,1.3272017776915201
2000-08-24 00:00:00,1.3272017776915201
2000-08-25 00:00:00,1.3272017776915201
2000-08-28 00:00:00,1.3272017776915201
2000-08-29 00:00:00,1.3272017776915201
2000-08-30 00:00:00,1.3272017776915201
2000-08-31 00:00:00,1.3272017776915201
2000-09-01 00:00:00,1.3272017776915201
2000-09-05 00:00:00,1.3272017776915201
2000-09-06 00:00:00,1.3272017776915201
2000-09-07 00:00:00,1.3272017776915201
2000-09-08 00:00:00,1.3272017776915201
2000-09-11 00:00:00,1.3272017776915201
2000-09-12 00:00:00,1.3272017776915201
2000-09-13 00:00:00,1.3272017776915201
2000-09-14 00:00:00,1.3272017776915201
2000-09-15 00:00:00,1.3272017776915201
2000-09-18 00:00:00,1.3272017776915201
2000-09-19 00:00:00,1.3272017776915201
2000-09-20 00:00:00,1.3272017776915201
2000-09-21 00:00:00,1.3272017776915201
2000-09-22 00:00:00,1.3272017776915201
2000-09-25 00:00:00,1.3272017776915201
2000-09-26 00:00:00,1.3272017776915201
2000-09-27 00:00:00,1.3272017776915201
2000-09-28 00:00:00,1.3272017776915201
2000-09-29 00:00:00,1.3272017776915201
2000-10-02 00:00:00,1.3272017776915201
2000-10-03 00:00:00,1.3272017776915201
2000-10-04 00:00:00,1.3272017776915201
2000-10-05 00:00:00,1.3272017776915201
2000-10-06 00:00:00,1.3272017776915201
2000-10-09 00:00:00,1.3272017776915201
2000-10-10 00:00:00,1.3272017776915201
2000-10-11 00:00:00,1.3272017776915201
2000-10-12 00:00:00,1.3272017776915201
2000-10-13 00:00:00,1.3272017776915201
2000-10-16 00:00:00,1.3272017776915201
2000-10-17 00:00:00,1.3272017776915201
2000-10-18 00:00:00,1.3272017776915201
2000-10-19 00:00:00,1.3272017776915201
2000-10-20 00:00:00,1.3272017776915201
2000-10-23 00:00:00,1.3272017776915201
2000-10-24 00:00:00,1.3272017776915201
2000-10-25 00:00:00,1.3272017776915201
2000-10-26 00:00:00,1.3272017776915201
2000-10-27 00:00:00,1.3272017776915201
2000-10-30 00:00:00,1.3272017776915201
2000-10-31 00:00:00,1.3272017776915201
2000-11-01 00:00:00,1.3272017776915201
2000-11-02 00:00:00,1.3362806930613964
2000-11-03 00:00:00,1.3310629256074447
2000-11-06 00:00:00,1.3359676270141592
2000-11-07 00:00:00,1.3330456772399462
2000-11-08 00:00:00,1.3157226892928262
2000-11-09 00:00:00,1.3063307078757127
2000-11-10 00:00:00,1.2802418706059535
2000-11-13 00:00:00,1.2612851818153465
2000-11-14 00:00:00,1.2612851818153465
2000-11-15 00:00:00,1.2612851818153465
2000-11-16 00:00:00,1.2612851818153465
2000-11-17 00:00:00,1.2612851818153465
2000-11-20 00:00:00,1.2612851818153465
2000-11-21 00:00:00,1.2612851818153465
2000-11-22 00:00:00,1.2612851818153465
2000-11-24 00:00:00,1.2612851818153465
2000-11-27 00:00:00,1.2612851818153465
2000-11-28 00:00:00,1.2612851818153465
2000-11-29 00:00:00,1.2612851818153465
2000-11-30 00:00:00,1.2612851818153465
2000-12-01 00:00:00,1.2612851818153465
2000-12-04 00:00:00,1.2612851818153465
2000-12-05 00:00:00,1.2612851818153465
2000-12-06 00:00:00,1.2612851818153465
2000-12-07 00:00:00,1.2612851818153465
2000-12-08 00:00:00,1.2612851818153465
2000-12-11 00:00:00,1.2612851818153465
2000-12-12 00:00:00,1.2612851818153465
2000-12-13 00:00:00,1.2612851818153465
2000-12-14 00:00:00,1.2612851818153465
2000-12-15 00:00:00,1.2612851818153465
2000-12-18 00:00:00,1.2612851818153465
2000-12-19 00:00:00,1.2612851818153465
2000-12-20 00:00:00,1.2612851818153465
2000-12-21 00:00:00,1.2612851818153465
2000-12-22 00:00:00,1.2612851818153465
2000-12-26 00:00:00,1.2612851818153465
2000-12-27 00:00:00,1.2612851818153465
2000-12-28 00:00:00,1.2612851818153465
2000-12-29 00:00:00,1.2612851818153465
2001-01-02 00:00:00,1.2612851818153465
2001-01-03 00:00:00,1.2612851818153465
2001-01-04 00:00:00,1.2612851818153465
2001-01-05 00:00:00,1.2612851818153465
2001-01-08 00:00:00,1.2612851818153465
2001-01-09 00:00:00,1.2612851818153465
2001-01-10 00:00:00,1.2612851818153465
2001-01-11 00:00:00,1.2612851818153465
2001-01-12 00:00:00,1.2612851818153465
2001-01-16 00:00:00,1.2612851818153465
2001-01-17 00:00:00,1.2612851818153465
2001-01-18 00:00:00,1.2612851818153465
2001-01-19 00:00:00,1.2612851818153465
2001-01-22 00:00:00,1.2612851818153465
2001-01-23 00:00:00,1.2612851818153465
2001-01-24 00:00:00,1.2612851818153465
2001-01-25 00:00:00,1.2612851818153465
2001-01-26 00:00:00,1.2612851818153465
2001-01-29 00:00:00,1.2612851818153465
2001-01-30 00:00:00,1.2612851818153465
2001-01-31 00:00:00,1.2566321061138601
2001-02-01 00:00:00,1.2536710579401869
2001-02-02 00:00:00,1.2409808514815872
2001-02-05 00:00:00,1.2458877313122458
2001-02-06 00:00:00,1.2540940648221401
2001-02-07 00:00:00,1.2502870028845603
2001-02-08 00:00:00,1.2477489615928403
2001-02-09 00:00:00,1.2442803051608233
2001-02-12 00:00:00,1.2528250441762803
2001-02-13 00:00:00,1.2481719684747936
2001-02-14 00:00:00,1.2507100097665136
2001-02-15 00:00:00,1.258662539147236
2001-02-16 00:00:00,1.2435188927733072
2001-02-20 00:00:00,1.229982672550801
2001-02-21 00:00:00,1.219407500501968
2001-02-22 00:00:00,1.2085330568830772
2001-02-23 00:00:00,1.2085330568830772
2001-02-26 00:00:00,1.2085330568830772
2001-02-27 00:00:00,1.2085330568830772
2001-02-28 00:00:00,1.2085330568830772
2001-03-01 00:00:00,1.2085330568830772
2001-03-02 00:00:00,1.2085330568830772
2001-03-05 00:00:00,1.2085330568830772
2001-03-06 00:00:00,1.2085330568830772
2001-03-07 00:00:00,1.2085330568830772
2001-03-08 00:00:00,1.2085330568830772
2001-03-09 00:00:00,1.2085330568830772
2001-03-12 00:00:00,1.2085330568830772
2001-03-13 00:00:00,1.2085330568830772
2001-03-14 00:00:00,1.2085330568830772
2001-03-15 00:00:00,1.2085330568830772
2001-03-16 00:00:00,1.2085330568830772
2001-03-19 00:00:00,1.2085330568830772
2001-03-20 00:00:00,1.2085330568830772
2001-03-21 00:00:00,1.2085330568830772
2001-03-22 00:00:00,1.2085330568830772
2001-03-23 00:00:00,1.2085330568830772
2001-03-26 00:00:00,1.2085330568830772
2001-03-27 00:00:00,1.2085330568830772
2001-03-28 00:00:00,1.2085330568830772
2001-03-29 00:00:00,1.2085330568830772
2001-03-30 00:00:00,1.2085330568830772
2001-04-02 00:00:00,1.2085330568830772
2001-04-03 00:00:00,1.2085330568830772
2001-04-04 00:00:00,1.2085330568830772
2001-04-05 00:00:00,1.2085330568830772
2001-04-06 00:00:00,1.2085330568830772
2001-04-09 00:00:00,1.2085330568830772
2001-04-10 00:00:00,1.2085330568830772
2001-04-11 00:00:00,1.2085330568830772
2001-04-12 00:00:00,1.2085330568830772
2001-04-16 00:00:00,1.2085330568830772
2001-04-17 00:00:00,1.2085330568830772
2001-04-18 00:00:00,1.2085330568830772
2001-04-19 00:00:00,1.2085330568830772
2001-04-20 00:00:00,1.2085330568830772
2001-04-23 00:00:00,1.2085330568830772
2001-04-24 00:00:00,1.2085330568830772
2001-04-25 00:00:00,1.2085330568830772
2001-04-26 00:00:00,1.2085330568830772
2001-04-27 00:00:00,1.2085330568830772
2001-04-30 00:00:00,1.2085330568830772
2001-05-01 00:00:00,1.2085330568830772
2001-05-02 00:00:00,1.2085330568830772
2001-05-03 00:00:00,1.2085330568830772
2001-05-04 00:00:00,1.2085330568830772
2001-05-07 00:00:00,1.2034472336592885
2001-05-08 00:00:00,1.2037015248204779
2001-05-09 00:00:00,1.1991242839190681
2001-05-10 00:00:00,1.1983614104354998
2001-05-11 00:00:00,1.1979375918335176
2001-05-14 00:00:00,1.1952251527808302
2001-05-15 00:00:00,1.2037015248204779
2001-05-16 00:00:00,1.2232819442320644
2001-05-17 00:00:00,1.235233628807968
2001-05-18 00:00:00,1.2339621730020207
2001-05-21 00:00:00,1.2555769217031227
2001-05-22 00:00:00,1.2547292844991578
2001-05-23 00:00:00,1.2356574474099502
2001-05-24 00:00:00,1.2390479962258094
2001-05-25 00:00:00,1.235233628807968
2001-05-29 00:00:00,1.2254010372419764
2001-05-30 00:00:00,1.2085330568830772
2001-05-31 00:00:00,1.2153141545147954
2001-06-01 00:00:00,1.2259096195643553
2001-06-04 00:00:00,1.230995442788144
2001-06-05 00:00:00,1.2466767310614926
2001-06-06 00:00:00,1.235233628807968
2001-06-07 00:00:00,1.2424385450416684
2001-06-08 00:00:00,1.2326907171960735
2001-06-11 00:00:00,1.2232819442320644
2001-06-12 00:00:00,1.220908560060963
2001-06-13 00:00:00,1.2158227368371743
2001-06-14 00:00:00,1.1958184988236054
2001-06-15 00:00:00,1.1979375918335176
2001-06-18 00:00:00,1.1936994058136934
2001-06-19 00:00:00,1.189885038395852
2001-06-20 00:00:00,1.201412904369773
2001-06-21 00:00:00,1.203362469938892
2001-06-22 00:00:00,1.1911564942017991
2001-06-25 00:00:00,1.1881897639879224
2001-06-26 00:00:00,1.1909022030406098
2001-06-27 00:00:00,1.1932755872117111
2001-06-28 00:00:00,1.2004805034454118
2001-06-29 00:00:00,1.2127712429029012
2001-07-02 00:00:00,1.2102283312910067
2001-07-03 00:00:00,1.209380694087042
2001-07-05 00:00:00,1.198785229037482
2001-07-06 00:00:00,1.1856468523760282
2001-07-09 00:00:00,1.1860706709780104
2001-07-10 00:00:00,1.1772552440567767
2001-07-11 00:00:00,1.1784419361423275
2001-07-12 00:00:00,1.192936532330125
2001-07-13 00:00:00,1.1974290095111386
2001-07-16 00:00:00,1.1853077974944422
2001-07-17 00:00:00,1.1945470430176581
2001-07-18 00:00:00,1.1894612197938697
2001-07-19 00:00:00,1.1966661360275703
2001-07-20 00:00:00,1.197513773231535
2001-07-23 00:00:00,1.189885038395852
2001-07-24 00:00:00,1.1775942989383625
2001-07-25 00:00:00,1.1826801221621512
2001-07-26 00:00:00,1.1924279500077462
2001-07-27 00:00:00,1.198785229037482
2001-07-30 00:00:00,1.199632866241447
2001-07-31 00:00:00,1.1978528281131209
2001-08-01 00:00:00,1.2064139638731652
2001-08-02 00:00:00,1.2042948708632533
2001-08-03 00:00:00,1.203023415057306
2001-08-06 00:00:00,1.1908174393202133
2001-08-07 00:00:00,1.1907326755998169
2001-08-08 00:00:00,1.1767466617343978
2001-08-09 00:00:00,1.1783571724219308
2001-08-10 00:00:00,1.1818324849581865
2001-08-13 00:00:00,1.186494489579993
2001-08-14 00:00:00,1.1894612197938697
2001-08-15 00:00:00,1.186155434698407
2001-08-16 00:00:00,1.1894612197938697
2001-08-17 00:00:00,1.1747123324448823
2001-08-20 00:00:00,1.182256303560169
2001-08-21 00:00:00,1.1691179268987146
2001-08-22 00:00:00,1.1823410672805654
2001-08-23 00:00:00,1.182782686263831
2001-08-24 00:00:00,1.182782686263831
2001-08-27 00:00:00,1.182782686263831
2001-08-28 00:00:00,1.1712308206356439
2001-08-29 00:00:00,1.1712308206356439
2001-08-30 00:00:00,1.17127112381128
2001-08-31 00:00:00,1.17127112381128
2001-09-04 00:00:00,1.17127112381128
2001-09-05 00:00:00,1.17127112381128
2001-09-06 00:00:00,1.17127112381128
2001-09-07 00:00:00,1.17127112381128
2001-09-10 00:00:00,1.17127112381128
2001-09-17 00:00:00,1.17127112381128
2001-09-18 00:00:00,1.17127112381128
2001-09-19 00:00:00,1.17127112381128
2001-09-20 00:00:00,1.17127112381128
2001-09-21 00:00:00,1.17127112381128
2001-09-24 00:00:00,1.17127112381128
2001-09-25 00:00:00,1.17127112381128
2001-09-26 00:00:00,1.17127112381128
2001-09-27 00:00:00,1.17127112381128
2001-09-28 00:00:00,1.17127112381128
2001-10-01 00:00:00,1.17127112381128
2001-10-02 00:00:00,1.17127112381128
2001-10-03 00:00:00,1.17127112381128
2001-10-04 00:00:00,1.17127112381128
2001-10-05 00:00:00,1.17127112381128
2001-10-08 00:00:00,1.17127112381128
2001-10-09 00:00:00,1.17127112381128
2001-10-10 00:00:00,1.17127112381128
2001-10-11 00:00:00,1.17127112381128
2001-10-12 00:00:00,1.17127112381128
2001-10-15 00:00:00,1.17127112381128
2001-10-16 00:00:00,1.17127112381128
2001-10-17 00:00:00,1.17127112381128
2001-10-18 00:00:00,1.17127112381128
2001-10-19 00:00:00,1.17127112381128
2001-10-22 00:00:00,1.17127112381128
2001-10-23 00:00:00,1.17127112381128
2001-10-24 00:00:00,1.17127112381128
2001-10-25 00:00:00,1.17127112381128
2001-10-26 00:00:00,1.17127112381128
2001-10-29 00:00:00,1.17127112381128
2001-10-30 00:00:00,1.17127112381128
2001-10-31 00:00:00,1.17127112381128
2001-11-01 00:00:00,1.17127112381128
2001-11-02 00:00:00,1.17127112381128
2001-11-05 00:00:00,1.17127112381128
2001-11-06 00:00:00,1.17127112381128
2001-11-07 00:00:00,1.17127112381128
2001-11-08 00:00:00,1.17127112381128
2001-11-09 00:00:00,1.17127112381128
2001-11-12 00:00:00,1.17127112381128
2001-11-13 00:00:00,1.17127112381128
2001-11-14 00:00:00,1.17127112381128
2001-11-15 00:00:00,1.17127112381128
2001-11-16 00:00:00,1.17127112381128
2001-11-19 00:00:00,1.17127112381128
2001-11-20 00:00:00,1.17127112381128
2001-11-21 00:00:00,1.17127112381128
2001-11-23 00:00:00,1.17127112381128
2001-11-26 00:00:00,1.17127112381128
2001-11-27 00:00:00,1.17127112381128
2001-11-28 00:00:00,1.17127112381128
2001-11-29 00:00:00,1.17127112381128
2001-11-30 00:00:00,1.17127112381128
2001-12-03 00:00:00,1.17127112381128
2001-12-04 00:00:00,1.17127112381128
2001-12-05 00:00:00,1.17127112381128
2001-12-06 00:00:00,1.1679670980316603
2001-12-07 00:00:00,1.1618310501552236
2001-12-10 00:00:00,1.1453109212571242
2001-12-11 00:00:00,1.147080935067635
2001-12-12 00:00:00,1.1429509028431104
2001-12-13 00:00:00,1.1246607601345004
2001-12-14 00:00:00,1.1405908844290962
2001-12-17 00:00:00,1.1488509488781458
2001-12-18 00:00:00,1.1593530308205087
2001-12-19 00:00:00,1.158409023454903
2001-12-20 00:00:00,1.146608931384832
2001-12-21 00:00:00,1.1512109672921595
2001-12-24 00:00:00,1.16124104555172
2001-12-26 00:00:00,1.1678490971109596
2001-12-27 00:00:00,1.1748111514323012
2001-12-28 00:00:00,1.1771711698463156
2001-12-31 00:00:00,1.1653710777762447
2002-01-02 00:00:00,1.1653710777762447
2002-01-03 00:00:00,1.179413187339629
2002-01-04 00:00:00,1.1880272545507806
2002-01-07 00:00:00,1.1813012020708404
2002-01-08 00:00:00,1.1807111974673368
2002-01-09 00:00:00,1.1771711698463156
2002-01-10 00:00:00,1.1836612204848544
2002-01-11 00:00:00,1.1683211007937624
2002-01-14 00:00:00,1.1541609903096774
2002-01-15 00:00:00,1.164073067648537
2002-01-16 00:00:00,1.138230866015082
2002-01-17 00:00:00,1.1559310041201882
2002-01-18 00:00:00,1.1453109212571242
2002-01-22 00:00:00,1.1400008798255925
2002-01-23 00:00:00,1.1540429893889768
2002-01-24 00:00:00,1.164781073172741
2002-01-25 00:00:00,1.1665510869832518
2002-01-28 00:00:00,1.1705631182870757
2002-01-29 00:00:00,1.150620962688656
2002-01-30 00:00:00,1.1636010639657342
2002-01-31 00:00:00,1.164781073172741
2002-02-01 00:00:00,1.1594710317412094
2002-02-04 00:00:00,1.138702869697885
2002-02-05 00:00:00,1.1359888485217684
2002-02-06 00:00:00,1.129380796962529
2002-02-07 00:00:00,1.1176987058131587
2002-02-08 00:00:00,1.1487329479574448
2002-02-11 00:00:00,1.1594710317412094
2002-02-12 00:00:00,1.1525089774198676
2002-02-13 00:00:00,1.1664330860625511
2002-02-14 00:00:00,1.162421054758727
2002-02-15 00:00:00,1.1534529847854733
2002-02-19 00:00:00,1.1336288301077544
2002-02-20 00:00:00,1.1523909764991669
2002-02-21 00:00:00,1.1324488209007473
2002-02-22 00:00:00,1.1453109212571242
2002-02-25 00:00:00,1.1605330400275158
2002-02-26 00:00:00,1.164781073172741
2002-02-27 00:00:00,1.1748111514323012
2002-02-28 00:00:00,1.162421054758727
2002-03-01 00:00:00,1.1903872729647946
2002-03-04 00:00:00,1.2155214690740455
2002-03-05 00:00:00,1.213751455263535
2002-03-06 00:00:00,1.2306255869237361
2002-03-07 00:00:00,1.2261415519371093
2002-03-08 00:00:00,1.2348736200689614
2002-03-11 00:00:00,1.232631602575648
2002-03-12 00:00:00,1.2296815795581304
2002-03-13 00:00:00,1.2227195252367886
2002-03-14 00:00:00,1.2249615427301022
2002-03-15 00:00:00,1.2340476136240568
2002-03-18 00:00:00,1.2437236891215147
2002-03-19 00:00:00,1.2437236891215147
2002-03-20 00:00:00,1.2267315565406127
2002-03-21 00:00:00,1.2378236430864793
2002-03-22 00:00:00,1.2308615887651373
2002-03-25 00:00:00,1.20962142303901
2002-03-26 00:00:00,1.2272035602234157
2002-03-27 00:00:00,1.2344016163861589
2002-03-28 00:00:00,1.2361716301966692
2002-04-01 00:00:00,1.241127668866099
2002-04-02 00:00:00,1.2273215611441162
2002-04-03 00:00:00,1.2167014782810526
2002-04-04 00:00:00,1.2201235049813732
2002-04-05 00:00:00,1.2162294745982498
2002-04-08 00:00:00,1.2338116117826552
2002-04-09 00:00:00,1.229091574954627
2002-04-10 00:00:00,1.2497417360772507
2002-04-11 00:00:00,1.2301535832409334
2002-04-12 00:00:00,1.2462017084562296
2002-04-15 00:00:00,1.242307678073106
2002-04-16 00:00:00,1.262131832750825
2002-04-17 00:00:00,1.259771814336811
2002-04-18 00:00:00,1.2538717683017755
2002-04-19 00:00:00,1.258591805129804
2002-04-22 00:00:00,1.243959690962916
2002-04-23 00:00:00,1.2444316946457188
2002-04-24 00:00:00,1.2314515933686412
2002-04-25 00:00:00,1.2385316486106837
2002-04-26 00:00:00,1.216111473677549
2002-04-29 00:00:00,1.2178814874880597
2002-04-30 00:00:00,1.2336936108619545
2002-05-01 00:00:00,1.2408916670246977
2002-05-02 00:00:00,1.2367616348001729
2002-05-03 00:00:00,1.229091574954627
2002-05-06 00:00:00,1.2102114276425135
2002-05-07 00:00:00,1.2077334083077989
2002-05-08 00:00:00,1.239121653214187
2002-05-09 00:00:00,1.2220115197125845
2002-05-10 00:00:00,1.2102114276425135
2002-05-13 00:00:00,1.227085559302715
2002-05-14 00:00:00,1.2574117959227966
2002-05-15 00:00:00,1.2480897231874408
2002-05-16 00:00:00,1.2434876872801135
2002-05-17 00:00:00,1.2503317406807544
2002-05-20 00:00:00,1.235109621910363
2002-05-21 00:00:00,1.2209495114262783
2002-05-22 00:00:00,1.2190614966950666
2002-05-23 00:00:00,1.23794164400718
2002-05-24 00:00:00,1.2261415519371093
2002-05-28 00:00:00,1.2203595068227744
2002-05-29 00:00:00,1.212453445135827
2002-05-30 00:00:00,1.2143414598670386
2002-05-31 00:00:00,1.214931464470542
2002-06-03 00:00:00,1.185077231533263
2002-06-04 00:00:00,1.1750471532737028
2002-06-05 00:00:00,1.1813012020708404
2002-06-06 00:00:00,1.1637190648864346
2002-06-07 00:00:00,1.1754011560358049
2002-06-10 00:00:00,1.17622716248071
2002-06-11 00:00:00,1.1512109672921595
2002-06-12 00:00:00,1.1489689497988465
2002-06-13 00:00:00,1.1460505510280765
2002-06-14 00:00:00,1.1460505510280765
2002-06-17 00:00:00,1.1460505510280765
2002-06-18 00:00:00,1.1460505510280765
2002-06-19 00:00:00,1.1460505510280765
2002-06-20 00:00:00,1.1460505510280765
2002-06-21 00:00:00,1.1460505510280765
2002-06-24 00:00:00,1.1460505510280765
2002-06-25 00:00:00,1.1460505510280765
2002-06-26 00:00:00,1.1460505510280765
2002-06-27 00:00:00,1.1460505510280765
2002-06-28 00:00:00,1.1460505510280765
2002-07-01 00:00:00,1.1460505510280765
2002-07-02 00:00:00,1.1460505510280765
2002-07-03 00:00:00,1.1460505510280765
2002-07-05 00:00:00,1.1460505510280765
2002-07-08 00:00:00,1.1460505510280765
2002-07-09 00:00:00,1.1460505510280765
2002-07-10 00:00:00,1.1460505510280765
2002-07-11 00:00:00,1.1460505510280765
2002-07-12 00:00:00,1.1460505510280765
2002-07-15 00:00:00,1.1460505510280765
2002-07-16 00:00:00,1.1460505510280765
2002-07-17 00:00:00,1.1460505510280765
2002-07-18 00:00:00,1.1460505510280765
2002-07-19 00:00:00,1.1460505510280765
2002-07-22 00:00:00,1.1460505510280765
2002-07-23 00:00:00,1.1460505510280765
2002-07-24 00:00:00,1.1460505510280765
2002-07-25 00:00:00,1.1460505510280765
2002-07-26 00:00:00,1.1460505510280765
2002-07-29 00:00:00,1.1460505510280765
2002-07-30 00:00:00,1.1460505510280765
2002-07-31 00:00:00,1.1460505510280765
2002-08-01 00:00:00,1.1460505510280765
2002-08-02 00:00:00,1.1460505510280765
2002-08-05 00:00:00,1.1460505510280765
2002-08-06 00:00:00,1.1460505510280765
2002-08-07 00:00:00,1.1460505510280765
2002-08-08 00:00:00,1.1460505510280765
2002-08-09 00:00:00,1.1460505510280765
2002-08-12 00:00:00,1.1460505510280765
2002-08-13 00:00:00,1.1460505510280765
2002-08-14 00:00:00,1.1460505510280765
2002-08-15 00:00:00,1.1460505510280765
2002-08-16 00:00:00,1.1460505510280765
2002-08-19 00:00:00,1.1460505510280765
2002-08-20 00:00:00,1.1460505510280765
2002-08-21 00:00:00,1.1460505510280765
2002-08-22 00:00:00,1.1460505510280765
2002-08-23 00:00:00,1.1460505510280765
2002-08-26 00:00:00,1.1460505510280765
2002-08-27 00:00:00,1.1460505510280765
2002-08-28 00:00:00,1.1460505510280765
2002-08-29 00:00:00,1.1460505510280765
2002-08-30 00:00:00,1.1460505510280765
2002-09-03 00:00:00,1.1460505510280765
2002-09-04 00:00:00,1.1460505510280765
2002-09-05 00:00:00,1.1460505510280765
2002-09-06 00:00:00,1.1460505510280765
2002-09-09 00:00:00,1.1460505510280765
2002-09-10 00:00:00,1.1460505510280765
2002-09-11 00:00:00,1.1460505510280765
2002-09-12 00:00:00,1.1460505510280765
2002-09-13 00:00:00,1.1460505510280765
2002-09-16 00:00:00,1.1460505510280765
2002-09-17 00:00:00,1.1460505510280765
2002-09-18 00:00:00,1.1460505510280765
2002-09-19 00:00:00,1.1460505510280765
2002-09-20 00:00:00,1.1460505510280765
2002-09-23 00:00:00,1.1460505510280765
2002-09-24 00:00:00,1.1460505510280765
2002-09-25 00:00:00,1.1460505510280765
2002-09-26 00:00:00,1.1460505510280765
2002-09-27 00:00:00,1.1460505510280765
2002-09-30 00:00:00,1.1460505510280765
2002-10-01 00:00:00,1.1460505510280765
2002-10-02 00:00:00,1.1460505510280765
2002-10-03 00:00:00,1.1460505510280765
2002-10-04 00:00:00,1.1460505510280765
2002-10-07 00:00:00,1.1460505510280765
2002-10-08 00:00:00,1.1460505510280765
2002-10-09 00:00:00,1.1460505510280765
2002-10-10 00:00:00,1.1460505510280765
2002-10-11 00:00:00,1.1460505510280765
2002-10-14 00:00:00,1.1460505510280765
2002-10-15 00:00:00,1.1460505510280765
2002-10-16 00:00:00,1.1460505510280765
2002-10-17 00:00:00,1.1460505510280765
2002-10-18 00:00:00,1.1460505510280765
2002-10-21 00:00:00,1.1460505510280765
2002-10-22 00:00:00,1.1460505510280765
2002-10-23 00:00:00,1.1460505510280765
2002-10-24 00:00:00,1.1460505510280765
2002-10-25 00:00:00,1.1460505510280765
2002-10-28 00:00:00,1.1460505510280765
2002-10-29 00:00:00,1.1460505510280765
2002-10-30 00:00:00,1.1460505510280765
2002-10-31 00:00:00,1.1460505510280765
2002-11-01 00:00:00,1.1460505510280765
2002-11-04 00:00:00,1.1460505510280765
2002-11-05 00:00:00,1.1460505510280765
2002-11-06 00:00:00,1.1460505510280765
2002-11-07 00:00:00,1.1460505510280765
2002-11-08 00:00:00,1.1460505510280765
2002-11-11 00:00:00,1.1460505510280765
2002-11-12 00:00:00,1.1460505510280765
2002-11-13 00:00:00,1.1460505510280765
2002-11-14 00:00:00,1.1460505510280765
2002-11-15 00:00:00,1.1460505510280765
2002-11-18 00:00:00,1.1460505510280765
2002-11-19 00:00:00,1.1460505510280765
2002-11-20 00:00:00,1.1460505510280765
2002-11-21 00:00:00,1.1460505510280765
2002-11-22 00:00:00,1.1460505510280765
2002-11-25 00:00:00,1.1460505510280765
2002-11-26 00:00:00,1.1460505510280765
2002-11-27 00:00:00,1.1460505510280765
2002-11-29 00:00:00,1.1460505510280765
2002-12-02 00:00:00,1.1460505510280765
2002-12-03 00:00:00,1.1460505510280765
2002-12-04 00:00:00,1.1460505510280765
2002-12-05 00:00:00,1.1460505510280765
2002-12-06 00:00:00,1.1460505510280765
2002-12-09 00:00:00,1.1460505510280765
2002-12-10 00:00:00,1.1460505510280765
2002-12-11 00:00:00,1.1460505510280765
2002-12-12 00:00:00,1.1460505510280765
2002-12-13 00:00:00,1.1460505510280765
2002-12-16 00:00:00,1.1460505510280765
2002-12-17 00:00:00,1.1460505510280765
2002-12-18 00:00:00,1.1460505510280765
2002-12-19 00:00:00,1.1460505510280765
2002-12-20 00:00:00,1.1460505510280765
2002-12-23 00:00:00,1.1460505510280765
2002-12-24 00:00:00,1.1460505510280765
2002-12-26 00:00:00,1.1460505510280765
2002-12-27 00:00:00,1.1460505510280765
2002-12-30 00:00:00,1.1460505510280765
2002-12-31 00:00:00,1.1460505510280765
2003-01-02 00:00:00,1.1460505510280765
2003-01-03 00:00:00,1.1460505510280765
2003-01-06 00:00:00,1.1460505510280765
2003-01-07 00:00:00,1.1460505510280765
2003-01-08 00:00:00,1.1460505510280765
2003-01-09 00:00:00,1.1460505510280765
2003-01-10 00:00:00,1.1460505510280765
2003-01-13 00:00:00,1.1460505510280765
2003-01-14 00:00:00,1.1460505510280765
2003-01-15 00:00:00,1.1460505510280765
2003-01-16 00:00:00,1.1460505510280765
2003-01-17 00:00:00,1.1460505510280765
2003-01-21 00:00:00,1.1460505510280765
2003-01-22 00:00:00,1.1460505510280765
2003-01-23 00:00:00,1.1460505510280765
2003-01-24 00:00:00,1.1460505510280765
2003-01-27 00:00:00,1.1460505510280765
2003-01-28 00:00:00,1.1460505510280765
2003-01-29 00:00:00,1.1460505510280765
2003-01-30 00:00:00,1.1460505510280765
2003-01-31 00:00:00,1.1460505510280765
2003-02-03 00:00:00,1.1460505510280765
2003-02-04 00:00:00,1.1460505510280765
2003-02-05 00:00:00,1.1460505510280765
2003-02-06 00:00:00,1.1460505510280765
2003-02-07 00:00:00,1.1460505510280765
2003-02-10 00:00:00,1.1460505510280765
2003-02-11 00:00:00,1.1460505510280765
2003-02-12 00:00:00,1.1460505510280765
2003-02-13 00:00:00,1.1460505510280765
2003-02-14 00:00:00,1.1460505510280765
2003-02-18 00:00:00,1.1460505510280765
2003-02-19 00:00:00,1.1460505510280765
2003-02-20 00:00:00,1.1460505510280765
2003-02-21 00:00:00,1.1460505510280765
2003-02-24 00:00:00,1.1460505510280765
2003-02-25 00:00:00,1.1460505510280765
2003-02-26 00:00:00,1.1460505510280765
2003-02-27 00:00:00,1.1460505510280765
2003-02-28 00:00:00,1.1460505510280765
2003-03-03 00:00:00,1.1460505510280765
2003-03-04 00:00:00,1.1460505510280765
2003-03-05 00:00:00,1.1460505510280765
2003-03-06 00:00:00,1.1460505510280765
2003-03-07 00:00:00,1.1460505510280765
2003-03-10 00:00:00,1.1460505510280765
2003-03-11 00:00:00,1.1460505510280765
2003-03-12 00:00:00,1.1460505510280765
2003-03-13 00:00:00,1.1460505510280765
2003-03-14 00:00:00,1.1460505510280765
2003-03-17 00:00:00,1.1460505510280765
2003-03-18 00:00:00,1.1460505510280765
2003-03-19 00:00:00,1.1460505510280765
2003-03-20 00:00:00,1.1460505510280765
2003-03-21 00:00:00,1.1460505510280765
2003-03-24 00:00:00,1.1460505510280765
2003-03-25 00:00:00,1.1460505510280765
2003-03-26 00:00:00,1.1460505510280765
2003-03-27 00:00:00,1.1460505510280765
2003-03-28 00:00:00,1.1460505510280765
2003-03-31 00:00:00,1.1460505510280765
2003-04-01 00:00:00,1.1460505510280765
2003-04-02 00:00:00,1.1460505510280765
2003-04-03 00:00:00,1.1460505510280765
2003-04-04 00:00:00,1.1460505510280765
2003-04-07 00:00:00,1.1460505510280765
2003-04-08 00:00:00,1.1460505510280765
2003-04-09 00:00:00,1.1460505510280765
2003-04-10 00:00:00,1.1460505510280765
2003-04-11 00:00:00,1.1460505510280765
2003-04-14 00:00:00,1.1460505510280765
2003-04-15 00:00:00,1.1460505510280765
2003-04-16 00:00:00,1.1460505510280765
2003-04-17 00:00:00,1.1460505510280765
2003-04-21 00:00:00,1.1460505510280765
2003-04-22 00:00:00,1.1460505510280765
2003-04-23 00:00:00,1.1460505510280765
2003-04-24 00:00:00,1.1460505510280765
2003-04-25 00:00:00,1.1460505510280765
2003-04-28 00:00:00,1.1460505510280765
2003-04-29 00:00:00,1.1499262229817035
2003-04-30 00:00:00,1.1513616570386023
2003-05-01 00:00:00,1.1513616570386023
2003-05-02 00:00:00,1.1720319074579464
2003-05-05 00:00:00,1.1749027755717443
2003-05-06 00:00:00,1.1813622288277894
2003-05-07 00:00:00,1.1776301002798524
2003-05-08 00:00:00,1.1691610393441485
2003-05-09 00:00:00,1.184089553535897
2003-05-12 00:00:00,1.1949988523683288
2003-05-13 00:00:00,1.1964342864252275
2003-05-14 00:00:00,1.198730980916266
2003-05-15 00:00:00,1.2028937396812727
2003-05-16 00:00:00,1.1931327880943603
2003-05-19 00:00:00,1.1701658431839776
2003-05-20 00:00:00,1.1684433223156994
2003-05-21 00:00:00,1.1746156887603645
2003-05-22 00:00:00,1.1849508139700364
2003-05-23 00:00:00,1.197008460047987
2003-05-27 00:00:00,1.2172480802502617
2003-05-28 00:00:00,1.2198318615526798
2003-05-29 00:00:00,1.221554382420958
2003-05-30 00:00:00,1.2506936937760058
2003-06-02 00:00:00,1.2538516487011833
2003-06-03 00:00:00,1.2529903882670441
2003-06-04 00:00:00,1.2705026837612106
2003-06-05 00:00:00,1.2811248957822623
2003-06-06 00:00:00,1.272512291440869
2003-06-09 00:00:00,1.2516984976158352
2003-06-10 00:00:00,1.2653351211563746
2003-06-11 00:00:00,1.2839957638960602
2003-06-12 00:00:00,1.2872972622269276
2003-06-13 00:00:00,1.2719381178181095
2003-06-16 00:00:00,1.2947615193228017
2003-06-17 00:00:00,1.2937567154829726
2003-06-18 00:00:00,1.2911729341805547
2003-06-19 00:00:00,1.2748089859319072
2003-06-20 00:00:00,1.2689237062986218
2003-06-23 00:00:00,1.253133931672734
2003-06-24 00:00:00,1.2538516487011833
2003-06-25 00:00:00,1.2561483431922216
2003-06-26 00:00:00,1.2696414233270712
2003-06-27 00:00:00,1.2643303173165452
2003-06-30 00:00:00,1.2591627547117092
2003-07-01 00:00:00,1.270072053544141
2003-07-02 00:00:00,1.2862924583870983
2003-07-03 00:00:00,1.279115288102604
2003-07-07 00:00:00,1.3012209725788468
2003-07-08 00:00:00,1.3101000725608463
2003-07-09 00:00:00,1.3101000725608463
2003-07-10 00:00:00,1.3101000725608463
2003-07-11 00:00:00,1.3101000725608463
2003-07-14 00:00:00,1.3101000725608463
2003-07-15 00:00:00,1.3101000725608463
2003-07-16 00:00:00,1.3101000725608463
2003-07-17 00:00:00,1.3101000725608463
2003-07-18 00:00:00,1.3101000725608463
2003-07-21 00:00:00,1.3101000725608463
2003-07-22 00:00:00,1.3101000725608463
2003-07-23 00:00:00,1.3101000725608463
2003-07-24 00:00:00,1.3101000725608463
2003-07-25 00:00:00,1.3101000725608463
2003-07-28 00:00:00,1.3101000725608463
2003-07-29 00:00:00,1.3101000725608463
2003-07-30 00:00:00,1.3101000725608463
2003-07-31 00:00:00,1.3101000725608463
2003-08-01 00:00:00,1.3101000725608463
2003-08-04 00:00:00,1.3101000725608463
2003-08-05 00:00:00,1.3101000725608463
2003-08-06 00:00:00,1.3101000725608463
2003-08-07 00:00:00,1.3101000725608463
2003-08-08 00:00:00,1.3101000725608463
2003-08-11 00:00:00,1.3101000725608463
2003-08-12 00:00:00,1.3101000725608463
2003-08-13 00:00:00,1.3101000725608463
2003-08-14 00:00:00,1.3101000725608463
2003-08-15 00:00:00,1.3101000725608463
2003-08-18 00:00:00,1.3101000725608463
2003-08-19 00:00:00,1.3101000725608463
2003-08-20 00:00:00,1.3101000725608463
2003-08-21 00:00:00,1.3101000725608463
2003-08-22 00:00:00,1.3101000725608463
2003-08-25 00:00:00,1.3101000725608463
2003-08-26 00:00:00,1.3101000725608463
2003-08-27 00:00:00,1.3101000725608463
2003-08-28 00:00:00,1.3101000725608463
2003-08-29 00:00:00,1.3101000725608463
2003-09-02 00:00:00,1.3101000725608463
2003-09-03 00:00:00,1.3101000725608463
2003-09-04 00:00:00,1.3101000725608463
2003-09-05 00:00:00,1.3101000725608463
2003-09-08 00:00:00,1.3101000725608463
2003-09-09 00:00:00,1.3101000725608463
2003-09-10 00:00:00,1.3101000725608463
2003-09-11 00:00:00,1.3101000725608463
2003-09-12 00:00:00,1.3101000725608463
2003-09-15 00:00:00,1.3101000725608463
2003-09-16 00:00:00,1.3101000725608463
2003-09-17 00:00:00,1.3101000725608463
2003-09-18 00:00:00,1.3101000725608463
2003-09-19 00:00:00,1.3101000725608463
2003-09-22 00:00:00,1.3101000725608463
2003-09-23 00:00:00,1.3101000725608463
2003-09-24 00:00:00,1.3101000725608463
2003-09-25 00:00:00,1.3101000725608463
2003-09-26 00:00:00,1.3101000725608463
2003-09-29 00:00:00,1.3101000725608463
2003-09-30 00:00:00,1.3101000725608463
2003-10-01 00:00:00,1.3101000725608463
2003-10-02 00:00:00,1.3101000725608463
2003-10-03 00:00:00,1.3101000725608463
2003-10-06 00:00:00,1.3101000725608463
2003-10-07 00:00:00,1.3101000725608463
2003-10-08 00:00:00,1.3101000725608463
2003-10-09 00:00:00,1.3101000725608463
2003-10-10 00:00:00,1.3101000725608463
2003-10-13 00:00:00,1.3101000725608463
2003-10-14 00:00:00,1.3101000725608463
2003-10-15 00:00:00,1.3101000725608463
2003-10-16 00:00:00,1.3101000725608463
2003-10-17 00:00:00,1.3101000725608463
2003-10-20 00:00:00,1.3101000725608463
2003-10-21 00:00:00,1.3101000725608463
2003-10-22 00:00:00,1.3101000725608463
2003-10-23 00:00:00,1.3101000725608463
2003-10-24 00:00:00,1.3101000725608463
2003-10-27 00:00:00,1.3101000725608463
2003-10-28 00:00:00,1.3101000725608463
2003-10-29 00:00:00,1.3101000725608463
2003-10-30 00:00:00,1.3101000725608463
2003-10-31 00:00:00,1.3101000725608463
2003-11-03 00:00:00,1.3101000725608463
2003-11-04 00:00:00,1.3101000725608463
2003-11-05 00:00:00,1.3101000725608463
2003-11-06 00:00:00,1.3101000725608463
2003-11-07 00:00:00,1.3101000725608463
2003-11-10 00:00:00,1.3101000725608463
2003-11-11 00:00:00,1.3101000725608463
2003-11-12 00:00:00,1.3101000725608463
2003-11-13 00:00:00,1.3101000725608463
2003-11-14 00:00:00,1.3101000725608463
2003-11-17 00:00:00,1.3101000725608463
2003-11-18 00:00:00,1.3101000725608463
2003-11-19 00:00:00,1.3101000725608463
2003-11-20 00:00:00,1.3101000725608463
2003-11-21 00:00:00,1.3101000725608463
2003-11-24 00:00:00,1.3101000725608463
2003-11-25 00:00:00,1.3101000725608463
2003-11-26 00:00:00,1.3101000725608463
2003-11-28 00:00:00,1.3101000725608463
2003-12-01 00:00:00,1.3101000725608463
2003-12-02 00:00:00,1.3101000725608463
2003-12-03 00:00:00,1.3101000725608463
2003-12-04 00:00:00,1.3101000725608463
2003-12-05 00:00:00,1.3101000725608463
2003-12-08 00:00:00,1.3101000725608463
2003-12-09 00:00:00,1.3101000725608463
2003-12-10 00:00:00,1.3101000725608463
2003-12-11 00:00:00,1.3101000725608463
2003-12-12 00:00:00,1.3101000725608463
2003-12-15 00:00:00,1.3101000725608463
2003-12-16 00:00:00,1.3101000725608463
2003-12-17 00:00:00,1.3101000725608463
2003-12-18 00:00:00,1.3101000725608463
2003-12-19 00:00:00,1.3101000725608463
2003-12-22 00:00:00,1.3101000725608463
2003-12-23 00:00:00,1.3101000725608463
2003-12-24 00:00:00,1.3101000725608463
2003-12-26 00:00:00,1.3101000725608463
2003-12-29 00:00:00,1.3101000725608463
2003-12-30 00:00:00,1.3101000725608463
2003-12-31 00:00:00,1.3101000725608463
2004-01-02 00:00:00,1.3101000725608463
2004-01-05 00:00:00,1.3101000725608463
2004-01-06 00:00:00,1.3101000725608463
2004-01-07 00:00:00,1.3101000725608463
2004-01-08 00:00:00,1.3101000725608463
2004-01-09 00:00:00,1.3101000725608463
2004-01-12 00:00:00,1.3101000725608463
2004-01-13 00:00:00,1.3101000725608463
2004-01-14 00:00:00,1.3101000725608463
2004-01-15 00:00:00,1.3101000725608463
2004-01-16 00:00:00,1.3101000725608463
2004-01-20 00:00:00,1.3101000725608463
2004-01-21 00:00:00,1.3101000725608463
2004-01-22 00:00:00,1.3101000725608463
2004-01-23 00:00:00,1.3101000725608463
2004-01-26 00:00:00,1.3101000725608463
2004-01-27 00:00:00,1.3101000725608463
2004-01-28 00:00:00,1.3101000725608463
2004-01-29 00:00:00,1.3101000725608463
2004-01-30 00:00:00,1.3101000725608463
2004-02-02 00:00:00,1.3101000725608463
2004-02-03 00:00:00,1.3101000725608463
2004-02-04 00:00:00,1.3101000725608463
2004-02-05 00:00:00,1.3101000725608463
2004-02-06 00:00:00,1.3101000725608463
2004-02-09 00:00:00,1.3101000725608463
2004-02-10 00:00:00,1.3101000725608463
2004-02-11 00:00:00,1.3101000725608463
2004-02-12 00:00:00,1.3101000725608463
2004-02-13 00:00:00,1.3101000725608463
2004-02-17 00:00:00,1.3101000725608463
2004-02-18 00:00:00,1.3101000725608463
2004-02-19 00:00:00,1.3101000725608463
2004-02-20 00:00:00,1.3101000725608463
2004-02-23 00:00:00,1.3101000725608463
2004-02-24 00:00:00,1.3101000725608463
2004-02-25 00:00:00,1.3101000725608463
2004-02-26 00:00:00,1.3101000725608463
2004-02-27 00:00:00,1.3101000725608463
2004-03-01 00:00:00,1.3101000725608463
2004-03-02 00:00:00,1.3101000725608463
2004-03-03 00:00:00,1.3101000725608463
2004-03-04 00:00:00,1.3101000725608463
2004-03-05 00:00:00,1.3101000725608463
2004-03-08 00:00:00,1.3101000725608463
2004-03-09 00:00:00,1.3101000725608463
2004-03-10 00:00:00,1.3101000725608463
2004-03-11 00:00:00,1.3101000725608463
2004-03-12 00:00:00,1.3101000725608463
2004-03-15 00:00:00,1.3101000725608463
2004-03-16 00:00:00,1.3101000725608463
2004-03-17 00:00:00,1.3101000725608463
2004-03-18 00:00:00,1.3101000725608463
2004-03-19 00:00:00,1.3101000725608463
2004-03-22 00:00:00,1.3101000725608463
2004-03-23 00:00:00,1.3101000725608463
2004-03-24 00:00:00,1.3101000725608463
2004-03-25 00:00:00,1.3101000725608463
2004-03-26 00:00:00,1.3101000725608463
2004-03-29 00:00:00,1.3101000725608463
2004-03-30 00:00:00,1.3101000725608463
2004-03-31 00:00:00,1.3101000725608463
2004-04-01 00:00:00,1.3101000725608463
2004-04-02 00:00:00,1.3101000725608463
2004-04-05 00:00:00,1.3101000725608463
2004-04-06 00:00:00,1.3101000725608463
2004-04-07 00:00:00,1.3101000725608463
2004-04-08 00:00:00,1.3101000725608463
2004-04-12 00:00:00,1.3101000725608463
2004-04-13 00:00:00,1.3101000725608463
2004-04-14 00:00:00,1.3101000725608463
2004-04-15 00:00:00,1.3101000725608463
2004-04-16 00:00:00,1.3101000725608463
2004-04-19 00:00:00,1.3101000725608463
2004-04-20 00:00:00,1.3101000725608463
2004-04-21 00:00:00,1.3101000725608463
2004-04-22 00:00:00,1.3101000725608463
2004-04-23 00:00:00,1.3101000725608463
2004-04-26 00:00:00,1.3101000725608463
2004-04-27 00:00:00,1.3101000725608463
2004-04-28 00:00:00,1.3101000725608463
2004-04-29 00:00:00,1.3101000725608463
2004-04-30 00:00:00,1.3101000725608463
2004-05-03 00:00:00,1.3101000725608463
2004-05-04 00:00:00,1.3101000725608463
2004-05-05 00:00:00,1.3101000725608463
2004-05-06 00:00:00,1.3101000725608463
2004-05-07 00:00:00,1.3101000725608463
2004-05-10 00:00:00,1.3101000725608463
2004-05-11 00:00:00,1.3101000725608463
2004-05-12 00:00:00,1.3101000725608463
2004-05-13 00:00:00,1.3101000725608463
2004-05-14 00:00:00,1.3101000725608463
2004-05-17 00:00:00,1.3101000725608463
2004-05-18 00:00:00,1.3101000725608463
2004-05-19 00:00:00,1.3101000725608463
2004-05-20 00:00:00,1.3101000725608463
2004-05-21 00:00:00,1.3101000725608463
2004-05-24 00:00:00,1.3101000725608463
2004-05-25 00:00:00,1.3101000725608463
2004-05-26 00:00:00,1.3101000725608463
2004-05-27 00:00:00,1.3101000725608463
2004-05-28 00:00:00,1.3101000725608463
2004-06-01 00:00:00,1.3101000725608463
2004-06-02 00:00:00,1.3101000725608463
2004-06-03 00:00:00,1.3101000725608463
2004-06-04 00:00:00,1.3101000725608463
2004-06-07 00:00:00,1.3101000725608463
2004-06-08 00:00:00,1.3101000725608463
2004-06-09 00:00:00,1.3101000725608463
2004-06-10 00:00:00,1.3127387434018551
2004-06-14 00:00:00,1.2919891954248315
2004-06-15 00:00:00,1.309980132977164
2004-06-16 00:00:00,1.3102200121445284
2004-06-17 00:00:00,1.3090206163077063
2004-06-18 00:00:00,1.2999052079478577
2004-06-21 00:00:00,1.3019441808704555
2004-06-22 00:00:00,1.310939649646622
2004-06-23 00:00:00,1.3246127621863943
2004-06-24 00:00:00,1.3194553600880592
2004-06-25 00:00:00,1.326651735108992
2004-06-28 00:00:00,1.318855662169648
2004-06-29 00:00:00,1.3224538496801146
2004-06-30 00:00:00,1.3325287747094203
2004-07-01 00:00:00,1.3133384413202662
2004-07-02 00:00:00,1.3148976559081347
2004-07-06 00:00:00,1.2982260537763068
2004-07-07 00:00:00,1.3024239392051844
2004-07-08 00:00:00,1.283353545399712
2004-07-09 00:00:00,1.2935484100127002
2004-07-12 00:00:00,1.2870716724938607
2004-07-13 00:00:00,1.2859922162407207
2004-07-14 00:00:00,1.2835934245670766
2004-07-15 00:00:00,1.2857523370733563
2004-07-16 00:00:00,1.2972222554125536
2004-07-19 00:00:00,1.2972222554125536
2004-07-20 00:00:00,1.2972222554125536
2004-07-21 00:00:00,1.2972222554125536
2004-07-22 00:00:00,1.2972222554125536
2004-07-23 00:00:00,1.2972222554125536
2004-07-26 00:00:00,1.2972222554125536
2004-07-27 00:00:00,1.2972222554125536
2004-07-28 00:00:00,1.2972222554125536
2004-07-29 00:00:00,1.2972222554125536
2004-07-30 00:00:00,1.2972222554125536
2004-08-02 00:00:00,1.2972222554125536
2004-08-03 00:00:00,1.2972222554125536
2004-08-04 00:00:00,1.2972222554125536
2004-08-05 00:00:00,1.2972222554125536
2004-08-06 00:00:00,1.2972222554125536
2004-08-09 00:00:00,1.2972222554125536
2004-08-10 00:00:00,1.2972222554125536
2004-08-11 00:00:00,1.2972222554125536
2004-08-12 00:00:00,1.2972222554125536
2004-08-13 00:00:00,1.2972222554125536
2004-08-16 00:00:00,1.2972222554125536
2004-08-17 00:00:00,1.2972222554125536
2004-08-18 00:00:00,1.2972222554125536
2004-08-19 00:00:00,1.2972222554125536
2004-08-20 00:00:00,1.2972222554125536
2004-08-23 00:00:00,1.2972222554125536
2004-08-24 00:00:00,1.2972222554125536
2004-08-25 00:00:00,1.2972222554125536
2004-08-26 00:00:00,1.2972222554125536
2004-08-27 00:00:00,1.2972222554125536
2004-08-30 00:00:00,1.2972222554125536
2004-08-31 00:00:00,1.2972222554125536
2004-09-01 00:00:00,1.2972222554125536
2004-09-02 00:00:00,1.2972222554125536
2004-09-03 00:00:00,1.2972222554125536
2004-09-07 00:00:00,1.2972222554125536
2004-09-08 00:00:00,1.2972222554125536
2004-09-09 00:00:00,1.2972222554125536
2004-09-10 00:00:00,1.2972222554125536
2004-09-13 00:00:00,1.2972222554125536
2004-09-14 00:00:00,1.2972222554125536
2004-09-15 00:00:00,1.2972222554125536
2004-09-16 00:00:00,1.2972222554125536
2004-09-17 00:00:00,1.293395993805659
2004-09-20 00:00:00,1.2883740254466094
2004-09-21 00:00:00,1.2987766741903548
2004-09-22 00:00:00,1.2794062248054499
2004-09-23 00:00:00,1.2827542037114827
2004-09-24 00:00:00,1.2863413239679466
2004-09-27 00:00:00,1.2770148113011404
2004-09-28 00:00:00,1.2838303397884219
2004-09-29 00:00:00,1.289569732198764
2004-09-30 00:00:00,1.2955482659595372
2004-10-01 00:00:00,1.318744976951337
2004-10-04 00:00:00,1.3214951024812926
2004-10-05 00:00:00,1.3191036889769834
2004-10-06 00:00:00,1.3268757828659883
2004-10-07 00:00:00,1.3090597522588845
2004-10-08 00:00:00,1.2987766741903548
2004-10-11 00:00:00,1.301885511745957
2004-10-12 00:00:00,1.2966244020364763
2004-10-13 00:00:00,1.2855043292414383
2004-10-14 00:00:00,1.2770148113011404
2004-10-15 00:00:00,1.2828737743866983
2004-10-18 00:00:00,1.2865804653183774
2004-10-19 00:00:00,1.2783300887285105
2004-10-20 00:00:00,1.2817976383097591
2004-10-21 00:00:00,1.2953091246091064
2004-10-22 00:00:00,1.2852651878910075
2004-10-25 00:00:00,1.2907654389509189
2004-10-26 00:00:00,1.3034399305237578
2004-10-27 00:00:00,1.3198211130282762
2004-10-28 00:00:00,1.314081720617934
2004-10-29 00:00:00,1.317668840874398
2004-11-01 00:00:00,1.3192232596521987
2004-11-02 00:00:00,1.316712275472674
2004-11-03 00:00:00,1.337398002284949
2004-11-04 00:00:00,1.353898755464683
2004-11-05 00:00:00,1.3572467343707157
2004-11-08 00:00:00,1.3552140328920532
2004-11-09 00:00:00,1.3547357501911912
2004-11-10 00:00:00,1.3604751426015336
2004-11-11 00:00:00,1.3711169326957098
2004-11-12 00:00:00,1.3898895287045372
2004-11-15 00:00:00,1.3898895287045372
2004-11-16 00:00:00,1.3837914242685487
2004-11-17 00:00:00,1.3915635181575536
2004-11-18 00:00:00,1.3918026595079847
2004-11-19 00:00:00,1.3741061995760961
2004-11-22 00:00:00,1.383910994943764
2004-11-23 00:00:00,1.393954931661863
2004-11-24 00:00:00,1.4013683135252215
2004-11-26 00:00:00,1.3989769000209122
2004-11-29 00:00:00,1.3965854865166032
2004-11-30 00:00:00,1.3980203346191888
2004-12-01 00:00:00,1.4127275276706905
2004-12-02 00:00:00,1.4085425540381493
2004-12-03 00:00:00,1.4094991194398732
2004-12-06 00:00:00,1.4068685645851329
2004-12-07 00:00:00,1.3901286700549682
2004-12-08 00:00:00,1.3992160413713433
2004-12-09 00:00:00,1.4007704601491444
2004-12-10 00:00:00,1.4054337164825474
2004-12-13 00:00:00,1.41643421860237
2004-12-14 00:00:00,1.4214708280810453
2004-12-15 00:00:00,1.4214708280810453
2004-12-16 00:00:00,1.4214708280810453
2004-12-17 00:00:00,1.4214708280810453
2004-12-20 00:00:00,1.4214708280810453
2004-12-21 00:00:00,1.4214708280810453
2004-12-22 00:00:00,1.4214708280810453
2004-12-23 00:00:00,1.4214708280810453
2004-12-27 00:00:00,1.4214708280810453
2004-12-28 00:00:00,1.4214708280810453
2004-12-29 00:00:00,1.4214708280810453
2004-12-30 00:00:00,1.4214708280810453
2004-12-31 00:00:00,1.4214708280810453
2005-01-03 00:00:00,1.4214708280810453
2005-01-04 00:00:00,1.4214708280810453
2005-01-05 00:00:00,1.4214708280810453
2005-01-06 00:00:00,1.4214708280810453
2005-01-07 00:00:00,1.4214708280810453
2005-01-10 00:00:00,1.4214708280810453
2005-01-11 00:00:00,1.4214708280810453
2005-01-12 00:00:00,1.4214708280810453
2005-01-13 00:00:00,1.4214708280810453
2005-01-14 00:00:00,1.4214708280810453
2005-01-18 00:00:00,1.4214708280810453
2005-01-19 00:00:00,1.4214708280810453
2005-01-20 00:00:00,1.4214708280810453
2005-01-21 00:00:00,1.4214708280810453
2005-01-24 00:00:00,1.4214708280810453
2005-01-25 00:00:00,1.4214708280810453
2005-01-26 00:00:00,1.4214708280810453
2005-01-27 00:00:00,1.4214708280810453
2005-01-28 00:00:00,1.4214708280810453
2005-01-31 00:00:00,1.4214708280810453
2005-02-01 00:00:00,1.4214708280810453
2005-02-02 00:00:00,1.4214708280810453
2005-02-03 00:00:00,1.4214708280810453
2005-02-04 00:00:00,1.4214708280810453
2005-02-07 00:00:00,1.4214708280810453
2005-02-08 00:00:00,1.4214708280810453
2005-02-09 00:00:00,1.4214708280810453
2005-02-10 00:00:00,1.4214708280810453
2005-02-11 00:00:00,1.4214708280810453
2005-02-14 00:00:00,1.4214708280810453
2005-02-15 00:00:00,1.4214708280810453
2005-02-16 00:00:00,1.4214708280810453
2005-02-17 00:00:00,1.4214708280810453
2005-02-18 00:00:00,1.4214708280810453
2005-02-22 00:00:00,1.4214708280810453
2005-02-23 00:00:00,1.4214708280810453
2005-02-24 00:00:00,1.4214708280810453
2005-02-25 00:00:00,1.4214708280810453
2005-02-28 00:00:00,1.4214708280810453
2005-03-01 00:00:00,1.4214708280810453
2005-03-02 00:00:00,1.4214708280810453
2005-03-03 00:00:00,1.4214708280810453
2005-03-04 00:00:00,1.4214708280810453
2005-03-07 00:00:00,1.4214708280810453
2005-03-08 00:00:00,1.4214708280810453
2005-03-09 00:00:00,1.4214708280810453
2005-03-10 00:00:00,1.4214708280810453
2005-03-11 00:00:00,1.4214708280810453
2005-03-14 00:00:00,1.4214708280810453
2005-03-15 00:00:00,1.4214708280810453
2005-03-16 00:00:00,1.4214708280810453
2005-03-17 00:00:00,1.4214708280810453
2005-03-18 00:00:00,1.4214708280810453
2005-03-21 00:00:00,1.4214708280810453
2005-03-22 00:00:00,1.4214708280810453
2005-03-23 00:00:00,1.4214708280810453
2005-03-24 00:00:00,1.4214708280810453
2005-03-28 00:00:00,1.4214708280810453
2005-03-29 00:00:00,1.4214708280810453
2005-03-30 00:00:00,1.4214708280810453
2005-03-31 00:00:00,1.4214708280810453
2005-04-01 00:00:00,1.4214708280810453
2005-04-04 00:00:00,1.4214708280810453
2005-04-05 00:00:00,1.4214708280810453
2005-04-06 00:00:00,1.4214708280810453
2005-04-07 00:00:00,1.4214708280810453
2005-04-08 00:00:00,1.4214708280810453
2005-04-11 00:00:00,1.4214708280810453
2005-04-12 00:00:00,1.4214708280810453
2005-04-13 00:00:00,1.4214708280810453
2005-04-14 00:00:00,1.4214708280810453
2005-04-15 00:00:00,1.4214708280810453
2005-04-18 00:00:00,1.4214708280810453
2005-04-19 00:00:00,1.4214708280810453
2005-04-20 00:00:00,1.4214708280810453
2005-04-21 00:00:00,1.4214708280810453
2005-04-22 00:00:00,1.4214708280810453
2005-04-25 00:00:00,1.4214708280810453
2005-04-26 00:00:00,1.4214708280810453
2005-04-27 00:00:00,1.4214708280810453
2005-04-28 00:00:00,1.4214708280810453
2005-04-29 00:00:00,1.4214708280810453
2005-05-02 00:00:00,1.4214708280810453
2005-05-03 00:00:00,1.4214708280810453
2005-05-04 00:00:00,1.4214708280810453
2005-05-05 00:00:00,1.4214708280810453
2005-05-06 00:00:00,1.4214708280810453
2005-05-09 00:00:00,1.4214708280810453
2005-05-10 00:00:00,1.4214708280810453
2005-05-11 00:00:00,1.4214708280810453
2005-05-12 00:00:00,1.4214708280810453
2005-05-13 00:00:00,1.4214708280810453
2005-05-16 00:00:00,1.4214708280810453
2005-05-17 00:00:00,1.4214708280810453
2005-05-18 00:00:00,1.4214708280810453
2005-05-19 00:00:00,1.4214708280810453
2005-05-20 00:00:00,1.4214708280810453
2005-05-23 00:00:00,1.4214708280810453
2005-05-24 00:00:00,1.4172866130515345
2005-05-25 00:00:00,1.4110102905072683
2005-05-26 00:00:00,1.4211221434952528
2005-05-27 00:00:00,1.427514694234783
2005-05-31 00:00:00,1.4243765329626499
2005-06-01 00:00:00,1.4379752318085604
2005-06-02 00:00:00,1.4446002389386194
2005-06-03 00:00:00,1.437742775418032
2005-06-06 00:00:00,1.442043218642807
2005-06-07 00:00:00,1.4441353261575622
2005-06-08 00:00:00,1.4365804934653899
2005-06-09 00:00:00,1.4447164671338832
2005-06-10 00:00:00,1.44878445396813
2005-06-13 00:00:00,1.4538984945597544
2005-06-14 00:00:00,1.4598261325182282
2005-06-15 00:00:00,1.4648239449145881
2005-06-16 00:00:00,1.4734248313641383
2005-06-17 00:00:00,1.4656375422814374
2005-06-20 00:00:00,1.4662186832577588
2005-06-21 00:00:00,1.4661024550624941
2005-06-22 00:00:00,1.4650564013051166
2005-06-23 00:00:00,1.4505278768970928
2005-06-24 00:00:00,1.4320475938500865
2005-06-27 00:00:00,1.4397186547375231
2005-06-28 00:00:00,1.4585476223703218
2005-06-29 00:00:00,1.4592449915419072
2005-06-30 00:00:00,1.4557581456839812
2005-07-01 00:00:00,1.4667998242340796
2005-07-05 00:00:00,1.4807472076657824
2005-07-06 00:00:00,1.4691243881393634
2005-07-07 00:00:00,1.4743546569262518
2005-07-08 00:00:00,1.492137570801673
2005-07-11 00:00:00,1.505155128671262
2005-07-12 00:00:00,1.506898551600225
2005-07-13 00:00:00,1.501900739203865
2005-07-14 00:00:00,1.4967866986122405
2005-07-15 00:00:00,1.5010871418370157
2005-07-18 00:00:00,1.4995761752985812
2005-07-19 00:00:00,1.5127099613634347
2005-07-20 00:00:00,1.5192187402982293
2005-07-21 00:00:00,1.508060833552867
2005-07-22 00:00:00,1.5191025121029649
2005-07-25 00:00:00,1.5156156662450393
2005-07-26 00:00:00,1.5173590891740023
2005-07-27 00:00:00,1.5231704989372117
2005-07-28 00:00:00,1.5342121774873099
2005-07-29 00:00:00,1.5304928752388558
2005-08-01 00:00:00,1.5306091034341196
2005-08-02 00:00:00,1.5373503387594432
2005-08-03 00:00:00,1.5350257748541591
2005-08-04 00:00:00,1.5200323376650786
2005-08-05 00:00:00,1.5046902158902054
2005-08-08 00:00:00,1.498181436955411
2005-08-09 00:00:00,1.5072472361860179
2005-08-10 00:00:00,1.50980425648183
2005-08-11 00:00:00,1.5161968072213603
2005-08-12 00:00:00,1.5092231155055087
2005-08-15 00:00:00,1.5172428609787378
2005-08-16 00:00:00,1.496438014026448
2005-08-17 00:00:00,1.4932998527543149
2005-08-18 00:00:00,1.4903941478727099
2005-08-19 00:00:00,1.497484067783826
2005-08-22 00:00:00,1.500970913641751
2005-08-23 00:00:00,1.498413893345939
2005-08-24 00:00:00,1.4936485373401074
2005-08-25 00:00:00,1.4999248598843737
2005-08-26 00:00:00,1.482955543375802
2005-08-29 00:00:00,1.4980652087601465
2005-08-30 00:00:00,1.4859774764526708
2005-08-31 00:00:00,1.5157318944403035
2005-09-01 00:00:00,1.5115476794107927
2005-09-02 00:00:00,1.5042253031091488
2005-09-06 00:00:00,1.5221244451798341
2005-09-07 00:00:00,1.526773572990402
2005-09-08 00:00:00,1.519683653079286
2005-09-09 00:00:00,1.5317713853867616
2005-09-12 00:00:00,1.531887613582026
2005-09-13 00:00:00,1.5218919887893056
2005-09-14 00:00:00,1.515383209854511
2005-09-15 00:00:00,1.5156156662450393
2005-09-16 00:00:00,1.5150345252687183
2005-09-19 00:00:00,1.5115476794107927
2005-09-20 00:00:00,1.494462134706957
2005-09-21 00:00:00,1.4748195697073085
2005-09-22 00:00:00,1.482374402399481
2005-09-23 00:00:00,1.4859774764526708
2005-09-26 00:00:00,1.496438014026448
2005-09-27 00:00:00,1.4928349399732581
2005-09-28 00:00:00,1.4946945910974851
2005-09-29 00:00:00,1.5106178538486792
2005-09-30 00:00:00,1.521659532398777
2005-10-03 00:00:00,1.5306091034341196
2005-10-04 00:00:00,1.507479692576546
2005-10-05 00:00:00,1.477609046393649
2005-10-06 00:00:00,1.4624993810093045
2005-10-07 00:00:00,1.4702866700920052
2005-10-10 00:00:00,1.4595936761276997
2005-10-11 00:00:00,1.4509927896781496
2005-10-12 00:00:00,1.4325125066311433
2005-10-13 00:00:00,1.422633110033687
2005-10-14 00:00:00,1.4471572592344315
2005-10-17 00:00:00,1.4555256892934532
2005-10-18 00:00:00,1.4366967216606543
2005-10-19 00:00:00,1.4563392866603022
2005-10-20 00:00:00,1.434604614145899
2005-10-21 00:00:00,1.4397312073826118
2005-10-24 00:00:00,1.4397312073826118
2005-10-25 00:00:00,1.4397312073826118
2005-10-26 00:00:00,1.4397312073826118
2005-10-27 00:00:00,1.4397312073826118
2005-10-28 00:00:00,1.4397312073826118
2005-10-31 00:00:00,1.4397312073826118
2005-11-01 00:00:00,1.4397312073826118
2005-11-02 00:00:00,1.4397312073826118
2005-11-03 00:00:00,1.4397312073826118
2005-11-04 00:00:00,1.4397312073826118
2005-11-07 00:00:00,1.438078876234124
2005-11-08 00:00:00,1.4347742139371478
2005-11-09 00:00:00,1.437087477545031
2005-11-10 00:00:00,1.4428155588597895
2005-11-11 00:00:00,1.450967059192331
2005-11-14 00:00:00,1.4529498565705166
2005-11-15 00:00:00,1.4434764913191849
2005-11-16 00:00:00,1.4468913090260604
2005-11-17 00:00:00,1.4616521339525537
2005-11-18 00:00:00,1.4667192828079172
2005-11-21 00:00:00,1.48159026314431
2005-11-22 00:00:00,1.490292540526347
2005-11-23 00:00:00,1.494478446102517
2005-11-25 00:00:00,1.4948089123322144
2005-11-28 00:00:00,1.4750910939602568
2005-11-29 00:00:00,1.4797176211760235
2005-11-30 00:00:00,1.4782856008473337
2005-12-01 00:00:00,1.4983338854489894
2005-12-02 00:00:00,1.5013080815162676
2005-12-05 00:00:00,1.4952495339718115
2005-12-06 00:00:00,1.4956901556114084
2005-12-07 00:00:00,1.4900722297065487
2005-12-08 00:00:00,1.4953596893817105
2005-12-09 00:00:00,1.501418236926167
2005-12-12 00:00:00,1.502740101844957
2005-12-13 00:00:00,1.5085783385696152
2005-12-14 00:00:00,1.5136454874249787
2005-12-15 00:00:00,1.5013080815162676
2005-12-16 00:00:00,1.4881995877382623
2005-12-19 00:00:00,1.478395756257233
2005-12-20 00:00:00,1.480488709045318
2005-12-21 00:00:00,1.4923854933144318
2005-12-22 00:00:00,1.501418236926167
2005-12-23 00:00:00,1.5062650749617321
2005-12-27 00:00:00,1.4870980336392703
2005-12-28 00:00:00,1.496681554300501
2005-12-29 00:00:00,1.4883097431481616
2005-12-30 00:00:00,1.4836832159323947
2006-01-03 00:00:00,1.5059346087320344
2006-01-04 00:00:00,1.5166196834922572
2006-01-05 00:00:00,1.5188227916902413
2006-01-06 00:00:00,1.5361171910444162
2006-01-09 00:00:00,1.5430569818680666
2006-01-10 00:00:00,1.551979570069902
2006-01-11 00:00:00,1.5531912795787934
2006-01-12 00:00:00,1.5454804008858491
2006-01-13 00:00:00,1.5399726303908887
2006-01-17 00:00:00,1.5390913871116951
2006-01-18 00:00:00,1.5281860015316737
2006-01-19 00:00:00,1.55087801597091
2006-01-20 00:00:00,1.5253219608742945
2006-01-23 00:00:00,1.5319312854682468
2006-01-24 00:00:00,1.5453702454759495
2006-01-25 00:00:00,1.5364476572741141
2006-01-26 00:00:00,1.555724854006475
2006-01-27 00:00:00,1.5602412258123424
2006-01-30 00:00:00,1.5614529353212336
2006-01-31 00:00:00,1.5627748002400241
2006-02-01 00:00:00,1.5748918953289368
2006-02-02 00:00:00,1.5575974959747616
2006-02-03 00:00:00,1.554182678267886
2006-02-06 00:00:00,1.5647575976182102
2006-02-07 00:00:00,1.5410741844898808
2006-02-08 00:00:00,1.546581954984841
2006-02-09 00:00:00,1.5399726303908887
2006-02-10 00:00:00,1.5400827858007877
2006-02-13 00:00:00,1.5308297313692547
2006-02-14 00:00:00,1.542726515638369
2006-02-15 00:00:00,1.5492256848224217
2006-02-16 00:00:00,1.5625544894202257
2006-02-17 00:00:00,1.5575974959747616
2006-02-21 00:00:00,1.5586990500737536
2006-02-22 00:00:00,1.5677317936854884
2006-02-23 00:00:00,1.5671810166359923
2006-02-24 00:00:00,1.5759934494279286
2006-02-27 00:00:00,1.5737903412299448
2006-02-28 00:00:00,1.558368583844056
2006-03-01 00:00:00,1.582602774021881
2006-03-02 00:00:00,1.5786371792655096
2006-03-03 00:00:00,1.5668505504062948
2006-03-06 00:00:00,1.5548436107272816
2006-03-07 00:00:00,1.5358968802246182
2006-03-08 00:00:00,1.5414046507195782
2006-03-09 00:00:00,1.5291774002207665
2006-03-10 00:00:00,1.5434976035076633
2006-03-13 00:00:00,1.5528608133490955
2006-03-14 00:00:00,1.5675114828656902
2006-03-15 00:00:00,1.579408267134804
2006-03-16 00:00:00,1.5733497195903479
2006-03-17 00:00:00,1.575552827788332
2006-03-20 00:00:00,1.570155212703271
2006-03-21 00:00:00,1.5573771851549632
2006-03-22 00:00:00,1.570155212703271
2006-03-23 00:00:00,1.5721380100814564
2006-03-24 00:00:00,1.5811707536931912
2006-03-27 00:00:00,1.579187956315006
2006-03-28 00:00:00,1.5741208074596424
2006-03-29 00:00:00,1.5904238081247248
2006-03-30 00:00:00,1.5922964500930112
2006-03-31 00:00:00,1.5946097137008943
2006-04-03 00:00:00,1.5880003891069423
2006-04-04 00:00:00,1.595380801570189
2006-04-05 00:00:00,1.6094806940372874
2006-04-06 00:00:00,1.6114634914154728
2006-04-07 00:00:00,1.5930675379623058
2006-04-10 00:00:00,1.5889917877960351
2006-04-11 00:00:00,1.5726887871309527
2006-04-12 00:00:00,1.5778660913962155
2006-04-13 00:00:00,1.574561429099239
2006-04-17 00:00:00,1.5768746927071224
2006-04-18 00:00:00,1.6126752009243641
2006-04-19 00:00:00,1.6231496058803128
2006-04-20 00:00:00,1.6231496058803128
2006-04-21 00:00:00,1.6231496058803128
2006-04-24 00:00:00,1.6231496058803128
2006-04-25 00:00:00,1.6231496058803128
2006-04-26 00:00:00,1.6231496058803128
2006-04-27 00:00:00,1.6231496058803128
2006-04-28 00:00:00,1.6231496058803128
2006-05-01 00:00:00,1.6231496058803128
2006-05-02 00:00:00,1.6231496058803128
2006-05-03 00:00:00,1.6231496058803128
2006-05-04 00:00:00,1.6231496058803128
2006-05-05 00:00:00,1.6231496058803128
2006-05-08 00:00:00,1.6231496058803128
2006-05-09 00:00:00,1.6231496058803128
2006-05-10 00:00:00,1.6231496058803128
2006-05-11 00:00:00,1.6231496058803128
2006-05-12 00:00:00,1.6231496058803128
2006-05-15 00:00:00,1.6231496058803128
2006-05-16 00:00:00,1.6231496058803128
2006-05-17 00:00:00,1.6231496058803128
2006-05-18 00:00:00,1.6231496058803128
2006-05-19 00:00:00,1.6231496058803128
2006-05-22 00:00:00,1.6231496058803128
2006-05-23 00:00:00,1.6231496058803128
2006-05-24 00:00:00,1.6231496058803128
2006-05-25 00:00:00,1.6231496058803128
2006-05-26 00:00:00,1.6231496058803128
2006-05-30 00:00:00,1.6231496058803128
2006-05-31 00:00:00,1.6231496058803128
2006-06-01 00:00:00,1.6231496058803128
2006-06-02 00:00:00,1.6231496058803128
2006-06-05 00:00:00,1.6231496058803128
2006-06-06 00:00:00,1.6231496058803128
2006-06-07 00:00:00,1.6231496058803128
2006-06-08 00:00:00,1.6231496058803128
2006-06-09 00:00:00,1.6231496058803128
2006-06-12 00:00:00,1.6231496058803128
2006-06-13 00:00:00,1.6231496058803128
2006-06-14 00:00:00,1.6231496058803128
2006-06-15 00:00:00,1.6231496058803128
2006-06-16 00:00:00,1.6231496058803128
2006-06-19 00:00:00,1.6231496058803128
2006-06-20 00:00:00,1.6231496058803128
2006-06-21 00:00:00,1.6231496058803128
2006-06-22 00:00:00,1.6231496058803128
2006-06-23 00:00:00,1.6231496058803128
2006-06-26 00:00:00,1.6231496058803128
2006-06-27 00:00:00,1.6231496058803128
2006-06-28 00:00:00,1.6231496058803128
2006-06-29 00:00:00,1.6231496058803128
2006-06-30 00:00:00,1.6231496058803128
2006-07-03 00:00:00,1.6231496058803128
2006-07-05 00:00:00,1.6231496058803128
2006-07-06 00:00:00,1.6231496058803128
2006-07-07 00:00:00,1.6231496058803128
2006-07-10 00:00:00,1.6231496058803128
2006-07-11 00:00:00,1.6231496058803128
2006-07-12 00:00:00,1.6231496058803128
2006-07-13 00:00:00,1.6231496058803128
2006-07-14 00:00:00,1.6231496058803128
2006-07-17 00:00:00,1.6231496058803128
2006-07-18 00:00:00,1.6231496058803128
2006-07-19 00:00:00,1.6231496058803128
2006-07-20 00:00:00,1.6231496058803128
2006-07-21 00:00:00,1.6231496058803128
2006-07-24 00:00:00,1.6231496058803128
2006-07-25 00:00:00,1.6231496058803128
2006-07-26 00:00:00,1.6231496058803128
2006-07-27 00:00:00,1.6231496058803128
2006-07-28 00:00:00,1.6231496058803128
2006-07-31 00:00:00,1.6231496058803128
2006-08-01 00:00:00,1.6231496058803128
2006-08-02 00:00:00,1.6231496058803128
2006-08-03 00:00:00,1.6231496058803128
2006-08-04 00:00:00,1.6231496058803128
2006-08-07 00:00:00,1.6231496058803128
2006-08-08 00:00:00,1.6231496058803128
2006-08-09 00:00:00,1.6231496058803128
2006-08-10 00:00:00,1.6231496058803128
2006-08-11 00:00:00,1.6231496058803128
2006-08-14 00:00:00,1.6231496058803128
2006-08-15 00:00:00,1.6231496058803128
2006-08-16 00:00:00,1.6231496058803128
2006-08-17 00:00:00,1.6231496058803128
2006-08-18 00:00:00,1.6231496058803128
2006-08-21 00:00:00,1.6231496058803128
2006-08-22 00:00:00,1.6231496058803128
2006-08-23 00:00:00,1.6231496058803128
2006-08-24 00:00:00,1.6231496058803128
2006-08-25 00:00:00,1.6231496058803128
2006-08-28 00:00:00,1.6231496058803128
2006-08-29 00:00:00,1.6231496058803128
2006-08-30 00:00:00,1.6231496058803128
2006-08-31 00:00:00,1.6231496058803128
2006-09-01 00:00:00,1.6231496058803128
2006-09-05 00:00:00,1.6231496058803128
2006-09-06 00:00:00,1.6231496058803128
2006-09-07 00:00:00,1.6231496058803128
2006-09-08 00:00:00,1.6231496058803128
2006-09-11 00:00:00,1.6231496058803128
2006-09-12 00:00:00,1.6231496058803128
2006-09-13 00:00:00,1.6231496058803128
2006-09-14 00:00:00,1.6231496058803128
2006-09-15 00:00:00,1.6231496058803128
2006-09-18 00:00:00,1.6231496058803128
2006-09-19 00:00:00,1.6231496058803128
2006-09-20 00:00:00,1.6231496058803128
2006-09-21 00:00:00,1.6231496058803128
2006-09-22 00:00:00,1.6231496058803128
2006-09-25 00:00:00,1.6231496058803128
2006-09-26 00:00:00,1.6231496058803128
2006-09-27 00:00:00,1.6231496058803128
2006-09-28 00:00:00,1.6231496058803128
2006-09-29 00:00:00,1.6231496058803128
2006-10-02 00:00:00,1.6231496058803128
2006-10-03 00:00:00,1.6231496058803128
2006-10-04 00:00:00,1.6231496058803128
2006-10-05 00:00:00,1.6231496058803128
2006-10-06 00:00:00,1.6231496058803128
2006-10-09 00:00:00,1.6231496058803128
2006-10-10 00:00:00,1.6231496058803128
2006-10-11 00:00:00,1.6231496058803128
2006-10-12 00:00:00,1.6231496058803128
2006-10-13 00:00:00,1.6231496058803128
2006-10-16 00:00:00,1.6231496058803128
2006-10-17 00:00:00,1.6231496058803128
2006-10-18 00:00:00,1.6231496058803128
2006-10-19 00:00:00,1.6231496058803128
2006-10-20 00:00:00,1.6231496058803128
2006-10-23 00:00:00,1.6231496058803128
2006-10-24 00:00:00,1.6231496058803128
2006-10-25 00:00:00,1.6231496058803128
2006-10-26 00:00:00,1.6231496058803128
2006-10-27 00:00:00,1.6231496058803128
2006-10-30 00:00:00,1.6231496058803128
2006-10-31 00:00:00,1.6231496058803128
2006-11-01 00:00:00,1.6231496058803128
2006-11-02 00:00:00,1.6231496058803128
2006-11-03 00:00:00,1.6231496058803128
2006-11-06 00:00:00,1.6231496058803128
2006-11-07 00:00:00,1.6231496058803128
2006-11-08 00:00:00,1.6231496058803128
2006-11-09 00:00:00,1.6231496058803128
2006-11-10 00:00:00,1.6231496058803128
2006-11-13 00:00:00,1.6231496058803128
2006-11-14 00:00:00,1.6231496058803128
2006-11-15 00:00:00,1.6231496058803128
2006-11-16 00:00:00,1.6231496058803128
2006-11-17 00:00:00,1.6231496058803128
2006-11-20 00:00:00,1.6231496058803128
2006-11-21 00:00:00,1.6231496058803128
2006-11-22 00:00:00,1.6231496058803128
2006-11-24 00:00:00,1.6231496058803128
2006-11-27 00:00:00,1.6231496058803128
2006-11-28 00:00:00,1.6231496058803128
2006-11-29 00:00:00,1.6231496058803128
2006-11-30 00:00:00,1.6231496058803128
2006-12-01 00:00:00,1.6231496058803128
2006-12-04 00:00:00,1.6231496058803128
2006-12-05 00:00:00,1.6231496058803128
2006-12-06 00:00:00,1.6231496058803128
2006-12-07 00:00:00,1.6231496058803128
2006-12-08 00:00:00,1.6231496058803128
2006-12-11 00:00:00,1.6231496058803128
2006-12-12 00:00:00,1.6231496058803128
2006-12-13 00:00:00,1.6231496058803128
2006-12-14 00:00:00,1.6231496058803128
2006-12-15 00:00:00,1.6231496058803128
2006-12-18 00:00:00,1.6231496058803128
2006-12-19 00:00:00,1.6231496058803128
2006-12-20 00:00:00,1.6231496058803128
2006-12-21 00:00:00,1.6231496058803128
2006-12-22 00:00:00,1.6231496058803128
2006-12-26 00:00:00,1.6231496058803128
2006-12-27 00:00:00,1.6231496058803128
2006-12-28 00:00:00,1.6231496058803128
2006-12-29 00:00:00,1.6231496058803128
2007-01-03 00:00:00,1.6231496058803128
2007-01-04 00:00:00,1.6231496058803128
2007-01-05 00:00:00,1.6231496058803128
2007-01-08 00:00:00,1.6231496058803128
2007-01-09 00:00:00,1.6231496058803128
2007-01-10 00:00:00,1.6231496058803128
2007-01-11 00:00:00,1.6231496058803128
2007-01-12 00:00:00,1.6231496058803128
2007-01-16 00:00:00,1.6231496058803128
2007-01-17 00:00:00,1.6231496058803128
2007-01-18 00:00:00,1.6231496058803128
2007-01-19 00:00:00,1.6231496058803128
2007-01-22 00:00:00,1.6231496058803128
2007-01-23 00:00:00,1.6231496058803128
2007-01-24 00:00:00,1.6231496058803128
2007-01-25 00:00:00,1.6231496058803128
2007-01-26 00:00:00,1.6231496058803128
2007-01-29 00:00:00,1.6231496058803128
2007-01-30 00:00:00,1.6231496058803128
2007-01-31 00:00:00,1.6231496058803128
2007-02-01 00:00:00,1.6231496058803128
2007-02-02 00:00:00,1.6231496058803128
2007-02-05 00:00:00,1.6231496058803128
2007-02-06 00:00:00,1.6231496058803128
2007-02-07 00:00:00,1.6231496058803128
2007-02-08 00:00:00,1.6231496058803128
2007-02-09 00:00:00,1.6231496058803128
2007-02-12 00:00:00,1.6231496058803128
2007-02-13 00:00:00,1.6231496058803128
2007-02-14 00:00:00,1.6231496058803128
2007-02-15 00:00:00,1.6231496058803128
2007-02-16 00:00:00,1.6231496058803128
2007-02-20 00:00:00,1.6231496058803128
2007-02-21 00:00:00,1.6231496058803128
2007-02-22 00:00:00,1.6231496058803128
2007-02-23 00:00:00,1.6231496058803128
2007-02-26 00:00:00,1.6231496058803128
2007-02-27 00:00:00,1.6231496058803128
2007-02-28 00:00:00,1.6231496058803128
2007-03-01 00:00:00,1.6231496058803128
2007-03-02 00:00:00,1.6231496058803128
2007-03-05 00:00:00,1.6231496058803128
2007-03-06 00:00:00,1.6231496058803128
2007-03-07 00:00:00,1.6231496058803128
2007-03-08 00:00:00,1.6231496058803128
2007-03-09 00:00:00,1.6231496058803128
2007-03-12 00:00:00,1.6231496058803128
2007-03-13 00:00:00,1.6231496058803128
2007-03-14 00:00:00,1.6231496058803128
2007-03-15 00:00:00,1.6231496058803128
2007-03-16 00:00:00,1.6231496058803128
2007-03-19 00:00:00,1.6231496058803128
2007-03-20 00:00:00,1.6231496058803128
2007-03-21 00:00:00,1.6231496058803128
2007-03-22 00:00:00,1.6231496058803128
2007-03-23 00:00:00,1.6231496058803128
2007-03-26 00:00:00,1.6231496058803128
2007-03-27 00:00:00,1.6231496058803128
2007-03-28 00:00:00,1.6231496058803128
2007-03-29 00:00:00,1.6231496058803128
2007-03-30 00:00:00,1.6231496058803128
2007-04-02 00:00:00,1.6231496058803128
2007-04-03 00:00:00,1.6231496058803128
2007-04-04 00:00:00,1.6231496058803128
2007-04-05 00:00:00,1.6231496058803128
2007-04-09 00:00:00,1.6231496058803128
2007-04-10 00:00:00,1.6231496058803128
2007-04-11 00:00:00,1.6231496058803128
2007-04-12 00:00:00,1.6231496058803128
2007-04-13 00:00:00,1.6231496058803128
2007-04-16 00:00:00,1.6231496058803128
2007-04-17 00:00:00,1.6231496058803128
2007-04-18 00:00:00,1.6231496058803128
2007-04-19 00:00:00,1.6231496058803128
2007-04-20 00:00:00,1.6231496058803128
2007-04-23 00:00:00,1.6231496058803128
2007-04-24 00:00:00,1.6231496058803128
2007-04-25 00:00:00,1.6231496058803128
2007-04-26 00:00:00,1.6231496058803128
2007-04-27 00:00:00,1.6231496058803128
2007-04-30 00:00:00,1.6231496058803128
2007-05-01 00:00:00,1.6231496058803128
2007-05-02 00:00:00,1.6231496058803128
2007-05-03 00:00:00,1.6231496058803128
2007-05-04 00:00:00,1.6231496058803128
2007-05-07 00:00:00,1.6231496058803128
2007-05-08 00:00:00,1.6231496058803128
2007-05-09 00:00:00,1.6231496058803128
2007-05-10 00:00:00,1.6231496058803128
2007-05-11 00:00:00,1.6231496058803128
2007-05-14 00:00:00,1.6231496058803128
2007-05-15 00:00:00,1.6231496058803128
2007-05-16 00:00:00,1.6231496058803128
2007-05-17 00:00:00,1.6231496058803128
2007-05-18 00:00:00,1.6231496058803128
2007-05-21 00:00:00,1.6231496058803128
2007-05-22 00:00:00,1.6231496058803128
2007-05-23 00:00:00,1.6231496058803128
2007-05-24 00:00:00,1.6231496058803128
2007-05-25 00:00:00,1.6231496058803128
2007-05-29 00:00:00,1.6231496058803128
2007-05-30 00:00:00,1.6231496058803128
2007-05-31 00:00:00,1.6231496058803128
2007-06-01 00:00:00,1.6231496058803128
2007-06-04 00:00:00,1.6231496058803128
2007-06-05 00:00:00,1.6231496058803128
2007-06-06 00:00:00,1.6231496058803128
2007-06-07 00:00:00,1.6231496058803128
2007-06-08 00:00:00,1.6231496058803128
2007-06-11 00:00:00,1.6231496058803128
2007-06-12 00:00:00,1.6231496058803128
2007-06-13 00:00:00,1.6231496058803128
2007-06-14 00:00:00,1.6231496058803128
2007-06-15 00:00:00,1.6231496058803128
2007-06-18 00:00:00,1.6231496058803128
2007-06-19 00:00:00,1.6231496058803128
2007-06-20 00:00:00,1.6231496058803128
2007-06-21 00:00:00,1.6231496058803128
2007-06-22 00:00:00,1.6231496058803128
2007-06-25 00:00:00,1.6231496058803128
2007-06-26 00:00:00,1.6231496058803128
2007-06-27 00:00:00,1.6231496058803128
2007-06-28 00:00:00,1.6231496058803128
2007-06-29 00:00:00,1.6231496058803128
2007-07-02 00:00:00,1.6231496058803128
2007-07-03 00:00:00,1.6231496058803128
2007-07-05 00:00:00,1.6231496058803128
2007-07-06 00:00:00,1.6231496058803128
2007-07-09 00:00:00,1.6231496058803128
2007-07-10 00:00:00,1.6231496058803128
2007-07-11 00:00:00,1.6231496058803128
2007-07-12 00:00:00,1.6231496058803128
2007-07-13 00:00:00,1.6231496058803128
2007-07-16 00:00:00,1.6231496058803128
2007-07-17 00:00:00,1.6231496058803128
2007-07-18 00:00:00,1.6231496058803128
2007-07-19 00:00:00,1.6231496058803128
2007-07-20 00:00:00,1.6231496058803128
2007-07-23 00:00:00,1.6231496058803128
2007-07-24 00:00:00,1.6231496058803128
2007-07-25 00:00:00,1.6231496058803128
2007-07-26 00:00:00,1.6231496058803128
2007-07-27 00:00:00,1.6231496058803128
2007-07-30 00:00:00,1.6231496058803128
2007-07-31 00:00:00,1.6231496058803128
2007-08-01 00:00:00,1.6231496058803128
2007-08-02 00:00:00,1.6231496058803128
2007-08-03 00:00:00,1.6231496058803128
2007-08-06 00:00:00,1.6231496058803128
2007-08-07 00:00:00,1.6231496058803128
2007-08-08 00:00:00,1.6231496058803128
2007-08-09 00:00:00,1.6231496058803128
2007-08-10 00:00:00,1.6231496058803128
2007-08-13 00:00:00,1.6231496058803128
2007-08-14 00:00:00,1.6231496058803128
2007-08-15 00:00:00,1.6231496058803128
2007-08-16 00:00:00,1.6231496058803128
2007-08-17 00:00:00,1.6231496058803128
2007-08-20 00:00:00,1.6231496058803128
2007-08-21 00:00:00,1.6231496058803128
2007-08-22 00:00:00,1.6231496058803128
2007-08-23 00:00:00,1.6231496058803128
2007-08-24 00:00:00,1.6231496058803128
2007-08-27 00:00:00,1.6231496058803128
2007-08-28 00:00:00,1.6231496058803128
2007-08-29 00:00:00,1.6231496058803128
2007-08-30 00:00:00,1.6231496058803128
2007-08-31 00:00:00,1.6231496058803128
2007-09-04 00:00:00,1.6231496058803128
2007-09-05 00:00:00,1.6231496058803128
2007-09-06 00:00:00,1.6231496058803128
2007-09-07 00:00:00,1.6231496058803128
2007-09-10 00:00:00,1.6231496058803128
2007-09-11 00:00:00,1.6231496058803128
2007-09-12 00:00:00,1.6231496058803128
2007-09-13 00:00:00,1.6231496058803128
2007-09-14 00:00:00,1.6231496058803128
2007-09-17 00:00:00,1.6231496058803128
2007-09-18 00:00:00,1.6231496058803128
2007-09-19 00:00:00,1.6231496058803128
2007-09-20 00:00:00,1.6231496058803128
2007-09-21 00:00:00,1.6231496058803128
2007-09-24 00:00:00,1.6231496058803128
2007-09-25 00:00:00,1.6231496058803128
2007-09-26 00:00:00,1.6231496058803128
2007-09-27 00:00:00,1.6231496058803128
2007-09-28 00:00:00,1.6231496058803128
2007-10-01 00:00:00,1.6231496058803128
2007-10-02 00:00:00,1.6231496058803128
2007-10-03 00:00:00,1.6231496058803128
2007-10-04 00:00:00,1.6142523853108974
2007-10-05 00:00:00,1.642822349139353
2007-10-08 00:00:00,1.6318491104370743
2007-10-09 00:00:00,1.6484572554999826
2007-10-10 00:00:00,1.64509608328487
2007-10-11 00:00:00,1.63698972676607
2007-10-12 00:00:00,1.6400543249622015
2007-10-15 00:00:00,1.6326399744876892
2007-10-16 00:00:00,1.6115832191400732
2007-10-17 00:00:00,1.6162295454374345
2007-10-18 00:00:00,1.6194918596462198
2007-10-19 00:00:00,1.5711502945523972
2007-10-22 00:00:00,1.5867698595520372
2007-10-23 00:00:00,1.5968533761973744
2007-10-24 00:00:00,1.5980396722732966
2007-10-25 00:00:00,1.5975453822416623
2007-10-26 00:00:00,1.610990071102112
2007-10-29 00:00:00,1.615339823380493
2007-10-30 00:00:00,1.6027848565769847
2007-10-31 00:00:00,1.6310582463864596
2007-11-01 00:00:00,1.5933933459759355
2007-11-02 00:00:00,1.5940853520202232
2007-11-05 00:00:00,1.575994336862412
2007-11-06 00:00:00,1.5998191163871798
2007-11-07 00:00:00,1.568975418413207
2007-11-08 00:00:00,1.5572837905780954
2007-11-09 00:00:00,1.5572837905780954
2007-11-12 00:00:00,1.5572837905780954
2007-11-13 00:00:00,1.5572837905780954
2007-11-14 00:00:00,1.5572837905780954
2007-11-15 00:00:00,1.5572837905780954
2007-11-16 00:00:00,1.5572837905780954
2007-11-19 00:00:00,1.5572837905780954
2007-11-20 00:00:00,1.5572837905780954
2007-11-21 00:00:00,1.5572837905780954
2007-11-23 00:00:00,1.5572837905780954
2007-11-26 00:00:00,1.5572837905780954
2007-11-27 00:00:00,1.5572837905780954
2007-11-28 00:00:00,1.5572837905780954
2007-11-29 00:00:00,1.5572837905780954
2007-11-30 00:00:00,1.5572837905780954
2007-12-03 00:00:00,1.5572837905780954
2007-12-04 00:00:00,1.5572837905780954
2007-12-05 00:00:00,1.5572837905780954
2007-12-06 00:00:00,1.5572837905780954
2007-12-07 00:00:00,1.5572837905780954
2007-12-10 00:00:00,1.5572837905780954
2007-12-11 00:00:00,1.5572837905780954
2007-12-12 00:00:00,1.5572837905780954
2007-12-13 00:00:00,1.5572837905780954
2007-12-14 00:00:00,1.5572837905780954
2007-12-17 00:00:00,1.5572837905780954
2007-12-18 00:00:00,1.5572837905780954
2007-12-19 00:00:00,1.5572837905780954
2007-12-20 00:00:00,1.5572837905780954
2007-12-21 00:00:00,1.5572837905780954
2007-12-24 00:00:00,1.5572837905780954
2007-12-26 00:00:00,1.5572837905780954
2007-12-27 00:00:00,1.5572837905780954
2007-12-28 00:00:00,1.5572837905780954
2007-12-31 00:00:00,1.5572837905780954
2008-01-02 00:00:00,1.5572837905780954
2008-01-03 00:00:00,1.5572837905780954
2008-01-04 00:00:00,1.5572837905780954
2008-01-07 00:00:00,1.5572837905780954
2008-01-08 00:00:00,1.5572837905780954
2008-01-09 00:00:00,1.5572837905780954
2008-01-10 00:00:00,1.5572837905780954
2008-01-11 00:00:00,1.5572837905780954
2008-01-14 00:00:00,1.5572837905780954
2008-01-15 00:00:00,1.5572837905780954
2008-01-16 00:00:00,1.5572837905780954
2008-01-17 00:00:00,1.5572837905780954
2008-01-18 00:00:00,1.5572837905780954
2008-01-22 00:00:00,1.5572837905780954
2008-01-23 00:00:00,1.5572837905780954
2008-01-24 00:00:00,1.5572837905780954
2008-01-25 00:00:00,1.5572837905780954
2008-01-28 00:00:00,1.5572837905780954
2008-01-29 00:00:00,1.5572837905780954
2008-01-30 00:00:00,1.5572837905780954
2008-01-31 00:00:00,1.5572837905780954
2008-02-01 00:00:00,1.5572837905780954
2008-02-04 00:00:00,1.5572837905780954
2008-02-05 00:00:00,1.5572837905780954
2008-02-06 00:00:00,1.5572837905780954
2008-02-07 00:00:00,1.5572837905780954
2008-02-08 00:00:00,1.5572837905780954
2008-02-11 00:00:00,1.5572837905780954
2008-02-12 00:00:00,1.5572837905780954
2008-02-13 00:00:00,1.5572837905780954
2008-02-14 00:00:00,1.5572837905780954
2008-02-15 00:00:00,1.5572837905780954
2008-02-19 00:00:00,1.5572837905780954
2008-02-20 00:00:00,1.5572837905780954
2008-02-21 00:00:00,1.5572837905780954
2008-02-22 00:00:00,1.5572837905780954
2008-02-25 00:00:00,1.5572837905780954
2008-02-26 00:00:00,1.5572837905780954
2008-02-27 00:00:00,1.5572837905780954
2008-02-28 00:00:00,1.5572837905780954
2008-02-29 00:00:00,1.5572837905780954
2008-03-03 00:00:00,1.5572837905780954
2008-03-04 00:00:00,1.5572837905780954
2008-03-05 00:00:00,1.5572837905780954
2008-03-06 00:00:00,1.5572837905780954
2008-03-07 00:00:00,1.5572837905780954
2008-03-10 00:00:00,1.5572837905780954
2008-03-11 00:00:00,1.5572837905780954
2008-03-12 00:00:00,1.5572837905780954
2008-03-13 00:00:00,1.5572837905780954
2008-03-14 00:00:00,1.5572837905780954
2008-03-17 00:00:00,1.5572837905780954
2008-03-18 00:00:00,1.5572837905780954
2008-03-19 00:00:00,1.5572837905780954
2008-03-20 00:00:00,1.5572837905780954
2008-03-24 00:00:00,1.5572837905780954
2008-03-25 00:00:00,1.5572837905780954
2008-03-26 00:00:00,1.5572837905780954
2008-03-27 00:00:00,1.5572837905780954
2008-03-28 00:00:00,1.5572837905780954
2008-03-31 00:00:00,1.5572837905780954
2008-04-01 00:00:00,1.5572837905780954
2008-04-02 00:00:00,1.5572837905780954
2008-04-03 00:00:00,1.5572837905780954
2008-04-04 00:00:00,1.5572837905780954
2008-04-07 00:00:00,1.5572837905780954
2008-04-08 00:00:00,1.5572837905780954
2008-04-09 00:00:00,1.5572837905780954
2008-04-10 00:00:00,1.5572837905780954
2008-04-11 00:00:00,1.5572837905780954
2008-04-14 00:00:00,1.5572837905780954
2008-04-15 00:00:00,1.5572837905780954
2008-04-16 00:00:00,1.5572837905780954
2008-04-17 00:00:00,1.5572837905780954
2008-04-18 00:00:00,1.5572837905780954
2008-04-21 00:00:00,1.5572837905780954
2008-04-22 00:00:00,1.5572837905780954
2008-04-23 00:00:00,1.5572837905780954
2008-04-24 00:00:00,1.5572837905780954
2008-04-25 00:00:00,1.5572837905780954
2008-04-28 00:00:00,1.5572837905780954
2008-04-29 00:00:00,1.5572837905780954
2008-04-30 00:00:00,1.5572837905780954
2008-05-01 00:00:00,1.5572837905780954
2008-05-02 00:00:00,1.5572837905780954
2008-05-05 00:00:00,1.5572837905780954
2008-05-06 00:00:00,1.5572837905780954
2008-05-07 00:00:00,1.5572837905780954
2008-05-08 00:00:00,1.5572837905780954
2008-05-09 00:00:00,1.5572837905780954
2008-05-12 00:00:00,1.5572837905780954
2008-05-13 00:00:00,1.5572837905780954
2008-05-14 00:00:00,1.5572837905780954
2008-05-15 00:00:00,1.5572837905780954
2008-05-16 00:00:00,1.5572837905780954
2008-05-19 00:00:00,1.5572837905780954
2008-05-20 00:00:00,1.5572837905780954
2008-05-21 00:00:00,1.5572837905780954
2008-05-22 00:00:00,1.5572837905780954
2008-05-23 00:00:00,1.5572837905780954
2008-05-27 00:00:00,1.5572837905780954
2008-05-28 00:00:00,1.5572837905780954
2008-05-29 00:00:00,1.5572837905780954
2008-05-30 00:00:00,1.5572837905780954
2008-06-02 00:00:00,1.5572837905780954
2008-06-03 00:00:00,1.5572837905780954
2008-06-04 00:00:00,1.5572837905780954
2008-06-05 00:00:00,1.5572837905780954
2008-06-06 00:00:00,1.5572837905780954
2008-06-09 00:00:00,1.5572837905780954
2008-06-10 00:00:00,1.5572837905780954
2008-06-11 00:00:00,1.5572837905780954
2008-06-12 00:00:00,1.5572837905780954
2008-06-13 00:00:00,1.5572837905780954
2008-06-16 00:00:00,1.5572837905780954
2008-06-17 00:00:00,1.5572837905780954
2008-06-18 00:00:00,1.5572837905780954
2008-06-19 00:00:00,1.5572837905780954
2008-06-20 00:00:00,1.5572837905780954
2008-06-23 00:00:00,1.5572837905780954
2008-06-24 00:00:00,1.5572837905780954
2008-06-25 00:00:00,1.5572837905780954
2008-06-26 00:00:00,1.5572837905780954
2008-06-27 00:00:00,1.5572837905780954
2008-06-30 00:00:00,1.5572837905780954
2008-07-01 00:00:00,1.5572837905780954
2008-07-02 00:00:00,1.5572837905780954
2008-07-03 00:00:00,1.5572837905780954
2008-07-07 00:00:00,1.5572837905780954
2008-07-08 00:00:00,1.5572837905780954
2008-07-09 00:00:00,1.5572837905780954
2008-07-10 00:00:00,1.5572837905780954
2008-07-11 00:00:00,1.5572837905780954
2008-07-14 00:00:00,1.5572837905780954
2008-07-15 00:00:00,1.5572837905780954
2008-07-16 00:00:00,1.5572837905780954
2008-07-17 00:00:00,1.5572837905780954
2008-07-18 00:00:00,1.5572837905780954
2008-07-21 00:00:00,1.5572837905780954
2008-07-22 00:00:00,1.5572837905780954
2008-07-23 00:00:00,1.5572837905780954
2008-07-24 00:00:00,1.5572837905780954
2008-07-25 00:00:00,1.5572837905780954
2008-07-28 00:00:00,1.5572837905780954
2008-07-29 00:00:00,1.5572837905780954
2008-07-30 00:00:00,1.5572837905780954
2008-07-31 00:00:00,1.5572837905780954
2008-08-01 00:00:00,1.5572837905780954
2008-08-04 00:00:00,1.5572837905780954
2008-08-05 00:00:00,1.5572837905780954
2008-08-06 00:00:00,1.5572837905780954
2008-08-07 00:00:00,1.5572837905780954
2008-08-08 00:00:00,1.5572837905780954
2008-08-11 00:00:00,1.5572837905780954
2008-08-12 00:00:00,1.5572837905780954
2008-08-13 00:00:00,1.5572837905780954
2008-08-14 00:00:00,1.5572837905780954
2008-08-15 00:00:00,1.5572837905780954
2008-08-18 00:00:00,1.5572837905780954
2008-08-19 00:00:00,1.5572837905780954
2008-08-20 00:00:00,1.5572837905780954
2008-08-21 00:00:00,1.5572837905780954
2008-08-22 00:00:00,1.5572837905780954
2008-08-25 00:00:00,1.5572837905780954
2008-08-26 00:00:00,1.5572837905780954
2008-08-27 00:00:00,1.5572837905780954
2008-08-28 00:00:00,1.5572837905780954
2008-08-29 00:00:00,1.5572837905780954
2008-09-02 00:00:00,1.5572837905780954
2008-09-03 00:00:00,1.5572837905780954
2008-09-04 00:00:00,1.5572837905780954
2008-09-05 00:00:00,1.5572837905780954
2008-09-08 00:00:00,1.5572837905780954
2008-09-09 00:00:00,1.5572837905780954
2008-09-10 00:00:00,1.5572837905780954
2008-09-11 00:00:00,1.5572837905780954
2008-09-12 00:00:00,1.5572837905780954
2008-09-15 00:00:00,1.5572837905780954
2008-09-16 00:00:00,1.5572837905780954
2008-09-17 00:00:00,1.5572837905780954
2008-09-18 00:00:00,1.5572837905780954
2008-09-19 00:00:00,1.5572837905780954
2008-09-22 00:00:00,1.5572837905780954
2008-09-23 00:00:00,1.5572837905780954
2008-09-24 00:00:00,1.5572837905780954
2008-09-25 00:00:00,1.5572837905780954
2008-09-26 00:00:00,1.5572837905780954
2008-09-29 00:00:00,1.5572837905780954
2008-09-30 00:00:00,1.5572837905780954
2008-10-01 00:00:00,1.5572837905780954
2008-10-02 00:00:00,1.5572837905780954
2008-10-03 00:00:00,1.5572837905780954
2008-10-06 00:00:00,1.5572837905780954
2008-10-07 00:00:00,1.5572837905780954
2008-10-08 00:00:00,1.5572837905780954
2008-10-09 00:00:00,1.5572837905780954
2008-10-10 00:00:00,1.5572837905780954
2008-10-13 00:00:00,1.5572837905780954
2008-10-14 00:00:00,1.5572837905780954
2008-10-15 00:00:00,1.5572837905780954
2008-10-16 00:00:00,1.5572837905780954
2008-10-17 00:00:00,1.5572837905780954
2008-10-20 00:00:00,1.5572837905780954
2008-10-21 00:00:00,1.5572837905780954
2008-10-22 00:00:00,1.5572837905780954
2008-10-23 00:00:00,1.5572837905780954
2008-10-24 00:00:00,1.5572837905780954
2008-10-27 00:00:00,1.5572837905780954
2008-10-28 00:00:00,1.5572837905780954
2008-10-29 00:00:00,1.5572837905780954
2008-10-30 00:00:00,1.5572837905780954
2008-10-31 00:00:00,1.5572837905780954
2008-11-03 00:00:00,1.5572837905780954
2008-11-04 00:00:00,1.5572837905780954
2008-11-05 00:00:00,1.5572837905780954
2008-11-06 00:00:00,1.5572837905780954
2008-11-07 00:00:00,1.5572837905780954
2008-11-10 00:00:00,1.5572837905780954
2008-11-11 00:00:00,1.5572837905780954
2008-11-12 00:00:00,1.5572837905780954
2008-11-13 00:00:00,1.5572837905780954
2008-11-14 00:00:00,1.5572837905780954
2008-11-17 00:00:00,1.5572837905780954
2008-11-18 00:00:00,1.5572837905780954
2008-11-19 00:00:00,1.5572837905780954
2008-11-20 00:00:00,1.5572837905780954
2008-11-21 00:00:00,1.5572837905780954
2008-11-24 00:00:00,1.5572837905780954
2008-11-25 00:00:00,1.5572837905780954
2008-11-26 00:00:00,1.5572837905780954
2008-11-28 00:00:00,1.5572837905780954
2008-12-01 00:00:00,1.5572837905780954
2008-12-02 00:00:00,1.5572837905780954
2008-12-03 00:00:00,1.5572837905780954
2008-12-04 00:00:00,1.5572837905780954
2008-12-05 00:00:00,1.5572837905780954
2008-12-08 00:00:00,1.5572837905780954
2008-12-09 00:00:00,1.5572837905780954
2008-12-10 00:00:00,1.5572837905780954
2008-12-11 00:00:00,1.5572837905780954
2008-12-12 00:00:00,1.5572837905780954
2008-12-15 00:00:00,1.5572837905780954
2008-12-16 00:00:00,1.5572837905780954
2008-12-17 00:00:00,1.5572837905780954
2008-12-18 00:00:00,1.5572837905780954
2008-12-19 00:00:00,1.5572837905780954
2008-12-22 00:00:00,1.5572837905780954
2008-12-23 00:00:00,1.5572837905780954
2008-12-24 00:00:00,1.5572837905780954
2008-12-26 00:00:00,1.5572837905780954
2008-12-29 00:00:00,1.5572837905780954
2008-12-30 00:00:00,1.5572837905780954
2008-12-31 00:00:00,1.5572837905780954
2009-01-02 00:00:00,1.5572837905780954
2009-01-05 00:00:00,1.5572837905780954
2009-01-06 00:00:00,1.5572837905780954
2009-01-07 00:00:00,1.5572837905780954
2009-01-08 00:00:00,1.5572837905780954
2009-01-09 00:00:00,1.5572837905780954
2009-01-12 00:00:00,1.5572837905780954
2009-01-13 00:00:00,1.5572837905780954
2009-01-14 00:00:00,1.5572837905780954
2009-01-15 00:00:00,1.5572837905780954
2009-01-16 00:00:00,1.5572837905780954
2009-01-20 00:00:00,1.5572837905780954
2009-01-21 00:00:00,1.5572837905780954
2009-01-22 00:00:00,1.5572837905780954
2009-01-23 00:00:00,1.5572837905780954
2009-01-26 00:00:00,1.5572837905780954
2009-01-27 00:00:00,1.5572837905780954
2009-01-28 00:00:00,1.5572837905780954
2009-01-29 00:00:00,1.5572837905780954
2009-01-30 00:00:00,1.5572837905780954
2009-02-02 00:00:00,1.5572837905780954
2009-02-03 00:00:00,1.5572837905780954
2009-02-04 00:00:00,1.5572837905780954
2009-02-05 00:00:00,1.5572837905780954
2009-02-06 00:00:00,1.5572837905780954
2009-02-09 00:00:00,1.5572837905780954
2009-02-10 00:00:00,1.5572837905780954
2009-02-11 00:00:00,1.5572837905780954
2009-02-12 00:00:00,1.5572837905780954
2009-02-13 00:00:00,1.5572837905780954
2009-02-17 00:00:00,1.5572837905780954
2009-02-18 00:00:00,1.5572837905780954
2009-02-19 00:00:00,1.5572837905780954
2009-02-20 00:00:00,1.5572837905780954
2009-02-23 00:00:00,1.5572837905780954
2009-02-24 00:00:00,1.5572837905780954
2009-02-25 00:00:00,1.5572837905780954
2009-02-26 00:00:00,1.5572837905780954
2009-02-27 00:00:00,1.5572837905780954
2009-03-02 00:00:00,1.5572837905780954
2009-03-03 00:00:00,1.5572837905780954
2009-03-04 00:00:00,1.5572837905780954
2009-03-05 00:00:00,1.5572837905780954
2009-03-06 00:00:00,1.5572837905780954
2009-03-09 00:00:00,1.5572837905780954
2009-03-10 00:00:00,1.5572837905780954
2009-03-11 00:00:00,1.5572837905780954
2009-03-12 00:00:00,1.5572837905780954
2009-03-13 00:00:00,1.5572837905780954
2009-03-16 00:00:00,1.5572837905780954
2009-03-17 00:00:00,1.5572837905780954
2009-03-18 00:00:00,1.5572837905780954
2009-03-19 00:00:00,1.5572837905780954
2009-03-20 00:00:00,1.5572837905780954
2009-03-23 00:00:00,1.5572837905780954
2009-03-24 00:00:00,1.5572837905780954
2009-03-25 00:00:00,1.5572837905780954
2009-03-26 00:00:00,1.5572837905780954
2009-03-27 00:00:00,1.5572837905780954
2009-03-30 00:00:00,1.5572837905780954
2009-03-31 00:00:00,1.5572837905780954
2009-04-01 00:00:00,1.5572837905780954
2009-04-02 00:00:00,1.5572837905780954
2009-04-03 00:00:00,1.5572837905780954
2009-04-06 00:00:00,1.5572837905780954
2009-04-07 00:00:00,1.5572837905780954
2009-04-08 00:00:00,1.5572837905780954
2009-04-09 00:00:00,1.5572837905780954
2009-04-13 00:00:00,1.5572837905780954
2009-04-14 00:00:00,1.5508300158336765
2009-04-15 00:00:00,1.557652577706348
2009-04-16 00:00:00,1.5734489596998302
2009-04-17 00:00:00,1.5808247022648805
2009-04-20 00:00:00,1.5505226932267995
2009-04-21 00:00:00,1.5656429654851522
2009-04-22 00:00:00,1.567241043040913
2009-04-23 00:00:00,1.5660732171347802
2009-04-24 00:00:00,1.5805173796580034
2009-04-27 00:00:00,1.5753543598624682
2009-04-28 00:00:00,1.5772597600251062
2009-04-29 00:00:00,1.5935478581895919
2009-04-30 00:00:00,1.5923185677620835
2009-05-01 00:00:00,1.5915809935055785
2009-05-04 00:00:00,1.617273163440503
2009-05-05 00:00:00,1.6129091824228485
2009-05-06 00:00:00,1.6178079047764693
2009-05-07 00:00:00,1.6018455685752733
2009-05-08 00:00:00,1.621391286372656
2009-05-11 00:00:00,1.60872959496932
2009-05-12 00:00:00,1.6015997104897715
2009-05-13 00:00:00,1.5748626436914648
2009-05-14 00:00:00,1.5831603540771464
2009-05-15 00:00:00,1.578427585931239
2009-05-18 00:00:00,1.600186026498137
2009-05-19 00:00:00,1.6028904654386555
2009-05-20 00:00:00,1.5977889101644958
2009-05-21 00:00:00,1.588569231958183
2009-05-22 00:00:00,1.5832218185985218
2009-05-26 00:00:00,1.60725444645631
2009-05-27 00:00:00,1.5974201230362433
2009-05-28 00:00:00,1.6003089555408878
2009-05-29 00:00:00,1.6106964596533335
2009-06-01 00:00:00,1.6347905520324972
2009-06-02 00:00:00,1.6382325652295207
2009-06-03 00:00:00,1.6270460223391945
2009-06-04 00:00:00,1.6361427715027566
2009-06-05 00:00:00,1.6346676229897463
2009-06-08 00:00:00,1.6301192484079654
2009-06-09 00:00:00,1.6359583779386302
2009-06-10 00:00:00,1.6344217649042447
2009-06-11 00:00:00,1.6361427715027566
2009-06-12 00:00:00,1.6356510553317531
2009-06-15 00:00:00,1.6195473507313936
2009-06-16 00:00:00,1.6082378787983167
2009-06-17 00:00:00,1.6078076271486887
2009-06-18 00:00:00,1.6123560017304697
2009-06-19 00:00:00,1.6106964596533335
2009-06-22 00:00:00,1.588692161000934
2009-06-23 00:00:00,1.5859877220604155
2009-06-24 00:00:00,1.5942854324460969
2009-06-25 00:00:00,1.610327672525081
2009-06-26 00:00:00,1.610327672525081
2009-06-29 00:00:00,1.616351195619872
2009-06-30 00:00:00,1.6139540792862306
2009-07-01 00:00:00,1.619301492645892
2009-07-02 00:00:00,1.6008006717118912
2009-07-06 00:00:00,1.5952074002667282
2009-07-07 00:00:00,1.580025663487
2009-07-08 00:00:00,1.578243192367113
2009-07-09 00:00:00,1.5790422311449934
2009-07-10 00:00:00,1.578243192367113
2009-07-13 00:00:00,1.5933634646254655
2009-07-14 00:00:00,1.597973303728622
2009-07-15 00:00:00,1.617273163440503
2009-07-16 00:00:00,1.626677235210942
2009-07-17 00:00:00,1.6244030479200515
2009-07-20 00:00:00,1.634175906818743
2009-07-21 00:00:00,1.6354666617676268
2009-07-22 00:00:00,1.6387857459218993
2009-07-23 00:00:00,1.6567333861635214
2009-07-24 00:00:00,1.6619578704804319
2009-07-27 00:00:00,1.6649081675064519
2009-07-28 00:00:00,1.6636788770789437
2009-07-29 00:00:00,1.6587002508475348
2009-07-30 00:00:00,1.6677355354897212
2009-07-31 00:00:00,1.6677970000110967
2009-08-03 00:00:00,1.683286059397702
2009-08-04 00:00:00,1.6895554405779944
2009-08-05 00:00:00,1.6866051435519744
2009-08-06 00:00:00,1.6807660140213097
2009-08-07 00:00:00,1.6981604735705529
2009-08-10 00:00:00,1.6951487120231574
2009-08-11 00:00:00,1.684761207910712
2009-08-12 00:00:00,1.6942882087239017
2009-08-13 00:00:00,1.7007419834683204
2009-08-14 00:00:00,1.68961690509937
2009-08-17 00:00:00,1.6687189678317278
2009-08-18 00:00:00,1.6780615750807912
2009-08-19 00:00:00,1.6829787367908249
2009-08-20 00:00:00,1.6907847310055029
2009-08-21 00:00:00,1.704614248314972
2009-08-24 00:00:00,1.7026473836309584
2009-08-25 00:00:00,1.7057820742211047
2009-08-26 00:00:00,1.7052288935287259
2009-08-27 00:00:00,1.7076260098623672
2009-08-28 00:00:00,1.7084250486402477
2009-08-31 00:00:00,1.6983448671346792
2009-09-01 00:00:00,1.6831016658335756
2009-09-02 00:00:00,1.6795367235938015
2009-09-03 00:00:00,1.6889407953642404
2009-09-04 00:00:00,1.6985907252201808
2009-09-08 00:00:00,1.7084250486402477
2009-09-09 00:00:00,1.717583262325185
2009-09-10 00:00:00,1.7254507210612384
2009-09-11 00:00:00,1.7271102631383748
2009-09-14 00:00:00,1.7360840832591857
2009-09-15 00:00:00,1.742722251567731
2009-09-16 00:00:00,1.746770962640343
2009-09-17 00:00:00,1.746770962640343
2009-09-18 00:00:00,1.746770962640343
2009-09-21 00:00:00,1.746770962640343
2009-09-22 00:00:00,1.746770962640343
2009-09-23 00:00:00,1.746770962640343
2009-09-24 00:00:00,1.746770962640343
2009-09-25 00:00:00,1.746770962640343
2009-09-28 00:00:00,1.746770962640343
2009-09-29 00:00:00,1.746770962640343
2009-09-30 00:00:00,1.746770962640343
2009-10-01 00:00:00,1.746770962640343
2009-10-02 00:00:00,1.746770962640343
2009-10-05 00:00:00,1.746770962640343
2009-10-06 00:00:00,1.746770962640343
2009-10-07 00:00:00,1.746770962640343
2009-10-08 00:00:00,1.746770962640343
2009-10-09 00:00:00,1.746770962640343
2009-10-12 00:00:00,1.746770962640343
2009-10-13 00:00:00,1.746770962640343
2009-10-14 00:00:00,1.746770962640343
2009-10-15 00:00:00,1.746770962640343
2009-10-16 00:00:00,1.746770962640343
2009-10-19 00:00:00,1.746770962640343
2009-10-20 00:00:00,1.746770962640343
2009-10-21 00:00:00,1.746770962640343
2009-10-22 00:00:00,1.746770962640343
2009-10-23 00:00:00,1.746770962640343
2009-10-26 00:00:00,1.746770962640343
2009-10-27 00:00:00,1.746770962640343
2009-10-28 00:00:00,1.746770962640343
2009-10-29 00:00:00,1.746770962640343
2009-10-30 00:00:00,1.746770962640343
2009-11-02 00:00:00,1.746770962640343
2009-11-03 00:00:00,1.746770962640343
2009-11-04 00:00:00,1.746770962640343
2009-11-05 00:00:00,1.746770962640343
2009-11-06 00:00:00,1.746770962640343
2009-11-09 00:00:00,1.746770962640343
2009-11-10 00:00:00,1.746770962640343
2009-11-11 00:00:00,1.746770962640343
2009-11-12 00:00:00,1.746770962640343
2009-11-13 00:00:00,1.746770962640343
2009-11-16 00:00:00,1.746770962640343
2009-11-17 00:00:00,1.746770962640343
2009-11-18 00:00:00,1.746770962640343
2009-11-19 00:00:00,1.746770962640343
2009-11-20 00:00:00,1.746770962640343
2009-11-23 00:00:00,1.746770962640343
2009-11-24 00:00:00,1.746770962640343
2009-11-25 00:00:00,1.746770962640343
2009-11-27 00:00:00,1.746770962640343
2009-11-30 00:00:00,1.746770962640343
2009-12-01 00:00:00,1.746770962640343
2009-12-02 00:00:00,1.746770962640343
2009-12-03 00:00:00,1.746770962640343
2009-12-04 00:00:00,1.746770962640343
2009-12-07 00:00:00,1.746770962640343
2009-12-08 00:00:00,1.746770962640343
2009-12-09 00:00:00,1.746770962640343
2009-12-10 00:00:00,1.746770962640343
2009-12-11 00:00:00,1.746770962640343
2009-12-14 00:00:00,1.746770962640343
2009-12-15 00:00:00,1.746770962640343
2009-12-16 00:00:00,1.746770962640343
2009-12-17 00:00:00,1.746770962640343
2009-12-18 00:00:00,1.746770962640343
2009-12-21 00:00:00,1.746770962640343
2009-12-22 00:00:00,1.746770962640343
2009-12-23 00:00:00,1.746770962640343
2009-12-24 00:00:00,1.746770962640343
2009-12-28 00:00:00,1.746770962640343
2009-12-29 00:00:00,1.746770962640343
2009-12-30 00:00:00,1.746770962640343
2009-12-31 00:00:00,1.746770962640343
2010-01-04 00:00:00,1.746770962640343
2010-01-05 00:00:00,1.746770962640343
2010-01-06 00:00:00,1.746770962640343
2010-01-07 00:00:00,1.746770962640343
2010-01-08 00:00:00,1.746770962640343
2010-01-11 00:00:00,1.746770962640343
2010-01-12 00:00:00,1.746770962640343
2010-01-13 00:00:00,1.746770962640343
2010-01-14 00:00:00,1.746770962640343
2010-01-15 00:00:00,1.746770962640343
2010-01-19 00:00:00,1.746770962640343
2010-01-20 00:00:00,1.746770962640343
2010-01-21 00:00:00,1.746770962640343
2010-01-22 00:00:00,1.746770962640343
2010-01-25 00:00:00,1.746770962640343
2010-01-26 00:00:00,1.746770962640343
2010-01-27 00:00:00,1.746770962640343
2010-01-28 00:00:00,1.746770962640343
2010-01-29 00:00:00,1.746770962640343
2010-02-01 00:00:00,1.746770962640343
2010-02-02 00:00:00,1.746770962640343
2010-02-03 00:00:00,1.746770962640343
2010-02-04 00:00:00,1.746770962640343
2010-02-05 00:00:00,1.746770962640343
2010-02-08 00:00:00,1.746770962640343
2010-02-09 00:00:00,1.746770962640343
2010-02-10 00:00:00,1.746770962640343
2010-02-11 00:00:00,1.746770962640343
2010-02-12 00:00:00,1.746770962640343
2010-02-16 00:00:00,1.746770962640343
2010-02-17 00:00:00,1.746770962640343
2010-02-18 00:00:00,1.746770962640343
2010-02-19 00:00:00,1.746770962640343
2010-02-22 00:00:00,1.746770962640343
2010-02-23 00:00:00,1.746770962640343
2010-02-24 00:00:00,1.746770962640343
2010-02-25 00:00:00,1.746770962640343
2010-02-26 00:00:00,1.746770962640343
2010-03-01 00:00:00,1.746770962640343
2010-03-02 00:00:00,1.746770962640343
2010-03-03 00:00:00,1.746770962640343
2010-03-04 00:00:00,1.746770962640343
2010-03-05 00:00:00,1.746770962640343
2010-03-08 00:00:00,1.746770962640343
2010-03-09 00:00:00,1.746770962640343
2010-03-10 00:00:00,1.746770962640343
2010-03-11 00:00:00,1.746770962640343
2010-03-12 00:00:00,1.746770962640343
2010-03-15 00:00:00,1.746770962640343
2010-03-16 00:00:00,1.746770962640343
2010-03-17 00:00:00,1.746770962640343
2010-03-18 00:00:00,1.746770962640343
2010-03-19 00:00:00,1.746770962640343
2010-03-22 00:00:00,1.746770962640343
2010-03-23 00:00:00,1.746770962640343
2010-03-24 00:00:00,1.746770962640343
2010-03-25 00:00:00,1.746770962640343
2010-03-26 00:00:00,1.746770962640343
2010-03-29 00:00:00,1.746770962640343
2010-03-30 00:00:00,1.746770962640343
2010-03-31 00:00:00,1.746770962640343
2010-04-01 00:00:00,1.746770962640343
2010-04-05 00:00:00,1.746770962640343
2010-04-06 00:00:00,1.746770962640343
2010-04-07 00:00:00,1.746770962640343
2010-04-08 00:00:00,1.746770962640343
2010-04-09 00:00:00,1.746770962640343
2010-04-12 00:00:00,1.746770962640343
2010-04-13 00:00:00,1.746770962640343
2010-04-14 00:00:00,1.746770962640343
2010-04-15 00:00:00,1.746770962640343
2010-04-16 00:00:00,1.746770962640343
2010-04-19 00:00:00,1.746770962640343
2010-04-20 00:00:00,1.746770962640343
2010-04-21 00:00:00,1.746770962640343
2010-04-22 00:00:00,1.746770962640343
2010-04-23 00:00:00,1.746770962640343
2010-04-26 00:00:00,1.746770962640343
2010-04-27 00:00:00,1.746770962640343
2010-04-28 00:00:00,1.746770962640343
2010-04-29 00:00:00,1.746770962640343
2010-04-30 00:00:00,1.746770962640343
2010-05-03 00:00:00,1.746770962640343
2010-05-04 00:00:00,1.746770962640343
2010-05-05 00:00:00,1.746770962640343
2010-05-06 00:00:00,1.746770962640343
2010-05-07 00:00:00,1.746770962640343
2010-05-10 00:00:00,1.746770962640343
2010-05-11 00:00:00,1.746770962640343
2010-05-12 00:00:00,1.746770962640343
2010-05-13 00:00:00,1.746770962640343
2010-05-14 00:00:00,1.746770962640343
2010-05-17 00:00:00,1.746770962640343
2010-05-18 00:00:00,1.746770962640343
2010-05-19 00:00:00,1.746770962640343
2010-05-20 00:00:00,1.746770962640343
2010-05-21 00:00:00,1.746770962640343
2010-05-24 00:00:00,1.746770962640343
2010-05-25 00:00:00,1.746770962640343
2010-05-26 00:00:00,1.746770962640343
2010-05-27 00:00:00,1.746770962640343
2010-05-28 00:00:00,1.746770962640343
2010-06-01 00:00:00,1.746770962640343
2010-06-02 00:00:00,1.746770962640343
2010-06-03 00:00:00,1.746770962640343
2010-06-04 00:00:00,1.746770962640343
2010-06-07 00:00:00,1.746770962640343
2010-06-08 00:00:00,1.746770962640343
2010-06-09 00:00:00,1.746770962640343
2010-06-10 00:00:00,1.746770962640343
2010-06-11 00:00:00,1.746770962640343
2010-06-14 00:00:00,1.746770962640343
2010-06-15 00:00:00,1.746770962640343
2010-06-16 00:00:00,1.746770962640343
2010-06-17 00:00:00,1.746770962640343
2010-06-18 00:00:00,1.746770962640343
2010-06-21 00:00:00,1.746770962640343
2010-06-22 00:00:00,1.746770962640343
2010-06-23 00:00:00,1.746770962640343
2010-06-24 00:00:00,1.746770962640343
2010-06-25 00:00:00,1.746770962640343
2010-06-28 00:00:00,1.746770962640343
2010-06-29 00:00:00,1.746770962640343
2010-06-30 00:00:00,1.746770962640343
2010-07-01 00:00:00,1.746770962640343
2010-07-02 00:00:00,1.746770962640343
2010-07-06 00:00:00,1.746770962640343
2010-07-07 00:00:00,1.746770962640343
2010-07-08 00:00:00,1.746770962640343
2010-07-09 00:00:00,1.746770962640343
2010-07-12 00:00:00,1.746770962640343
2010-07-13 00:00:00,1.746770962640343
2010-07-14 00:00:00,1.746770962640343
2010-07-15 00:00:00,1.746770962640343
2010-07-16 00:00:00,1.746770962640343
2010-07-19 00:00:00,1.746770962640343
2010-07-20 00:00:00,1.746770962640343
2010-07-21 00:00:00,1.746770962640343
2010-07-22 00:00:00,1.746770962640343
2010-07-23 00:00:00,1.746770962640343
2010-07-26 00:00:00,1.746770962640343
2010-07-27 00:00:00,1.746770962640343
2010-07-28 00:00:00,1.746770962640343
2010-07-29 00:00:00,1.746770962640343
2010-07-30 00:00:00,1.746770962640343
2010-08-02 00:00:00,1.746770962640343
2010-08-03 00:00:00,1.746770962640343
2010-08-04 00:00:00,1.746770962640343
2010-08-05 00:00:00,1.746770962640343
2010-08-06 00:00:00,1.746770962640343
2010-08-09 00:00:00,1.746770962640343
2010-08-10 00:00:00,1.7433065089287367
2010-08-11 00:00:00,1.6954970477085698
2010-08-12 00:00:00,1.6698001452950328
2010-08-13 00:00:00,1.6698001452950328
2010-08-16 00:00:00,1.6698001452950328
2010-08-17 00:00:00,1.6698001452950328
2010-08-18 00:00:00,1.6698001452950328
2010-08-19 00:00:00,1.6698001452950328
2010-08-20 00:00:00,1.6698001452950328
2010-08-23 00:00:00,1.6698001452950328
2010-08-24 00:00:00,1.6698001452950328
2010-08-25 00:00:00,1.6698001452950328
2010-08-26 00:00:00,1.6698001452950328
2010-08-27 00:00:00,1.6698001452950328
2010-08-30 00:00:00,1.6698001452950328
2010-08-31 00:00:00,1.6698001452950328
2010-09-01 00:00:00,1.6698001452950328
2010-09-02 00:00:00,1.6698001452950328
2010-09-03 00:00:00,1.6698001452950328
2010-09-07 00:00:00,1.6698001452950328
2010-09-08 00:00:00,1.6698001452950328
2010-09-09 00:00:00,1.6698001452950328
2010-09-10 00:00:00,1.6698001452950328
2010-09-13 00:00:00,1.6698001452950328
2010-09-14 00:00:00,1.6698001452950328
2010-09-15 00:00:00,1.6698001452950328
2010-09-16 00:00:00,1.6698001452950328
2010-09-17 00:00:00,1.6698001452950328
2010-09-20 00:00:00,1.6698001452950328
2010-09-21 00:00:00,1.6621449736145533
2010-09-22 00:00:00,1.6498757258526884
2010-09-23 00:00:00,1.6394940546695724
2010-09-24 00:00:00,1.6745190867419038
2010-09-27 00:00:00,1.6745190867419038
2010-09-28 00:00:00,1.6842715657321041
2010-09-29 00:00:00,1.685215354021478
2010-09-30 00:00:00,1.6867883345037684
2010-10-01 00:00:00,1.6907732183922373
2010-10-04 00:00:00,1.6749385482038481
2010-10-05 00:00:00,1.7058738310222243
2010-10-06 00:00:00,1.6946532369152203
2010-10-07 00:00:00,1.694024044722304
2010-10-08 00:00:00,1.7048251773673646
2010-10-11 00:00:00,1.707446811504515
2010-10-12 00:00:00,1.712690079778816
2010-10-13 00:00:00,1.7273712309468592
2010-10-14 00:00:00,1.7213939051141558
2010-10-15 00:00:00,1.7213939051141558
2010-10-18 00:00:00,1.7243301353477645
2010-10-19 00:00:00,1.703147331519588
2010-10-20 00:00:00,1.722023097307072
2010-10-21 00:00:00,1.7194014631699213
2010-10-22 00:00:00,1.7302025958149816
2010-10-25 00:00:00,1.7400599401706678
2010-10-26 00:00:00,1.7377529021299754
2010-10-27 00:00:00,1.737018844571573
2010-10-28 00:00:00,1.734921537261853
2010-10-29 00:00:00,1.7385918250538637
2010-11-01 00:00:00,1.7381723635919197
2010-11-02 00:00:00,1.754950822069683
2010-11-03 00:00:00,1.759984359613012
2010-11-04 00:00:00,1.7895563926800704
2010-11-05 00:00:00,1.8007769867870747
2010-11-08 00:00:00,1.8003575253251305
2010-11-09 00:00:00,1.782740143923479
2010-11-10 00:00:00,1.796582372167634
2010-11-11 00:00:00,1.792702353644651
2010-11-12 00:00:00,1.7672200698315477
2010-11-15 00:00:00,1.7711000883545307
2010-11-16 00:00:00,1.7438350933281646
2010-11-17 00:00:00,1.7529583801254487
2010-11-18 00:00:00,1.7753995683394572
2010-11-19 00:00:00,1.7804331058827867
2010-11-22 00:00:00,1.7935412765685395
2010-11-23 00:00:00,1.7746655107810552
2010-11-24 00:00:00,1.8070689087162364
2010-11-26 00:00:00,1.7955337185127738
2010-11-29 00:00:00,1.7945899302233996
2010-11-30 00:00:00,1.7853617780606295
2010-12-01 00:00:00,1.819547887209073
2010-12-02 00:00:00,1.8408355564027354
2010-12-03 00:00:00,1.8509026314893935
2010-12-06 00:00:00,1.8516366890477955
2010-12-07 00:00:00,1.853524265626544
2010-12-08 00:00:00,1.8515318236823097
2010-12-09 00:00:00,1.8567750919566108
2010-12-10 00:00:00,1.8747070694547205
2010-12-13 00:00:00,1.8694638011804194
2010-12-14 00:00:00,1.8683102821600734
2010-12-15 00:00:00,1.861598898768968
2010-12-16 00:00:00,1.8784822226122175
2010-12-17 00:00:00,1.8777481650538155
2010-12-20 00:00:00,1.8791114148051336
2010-12-21 00:00:00,1.8865332959850367
2010-12-22 00:00:00,1.8865332959850367
2010-12-23 00:00:00,1.8865332959850367
2010-12-27 00:00:00,1.8865332959850367
2010-12-28 00:00:00,1.8865332959850367
2010-12-29 00:00:00,1.8865332959850367
2010-12-30 00:00:00,1.8865332959850367
2010-12-31 00:00:00,1.8865332959850367
2011-01-03 00:00:00,1.8865332959850367
2011-01-04 00:00:00,1.8865332959850367
2011-01-05 00:00:00,1.8865332959850367
2011-01-06 00:00:00,1.8865332959850367
2011-01-07 00:00:00,1.8865332959850367
2011-01-10 00:00:00,1.8865332959850367
2011-01-11 00:00:00,1.8865332959850367
2011-01-12 00:00:00,1.8865332959850367
2011-01-13 00:00:00,1.8865332959850367
2011-01-14 00:00:00,1.8865332959850367
2011-01-18 00:00:00,1.8865332959850367
2011-01-19 00:00:00,1.8865332959850367
2011-01-20 00:00:00,1.8865332959850367
2011-01-21 00:00:00,1.8865332959850367
2011-01-24 00:00:00,1.8865332959850367
2011-01-25 00:00:00,1.8865332959850367
2011-01-26 00:00:00,1.8865332959850367
2011-01-27 00:00:00,1.8865332959850367
2011-01-28 00:00:00,1.8865332959850367
2011-01-31 00:00:00,1.8865332959850367
2011-02-01 00:00:00,1.8865332959850367
2011-02-02 00:00:00,1.8865332959850367
2011-02-03 00:00:00,1.8865332959850367
2011-02-04 00:00:00,1.8865332959850367
2011-02-07 00:00:00,1.8865332959850367
2011-02-08 00:00:00,1.8865332959850367
2011-02-09 00:00:00,1.8865332959850367
2011-02-10 00:00:00,1.8865332959850367
2011-02-11 00:00:00,1.8865332959850367
2011-02-14 00:00:00,1.8865332959850367
2011-02-15 00:00:00,1.8865332959850367
2011-02-16 00:00:00,1.8865332959850367
2011-02-17 00:00:00,1.8865332959850367
2011-02-18 00:00:00,1.8865332959850367
2011-02-22 00:00:00,1.8865332959850367
2011-02-23 00:00:00,1.8865332959850367
2011-02-24 00:00:00,1.8865332959850367
2011-02-25 00:00:00,1.8865332959850367
2011-02-28 00:00:00,1.8865332959850367
2011-03-01 00:00:00,1.8865332959850367
2011-03-02 00:00:00,1.8865332959850367
2011-03-03 00:00:00,1.8865332959850367
2011-03-04 00:00:00,1.8865332959850367
2011-03-07 00:00:00,1.8865332959850367
2011-03-08 00:00:00,1.8865332959850367
2011-03-09 00:00:00,1.8865332959850367
2011-03-10 00:00:00,1.8865332959850367
2011-03-11 00:00:00,1.8865332959850367
2011-03-14 00:00:00,1.8865332959850367
2011-03-15 00:00:00,1.8865332959850367
2011-03-16 00:00:00,1.8865332959850367
2011-03-17 00:00:00,1.8865332959850367
2011-03-18 00:00:00,1.8865332959850367
2011-03-21 00:00:00,1.8865332959850367
2011-03-22 00:00:00,1.8865332959850367
2011-03-23 00:00:00,1.8865332959850367
2011-03-24 00:00:00,1.8865332959850367
2011-03-25 00:00:00,1.8865332959850367
2011-03-28 00:00:00,1.8865332959850367
2011-03-29 00:00:00,1.8865332959850367
2011-03-30 00:00:00,1.8865332959850367
2011-03-31 00:00:00,1.8865332959850367
2011-04-01 00:00:00,1.8865332959850367
2011-04-04 00:00:00,1.8865332959850367
2011-04-05 00:00:00,1.8865332959850367
2011-04-06 00:00:00,1.8865332959850367
2011-04-07 00:00:00,1.8865332959850367
2011-04-08 00:00:00,1.8865332959850367
2011-04-11 00:00:00,1.8865332959850367
2011-04-12 00:00:00,1.8865332959850367
2011-04-13 00:00:00,1.8865332959850367
2011-04-14 00:00:00,1.8865332959850367
2011-04-15 00:00:00,1.8865332959850367
2011-04-18 00:00:00,1.8865332959850367
2011-04-19 00:00:00,1.8865332959850367
2011-04-20 00:00:00,1.8865332959850367
2011-04-21 00:00:00,1.8865332959850367
2011-04-25 00:00:00,1.8865332959850367
2011-04-26 00:00:00,1.8865332959850367
2011-04-27 00:00:00,1.8865332959850367
2011-04-28 00:00:00,1.8865332959850367
2011-04-29 00:00:00,1.8865332959850367
2011-05-02 00:00:00,1.8865332959850367
2011-05-03 00:00:00,1.8865332959850367
2011-05-04 00:00:00,1.8865332959850367
2011-05-05 00:00:00,1.8865332959850367
2011-05-06 00:00:00,1.8865332959850367
2011-05-09 00:00:00,1.8865332959850367
2011-05-10 00:00:00,1.8865332959850367
2011-05-11 00:00:00,1.8865332959850367
2011-05-12 00:00:00,1.8865332959850367
2011-05-13 00:00:00,1.8865332959850367
2011-05-16 00:00:00,1.8865332959850367
2011-05-17 00:00:00,1.8865332959850367
2011-05-18 00:00:00,1.8865332959850367
2011-05-19 00:00:00,1.8865332959850367
2011-05-20 00:00:00,1.8865332959850367
2011-05-23 00:00:00,1.8865332959850367
2011-05-24 00:00:00,1.8865332959850367
2011-05-25 00:00:00,1.8865332959850367
2011-05-26 00:00:00,1.8865332959850367
2011-05-27 00:00:00,1.8865332959850367
2011-05-31 00:00:00,1.8865332959850367
2011-06-01 00:00:00,1.8865332959850367
2011-06-02 00:00:00,1.8865332959850367
2011-06-03 00:00:00,1.8865332959850367
2011-06-06 00:00:00,1.8865332959850367
2011-06-07 00:00:00,1.8865332959850367
2011-06-08 00:00:00,1.8865332959850367
2011-06-09 00:00:00,1.8865332959850367
2011-06-10 00:00:00,1.8865332959850367
2011-06-13 00:00:00,1.8865332959850367
2011-06-14 00:00:00,1.8865332959850367
2011-06-15 00:00:00,1.8865332959850367
2011-06-16 00:00:00,1.8865332959850367
2011-06-17 00:00:00,1.8865332959850367
2011-06-20 00:00:00,1.8865332959850367
2011-06-21 00:00:00,1.8865332959850367
2011-06-22 00:00:00,1.8865332959850367
2011-06-23 00:00:00,1.8865332959850367
2011-06-24 00:00:00,1.8865332959850367
2011-06-27 00:00:00,1.8865332959850367
2011-06-28 00:00:00,1.8865332959850367
2011-06-29 00:00:00,1.8865332959850367
2011-06-30 00:00:00,1.8865332959850367
2011-07-01 00:00:00,1.8865332959850367
2011-07-05 00:00:00,1.8865332959850367
2011-07-06 00:00:00,1.8865332959850367
2011-07-07 00:00:00,1.890031258141523
2011-07-08 00:00:00,1.8754221220761973
2011-07-11 00:00:00,1.8370474195947437
2011-07-12 00:00:00,1.8292284453625975
2011-07-13 00:00:00,1.8354013197563972
2011-07-14 00:00:00,1.8093615666751741
2011-07-15 00:00:00,1.8093615666751741
2011-07-18 00:00:00,1.8093615666751741
2011-07-19 00:00:00,1.8093615666751741
2011-07-20 00:00:00,1.8093615666751741
2011-07-21 00:00:00,1.8093615666751741
2011-07-22 00:00:00,1.8093615666751741
2011-07-25 00:00:00,1.8093615666751741
2011-07-26 00:00:00,1.8093615666751741
2011-07-27 00:00:00,1.8093615666751741
2011-07-28 00:00:00,1.8093615666751741
2011-07-29 00:00:00,1.8093615666751741
2011-08-01 00:00:00,1.8093615666751741
2011-08-02 00:00:00,1.8093615666751741
2011-08-03 00:00:00,1.8093615666751741
2011-08-04 00:00:00,1.8093615666751741
2011-08-05 00:00:00,1.8093615666751741
2011-08-08 00:00:00,1.8093615666751741
2011-08-09 00:00:00,1.8093615666751741
2011-08-10 00:00:00,1.8093615666751741
2011-08-11 00:00:00,1.8093615666751741
2011-08-12 00:00:00,1.8093615666751741
2011-08-15 00:00:00,1.8093615666751741
2011-08-16 00:00:00,1.8093615666751741
2011-08-17 00:00:00,1.8093615666751741
2011-08-18 00:00:00,1.8093615666751741
2011-08-19 00:00:00,1.8093615666751741
2011-08-22 00:00:00,1.8093615666751741
2011-08-23 00:00:00,1.8093615666751741
2011-08-24 00:00:00,1.8093615666751741
2011-08-25 00:00:00,1.8093615666751741
2011-08-26 00:00:00,1.8093615666751741
2011-08-29 00:00:00,1.8093615666751741
2011-08-30 00:00:00,1.8093615666751741
2011-08-31 00:00:00,1.8093615666751741
2011-09-01 00:00:00,1.8093615666751741
2011-09-02 00:00:00,1.8093615666751741
2011-09-06 00:00:00,1.8093615666751741
2011-09-07 00:00:00,1.8093615666751741
2011-09-08 00:00:00,1.8093615666751741
2011-09-09 00:00:00,1.8093615666751741
2011-09-12 00:00:00,1.8093615666751741
2011-09-13 00:00:00,1.8093615666751741
2011-09-14 00:00:00,1.8093615666751741
2011-09-15 00:00:00,1.8093615666751741
2011-09-16 00:00:00,1.8093615666751741
2011-09-19 00:00:00,1.8093615666751741
2011-09-20 00:00:00,1.8093615666751741
2011-09-21 00:00:00,1.8093615666751741
2011-09-22 00:00:00,1.8093615666751741
2011-09-23 00:00:00,1.8093615666751741
2011-09-26 00:00:00,1.8093615666751741
2011-09-27 00:00:00,1.8093615666751741
2011-09-28 00:00:00,1.8093615666751741
2011-09-29 00:00:00,1.8093615666751741
2011-09-30 00:00:00,1.8093615666751741
2011-10-03 00:00:00,1.8093615666751741
2011-10-04 00:00:00,1.8093615666751741
2011-10-05 00:00:00,1.8093615666751741
2011-10-06 00:00:00,1.8093615666751741
2011-10-07 00:00:00,1.8093615666751741
2011-10-10 00:00:00,1.8093615666751741
2011-10-11 00:00:00,1.8093615666751741
2011-10-12 00:00:00,1.8093615666751741
2011-10-13 00:00:00,1.8093615666751741
2011-10-14 00:00:00,1.8093615666751741
2011-10-17 00:00:00,1.8093615666751741
2011-10-18 00:00:00,1.8093615666751741
2011-10-19 00:00:00,1.8093615666751741
2011-10-20 00:00:00,1.8093615666751741
2011-10-21 00:00:00,1.8093615666751741
2011-10-24 00:00:00,1.8093615666751741
2011-10-25 00:00:00,1.8093615666751741
2011-10-26 00:00:00,1.8093615666751741
2011-10-27 00:00:00,1.8093615666751741
2011-10-28 00:00:00,1.8093615666751741
2011-10-31 00:00:00,1.8093615666751741
2011-11-01 00:00:00,1.8093615666751741
2011-11-02 00:00:00,1.8093615666751741
2011-11-03 00:00:00,1.8093615666751741
2011-11-04 00:00:00,1.8093615666751741
2011-11-07 00:00:00,1.8093615666751741
2011-11-08 00:00:00,1.8093615666751741
2011-11-09 00:00:00,1.8093615666751741
2011-11-10 00:00:00,1.8093615666751741
2011-11-11 00:00:00,1.8093615666751741
2011-11-14 00:00:00,1.8093615666751741
2011-11-15 00:00:00,1.8093615666751741
2011-11-16 00:00:00,1.8093615666751741
2011-11-17 00:00:00,1.8093615666751741
2011-11-18 00:00:00,1.8093615666751741
2011-11-21 00:00:00,1.8093615666751741
2011-11-22 00:00:00,1.8093615666751741
2011-11-23 00:00:00,1.8093615666751741
2011-11-25 00:00:00,1.8093615666751741
2011-11-28 00:00:00,1.8093615666751741
2011-11-29 00:00:00,1.8093615666751741
2011-11-30 00:00:00,1.8093615666751741
2011-12-01 00:00:00,1.8093615666751741
2011-12-02 00:00:00,1.8093615666751741
2011-12-05 00:00:00,1.8093615666751741
2011-12-06 00:00:00,1.8093615666751741
2011-12-07 00:00:00,1.8093615666751741
2011-12-08 00:00:00,1.8093615666751741
2011-12-09 00:00:00,1.8093615666751741
2011-12-12 00:00:00,1.8093615666751741
2011-12-13 00:00:00,1.8093615666751741
2011-12-14 00:00:00,1.8093615666751741
2011-12-15 00:00:00,1.8093615666751741
2011-12-16 00:00:00,1.8093615666751741
2011-12-19 00:00:00,1.8093615666751741
2011-12-20 00:00:00,1.8093615666751741
2011-12-21 00:00:00,1.8093615666751741
2011-12-22 00:00:00,1.8093615666751741
2011-12-23 00:00:00,1.8093615666751741
2011-12-27 00:00:00,1.8093615666751741
2011-12-28 00:00:00,1.8093615666751741
2011-12-29 00:00:00,1.8093615666751741
2011-12-30 00:00:00,1.8093615666751741
2012-01-03 00:00:00,1.8093615666751741
2012-01-04 00:00:00,1.8093615666751741
2012-01-05 00:00:00,1.8093615666751741
2012-01-06 00:00:00,1.8093615666751741
2012-01-09 00:00:00,1.8093615666751741
2012-01-10 00:00:00,1.8093615666751741
2012-01-11 00:00:00,1.8093615666751741
2012-01-12 00:00:00,1.8093615666751741
2012-01-13 00:00:00,1.8093615666751741
2012-01-17 00:00:00,1.8093615666751741
2012-01-18 00:00:00,1.8093615666751741
2012-01-19 00:00:00,1.8093615666751741
2012-01-20 00:00:00,1.8093615666751741
2012-01-23 00:00:00,1.8093615666751741
2012-01-24 00:00:00,1.8093615666751741
2012-01-25 00:00:00,1.8093615666751741
2012-01-26 00:00:00,1.8093615666751741
2012-01-27 00:00:00,1.8093615666751741
2012-01-30 00:00:00,1.8093615666751741
2012-01-31 00:00:00,1.8093615666751741
2012-02-01 00:00:00,1.8093615666751741
2012-02-02 00:00:00,1.8093615666751741
2012-02-03 00:00:00,1.8093615666751741
2012-02-06 00:00:00,1.8093615666751741
2012-02-07 00:00:00,1.8093615666751741
2012-02-08 00:00:00,1.8093615666751741
2012-02-09 00:00:00,1.8093615666751741
2012-02-10 00:00:00,1.8093615666751741
2012-02-13 00:00:00,1.8093615666751741
2012-02-14 00:00:00,1.8093615666751741
2012-02-15 00:00:00,1.8093615666751741
2012-02-16 00:00:00,1.8093615666751741
2012-02-17 00:00:00,1.8093615666751741
2012-02-21 00:00:00,1.8093615666751741
2012-02-22 00:00:00,1.8093615666751741
2012-02-23 00:00:00,1.8093615666751741
2012-02-24 00:00:00,1.8093615666751741
2012-02-27 00:00:00,1.8093615666751741
2012-02-28 00:00:00,1.8093615666751741
2012-02-29 00:00:00,1.8093615666751741
2012-03-01 00:00:00,1.8093615666751741
2012-03-02 00:00:00,1.8093615666751741
2012-03-05 00:00:00,1.8093615666751741
2012-03-06 00:00:00,1.8093615666751741
2012-03-07 00:00:00,1.8093615666751741
2012-03-08 00:00:00,1.8093615666751741
2012-03-09 00:00:00,1.8093615666751741
2012-03-12 00:00:00,1.8093615666751741
2012-03-13 00:00:00,1.8093615666751741
2012-03-14 00:00:00,1.8093615666751741
2012-03-15 00:00:00,1.8093615666751741
2012-03-16 00:00:00,1.8093615666751741
2012-03-19 00:00:00,1.8093615666751741
2012-03-20 00:00:00,1.8093615666751741
2012-03-21 00:00:00,1.8093615666751741
2012-03-22 00:00:00,1.8093615666751741
2012-03-23 00:00:00,1.8093615666751741
2012-03-26 00:00:00,1.8093615666751741
2012-03-27 00:00:00,1.8093615666751741
2012-03-28 00:00:00,1.8093615666751741
2012-03-29 00:00:00,1.8093615666751741
2012-03-30 00:00:00,1.8093615666751741
2012-04-02 00:00:00,1.8093615666751741
2012-04-03 00:00:00,1.8093615666751741
2012-04-04 00:00:00,1.8093615666751741
2012-04-05 00:00:00,1.8093615666751741
2012-04-09 00:00:00,1.8093615666751741
2012-04-10 00:00:00,1.8093615666751741
2012-04-11 00:00:00,1.8093615666751741
2012-04-12 00:00:00,1.8093615666751741
2012-04-13 00:00:00,1.8093615666751741
2012-04-16 00:00:00,1.8093615666751741
2012-04-17 00:00:00,1.8093615666751741
2012-04-18 00:00:00,1.8093615666751741
2012-04-19 00:00:00,1.8093615666751741
2012-04-20 00:00:00,1.8093615666751741
2012-04-23 00:00:00,1.8093615666751741
2012-04-24 00:00:00,1.8093615666751741
2012-04-25 00:00:00,1.8093615666751741
2012-04-26 00:00:00,1.8093615666751741
2012-04-27 00:00:00,1.8093615666751741
2012-04-30 00:00:00,1.8093615666751741
2012-05-01 00:00:00,1.8093615666751741
2012-05-02 00:00:00,1.8093615666751741
2012-05-03 00:00:00,1.8093615666751741
2012-05-04 00:00:00,1.8093615666751741
2012-05-07 00:00:00,1.8093615666751741
2012-05-08 00:00:00,1.8093615666751741
2012-05-09 00:00:00,1.8093615666751741
2012-05-10 00:00:00,1.8093615666751741
2012-05-11 00:00:00,1.8093615666751741
2012-05-14 00:00:00,1.8093615666751741
2012-05-15 00:00:00,1.8093615666751741
2012-05-16 00:00:00,1.8093615666751741
2012-05-17 00:00:00,1.8093615666751741
2012-05-18 00:00:00,1.8093615666751741
2012-05-21 00:00:00,1.8093615666751741
2012-05-22 00:00:00,1.8093615666751741
2012-05-23 00:00:00,1.8093615666751741
2012-05-24 00:00:00,1.8093615666751741
2012-05-25 00:00:00,1.8093615666751741
2012-05-29 00:00:00,1.8093615666751741
2012-05-30 00:00:00,1.8093615666751741
2012-05-31 00:00:00,1.8093615666751741
2012-06-01 00:00:00,1.8093615666751741
2012-06-04 00:00:00,1.8093615666751741
2012-06-05 00:00:00,1.8093615666751741
2012-06-06 00:00:00,1.8093615666751741
2012-06-07 00:00:00,1.8093615666751741
2012-06-08 00:00:00,1.8093615666751741
2012-06-11 00:00:00,1.8093615666751741
2012-06-12 00:00:00,1.8093615666751741
2012-06-13 00:00:00,1.8093615666751741
2012-06-14 00:00:00,1.8093615666751741
2012-06-15 00:00:00,1.8093615666751741
2012-06-18 00:00:00,1.8093615666751741
2012-06-19 00:00:00,1.8093615666751741
2012-06-20 00:00:00,1.8093615666751741
2012-06-21 00:00:00,1.8093615666751741
2012-06-22 00:00:00,1.8093615666751741
2012-06-25 00:00:00,1.8093615666751741
2012-06-26 00:00:00,1.8093615666751741
2012-06-27 00:00:00,1.8093615666751741
2012-06-28 00:00:00,1.8093615666751741
2012-06-29 00:00:00,1.8093615666751741
2012-07-02 00:00:00,1.8093615666751741
2012-07-03 00:00:00,1.8093615666751741
2012-07-05 00:00:00,1.8093615666751741
2012-07-06 00:00:00,1.8093615666751741
2012-07-09 00:00:00,1.8093615666751741
2012-07-10 00:00:00,1.8093615666751741
2012-07-11 00:00:00,1.8093615666751741
2012-07-12 00:00:00,1.8093615666751741
2012-07-13 00:00:00,1.8093615666751741
2012-07-16 00:00:00,1.8093615666751741
2012-07-17 00:00:00,1.8093615666751741
2012-07-18 00:00:00,1.8093615666751741
2012-07-19 00:00:00,1.8093615666751741
2012-07-20 00:00:00,1.8093615666751741
2012-07-23 00:00:00,1.8093615666751741
2012-07-24 00:00:00,1.8093615666751741
2012-07-25 00:00:00,1.8093615666751741
2012-07-26 00:00:00,1.8093615666751741
2012-07-27 00:00:00,1.8093615666751741
2012-07-30 00:00:00,1.8093615666751741
2012-07-31 00:00:00,1.8093615666751741
2012-08-01 00:00:00,1.8093615666751741
2012-08-02 00:00:00,1.8093615666751741
2012-08-03 00:00:00,1.8093615666751741
2012-08-06 00:00:00,1.8093615666751741
2012-08-07 00:00:00,1.8093615666751741
2012-08-08 00:00:00,1.8093615666751741
2012-08-09 00:00:00,1.8093615666751741
2012-08-10 00:00:00,1.8093615666751741
2012-08-13 00:00:00,1.8093615666751741
2012-08-14 00:00:00,1.8093615666751741
2012-08-15 00:00:00,1.8093615666751741
2012-08-16 00:00:00,1.8093615666751741
2012-08-17 00:00:00,1.8093615666751741
2012-08-20 00:00:00,1.8093615666751741
2012-08-21 00:00:00,1.8054010176994582
2012-08-22 00:00:00,1.8016435737994199
2012-08-23 00:00:00,1.789761926872272
2012-08-24 00:00:00,1.79443334361286
2012-08-27 00:00:00,1.7939255809236658
2012-08-28 00:00:00,1.8015420212615811
2012-08-29 00:00:00,1.8027606517156476
2012-08-30 00:00:00,1.7895588217965943
2012-08-31 00:00:00,1.800831153496709
2012-09-04 00:00:00,1.8177904273158005
2012-09-05 00:00:00,1.8148454037184734
2012-09-06 00:00:00,1.8503887919620785
2012-09-07 00:00:00,1.860036283056771
2012-09-10 00:00:00,1.8525213952566943
2012-09-11 00:00:00,1.853740025710761
2012-09-12 00:00:00,1.863387516805454
2012-09-13 00:00:00,1.8818700786921285
2012-09-14 00:00:00,1.9025867964112584
2012-09-17 00:00:00,1.883799576911067
2012-09-18 00:00:00,1.8708008520676915
2012-09-19 00:00:00,1.8753707162704405
2012-09-20 00:00:00,1.862473543964904
2012-09-21 00:00:00,1.8557710764675388
2012-09-24 00:00:00,1.8556695239296994
2012-09-25 00:00:00,1.8273363658726545
2012-09-26 00:00:00,1.8134236681887292
2012-09-27 00:00:00,1.834851253672731
2012-09-28 00:00:00,1.8271332607969766
2012-10-01 00:00:00,1.817485769702284
2012-10-02 00:00:00,1.8269301557212991
2012-10-03 00:00:00,1.8265239455699436
2012-10-04 00:00:00,1.8434832193890351
2012-10-05 00:00:00,1.8434832193890351
2012-10-08 00:00:00,1.8351559112862479
2012-10-09 00:00:00,1.8189075052320285
2012-10-10 00:00:00,1.8099708819022073
2012-10-11 00:00:00,1.819110610307706
2012-10-12 00:00:00,1.804182387245392
2012-10-15 00:00:00,1.8210401085266443
2012-10-16 00:00:00,1.8398273280268358
2012-10-17 00:00:00,1.8534353680972442
2012-10-18 00:00:00,1.8520136325675005
2012-10-19 00:00:00,1.823782027048294
2012-10-22 00:00:00,1.8226649491320663
2012-10-23 00:00:00,1.809463119213013
2012-10-24 00:00:00,1.8043854923210696
2012-10-25 00:00:00,1.8083460412967856
2012-10-26 00:00:00,1.8031668618670031
2012-10-31 00:00:00,1.8101739869778852
2012-11-01 00:00:00,1.8551617612405051
2012-11-02 00:00:00,1.8278441285618487
2012-11-05 00:00:00,1.8391164602619636
2012-11-06 00:00:00,1.855263313778344
2012-11-07 00:00:00,1.8167749019374118
2012-11-08 00:00:00,1.7910821098641774
2012-11-09 00:00:00,1.795448868991249
2012-11-12 00:00:00,1.792808503007438
2012-11-13 00:00:00,1.7923007403182438
2012-11-14 00:00:00,1.758889955369255
2012-11-15 00:00:00,1.743619442164089
2012-11-16 00:00:00,1.743619442164089
2012-11-19 00:00:00,1.743619442164089
2012-11-20 00:00:00,1.743619442164089
2012-11-21 00:00:00,1.743619442164089
2012-11-23 00:00:00,1.743619442164089
2012-11-26 00:00:00,1.743619442164089
2012-11-27 00:00:00,1.743619442164089
2012-11-28 00:00:00,1.743619442164089
2012-11-29 00:00:00,1.743619442164089
2012-11-30 00:00:00,1.743619442164089
2012-12-03 00:00:00,1.743619442164089
2012-12-04 00:00:00,1.743619442164089
2012-12-05 00:00:00,1.743619442164089
2012-12-06 00:00:00,1.743619442164089
2012-12-07 00:00:00,1.743619442164089
2012-12-10 00:00:00,1.743619442164089
2012-12-11 00:00:00,1.743619442164089
2012-12-12 00:00:00,1.743619442164089
2012-12-13 00:00:00,1.743619442164089
2012-12-14 00:00:00,1.743619442164089
2012-12-17 00:00:00,1.743619442164089
2012-12-18 00:00:00,1.743619442164089
2012-12-19 00:00:00,1.743619442164089
2012-12-20 00:00:00,1.743619442164089
2012-12-21 00:00:00,1.743619442164089
2012-12-24 00:00:00,1.743619442164089
2012-12-26 00:00:00,1.743619442164089
2012-12-27 00:00:00,1.743619442164089
2012-12-28 00:00:00,1.743619442164089
2012-12-31 00:00:00,1.743619442164089
2013-01-02 00:00:00,1.743619442164089
2013-01-03 00:00:00,1.743619442164089
2013-01-04 00:00:00,1.743619442164089
2013-01-07 00:00:00,1.743619442164089
2013-01-08 00:00:00,1.743619442164089
2013-01-09 00:00:00,1.743619442164089
2013-01-10 00:00:00,1.743619442164089
2013-01-11 00:00:00,1.743619442164089
2013-01-14 00:00:00,1.743619442164089
2013-01-15 00:00:00,1.743619442164089
2013-01-16 00:00:00,1.743619442164089
2013-01-17 00:00:00,1.743619442164089
2013-01-18 00:00:00,1.743619442164089
2013-01-22 00:00:00,1.743619442164089
2013-01-23 00:00:00,1.743619442164089
2013-01-24 00:00:00,1.743619442164089
2013-01-25 00:00:00,1.743619442164089
2013-01-28 00:00:00,1.743619442164089
2013-01-29 00:00:00,1.743619442164089
2013-01-30 00:00:00,1.743619442164089
2013-01-31 00:00:00,1.743619442164089
2013-02-01 00:00:00,1.743619442164089
2013-02-04 00:00:00,1.743619442164089
2013-02-05 00:00:00,1.743619442164089
2013-02-06 00:00:00,1.743619442164089
2013-02-07 00:00:00,1.743619442164089
2013-02-08 00:00:00,1.743619442164089
2013-02-11 00:00:00,1.743619442164089
2013-02-12 00:00:00,1.743619442164089
2013-02-13 00:00:00,1.743619442164089
2013-02-14 00:00:00,1.743619442164089
2013-02-15 00:00:00,1.743619442164089
2013-02-19 00:00:00,1.743619442164089
2013-02-20 00:00:00,1.743619442164089
2013-02-21 00:00:00,1.743619442164089
2013-02-22 00:00:00,1.743619442164089
2013-02-25 00:00:00,1.743619442164089
2013-02-26 00:00:00,1.743619442164089
2013-02-27 00:00:00,1.743619442164089
2013-02-28 00:00:00,1.743619442164089
2013-03-01 00:00:00,1.743619442164089
2013-03-04 00:00:00,1.743619442164089
2013-03-05 00:00:00,1.743619442164089
2013-03-06 00:00:00,1.743619442164089
2013-03-07 00:00:00,1.743619442164089
2013-03-08 00:00:00,1.743619442164089
2013-03-11 00:00:00,1.743619442164089
2013-03-12 00:00:00,1.743619442164089
2013-03-13 00:00:00,1.743619442164089
2013-03-14 00:00:00,1.743619442164089
2013-03-15 00:00:00,1.743619442164089
2013-03-18 00:00:00,1.743619442164089
2013-03-19 00:00:00,1.743619442164089
2013-03-20 00:00:00,1.743619442164089
2013-03-21 00:00:00,1.743619442164089
2013-03-22 00:00:00,1.743619442164089
2013-03-25 00:00:00,1.743619442164089
2013-03-26 00:00:00,1.743619442164089
2013-03-27 00:00:00,1.743619442164089
2013-03-28 00:00:00,1.743619442164089
2013-04-01 00:00:00,1.743619442164089
2013-04-02 00:00:00,1.743619442164089
2013-04-03 00:00:00,1.743619442164089
2013-04-04 00:00:00,1.743619442164089
2013-04-05 00:00:00,1.743619442164089
2013-04-08 00:00:00,1.743619442164089
2013-04-09 00:00:00,1.743619442164089
2013-04-10 00:00:00,1.743619442164089
2013-04-11 00:00:00,1.743619442164089
2013-04-12 00:00:00,1.743619442164089
2013-04-15 00:00:00,1.743619442164089
2013-04-16 00:00:00,1.743619442164089
2013-04-17 00:00:00,1.743619442164089
2013-04-18 00:00:00,1.743619442164089
2013-04-19 00:00:00,1.743619442164089
2013-04-22 00:00:00,1.743619442164089
2013-04-23 00:00:00,1.743619442164089
2013-04-24 00:00:00,1.743619442164089
2013-04-25 00:00:00,1.743619442164089
2013-04-26 00:00:00,1.743619442164089
2013-04-29 00:00:00,1.743619442164089
2013-04-30 00:00:00,1.743619442164089
2013-05-01 00:00:00,1.743619442164089
2013-05-02 00:00:00,1.743619442164089
2013-05-03 00:00:00,1.743619442164089
2013-05-06 00:00:00,1.743619442164089
2013-05-07 00:00:00,1.743619442164089
2013-05-08 00:00:00,1.743619442164089
2013-05-09 00:00:00,1.743619442164089
2013-05-10 00:00:00,1.743619442164089
2013-05-13 00:00:00,1.743619442164089
2013-05-14 00:00:00,1.743619442164089
2013-05-15 00:00:00,1.743619442164089
2013-05-16 00:00:00,1.743619442164089
2013-05-17 00:00:00,1.743619442164089
2013-05-20 00:00:00,1.743619442164089
2013-05-21 00:00:00,1.743619442164089
2013-05-22 00:00:00,1.743619442164089
2013-05-23 00:00:00,1.743619442164089
2013-05-24 00:00:00,1.743619442164089
2013-05-28 00:00:00,1.743619442164089
2013-05-29 00:00:00,1.743619442164089
2013-05-30 00:00:00,1.743619442164089
2013-05-31 00:00:00,1.743619442164089
2013-06-03 00:00:00,1.743619442164089
2013-06-04 00:00:00,1.743619442164089
2013-06-05 00:00:00,1.743619442164089
2013-06-06 00:00:00,1.743619442164089
2013-06-07 00:00:00,1.743619442164089
2013-06-10 00:00:00,1.743619442164089
2013-06-11 00:00:00,1.743619442164089
2013-06-12 00:00:00,1.743619442164089
2013-06-13 00:00:00,1.743619442164089
2013-06-14 00:00:00,1.743619442164089
2013-06-17 00:00:00,1.743619442164089
2013-06-18 00:00:00,1.743619442164089
2013-06-19 00:00:00,1.743619442164089
2013-06-20 00:00:00,1.743619442164089
2013-06-21 00:00:00,1.743619442164089
2013-06-24 00:00:00,1.743619442164089
2013-06-25 00:00:00,1.743619442164089
2013-06-26 00:00:00,1.743619442164089
2013-06-27 00:00:00,1.743619442164089
2013-06-28 00:00:00,1.743619442164089
2013-07-01 00:00:00,1.743619442164089
2013-07-02 00:00:00,1.743619442164089
2013-07-03 00:00:00,1.743619442164089
2013-07-05 00:00:00,1.743619442164089
2013-07-08 00:00:00,1.743619442164089
2013-07-09 00:00:00,1.743619442164089
2013-07-10 00:00:00,1.743619442164089
2013-07-11 00:00:00,1.743619442164089
2013-07-12 00:00:00,1.743619442164089
2013-07-15 00:00:00,1.743619442164089
2013-07-16 00:00:00,1.743619442164089
2013-07-17 00:00:00,1.743619442164089
2013-07-18 00:00:00,1.743619442164089
2013-07-19 00:00:00,1.743619442164089
2013-07-22 00:00:00,1.743619442164089
2013-07-23 00:00:00,1.743619442164089
2013-07-24 00:00:00,1.743619442164089
2013-07-25 00:00:00,1.743619442164089
2013-07-26 00:00:00,1.743619442164089
2013-07-29 00:00:00,1.743619442164089
2013-07-30 00:00:00,1.743619442164089
2013-07-31 00:00:00,1.743619442164089
2013-08-01 00:00:00,1.743619442164089
2013-08-02 00:00:00,1.743619442164089
2013-08-05 00:00:00,1.743619442164089
2013-08-06 00:00:00,1.743619442164089
2013-08-07 00:00:00,1.743619442164089
2013-08-08 00:00:00,1.743619442164089
2013-08-09 00:00:00,1.743619442164089
2013-08-12 00:00:00,1.743619442164089
2013-08-13 00:00:00,1.743619442164089
2013-08-14 00:00:00,1.743619442164089
2013-08-15 00:00:00,1.743619442164089
2013-08-16 00:00:00,1.743619442164089
2013-08-19 00:00:00,1.743619442164089
2013-08-20 00:00:00,1.743619442164089
2013-08-21 00:00:00,1.743619442164089
2013-08-22 00:00:00,1.743619442164089
2013-08-23 00:00:00,1.743619442164089
2013-08-26 00:00:00,1.743619442164089
2013-08-27 00:00:00,1.743619442164089
2013-08-28 00:00:00,1.743619442164089
2013-08-29 00:00:00,1.743619442164089
2013-08-30 00:00:00,1.743619442164089
2013-09-03 00:00:00,1.743619442164089
2013-09-04 00:00:00,1.743619442164089
2013-09-05 00:00:00,1.743619442164089
2013-09-06 00:00:00,1.743619442164089
2013-09-09 00:00:00,1.743619442164089
2013-09-10 00:00:00,1.743619442164089
2013-09-11 00:00:00,1.743619442164089
2013-09-12 00:00:00,1.743619442164089
2013-09-13 00:00:00,1.743619442164089
2013-09-16 00:00:00,1.743619442164089
2013-09-17 00:00:00,1.743619442164089
2013-09-18 00:00:00,1.743619442164089
2013-09-19 00:00:00,1.743619442164089
2013-09-20 00:00:00,1.743619442164089
2013-09-23 00:00:00,1.743619442164089
2013-09-24 00:00:00,1.743619442164089
2013-09-25 00:00:00,1.743619442164089
2013-09-26 00:00:00,1.743619442164089
2013-09-27 00:00:00,1.743619442164089
2013-09-30 00:00:00,1.743619442164089
2013-10-01 00:00:00,1.743619442164089
2013-10-02 00:00:00,1.743619442164089
2013-10-03 00:00:00,1.743619442164089
2013-10-04 00:00:00,1.743619442164089
2013-10-07 00:00:00,1.743619442164089
2013-10-08 00:00:00,1.743619442164089
2013-10-09 00:00:00,1.743619442164089
2013-10-10 00:00:00,1.743619442164089
2013-10-11 00:00:00,1.743619442164089
2013-10-14 00:00:00,1.743619442164089
2013-10-15 00:00:00,1.743619442164089
2013-10-16 00:00:00,1.743619442164089
2013-10-17 00:00:00,1.743619442164089
2013-10-18 00:00:00,1.743619442164089
2013-10-21 00:00:00,1.743619442164089
2013-10-22 00:00:00,1.743619442164089
2013-10-23 00:00:00,1.743619442164089
2013-10-24 00:00:00,1.743619442164089
2013-10-25 00:00:00,1.743619442164089
2013-10-28 00:00:00,1.743619442164089
2013-10-29 00:00:00,1.743619442164089
2013-10-30 00:00:00,1.743619442164089
2013-10-31 00:00:00,1.743619442164089
2013-11-01 00:00:00,1.743619442164089
2013-11-04 00:00:00,1.743619442164089
2013-11-05 00:00:00,1.743619442164089
2013-11-06 00:00:00,1.743619442164089
2013-11-07 00:00:00,1.743619442164089
2013-11-08 00:00:00,1.743619442164089
2013-11-11 00:00:00,1.743619442164089
2013-11-12 00:00:00,1.743619442164089
2013-11-13 00:00:00,1.743619442164089
2013-11-14 00:00:00,1.743619442164089
2013-11-15 00:00:00,1.743619442164089
2013-11-18 00:00:00,1.743619442164089
2013-11-19 00:00:00,1.743619442164089
2013-11-20 00:00:00,1.743619442164089
2013-11-21 00:00:00,1.743619442164089
2013-11-22 00:00:00,1.743619442164089
2013-11-25 00:00:00,1.743619442164089
2013-11-26 00:00:00,1.743619442164089
2013-11-27 00:00:00,1.743619442164089
2013-11-29 00:00:00,1.743619442164089
2013-12-02 00:00:00,1.743619442164089
2013-12-03 00:00:00,1.743619442164089
2013-12-04 00:00:00,1.743619442164089
2013-12-05 00:00:00,1.743619442164089
2013-12-06 00:00:00,1.743619442164089
2013-12-09 00:00:00,1.743619442164089
2013-12-10 00:00:00,1.743619442164089
2013-12-11 00:00:00,1.743619442164089
2013-12-12 00:00:00,1.743619442164089
2013-12-13 00:00:00,1.743619442164089
2013-12-16 00:00:00,1.743619442164089
2013-12-17 00:00:00,1.743619442164089
2013-12-18 00:00:00,1.743619442164089
2013-12-19 00:00:00,1.743619442164089
2013-12-20 00:00:00,1.743619442164089
2013-12-23 00:00:00,1.743619442164089
2013-12-24 00:00:00,1.743619442164089
2013-12-26 00:00:00,1.743619442164089
2013-12-27 00:00:00,1.743619442164089
2013-12-30 00:00:00,1.743619442164089
2013-12-31 00:00:00,1.743619442164089
2014-01-02 00:00:00,1.743619442164089
2014-01-03 00:00:00,1.743619442164089
2014-01-06 00:00:00,1.743619442164089
2014-01-07 00:00:00,1.743619442164089
2014-01-08 00:00:00,1.743619442164089
2014-01-09 00:00:00,1.743619442164089
2014-01-10 00:00:00,1.743619442164089
2014-01-13 00:00:00,1.743619442164089
2014-01-14 00:00:00,1.743619442164089
2014-01-15 00:00:00,1.743619442164089
2014-01-16 00:00:00,1.743619442164089
2014-01-17 00:00:00,1.743619442164089
2014-01-21 00:00:00,1.743619442164089
2014-01-22 00:00:00,1.743619442164089
2014-01-23 00:00:00,1.743619442164089
2014-01-24 00:00:00,1.743619442164089
2014-01-27 00:00:00,1.743619442164089
2014-01-28 00:00:00,1.743619442164089
2014-01-29 00:00:00,1.743619442164089
2014-01-30 00:00:00,1.743619442164089
2014-01-31 00:00:00,1.743619442164089
2014-02-03 00:00:00,1.743619442164089
2014-02-04 00:00:00,1.743619442164089
2014-02-05 00:00:00,1.743619442164089
2014-02-06 00:00:00,1.743619442164089
2014-02-07 00:00:00,1.743619442164089
2014-02-10 00:00:00,1.743619442164089
2014-02-11 00:00:00,1.743619442164089
2014-02-12 00:00:00,1.743619442164089
2014-02-13 00:00:00,1.743619442164089
2014-02-14 00:00:00,1.743619442164089
2014-02-18 00:00:00,1.743619442164089
2014-02-19 00:00:00,1.743619442164089
2014-02-20 00:00:00,1.743619442164089
2014-02-21 00:00:00,1.743619442164089
2014-02-24 00:00:00,1.743619442164089
2014-02-25 00:00:00,1.743619442164089
2014-02-26 00:00:00,1.743619442164089
2014-02-27 00:00:00,1.743619442164089
2014-02-28 00:00:00,1.743619442164089
2014-03-03 00:00:00,1.743619442164089
2014-03-04 00:00:00,1.743619442164089
2014-03-05 00:00:00,1.743619442164089
2014-03-06 00:00:00,1.743619442164089
2014-03-07 00:00:00,1.743619442164089
2014-03-10 00:00:00,1.743619442164089
2014-03-11 00:00:00,1.743619442164089
2014-03-12 00:00:00,1.743619442164089
2014-03-13 00:00:00,1.743619442164089
2014-03-14 00:00:00,1.743619442164089
2014-03-17 00:00:00,1.743619442164089
2014-03-18 00:00:00,1.743619442164089
2014-03-19 00:00:00,1.743619442164089
2014-03-20 00:00:00,1.743619442164089
2014-03-21 00:00:00,1.743619442164089
2014-03-24 00:00:00,1.743619442164089
2014-03-25 00:00:00,1.743619442164089
2014-03-26 00:00:00,1.743619442164089
2014-03-27 00:00:00,1.743619442164089
2014-03-28 00:00:00,1.743619442164089
2014-03-31 00:00:00,1.743619442164089
2014-04-01 00:00:00,1.743619442164089
2014-04-02 00:00:00,1.743619442164089
2014-04-03 00:00:00,1.743619442164089
2014-04-04 00:00:00,1.743619442164089
2014-04-07 00:00:00,1.743619442164089
2014-04-08 00:00:00,1.743619442164089
2014-04-09 00:00:00,1.743619442164089
2014-04-10 00:00:00,1.743619442164089
2014-04-11 00:00:00,1.743619442164089
2014-04-14 00:00:00,1.743619442164089
2014-04-15 00:00:00,1.743619442164089
2014-04-16 00:00:00,1.743619442164089
2014-04-17 00:00:00,1.743619442164089
2014-04-21 00:00:00,1.743619442164089
2014-04-22 00:00:00,1.743619442164089
2014-04-23 00:00:00,1.743619442164089
2014-04-24 00:00:00,1.743619442164089
2014-04-25 00:00:00,1.743619442164089
2014-04-28 00:00:00,1.743619442164089
2014-04-29 00:00:00,1.743619442164089
2014-04-30 00:00:00,1.743619442164089
2014-05-01 00:00:00,1.743619442164089
2014-05-02 00:00:00,1.743619442164089
2014-05-05 00:00:00,1.743619442164089
2014-05-06 00:00:00,1.743619442164089
2014-05-07 00:00:00,1.743619442164089
2014-05-08 00:00:00,1.743619442164089
2014-05-09 00:00:00,1.743619442164089
2014-05-12 00:00:00,1.743619442164089
2014-05-13 00:00:00,1.743619442164089
2014-05-14 00:00:00,1.743619442164089
2014-05-15 00:00:00,1.743619442164089
2014-05-16 00:00:00,1.743619442164089
2014-05-19 00:00:00,1.743619442164089
2014-05-20 00:00:00,1.743619442164089
2014-05-21 00:00:00,1.743619442164089
2014-05-22 00:00:00,1.743619442164089
2014-05-23 00:00:00,1.743619442164089
2014-05-27 00:00:00,1.743619442164089
2014-05-28 00:00:00,1.743619442164089
2014-05-29 00:00:00,1.743619442164089
2014-05-30 00:00:00,1.743619442164089
2014-06-02 00:00:00,1.743619442164089
2014-06-03 00:00:00,1.743619442164089
2014-06-04 00:00:00,1.743619442164089
2014-06-05 00:00:00,1.743619442164089
2014-06-06 00:00:00,1.743619442164089
2014-06-09 00:00:00,1.743619442164089
2014-06-10 00:00:00,1.743619442164089
2014-06-11 00:00:00,1.743619442164089
2014-06-12 00:00:00,1.743619442164089
2014-06-13 00:00:00,1.743619442164089
2014-06-16 00:00:00,1.743619442164089
2014-06-17 00:00:00,1.743619442164089
2014-06-18 00:00:00,1.743619442164089
2014-06-19 00:00:00,1.743619442164089
2014-06-20 00:00:00,1.743619442164089
2014-06-23 00:00:00,1.743619442164089
2014-06-24 00:00:00,1.743619442164089
2014-06-25 00:00:00,1.743619442164089
2014-06-26 00:00:00,1.743619442164089
2014-06-27 00:00:00,1.743619442164089
2014-06-30 00:00:00,1.743619442164089
2014-07-01 00:00:00,1.743619442164089
2014-07-02 00:00:00,1.743619442164089
2014-07-03 00:00:00,1.743619442164089
2014-07-07 00:00:00,1.743619442164089
2014-07-08 00:00:00,1.743619442164089
2014-07-09 00:00:00,1.743619442164089
2014-07-10 00:00:00,1.743619442164089
2014-07-11 00:00:00,1.743619442164089
2014-07-14 00:00:00,1.743619442164089
2014-07-15 00:00:00,1.743619442164089
2014-07-16 00:00:00,1.743619442164089
2014-07-17 00:00:00,1.743619442164089
2014-07-18 00:00:00,1.743619442164089
2014-07-21 00:00:00,1.743619442164089
2014-07-22 00:00:00,1.743619442164089
2014-07-23 00:00:00,1.743619442164089
2014-07-24 00:00:00,1.743619442164089
2014-07-25 00:00:00,1.743619442164089
2014-07-28 00:00:00,1.743619442164089
2014-07-29 00:00:00,1.743619442164089
2014-07-30 00:00:00,1.743619442164089
2014-07-31 00:00:00,1.743619442164089
2014-08-01 00:00:00,1.743619442164089
2014-08-04 00:00:00,1.743619442164089
2014-08-05 00:00:00,1.743619442164089
2014-08-06 00:00:00,1.743619442164089
2014-08-07 00:00:00,1.743619442164089
2014-08-08 00:00:00,1.743619442164089
2014-08-11 00:00:00,1.743619442164089
2014-08-12 00:00:00,1.743619442164089
2014-08-13 00:00:00,1.743619442164089
2014-08-14 00:00:00,1.743619442164089
2014-08-15 00:00:00,1.743619442164089
2014-08-18 00:00:00,1.743619442164089
2014-08-19 00:00:00,1.7510664675431626
2014-08-20 00:00:00,1.7553315820784505
2014-08-21 00:00:00,1.758242691999361
2014-08-22 00:00:00,1.756685586692828
2014-08-25 00:00:00,1.7628463076882432
2014-08-26 00:00:00,1.7687362277607834
2014-08-27 00:00:00,1.7662990194549049
2014-08-28 00:00:00,1.7641326120719016
2014-08-29 00:00:00,1.7719858388352887
2014-09-02 00:00:00,1.7771310563699216
2014-09-03 00:00:00,1.7744907473718863
2014-09-04 00:00:00,1.7694809302986911
2014-09-05 00:00:00,1.77604785267842
2014-09-08 00:00:00,1.7742876466797297
2014-09-09 00:00:00,1.7600705982287705
2014-09-10 00:00:00,1.7625755067653681
2014-09-11 00:00:00,1.7709703353745059
2014-09-12 00:00:00,1.7540452776947921
2014-09-15 00:00:00,1.7470721539307505
2014-09-16 00:00:00,1.7568209871542653
2014-09-17 00:00:00,1.7551961816170127
2014-09-18 00:00:00,1.7612892023817102
2014-09-19 00:00:00,1.746733652777156
2014-09-22 00:00:00,1.7230385720255572
2014-09-23 00:00:00,1.709227724958911
2014-09-24 00:00:00,1.717961054721643
2014-09-25 00:00:00,1.693859772585731
2014-09-26 00:00:00,1.7071290178066263
2014-09-29 00:00:00,1.7029993037327764
2014-09-30 00:00:00,1.687902152282472
2014-10-01 00:00:00,1.6813359882827348
2014-10-02 00:00:00,1.6813359882827348
2014-10-03 00:00:00,1.6813359882827348
2014-10-06 00:00:00,1.6813359882827348
2014-10-07 00:00:00,1.6813359882827348
2014-10-08 00:00:00,1.6813359882827348
2014-10-09 00:00:00,1.6813359882827348
2014-10-10 00:00:00,1.6813359882827348
2014-10-13 00:00:00,1.6813359882827348
2014-10-14 00:00:00,1.6813359882827348
2014-10-15 00:00:00,1.6813359882827348
2014-10-16 00:00:00,1.6813359882827348
2014-10-17 00:00:00,1.6813359882827348
2014-10-20 00:00:00,1.6813359882827348
2014-10-21 00:00:00,1.6813359882827348
2014-10-22 00:00:00,1.6813359882827348
2014-10-23 00:00:00,1.6813359882827348
2014-10-24 00:00:00,1.6813359882827348
2014-10-27 00:00:00,1.6813359882827348
2014-10-28 00:00:00,1.6813359882827348
2014-10-29 00:00:00,1.6813359882827348
2014-10-30 00:00:00,1.6813359882827348
2014-10-31 00:00:00,1.6813359882827348
2014-11-03 00:00:00,1.6813359882827348
2014-11-04 00:00:00,1.6813359882827348
2014-11-05 00:00:00,1.6813359882827348
2014-11-06 00:00:00,1.6813359882827348
2014-11-07 00:00:00,1.6854768912016178
2014-11-10 00:00:00,1.6903942134177914
2014-11-11 00:00:00,1.6909118262826515
2014-11-12 00:00:00,1.6942763099042444
2014-11-13 00:00:00,1.686706221755661
2014-11-14 00:00:00,1.6858003992421553
2014-11-17 00:00:00,1.6830829317016387
2014-11-18 00:00:00,1.6921411568366949
2014-11-19 00:00:00,1.6864474153232307
2014-11-20 00:00:00,1.6946645195528898
2014-11-21 00:00:00,1.702752220566333
2014-11-24 00:00:00,1.714204405201369
2014-11-25 00:00:00,1.7146573164581216
2014-11-26 00:00:00,1.7144632116337992
2014-11-28 00:00:00,1.700746470714999
2014-12-01 00:00:00,1.6792655368232932
2014-12-02 00:00:00,1.6895530925123932
2014-12-03 00:00:00,1.703852147904161
2014-12-04 00:00:00,1.701199381971752
2014-12-05 00:00:00,1.7037874462960536
2014-12-08 00:00:00,1.6916882455799422
2014-12-09 00:00:00,1.7011346803636442
2014-12-10 00:00:00,1.6682015618369024
2014-12-11 00:00:00,1.6776479966206046
2014-12-12 00:00:00,1.6544848209181025
2014-12-15 00:00:00,1.6427091282425286
2014-12-16 00:00:00,1.639215241404721
2014-12-17 00:00:00,1.6768068757152064
2014-12-18 00:00:00,1.7057931961473878
2014-12-19 00:00:00,1.7035933414717312
2014-12-22 00:00:00,1.7105811151473462
2014-12-23 00:00:00,1.7165983647013483
2014-12-24 00:00:00,1.7204157595796934
2014-12-26 00:00:00,1.724750767322899
2014-12-29 00:00:00,1.732773766728235
2014-12-30 00:00:00,1.72578599305262
2014-12-31 00:00:00,1.7079283492149369
2015-01-02 00:00:00,1.70521088167442
2015-01-05 00:00:00,1.679977254512476
2015-01-06 00:00:00,1.6603079656477817
2015-01-07 00:00:00,1.6827594236611008
2015-01-08 00:00:00,1.7088341717284423
2015-01-09 00:00:00,1.694405713120459
2015-01-12 00:00:00,1.685347487985403
2015-01-13 00:00:00,1.6845710686881123
2015-01-14 00:00:00,1.6776479966206046
2015-01-15 00:00:00,1.6590139334856309
2015-01-16 00:00:00,1.6821124075800253
2015-01-20 00:00:00,1.6789420287827554
2015-01-21 00:00:00,1.6890354796475329
2015-01-22 00:00:00,1.7205451627959085
2015-01-23 00:00:00,1.711745744093282
2015-01-26 00:00:00,1.7319973474309445
2015-01-27 00:00:00,1.7202863563634783
2015-01-28 00:00:00,1.6993230353366326
2015-01-29 00:00:00,1.7120045505257127
2015-01-30 00:00:00,1.689164882863748
2015-02-02 00:00:00,1.70204050287715
2015-02-03 00:00:00,1.7332913795930953
2015-02-04 00:00:00,1.7261742027012652
2015-02-05 00:00:00,1.7441612497551635
2015-02-06 00:00:00,1.7376263873363014
2015-02-09 00:00:00,1.7283740573769217
2015-02-10 00:00:00,1.7428672175930127
2015-02-11 00:00:00,1.7418319918632916
2015-02-12 00:00:00,1.7582014987145014
2015-02-13 00:00:00,1.7695889817414299
2015-02-17 00:00:00,1.769265473700892
2015-02-18 00:00:00,1.7747651103900337
2015-02-19 00:00:00,1.7728887637549147
2015-02-20 00:00:00,1.7855702789439942
2015-02-23 00:00:00,1.7856996821602094
2015-02-24 00:00:00,1.7879642384439731
2015-02-25 00:00:00,1.7859584885926392
2015-02-26 00:00:00,1.781170569592681
2015-02-27 00:00:00,1.7741180943089578
2015-03-02 00:00:00,1.7877054320115433
2015-03-03 00:00:00,1.7778707875791957
2015-03-04 00:00:00,1.771141820336011
2015-03-05 00:00:00,1.7737945862684203
2015-03-06 00:00:00,1.7516019346875316
2015-03-09 00:00:00,1.7578779906739637
2015-03-10 00:00:00,1.7357500407011823
2015-03-11 00:00:00,1.7484962574983691
2015-03-12 00:00:00,1.7677773367144187
2015-03-13 00:00:00,1.757230974592888
2015-03-16 00:00:00,1.7781942956197336
2015-03-17 00:00:00,1.7814940776332184
2015-03-18 00:00:00,1.7992223182546865
2015-03-19 00:00:00,1.7942402944304057
2015-03-20 00:00:00,1.8095098739437867
2015-03-23 00:00:00,1.8084746482140657
2015-03-24 00:00:00,1.8007104552411604
2015-03-25 00:00:00,1.7700418929981825
2015-03-26 00:00:00,1.7666127077684826
2015-03-27 00:00:00,1.7747004087819263
2015-03-30 00:00:00,1.799998737551977
2015-03-31 00:00:00,1.7937873831736526
2015-04-01 00:00:00,1.7870584159304674
2015-04-02 00:00:00,1.7934638751331147
2015-04-06 00:00:00,1.8085393498221736
2015-04-07 00:00:00,1.7936579799574375
2015-04-08 00:00:00,1.8031044147411395
2015-04-09 00:00:00,1.8026515034843869
2015-04-10 00:00:00,1.8066630031870545
2015-04-13 00:00:00,1.80045164880873
2015-04-14 00:00:00,1.8022632938357412
2015-04-15 00:00:00,1.8101568900248621
2015-04-16 00:00:00,1.8053689710249032
2015-04-17 00:00:00,1.7842115451737357
2015-04-20 00:00:00,1.7998046327276547
2015-04-21 00:00:00,1.799287019862794
2015-04-22 00:00:00,1.8045278501195054
2015-04-23 00:00:00,1.8133919704302393
2015-04-24 00:00:00,1.805886583889764
2015-04-27 00:00:00,1.7910699156331356
2015-04-28 00:00:00,1.798316495741181
2015-04-29 00:00:00,1.787187819146683
2015-04-30 00:00:00,1.7673244254576654
2015-05-01 00:00:00,1.7810411663764654
2015-05-04 00:00:00,1.7886759561331562
2015-05-05 00:00:00,1.7651892723901166
2015-05-06 00:00:00,1.7660303932955146
2015-05-07 00:00:00,1.7726299573224846
2015-05-08 00:00:00,1.787834835227758
2015-05-11 00:00:00,1.7878995368358657
2015-05-12 00:00:00,1.7837586339169826
2015-05-13 00:00:00,1.7858290853764243
2015-05-14 00:00:00,1.8049807613762585
2015-05-15 00:00:00,1.8036220276059998
2015-05-18 00:00:00,1.8179857846058753
2015-05-19 00:00:00,1.815915333146434
2015-05-20 00:00:00,1.8163035427950793
2015-05-21 00:00:00,1.8182445910383056
2015-05-22 00:00:00,1.8167564540518324
2015-05-26 00:00:00,1.796310745889847
2015-05-27 00:00:00,1.812615551132949
2015-05-28 00:00:00,1.809186365903249
2015-05-29 00:00:00,1.7966989555384922
2015-06-01 00:00:00,1.8003869472006224
2015-06-02 00:00:00,1.8016809793627733
2015-06-03 00:00:00,1.8110627125383683
2015-06-04 00:00:00,1.7944991008628357
2015-06-05 00:00:00,1.7996752295114393
2015-06-08 00:00:00,1.788546552916941
2015-06-09 00:00:00,1.7832410210521223
2015-06-10 00:00:00,1.8036867292141072
2015-06-11 00:00:00,1.8144918977680677
2015-06-12 00:00:00,1.8062747935384094
2015-06-15 00:00:00,1.7957931330249866
2015-06-16 00:00:00,1.8076982289167751
2015-06-17 00:00:00,1.8065983015789473
2015-06-18 00:00:00,1.8223854939571886
2015-06-19 00:00:00,1.8106745028897226
2015-06-22 00:00:00,1.8204444457139624
2015-06-23 00:00:00,1.8215443730517904
2015-06-24 00:00:00,1.804333745295183
2015-06-25 00:00:00,1.7984458989573961
2015-06-26 00:00:00,1.8012280681060207
2015-06-29 00:00:00,1.7639599418360732
2015-06-30 00:00:00,1.7676479334982031
2015-07-01 00:00:00,1.774571005565711
2015-07-02 00:00:00,1.771400626768441
2015-07-06 00:00:00,1.765512780430654
2015-07-07 00:00:00,1.7741180943089578
2015-07-08 00:00:00,1.7493373784037674
2015-07-09 00:00:00,1.749919692876735
2015-07-10 00:00:00,1.7679067399306334
2015-07-13 00:00:00,1.7841468435656278
2015-07-14 00:00:00,1.791005214025028
2015-07-15 00:00:00,1.7816881824575412
2015-07-16 00:00:00,1.7909149941026827
2015-07-17 00:00:00,1.7909149941026827
2015-07-20 00:00:00,1.7909149941026827
2015-07-21 00:00:00,1.7909149941026827
2015-07-22 00:00:00,1.7909149941026827
2015-07-23 00:00:00,1.7909149941026827
2015-07-24 00:00:00,1.7909149941026827
2015-07-27 00:00:00,1.7909149941026827
2015-07-28 00:00:00,1.7909149941026827
2015-07-29 00:00:00,1.7909149941026827
2015-07-30 00:00:00,1.7909149941026827
2015-07-31 00:00:00,1.7909149941026827
2015-08-03 00:00:00,1.7909149941026827
2015-08-04 00:00:00,1.7909149941026827
2015-08-05 00:00:00,1.7909149941026827
2015-08-06 00:00:00,1.7909149941026827
2015-08-07 00:00:00,1.7909149941026827
2015-08-10 00:00:00,1.7909149941026827
2015-08-11 00:00:00,1.7909149941026827
2015-08-12 00:00:00,1.7909149941026827
2015-08-13 00:00:00,1.7909149941026827
2015-08-14 00:00:00,1.7909149941026827
2015-08-17 00:00:00,1.7909149941026827
2015-08-18 00:00:00,1.7909149941026827
2015-08-19 00:00:00,1.7909149941026827
2015-08-20 00:00:00,1.7909149941026827
2015-08-21 00:00:00,1.7909149941026827
2015-08-24 00:00:00,1.7909149941026827
2015-08-25 00:00:00,1.7909149941026827
2015-08-26 00:00:00,1.7909149941026827
2015-08-27 00:00:00,1.7909149941026827
2015-08-28 00:00:00,1.7909149941026827
2015-08-31 00:00:00,1.7909149941026827
2015-09-01 00:00:00,1.7909149941026827
2015-09-02 00:00:00,1.7909149941026827
2015-09-03 00:00:00,1.7909149941026827
2015-09-04 00:00:00,1.7909149941026827
2015-09-08 00:00:00,1.7909149941026827
2015-09-09 00:00:00,1.7909149941026827
2015-09-10 00:00:00,1.7909149941026827
2015-09-11 00:00:00,1.7909149941026827
2015-09-14 00:00:00,1.7909149941026827
2015-09-15 00:00:00,1.7909149941026827
2015-09-16 00:00:00,1.7909149941026827
2015-09-17 00:00:00,1.7909149941026827
2015-09-18 00:00:00,1.7909149941026827
2015-09-21 00:00:00,1.7909149941026827
2015-09-22 00:00:00,1.7909149941026827
2015-09-23 00:00:00,1.7909149941026827
2015-09-24 00:00:00,1.7909149941026827
2015-09-25 00:00:00,1.7909149941026827
2015-09-28 00:00:00,1.7909149941026827
2015-09-29 00:00:00,1.7909149941026827
2015-09-30 00:00:00,1.7909149941026827
2015-10-01 00:00:00,1.7909149941026827
2015-10-02 00:00:00,1.7909149941026827
2015-10-05 00:00:00,1.7909149941026827
2015-10-06 00:00:00,1.7909149941026827
2015-10-07 00:00:00,1.7909149941026827
2015-10-08 00:00:00,1.7909149941026827
2015-10-09 00:00:00,1.7909149941026827
2015-10-12 00:00:00,1.7909149941026827
2015-10-13 00:00:00,1.7909149941026827
2015-10-14 00:00:00,1.7909149941026827
2015-10-15 00:00:00,1.7909149941026827
2015-10-16 00:00:00,1.7909149941026827
2015-10-19 00:00:00,1.7909149941026827
2015-10-20 00:00:00,1.7909149941026827
2015-10-21 00:00:00,1.7909149941026827
2015-10-22 00:00:00,1.7909149941026827
2015-10-23 00:00:00,1.7909149941026827
2015-10-26 00:00:00,1.7909149941026827
2015-10-27 00:00:00,1.7909149941026827
2015-10-28 00:00:00,1.7909149941026827
2015-10-29 00:00:00,1.7909149941026827
2015-10-30 00:00:00,1.7909149941026827
2015-11-02 00:00:00,1.7909149941026827
2015-11-03 00:00:00,1.7909149941026827
2015-11-04 00:00:00,1.7909149941026827
2015-11-05 00:00:00,1.7909149941026827
2015-11-06 00:00:00,1.7909149941026827
2015-11-09 00:00:00,1.7909149941026827
2015-11-10 00:00:00,1.7909149941026827
2015-11-11 00:00:00,1.7909149941026827
2015-11-12 00:00:00,1.7909149941026827
2015-11-13 00:00:00,1.7909149941026827
2015-11-16 00:00:00,1.7909149941026827
2015-11-17 00:00:00,1.7909149941026827
2015-11-18 00:00:00,1.7909149941026827
2015-11-19 00:00:00,1.7909149941026827
2015-11-20 00:00:00,1.7909149941026827
2015-11-23 00:00:00,1.7909149941026827
2015-11-24 00:00:00,1.7909149941026827
2015-11-25 00:00:00,1.7909149941026827
2015-11-27 00:00:00,1.7909149941026827
2015-11-30 00:00:00,1.7909149941026827
2015-12-01 00:00:00,1.7909149941026827
2015-12-02 00:00:00,1.7909149941026827
2015-12-03 00:00:00,1.7909149941026827
2015-12-04 00:00:00,1.7909149941026827
2015-12-07 00:00:00,1.7909149941026827
2015-12-08 00:00:00,1.7909149941026827
2015-12-09 00:00:00,1.7909149941026827
2015-12-10 00:00:00,1.7909149941026827
2015-12-11 00:00:00,1.7909149941026827
2015-12-14 00:00:00,1.7909149941026827
2015-12-15 00:00:00,1.7909149941026827
2015-12-16 00:00:00,1.7909149941026827
2015-12-17 00:00:00,1.7909149941026827
2015-12-18 00:00:00,1.7909149941026827
2015-12-21 00:00:00,1.7909149941026827
2015-12-22 00:00:00,1.7909149941026827
2015-12-23 00:00:00,1.7909149941026827
2015-12-24 00:00:00,1.7909149941026827
2015-12-28 00:00:00,1.7909149941026827
2015-12-29 00:00:00,1.7909149941026827
2015-12-30 00:00:00,1.7909149941026827
2015-12-31 00:00:00,1.7909149941026827
2016-01-04 00:00:00,1.7909149941026827
2016-01-05 00:00:00,1.7909149941026827
2016-01-06 00:00:00,1.7909149941026827
2016-01-07 00:00:00,1.7909149941026827
2016-01-08 00:00:00,1.7909149941026827
2016-01-11 00:00:00,1.7909149941026827
2016-01-12 00:00:00,1.7909149941026827
2016-01-13 00:00:00,1.7909149941026827
2016-01-14 00:00:00,1.7909149941026827
2016-01-15 00:00:00,1.7909149941026827
2016-01-19 00:00:00,1.7909149941026827
2016-01-20 00:00:00,1.7909149941026827
2016-01-21 00:00:00,1.7909149941026827
2016-01-22 00:00:00,1.7909149941026827
2016-01-25 00:00:00,1.7909149941026827
2016-01-26 00:00:00,1.7909149941026827
2016-01-27 00:00:00,1.7909149941026827
2016-01-28 00:00:00,1.7909149941026827
2016-01-29 00:00:00,1.7909149941026827
2016-02-01 00:00:00,1.7909149941026827
2016-02-02 00:00:00,1.7909149941026827
2016-02-03 00:00:00,1.7909149941026827
2016-02-04 00:00:00,1.7909149941026827
2016-02-05 00:00:00,1.7909149941026827
2016-02-08 00:00:00,1.7909149941026827
2016-02-09 00:00:00,1.7909149941026827
2016-02-10 00:00:00,1.7909149941026827
2016-02-11 00:00:00,1.7909149941026827
2016-02-12 00:00:00,1.7909149941026827
2016-02-16 00:00:00,1.7909149941026827
2016-02-17 00:00:00,1.7909149941026827
2016-02-18 00:00:00,1.7909149941026827
2016-02-19 00:00:00,1.7909149941026827
2016-02-22 00:00:00,1.7909149941026827
2016-02-23 00:00:00,1.7909149941026827
2016-02-24 00:00:00,1.7909149941026827
2016-02-25 00:00:00,1.7909149941026827
2016-02-26 00:00:00,1.7909149941026827
2016-02-29 00:00:00,1.7909149941026827
2016-03-01 00:00:00,1.7909149941026827
2016-03-02 00:00:00,1.7909149941026827
2016-03-03 00:00:00,1.7909149941026827
2016-03-04 00:00:00,1.7909149941026827
2016-03-07 00:00:00,1.7909149941026827
2016-03-08 00:00:00,1.7909149941026827
2016-03-09 00:00:00,1.7909149941026827
2016-03-10 00:00:00,1.7909149941026827
2016-03-11 00:00:00,1.7909149941026827
2016-03-14 00:00:00,1.7909149941026827
2016-03-15 00:00:00,1.7909149941026827
2016-03-16 00:00:00,1.7909149941026827
2016-03-17 00:00:00,1.7909149941026827
2016-03-18 00:00:00,1.7909149941026827
2016-03-21 00:00:00,1.7909149941026827
2016-03-22 00:00:00,1.7909149941026827
2016-03-23 00:00:00,1.7909149941026827
2016-03-24 00:00:00,1.7909149941026827
2016-03-28 00:00:00,1.7909149941026827
2016-03-29 00:00:00,1.7909149941026827
2016-03-30 00:00:00,1.7909149941026827
2016-03-31 00:00:00,1.7909149941026827
2016-04-01 00:00:00,1.7909149941026827
2016-04-04 00:00:00,1.7909149941026827
2016-04-05 00:00:00,1.7909149941026827
2016-04-06 00:00:00,1.7909149941026827
2016-04-07 00:00:00,1.7909149941026827
2016-04-08 00:00:00,1.7909149941026827
2016-04-11 00:00:00,1.7909149941026827
2016-04-12 00:00:00,1.7909149941026827
2016-04-13 00:00:00,1.7909149941026827
2016-04-14 00:00:00,1.7909149941026827
2016-04-15 00:00:00,1.7909149941026827
2016-04-18 00:00:00,1.7909149941026827
2016-04-19 00:00:00,1.7909149941026827
2016-04-20 00:00:00,1.7909149941026827
2016-04-21 00:00:00,1.7909149941026827
2016-04-22 00:00:00,1.7909149941026827
2016-04-25 00:00:00,1.7909149941026827
2016-04-26 00:00:00,1.7909149941026827
2016-04-27 00:00:00,1.7909149941026827
2016-04-28 00:00:00,1.7909149941026827
2016-04-29 00:00:00,1.7909149941026827
2016-05-02 00:00:00,1.7909149941026827
2016-05-03 00:00:00,1.7909149941026827
2016-05-04 00:00:00,1.7909149941026827
2016-05-05 00:00:00,1.7909149941026827
2016-05-06 00:00:00,1.7909149941026827
2016-05-09 00:00:00,1.7909149941026827
2016-05-10 00:00:00,1.7909149941026827
2016-05-11 00:00:00,1.7909149941026827
2016-05-12 00:00:00,1.7909149941026827
2016-05-13 00:00:00,1.7909149941026827
2016-05-16 00:00:00,1.7909149941026827
2016-05-17 00:00:00,1.7909149941026827
2016-05-18 00:00:00,1.7909149941026827
2016-05-19 00:00:00,1.7909149941026827
2016-05-20 00:00:00,1.7909149941026827
2016-05-23 00:00:00,1.7909149941026827
2016-05-24 00:00:00,1.7909149941026827
2016-05-25 00:00:00,1.7909149941026827
2016-05-26 00:00:00,1.7909149941026827
2016-05-27 00:00:00,1.7909149941026827
2016-05-31 00:00:00,1.7909149941026827
2016-06-01 00:00:00,1.7909149941026827
2016-06-02 00:00:00,1.7909149941026827
2016-06-03 00:00:00,1.7909149941026827
2016-06-06 00:00:00,1.7909149941026827
2016-06-07 00:00:00,1.7909149941026827
2016-06-08 00:00:00,1.7909149941026827
2016-06-09 00:00:00,1.7909149941026827
2016-06-10 00:00:00,1.7909149941026827
2016-06-13 00:00:00,1.7909149941026827
2016-06-14 00:00:00,1.7909149941026827
2016-06-15 00:00:00,1.7909149941026827
2016-06-16 00:00:00,1.7909149941026827
2016-06-17 00:00:00,1.7909149941026827
2016-06-20 00:00:00,1.7909149941026827
2016-06-21 00:00:00,1.7909149941026827
2016-06-22 00:00:00,1.7909149941026827
2016-06-23 00:00:00,1.7909149941026827
2016-06-24 00:00:00,1.7909149941026827
2016-06-27 00:00:00,1.7909149941026827
2016-06-28 00:00:00,1.7909149941026827
2016-06-29 00:00:00,1.7909149941026827
2016-06-30 00:00:00,1.7909149941026827
2016-07-01 00:00:00,1.7909149941026827
2016-07-05 00:00:00,1.7909149941026827
2016-07-06 00:00:00,1.7909149941026827
2016-07-07 00:00:00,1.7909149941026827
2016-07-08 00:00:00,1.7909149941026827
2016-07-11 00:00:00,1.7909149941026827
2016-07-12 00:00:00,1.7909149941026827
2016-07-13 00:00:00,1.7909149941026827
2016-07-14 00:00:00,1.7909149941026827
2016-07-15 00:00:00,1.7909149941026827
2016-07-18 00:00:00,1.7909149941026827
2016-07-19 00:00:00,1.7909149941026827
2016-07-20 00:00:00,1.7909149941026827
2016-07-21 00:00:00,1.7909149941026827
2016-07-22 00:00:00,1.7909149941026827
2016-07-25 00:00:00,1.7909149941026827
2016-07-26 00:00:00,1.7909149941026827
2016-07-27 00:00:00,1.7909149941026827
2016-07-28 00:00:00,1.7909149941026827
2016-07-29 00:00:00,1.7909149941026827
2016-08-01 00:00:00,1.7909149941026827
2016-08-02 00:00:00,1.7909149941026827
2016-08-03 00:00:00,1.7909149941026827
2016-08-04 00:00:00,1.7909149941026827
2016-08-05 00:00:00,1.7909149941026827
2016-08-08 00:00:00,1.7909149941026827
2016-08-09 00:00:00,1.7909149941026827
2016-08-10 00:00:00,1.7909149941026827
2016-08-11 00:00:00,1.7909149941026827
2016-08-12 00:00:00,1.7909149941026827
2016-08-15 00:00:00,1.7909149941026827
2016-08-16 00:00:00,1.7909149941026827
2016-08-17 00:00:00,1.7909149941026827
2016-08-18 00:00:00,1.7909149941026827
2016-08-19 00:00:00,1.7909149941026827
2016-08-22 00:00:00,1.7909149941026827
2016-08-23 00:00:00,1.7909149941026827
2016-08-24 00:00:00,1.7909149941026827
2016-08-25 00:00:00,1.7909149941026827
2016-08-26 00:00:00,1.7909149941026827
2016-08-29 00:00:00,1.7909149941026827
2016-08-30 00:00:00,1.7909149941026827
2016-08-31 00:00:00,1.7909149941026827
2016-09-01 00:00:00,1.7909149941026827
2016-09-02 00:00:00,1.7909149941026827
2016-09-06 00:00:00,1.7909149941026827
2016-09-07 00:00:00,1.7909149941026827
2016-09-08 00:00:00,1.7909149941026827
2016-09-09 00:00:00,1.7909149941026827
2016-09-12 00:00:00,1.7909149941026827
2016-09-13 00:00:00,1.7909149941026827
2016-09-14 00:00:00,1.7909149941026827
2016-09-15 00:00:00,1.7909149941026827
2016-09-16 00:00:00,1.7909149941026827
2016-09-19 00:00:00,1.7909149941026827
2016-09-20 00:00:00,1.7909149941026827
2016-09-21 00:00:00,1.7909149941026827
2016-09-22 00:00:00,1.7909149941026827
2016-09-23 00:00:00,1.7909149941026827
2016-09-26 00:00:00,1.7909149941026827
2016-09-27 00:00:00,1.7909149941026827
2016-09-28 00:00:00,1.7909149941026827
2016-09-29 00:00:00,1.7909149941026827
2016-09-30 00:00:00,1.7909149941026827
2016-10-03 00:00:00,1.7909149941026827
2016-10-04 00:00:00,1.7909149941026827
2016-10-05 00:00:00,1.7909149941026827
2016-10-06 00:00:00,1.7909149941026827
2016-10-07 00:00:00,1.7909149941026827
2016-10-10 00:00:00,1.7909149941026827
2016-10-11 00:00:00,1.7909149941026827
2016-10-12 00:00:00,1.7909149941026827
2016-10-13 00:00:00,1.7909149941026827
2016-10-14 00:00:00,1.7909149941026827
2016-10-17 00:00:00,1.7909149941026827
2016-10-18 00:00:00,1.7909149941026827
2016-10-19 00:00:00,1.7909149941026827
2016-10-20 00:00:00,1.7909149941026827
2016-10-21 00:00:00,1.7909149941026827
2016-10-24 00:00:00,1.7909149941026827
2016-10-25 00:00:00,1.7909149941026827
2016-10-26 00:00:00,1.7909149941026827
2016-10-27 00:00:00,1.7909149941026827
2016-10-28 00:00:00,1.7909149941026827
2016-10-31 00:00:00,1.7909149941026827
2016-11-01 00:00:00,1.7909149941026827
2016-11-02 00:00:00,1.7909149941026827
2016-11-03 00:00:00,1.7909149941026827
2016-11-04 00:00:00,1.7909149941026827
2016-11-07 00:00:00,1.7909149941026827
2016-11-08 00:00:00,1.7909149941026827
2016-11-09 00:00:00,1.7909149941026827
2016-11-10 00:00:00,1.7909149941026827
2016-11-11 00:00:00,1.7909149941026827
2016-11-14 00:00:00,1.7909149941026827
2016-11-15 00:00:00,1.7909149941026827
2016-11-16 00:00:00,1.7909149941026827
2016-11-17 00:00:00,1.7987285982887093
2016-11-18 00:00:00,1.7990977449431673
2016-11-21 00:00:00,1.8114641578675081
2016-11-22 00:00:00,1.824322766331126
2016-11-23 00:00:00,1.8323824682867913
2016-11-25 00:00:00,1.8376735703340217
2016-11-28 00:00:00,1.824322766331126
2016-11-29 00:00:00,1.8286294772998022
2016-11-30 00:00:00,1.8237690463494394
2016-12-01 00:00:00,1.8195853842655825
2016-12-02 00:00:00,1.8210619708834144
2016-12-05 00:00:00,1.8411189391089624
2016-12-06 00:00:00,1.8595147473894498
2016-12-07 00:00:00,1.8808022044631905
2016-12-08 00:00:00,1.901658990440064
2016-12-09 00:00:00,1.8973522794713882
2016-12-12 00:00:00,1.8865855020496982
2016-12-13 00:00:00,1.8901539197094583
2016-12-14 00:00:00,1.8662824360545116
2016-12-15 00:00:00,1.8745267113374056
2016-12-16 00:00:00,1.8637599339157158
2016-12-19 00:00:00,1.8744036624525866
2016-12-20 00:00:00,1.885416537643915
2016-12-21 00:00:00,1.8768646401489726
2016-12-22 00:00:00,1.865667191630415
2016-12-23 00:00:00,1.8698508537142722
2016-12-27 00:00:00,1.8772337868034308
2016-12-28 00:00:00,1.858161209656437
2016-12-29 00:00:00,1.8636368850308966
2016-12-30 00:00:00,1.856377000826557
2017-01-03 00:00:00,1.8664054849393312
2017-01-04 00:00:00,1.895937217295966
2017-01-05 00:00:00,1.8810483022328293
2017-01-06 00:00:00,1.879264093402949
2017-01-09 00:00:00,1.8674514004602951
2017-01-10 00:00:00,1.8795717156149976
2017-01-11 00:00:00,1.8871392220313852
2017-01-12 00:00:00,1.8762493957248758
2017-01-13 00:00:00,1.8866470264921078
2017-01-17 00:00:00,1.8699123781566815
2017-01-18 00:00:00,1.8776029334578883
2017-01-19 00:00:00,1.8643751783398121
2017-01-20 00:00:00,1.8739114669133088
2017-01-23 00:00:00,1.8691740848477654
2017-01-24 00:00:00,1.8971677061441594
2017-01-25 00:00:00,1.9132255856130795
2017-01-26 00:00:00,1.906827043602475
2017-01-27 00:00:00,1.8969216083745206
2017-01-30 00:00:00,1.8806176311359617
2017-01-31 00:00:00,1.8869546487041564
2017-02-01 00:00:00,1.8814789733296968
2017-02-02 00:00:00,1.8836323288140349
2017-02-03 00:00:00,1.9084266791051263
2017-02-06 00:00:00,1.9002439282646422
2017-02-07 00:00:00,1.8949528262174118
2017-02-08 00:00:00,1.8965524617200626
2017-02-09 00:00:00,1.914333025576453
2017-02-10 00:00:00,1.9244845585740467
2017-02-13 00:00:00,1.9300832828333252
2017-02-14 00:00:00,1.9355589582077848
2017-02-15 00:00:00,1.941588353563931
2017-02-16 00:00:00,1.939434998079593
2017-02-17 00:00:00,1.9417114024487505
2017-02-21 00:00:00,1.9573386108208028
2017-02-22 00:00:00,1.9504478732709214
2017-02-23 00:00:00,1.941588353563931
2017-02-24 00:00:00,1.9445415267995947
2017-02-27 00:00:00,1.956784890839116
2017-02-28 00:00:00,1.9359281048622428
2017-03-01 00:00:00,1.9682899615697218
2017-03-02 00:00:00,1.945525917878149
2017-03-03 00:00:00,1.947433175592848
2017-03-06 00:00:00,1.9346976160140492
2017-03-07 00:00:00,1.9247921807860948
2017-03-08 00:00:00,1.9146406477885016
2017-03-09 00:00:00,1.907380763584162
2017-03-10 00:00:00,1.9167940032728394
2017-03-13 00:00:00,1.9199932742781414
2017-03-14 00:00:00,1.9126718656313924
2017-03-15 00:00:00,1.9382660336738098
2017-03-16 00:00:00,1.9369740203832067
2017-03-17 00:00:00,1.9332210293962178
2017-03-20 00:00:00,1.9244771756409575
2017-03-21 00:00:00,1.8867700753769274
2017-03-22 00:00:00,1.8910152619031935
2017-03-23 00:00:00,1.8954450217566887
2017-03-24 00:00:00,1.8935992884843988
2017-03-27 00:00:00,1.890769164133555
2017-03-28 00:00:00,1.9049813103301856
2017-03-29 00:00:00,1.9114413767831995
2017-03-30 00:00:00,1.9215313853383829
2017-03-31 00:00:00,1.9221466297624796
2017-04-03 00:00:00,1.9117489989952476
2017-04-04 00:00:00,1.9089188746444032
2017-04-05 00:00:00,1.894276057350905
2017-04-06 00:00:00,1.9105185101470545
2017-04-07 00:00:00,1.90774991023862
2017-04-10 00:00:00,1.9127949145162118
2017-04-11 00:00:00,1.9241154119195885
2017-04-12 00:00:00,1.9004900260342803
2017-04-13 00:00:00,1.879264093402949
2017-04-17 00:00:00,1.9024588081913898
2017-04-18 00:00:00,1.9021511859793414
2017-04-19 00:00:00,1.9058426525239207
2017-04-20 00:00:00,1.924730656343685
2017-04-21 00:00:00,1.9198702253933226
2017-04-24 00:00:00,1.9431264646241722
2017-04-25 00:00:00,1.9549391575668265
2017-04-26 00:00:00,1.9550622064516454
2017-04-27 00:00:00,1.9569079397239353
2017-04-28 00:00:00,1.937097069268026
2017-05-01 00:00:00,1.9431264646241722
2017-05-02 00:00:00,1.940111766946099
2017-05-03 00:00:00,1.9319905405480247
2017-05-04 00:00:00,1.9293449895244095
2017-05-05 00:00:00,1.9458335400901974
2017-05-08 00:00:00,1.9375277403648936
2017-05-09 00:00:00,1.9330979805113984
2017-05-10 00:00:00,1.9454028689933298
2017-05-11 00:00:00,1.9334056027234465
2017-05-12 00:00:00,1.9255919985374204
2017-05-15 00:00:00,1.937650789249713
2017-05-16 00:00:00,1.9350667626685074
2017-05-17 00:00:00,1.895937217295966
2017-05-18 00:00:00,1.8975368527986174
2017-05-19 00:00:00,1.917101625484888
2017-05-22 00:00:00,1.926760962943204
2017-05-23 00:00:00,1.9302678561605544
2017-05-24 00:00:00,1.9356820070926042
2017-05-25 00:00:00,1.9386967047706773
2017-05-26 00:00:00,1.9337747493779047
2017-05-30 00:00:00,1.9276223051369392
2017-05-31 00:00:00,1.927991451791397
2017-06-01 00:00:00,1.9583845263417672
2017-06-02 00:00:00,1.9610300773653824
2017-06-05 00:00:00,1.953031899852127
2017-06-06 00:00:00,1.9458335400901974
2017-06-07 00:00:00,1.9448491490116429
2017-06-08 00:00:00,1.961952944001527
2017-06-09 00:00:00,1.969028254878638
2017-06-12 00:00:00,1.9711200859205658
2017-06-13 00:00:00,1.9833727801957672
2017-06-14 00:00:00,1.9833727801957672
2017-06-15 00:00:00,1.9833727801957672
2017-06-16 00:00:00,1.9833727801957672
2017-06-19 00:00:00,1.9833727801957672
2017-06-20 00:00:00,1.9833727801957672
2017-06-21 00:00:00,1.9833727801957672
2017-06-22 00:00:00,1.9833727801957672
2017-06-23 00:00:00,1.9833727801957672
2017-06-26 00:00:00,1.9833727801957672
2017-06-27 00:00:00,1.9833727801957672
2017-06-28 00:00:00,1.9833727801957672
2017-06-29 00:00:00,1.9833727801957672
2017-06-30 00:00:00,1.9833727801957672
2017-07-03 00:00:00,1.9833727801957672
2017-07-05 00:00:00,1.9833727801957672
2017-07-06 00:00:00,1.9833727801957672
2017-07-07 00:00:00,1.9833727801957672
2017-07-10 00:00:00,1.9833727801957672
2017-07-11 00:00:00,1.9833727801957672
2017-07-12 00:00:00,1.9833727801957672
2017-07-13 00:00:00,1.9833727801957672
2017-07-14 00:00:00,1.9833727801957672
2017-07-17 00:00:00,1.9833727801957672
2017-07-18 00:00:00,1.9833727801957672
2017-07-19 00:00:00,1.9833727801957672
2017-07-20 00:00:00,1.9833727801957672
2017-07-21 00:00:00,1.9833727801957672
2017-07-24 00:00:00,1.9833727801957672
2017-07-25 00:00:00,1.9833727801957672
2017-07-26 00:00:00,1.9833727801957672
2017-07-27 00:00:00,1.9833727801957672
2017-07-28 00:00:00,1.9833727801957672
2017-07-31 00:00:00,1.9833727801957672
2017-08-01 00:00:00,1.9833727801957672
2017-08-02 00:00:00,1.9833727801957672
2017-08-03 00:00:00,1.9833727801957672
2017-08-04 00:00:00,1.9833727801957672
2017-08-07 00:00:00,1.9833727801957672
2017-08-08 00:00:00,1.9833727801957672
2017-08-09 00:00:00,1.9833727801957672
2017-08-10 00:00:00,1.9833727801957672
2017-08-11 00:00:00,1.9833727801957672
2017-08-14 00:00:00,1.9833727801957672
2017-08-15 00:00:00,1.9833727801957672
2017-08-16 00:00:00,1.9833727801957672
2017-08-17 00:00:00,1.9833727801957672
2017-08-18 00:00:00,1.9833727801957672
2017-08-21 00:00:00,1.9833727801957672
2017-08-22 00:00:00,1.9833727801957672
2017-08-23 00:00:00,1.9833727801957672
2017-08-24 00:00:00,1.9833727801957672
2017-08-25 00:00:00,1.9833727801957672
2017-08-28 00:00:00,1.9833727801957672
2017-08-29 00:00:00,1.9833727801957672
2017-08-30 00:00:00,1.9833727801957672
2017-08-31 00:00:00,1.9833727801957672
2017-09-01 00:00:00,1.9833727801957672
2017-09-05 00:00:00,1.9833727801957672
2017-09-06 00:00:00,1.9833727801957672
2017-09-07 00:00:00,1.9833727801957672
2017-09-08 00:00:00,1.9833727801957672
2017-09-11 00:00:00,1.9833727801957672
2017-09-12 00:00:00,1.9833727801957672
2017-09-13 00:00:00,1.9833727801957672
2017-09-14 00:00:00,1.9833727801957672
2017-09-15 00:00:00,1.9833727801957672
2017-09-18 00:00:00,1.9881549848012179
2017-09-19 00:00:00,1.9879686651412654
2017-09-20 00:00:00,1.9938066811531143
2017-09-21 00:00:00,1.9894592224208865
2017-09-22 00:00:00,1.9949867056661479
2017-09-25 00:00:00,1.9995204840583283
2017-09-26 00:00:00,2.0011973609979026
2017-09-27 00:00:00,2.0199535400998005
2017-09-28 00:00:00,2.0244252119386634
2017-09-29 00:00:00,2.0267231544114126
2017-10-02 00:00:00,2.0445477352135475
2017-10-03 00:00:00,2.049764685692222
2017-10-04 00:00:00,2.0485225546258703
2017-10-05 00:00:00,2.055167955830848
2017-10-06 00:00:00,2.0531805461246866
2017-10-09 00:00:00,2.047218317006202
2017-10-10 00:00:00,2.0534289723379566
2017-10-11 00:00:00,2.0548574230642602
2017-10-12 00:00:00,2.0553542754908003
2017-10-13 00:00:00,2.054050037871132
2017-10-16 00:00:00,2.0537395051045446
2017-10-17 00:00:00,2.050944710205255
2017-10-18 00:00:00,2.0574037917502794
2017-10-19 00:00:00,2.0593912014564406
2017-10-20 00:00:00,2.0716882990133145
2017-10-23 00:00:00,2.0606954390761096
2017-10-24 00:00:00,2.0688935041140253
2017-10-25 00:00:00,2.056161660683929
2017-10-26 00:00:00,2.0650428978083375
2017-10-27 00:00:00,2.075911544638908
2017-10-30 00:00:00,2.061005971842697
2017-10-31 00:00:00,2.0719988317799025
2017-11-01 00:00:00,2.0665334550879586
2017-11-02 00:00:00,2.0682724385808493
2017-11-03 00:00:00,2.0734893890595236
2017-11-06 00:00:00,2.081749560650757
2017-11-07 00:00:00,2.0686450779007552
2017-11-08 00:00:00,2.073737815272793
2017-11-09 00:00:00,2.063490233975399
2017-11-10 00:00:00,2.0633039143154464
2017-11-13 00:00:00,2.067278733727769
2017-11-14 00:00:00,2.06448393882848
2017-11-15 00:00:00,2.0549195296175777
2017-11-16 00:00:00,2.07535258565905
2017-11-17 00:00:00,2.0810042820109462
2017-11-20 00:00:00,2.0883949618557343
2017-11-21 00:00:00,2.101747870819006
2017-11-22 00:00:00,2.1003815266460197
2017-11-24 00:00:00,2.101313124945783
2017-11-27 00:00:00,2.09733830553346
2017-11-28 00:00:00,2.122548802023284
2017-11-29 00:00:00,2.122548802023284
2017-11-30 00:00:00,2.122548802023284
2017-12-01 00:00:00,2.122548802023284
2017-12-04 00:00:00,2.122548802023284
2017-12-05 00:00:00,2.122548802023284
2017-12-06 00:00:00,2.122548802023284
2017-12-07 00:00:00,2.122548802023284
2017-12-08 00:00:00,2.122548802023284
2017-12-11 00:00:00,2.122548802023284
2017-12-12 00:00:00,2.122548802023284
2017-12-13 00:00:00,2.122548802023284
2017-12-14 00:00:00,2.122548802023284
2017-12-15 00:00:00,2.122548802023284
2017-12-18 00:00:00,2.122548802023284
2017-12-19 00:00:00,2.122548802023284
2017-12-20 00:00:00,2.122548802023284
2017-12-21 00:00:00,2.122548802023284
2017-12-22 00:00:00,2.122548802023284
2017-12-26 00:00:00,2.122548802023284
2017-12-27 00:00:00,2.122548802023284
2017-12-28 00:00:00,2.122548802023284
2017-12-29 00:00:00,2.122548802023284
2018-01-02 00:00:00,2.122548802023284
2018-01-03 00:00:00,2.122548802023284
2018-01-04 00:00:00,2.122548802023284
2018-01-05 00:00:00,2.122548802023284
2018-01-08 00:00:00,2.122548802023284
2018-01-09 00:00:00,2.122548802023284
2018-01-10 00:00:00,2.122548802023284
2018-01-11 00:00:00,2.122548802023284
2018-01-12 00:00:00,2.122548802023284
2018-01-16 00:00:00,2.122548802023284
2018-01-17 00:00:00,2.122548802023284
2018-01-18 00:00:00,2.122548802023284
2018-01-19 00:00:00,2.122548802023284
2018-01-22 00:00:00,2.122548802023284
2018-01-23 00:00:00,2.122548802023284
2018-01-24 00:00:00,2.122548802023284
2018-01-25 00:00:00,2.122548802023284
2018-01-26 00:00:00,2.122548802023284
2018-01-29 00:00:00,2.122548802023284
2018-01-30 00:00:00,2.122548802023284
2018-01-31 00:00:00,2.122548802023284
2018-02-01 00:00:00,2.122548802023284
2018-02-02 00:00:00,2.122548802023284
2018-02-05 00:00:00,2.122548802023284
2018-02-06 00:00:00,2.122548802023284
2018-02-07 00:00:00,2.122548802023284
2018-02-08 00:00:00,2.122548802023284
2018-02-09 00:00:00,2.122548802023284
2018-02-12 00:00:00,2.122548802023284
2018-02-13 00:00:00,2.122548802023284
2018-02-14 00:00:00,2.122548802023284
2018-02-15 00:00:00,2.122548802023284
2018-02-16 00:00:00,2.122548802023284
2018-02-20 00:00:00,2.122548802023284
2018-02-21 00:00:00,2.122548802023284
2018-02-22 00:00:00,2.122548802023284
2018-02-23 00:00:00,2.122548802023284
2018-02-26 00:00:00,2.122548802023284
2018-02-27 00:00:00,2.122548802023284
2018-02-28 00:00:00,2.122548802023284
2018-03-01 00:00:00,2.122548802023284
2018-03-02 00:00:00,2.122548802023284
2018-03-05 00:00:00,2.122548802023284
2018-03-06 00:00:00,2.122548802023284
2018-03-07 00:00:00,2.122548802023284
2018-03-08 00:00:00,2.122548802023284
2018-03-09 00:00:00,2.122548802023284
2018-03-12 00:00:00,2.122548802023284
2018-03-13 00:00:00,2.122548802023284
2018-03-14 00:00:00,2.122548802023284
2018-03-15 00:00:00,2.122548802023284
2018-03-16 00:00:00,2.122548802023284
2018-03-19 00:00:00,2.122548802023284
2018-03-20 00:00:00,2.122548802023284
2018-03-21 00:00:00,2.122548802023284
2018-03-22 00:00:00,2.122548802023284
2018-03-23 00:00:00,2.122548802023284
2018-03-26 00:00:00,2.122548802023284
2018-03-27 00:00:00,2.122548802023284
2018-03-28 00:00:00,2.122548802023284
2018-03-29 00:00:00,2.122548802023284
2018-04-02 00:00:00,2.122548802023284
2018-04-03 00:00:00,2.122548802023284
2018-04-04 00:00:00,2.122548802023284
2018-04-05 00:00:00,2.122548802023284
2018-04-06 00:00:00,2.122548802023284
2018-04-09 00:00:00,2.122548802023284
2018-04-10 00:00:00,2.122548802023284
2018-04-11 00:00:00,2.122548802023284
2018-04-12 00:00:00,2.122548802023284
2018-04-13 00:00:00,2.122548802023284
2018-04-16 00:00:00,2.122548802023284
2018-04-17 00:00:00,2.122548802023284
2018-04-18 00:00:00,2.122548802023284
2018-04-19 00:00:00,2.122548802023284
2018-04-20 00:00:00,2.122548802023284
2018-04-23 00:00:00,2.122548802023284
2018-04-24 00:00:00,2.122548802023284
2018-04-25 00:00:00,2.122548802023284
2018-04-26 00:00:00,2.122548802023284
2018-04-27 00:00:00,2.122548802023284
2018-04-30 00:00:00,2.122548802023284
2018-05-01 00:00:00,2.122548802023284
2018-05-02 00:00:00,2.122548802023284
2018-05-03 00:00:00,2.122548802023284
2018-05-04 00:00:00,2.122548802023284
2018-05-07 00:00:00,2.122548802023284
2018-05-08 00:00:00,2.122548802023284
2018-05-09 00:00:00,2.122548802023284
2018-05-10 00:00:00,2.122548802023284
2018-05-11 00:00:00,2.122548802023284
2018-05-14 00:00:00,2.122548802023284
2018-05-15 00:00:00,2.122548802023284
2018-05-16 00:00:00,2.122548802023284
2018-05-17 00:00:00,2.122548802023284
2018-05-18 00:00:00,2.122548802023284
2018-05-21 00:00:00,2.122548802023284
2018-05-22 00:00:00,2.122548802023284
2018-05-23 00:00:00,2.122548802023284
2018-05-24 00:00:00,2.122548802023284
2018-05-25 00:00:00,2.122548802023284
2018-05-29 00:00:00,2.122548802023284
2018-05-30 00:00:00,2.122548802023284
2018-05-31 00:00:00,2.122548802023284
2018-06-01 00:00:00,2.122548802023284
2018-06-04 00:00:00,2.122548802023284
2018-06-05 00:00:00,2.122548802023284
2018-06-06 00:00:00,2.122548802023284
2018-06-07 00:00:00,2.122548802023284
2018-06-08 00:00:00,2.122548802023284
2018-06-11 00:00:00,2.122548802023284
2018-06-12 00:00:00,2.122548802023284
2018-06-13 00:00:00,2.122548802023284
2018-06-14 00:00:00,2.122548802023284
2018-06-15 00:00:00,2.122548802023284
2018-06-18 00:00:00,2.122548802023284
2018-06-19 00:00:00,2.122548802023284
2018-06-20 00:00:00,2.122548802023284
2018-06-21 00:00:00,2.122548802023284
2018-06-22 00:00:00,2.122548802023284
2018-06-25 00:00:00,2.122548802023284
2018-06-26 00:00:00,2.122548802023284
2018-06-27 00:00:00,2.122548802023284
2018-06-28 00:00:00,2.122548802023284
2018-06-29 00:00:00,2.122548802023284
2018-07-02 00:00:00,2.122548802023284
2018-07-03 00:00:00,2.122548802023284
2018-07-05 00:00:00,2.122548802023284
2018-07-06 00:00:00,2.122548802023284
2018-07-09 00:00:00,2.122548802023284
2018-07-10 00:00:00,2.122548802023284
2018-07-11 00:00:00,2.122548802023284
2018-07-12 00:00:00,2.122548802023284
2018-07-13 00:00:00,2.122548802023284
2018-07-16 00:00:00,2.122548802023284
2018-07-17 00:00:00,2.122548802023284
2018-07-18 00:00:00,2.122548802023284
2018-07-19 00:00:00,2.122548802023284
2018-07-20 00:00:00,2.122548802023284
2018-07-23 00:00:00,2.122548802023284
2018-07-24 00:00:00,2.122548802023284
2018-07-25 00:00:00,2.122548802023284
2018-07-26 00:00:00,2.122548802023284
2018-07-27 00:00:00,2.122548802023284
2018-07-30 00:00:00,2.122548802023284
2018-07-31 00:00:00,2.122548802023284
2018-08-01 00:00:00,2.122548802023284
2018-08-02 00:00:00,2.122548802023284
2018-08-03 00:00:00,2.122548802023284
2018-08-06 00:00:00,2.122548802023284
2018-08-07 00:00:00,2.122548802023284
2018-08-08 00:00:00,2.122548802023284
2018-08-09 00:00:00,2.122548802023284
2018-08-10 00:00:00,2.122548802023284
2018-08-13 00:00:00,2.122548802023284
2018-08-14 00:00:00,2.122548802023284
2018-08-15 00:00:00,2.122548802023284
2018-08-16 00:00:00,2.122548802023284
2018-08-17 00:00:00,2.122548802023284
2018-08-20 00:00:00,2.122548802023284
2018-08-21 00:00:00,2.122548802023284
2018-08-22 00:00:00,2.122548802023284
2018-08-23 00:00:00,2.122548802023284
2018-08-24 00:00:00,2.122548802023284
2018-08-27 00:00:00,2.122548802023284
2018-08-28 00:00:00,2.122548802023284
2018-08-29 00:00:00,2.122548802023284
2018-08-30 00:00:00,2.122548802023284
2018-08-31 00:00:00,2.122548802023284
2018-09-04 00:00:00,2.122548802023284
2018-09-05 00:00:00,2.122548802023284
2018-09-06 00:00:00,2.122548802023284
2018-09-07 00:00:00,2.122548802023284
2018-09-10 00:00:00,2.122548802023284
2018-09-11 00:00:00,2.122548802023284
2018-09-12 00:00:00,2.122548802023284
2018-09-13 00:00:00,2.122548802023284
2018-09-14 00:00:00,2.122548802023284
2018-09-17 00:00:00,2.122548802023284
2018-09-18 00:00:00,2.122548802023284
2018-09-19 00:00:00,2.122548802023284
2018-09-20 00:00:00,2.122548802023284
2018-09-21 00:00:00,2.122548802023284
2018-09-24 00:00:00,2.122548802023284
2018-09-25 00:00:00,2.122548802023284
2018-09-26 00:00:00,2.122548802023284
2018-09-27 00:00:00,2.122548802023284
2018-09-28 00:00:00,2.122548802023284
2018-10-01 00:00:00,2.122548802023284
2018-10-02 00:00:00,2.122548802023284
2018-10-03 00:00:00,2.122548802023284
2018-10-04 00:00:00,2.122548802023284
2018-10-05 00:00:00,2.122548802023284
2018-10-08 00:00:00,2.122548802023284
2018-10-09 00:00:00,2.122548802023284
2018-10-10 00:00:00,2.122548802023284
2018-10-11 00:00:00,2.122548802023284
2018-10-12 00:00:00,2.122548802023284
2018-10-15 00:00:00,2.122548802023284
2018-10-16 00:00:00,2.122548802023284
2018-10-17 00:00:00,2.122548802023284
2018-10-18 00:00:00,2.122548802023284
2018-10-19 00:00:00,2.122548802023284
2018-10-22 00:00:00,2.122548802023284
2018-10-23 00:00:00,2.122548802023284
2018-10-24 00:00:00,2.122548802023284
2018-10-25 00:00:00,2.122548802023284
2018-10-26 00:00:00,2.122548802023284
2018-10-29 00:00:00,2.122548802023284
2018-10-30 00:00:00,2.122548802023284
2018-10-31 00:00:00,2.122548802023284
2018-11-01 00:00:00,2.122548802023284
2018-11-02 00:00:00,2.122548802023284
2018-11-05 00:00:00,2.122548802023284
2018-11-06 00:00:00,2.122548802023284
2018-11-07 00:00:00,2.122548802023284
2018-11-08 00:00:00,2.122548802023284
2018-11-09 00:00:00,2.122548802023284
2018-11-12 00:00:00,2.122548802023284
2018-11-13 00:00:00,2.122548802023284
2018-11-14 00:00:00,2.122548802023284
2018-11-15 00:00:00,2.122548802023284
2018-11-16 00:00:00,2.122548802023284
2018-11-19 00:00:00,2.122548802023284
2018-11-20 00:00:00,2.122548802023284
2018-11-21 00:00:00,2.122548802023284
2018-11-23 00:00:00,2.122548802023284
2018-11-26 00:00:00,2.122548802023284
2018-11-27 00:00:00,2.122548802023284
2018-11-28 00:00:00,2.122548802023284
2018-11-29 00:00:00,2.122548802023284
2018-11-30 00:00:00,2.122548802023284
2018-12-03 00:00:00,2.122548802023284
2018-12-04 00:00:00,2.122548802023284
2018-12-06 00:00:00,2.122548802023284
2018-12-07 00:00:00,2.122548802023284
2018-12-10 00:00:00,2.122548802023284
2018-12-11 00:00:00,2.122548802023284
2018-12-12 00:00:00,2.122548802023284
2018-12-13 00:00:00,2.122548802023284
2018-12-14 00:00:00,2.122548802023284
2018-12-17 00:00:00,2.122548802023284
2018-12-18 00:00:00,2.122548802023284
2018-12-19 00:00:00,2.122548802023284
2018-12-20 00:00:00,2.122548802023284
2018-12-21 00:00:00,2.122548802023284
2018-12-24 00:00:00,2.122548802023284
2018-12-26 00:00:00,2.122548802023284
2018-12-27 00:00:00,2.122548802023284
2018-12-28 00:00:00,2.122548802023284
2018-12-31 00:00:00,2.122548802023284
2019-01-02 00:00:00,2.122548802023284
2019-01-03 00:00:00,2.122548802023284
2019-01-04 00:00:00,2.122548802023284
2019-01-07 00:00:00,2.122548802023284
2019-01-08 00:00:00,2.122548802023284
2019-01-09 00:00:00,2.122548802023284
2019-01-10 00:00:00,2.122548802023284
2019-01-11 00:00:00,2.122548802023284
2019-01-14 00:00:00,2.122548802023284
2019-01-15 00:00:00,2.122548802023284
2019-01-16 00:00:00,2.122548802023284
2019-01-17 00:00:00,2.122548802023284
2019-01-18 00:00:00,2.122548802023284
2019-01-22 00:00:00,2.122548802023284
2019-01-23 00:00:00,2.122548802023284
2019-01-24 00:00:00,2.122548802023284
2019-01-25 00:00:00,2.122548802023284
2019-01-28 00:00:00,2.122548802023284
2019-01-29 00:00:00,2.122548802023284
2019-01-30 00:00:00,2.122548802023284
2019-01-31 00:00:00,2.122548802023284
2019-02-01 00:00:00,2.122548802023284
2019-02-04 00:00:00,2.122548802023284
2019-02-05 00:00:00,2.122548802023284
2019-02-06 00:00:00,2.122548802023284
2019-02-07 00:00:00,2.122548802023284
2019-02-08 00:00:00,2.122548802023284
2019-02-11 00:00:00,2.122548802023284
2019-02-12 00:00:00,2.122548802023284
2019-02-13 00:00:00,2.122548802023284
2019-02-14 00:00:00,2.122548802023284
2019-02-15 00:00:00,2.122548802023284
2019-02-19 00:00:00,2.122548802023284
2019-02-20 00:00:00,2.122548802023284
2019-02-21 00:00:00,2.122548802023284
2019-02-22 00:00:00,2.122548802023284
2019-02-25 00:00:00,2.122548802023284
2019-02-26 00:00:00,2.122548802023284
2019-02-27 00:00:00,2.122548802023284
2019-02-28 00:00:00,2.122548802023284
2019-03-01 00:00:00,2.122548802023284
2019-03-04 00:00:00,2.122548802023284
2019-03-05 00:00:00,2.122548802023284
2019-03-06 00:00:00,2.122548802023284
2019-03-07 00:00:00,2.122548802023284
2019-03-08 00:00:00,2.122548802023284
2019-03-11 00:00:00,2.122548802023284
2019-03-12 00:00:00,2.122548802023284
2019-03-13 00:00:00,2.122548802023284
2019-03-14 00:00:00,2.122548802023284
2019-03-15 00:00:00,2.122548802023284
2019-03-18 00:00:00,2.122548802023284
2019-03-19 00:00:00,2.122548802023284
2019-03-20 00:00:00,2.122548802023284
2019-03-21 00:00:00,2.122548802023284
2019-03-22 00:00:00,2.122548802023284
2019-03-25 00:00:00,2.122548802023284
2019-03-26 00:00:00,2.122548802023284
2019-03-27 00:00:00,2.122548802023284
2019-03-28 00:00:00,2.122548802023284
2019-03-29 00:00:00,2.122548802023284
2019-04-01 00:00:00,2.122548802023284
2019-04-02 00:00:00,2.122548802023284
2019-04-03 00:00:00,2.122548802023284
2019-04-04 00:00:00,2.122548802023284
2019-04-05 00:00:00,2.122548802023284
2019-04-08 00:00:00,2.122548802023284
2019-04-09 00:00:00,2.122548802023284
2019-04-10 00:00:00,2.122548802023284
2019-04-11 00:00:00,2.122548802023284
2019-04-12 00:00:00,2.122548802023284
2019-04-15 00:00:00,2.122548802023284
2019-04-16 00:00:00,2.122548802023284
2019-04-17 00:00:00,2.122548802023284
2019-04-18 00:00:00,2.122548802023284
2019-04-22 00:00:00,2.122548802023284
2019-04-23 00:00:00,2.122548802023284
2019-04-24 00:00:00,2.122548802023284
2019-04-25 00:00:00,2.122548802023284
2019-04-26 00:00:00,2.122548802023284
2019-04-29 00:00:00,2.122548802023284
2019-04-30 00:00:00,2.122548802023284
2019-05-01 00:00:00,2.122548802023284
2019-05-02 00:00:00,2.122548802023284
2019-05-03 00:00:00,2.122548802023284
2019-05-06 00:00:00,2.122548802023284
2019-05-07 00:00:00,2.122548802023284
2019-05-08 00:00:00,2.122548802023284
2019-05-09 00:00:00,2.122548802023284
2019-05-10 00:00:00,2.122548802023284
2019-05-13 00:00:00,2.122548802023284
2019-05-14 00:00:00,2.122548802023284
2019-05-15 00:00:00,2.122548802023284
2019-05-16 00:00:00,2.122548802023284
2019-05-17 00:00:00,2.122548802023284
2019-05-20 00:00:00,2.122548802023284
2019-05-21 00:00:00,2.122548802023284
2019-05-22 00:00:00,2.122548802023284
2019-05-23 00:00:00,2.122548802023284
2019-05-24 00:00:00,2.122548802023284
2019-05-28 00:00:00,2.122548802023284
2019-05-29 00:00:00,2.122548802023284
2019-05-30 00:00:00,2.122548802023284
2019-05-31 00:00:00,2.122548802023284
2019-06-03 00:00:00,2.122548802023284
2019-06-04 00:00:00,2.122548802023284
2019-06-05 00:00:00,2.122548802023284
2019-06-06 00:00:00,2.122548802023284
2019-06-07 00:00:00,2.122548802023284
2019-06-10 00:00:00,2.122548802023284
2019-06-11 00:00:00,2.122548802023284
2019-06-12 00:00:00,2.122548802023284
2019-06-13 00:00:00,2.122548802023284
2019-06-14 00:00:00,2.122548802023284
2019-06-17 00:00:00,2.122548802023284
2019-06-18 00:00:00,2.122548802023284
2019-06-19 00:00:00,2.122548802023284
2019-06-20 00:00:00,2.122548802023284
2019-06-21 00:00:00,2.122548802023284
2019-06-24 00:00:00,2.122548802023284
2019-06-25 00:00:00,2.122548802023284
2019-06-26 00:00:00,2.122548802023284
2019-06-27 00:00:00,2.122548802023284
2019-06-28 00:00:00,2.122548802023284
2019-07-01 00:00:00,2.122548802023284
2019-07-02 00:00:00,2.122548802023284
2019-07-03 00:00:00,2.122548802023284
2019-07-05 00:00:00,2.122548802023284
2019-07-08 00:00:00,2.122548802023284
2019-07-09 00:00:00,2.122548802023284
2019-07-10 00:00:00,2.122548802023284
2019-07-11 00:00:00,2.122548802023284
2019-07-12 00:00:00,2.122548802023284
2019-07-15 00:00:00,2.122548802023284
2019-07-16 00:00:00,2.122548802023284
2019-07-17 00:00:00,2.122548802023284
2019-07-18 00:00:00,2.122548802023284
2019-07-19 00:00:00,2.122548802023284
2019-07-22 00:00:00,2.122548802023284
2019-07-23 00:00:00,2.122548802023284
2019-07-24 00:00:00,2.122548802023284
2019-07-25 00:00:00,2.122548802023284
2019-07-26 00:00:00,2.122548802023284
2019-07-29 00:00:00,2.122548802023284
2019-07-30 00:00:00,2.122548802023284
2019-07-31 00:00:00,2.122548802023284
2019-08-01 00:00:00,2.122548802023284
2019-08-02 00:00:00,2.122548802023284
2019-08-05 00:00:00,2.122548802023284
2019-08-06 00:00:00,2.122548802023284
2019-08-07 00:00:00,2.122548802023284
2019-08-08 00:00:00,2.122548802023284
2019-08-09 00:00:00,2.122548802023284
2019-08-12 00:00:00,2.122548802023284
2019-08-13 00:00:00,2.122548802023284
2019-08-14 00:00:00,2.122548802023284
2019-08-15 00:00:00,2.122548802023284
2019-08-16 00:00:00,2.122548802023284
2019-08-19 00:00:00,2.122548802023284
2019-08-20 00:00:00,2.122548802023284
2019-08-21 00:00:00,2.122548802023284
2019-08-22 00:00:00,2.122548802023284
2019-08-23 00:00:00,2.122548802023284
2019-08-26 00:00:00,2.122548802023284
2019-08-27 00:00:00,2.122548802023284
2019-08-28 00:00:00,2.122548802023284
2019-08-29 00:00:00,2.122548802023284
2019-08-30 00:00:00,2.122548802023284
2019-09-03 00:00:00,2.122548802023284
2019-09-04 00:00:00,2.122548802023284
2019-09-05 00:00:00,2.122548802023284
2019-09-06 00:00:00,2.122548802023284
2019-09-09 00:00:00,2.122548802023284
2019-09-10 00:00:00,2.122548802023284
2019-09-11 00:00:00,2.122548802023284
2019-09-12 00:00:00,2.122548802023284
2019-09-13 00:00:00,2.122548802023284
2019-09-16 00:00:00,2.122548802023284
2019-09-17 00:00:00,2.1194579762925625
2019-09-18 00:00:00,2.114928317894091
2019-09-19 00:00:00,2.11135788127412
2019-09-20 00:00:00,2.097609035782289
2019-09-23 00:00:00,2.1022452743783715
2019-09-24 00:00:00,2.0807160744609314
2019-09-25 00:00:00,2.1025117248723992
2019-09-26 00:00:00,2.0912142239256237
2019-09-27 00:00:00,2.0783713101134875
2019-09-30 00:00:00,2.0919602853089017
2019-10-01 00:00:00,2.0561493389115757
2019-10-02 00:00:00,2.0446744671999357
2019-10-03 00:00:00,2.0446744671999357
2019-10-04 00:00:00,2.0446744671999357
2019-10-07 00:00:00,2.0446744671999357
2019-10-08 00:00:00,2.0446744671999357
2019-10-09 00:00:00,2.0446744671999357
2019-10-10 00:00:00,2.0446744671999357
2019-10-11 00:00:00,2.0446744671999357
2019-10-14 00:00:00,2.0446744671999357
2019-10-15 00:00:00,2.0446744671999357
2019-10-16 00:00:00,2.0446744671999357
2019-10-17 00:00:00,2.0446744671999357
2019-10-18 00:00:00,2.0446744671999357
2019-10-21 00:00:00,2.0446744671999357
2019-10-22 00:00:00,2.0446744671999357
2019-10-23 00:00:00,2.0446744671999357
2019-10-24 00:00:00,2.0446744671999357
2019-10-25 00:00:00,2.0584648836594903
2019-10-28 00:00:00,2.070755087449805
2019-10-29 00:00:00,2.0762366337412597
2019-10-30 00:00:00,2.070235783064299
2019-10-31 00:00:00,2.0554644583210098
2019-11-01 00:00:00,2.085007107807588
2019-11-04 00:00:00,2.096547205263282
2019-11-05 00:00:00,2.1016248481437874
2019-11-06 00:00:00,2.0927966735901813
2019-11-07 00:00:00,2.0955085964922695
2019-11-08 00:00:00,2.101567147656509
2019-11-11 00:00:00,2.0972973115979023
2019-11-12 00:00:00,2.0936621808993583
2019-11-13 00:00:00,2.0895077458153084
2019-11-14 00:00:00,2.094469987721257
2019-11-15 00:00:00,2.1049714764059386
2019-11-18 00:00:00,2.101394046194674
2019-11-19 00:00:00,2.1058946842023945
2019-11-20 00:00:00,2.0992591281653703
2019-11-21 00:00:00,2.0843147019602464
2019-11-22 00:00:00,2.089392344840751
2019-11-25 00:00:00,2.115357564116064
2019-11-26 00:00:00,2.1232625308732147
2019-11-27 00:00:00,2.137860754154668
2019-11-29 00:00:00,2.115530665577899
2019-12-02 00:00:00,2.1011632442455594
2019-12-03 00:00:00,2.0892769438661944
2019-12-04 00:00:00,2.106529389562458
2019-12-05 00:00:00,2.109587515388217
2019-12-06 00:00:00,2.1303596908084668
2019-12-09 00:00:00,2.1205506079711265
2019-12-10 00:00:00,2.1193388977382783
2019-12-11 00:00:00,2.122800926974987
2019-12-12 00:00:00,2.145650319937262
2019-12-13 00:00:00,2.1339948215070104
2019-12-16 00:00:00,2.1469774311446663
2019-12-17 00:00:00,2.154420794003589
2019-12-18 00:00:00,2.1554017022873238
2019-12-19 00:00:00,2.1648645822009933
2019-12-20 00:00:00,2.1669995002302964
2019-12-23 00:00:00,2.165153084637385
2019-12-24 00:00:00,2.1652684856119424
2019-12-26 00:00:00,2.1700576260560553
2019-12-27 00:00:00,2.165845490484727
2019-12-30 00:00:00,2.1638259734299803
2019-12-31 00:00:00,2.165960891459284
2020-01-02 00:00:00,2.1691344182596
2020-01-03 00:00:00,2.157825122753019
2020-01-06 00:00:00,2.1577674222657404
2020-01-07 00:00:00,2.1518242720760585
2020-01-08 00:00:00,2.1556902047237156
2020-01-09 00:00:00,2.161921857349791
2020-01-10 00:00:00,2.155286301312766
2020-01-13 00:00:00,2.1720194426235233
2020-01-14 00:00:00,2.1783087957368767
2020-01-15 00:00:00,2.181251520588079
2020-01-16 00:00:00,2.205543425732316
2020-01-17 00:00:00,2.2009850872373162
2020-01-21 00:00:00,2.1888102844215584
2020-01-22 00:00:00,2.18725237126504
2020-01-23 00:00:00,2.1921569126837106
2020-01-24 00:00:00,2.1689613167977644
2020-01-27 00:00:00,2.1392455658493517
2020-01-28 00:00:00,2.1602485432187155
2020-01-29 00:00:00,2.1500355569704257
2020-01-30 00:00:00,2.1522281754870076
2020-01-31 00:00:00,2.1087220080790394
2020-02-03 00:00:00,2.132725410786884
2020-02-04 00:00:00,2.1611717510151705
2020-02-05 00:00:00,2.185925260057635
2020-02-06 00:00:00,2.1749621674747255
2020-02-07 00:00:00,2.154940098389096
2020-02-10 00:00:00,2.1666532973066253
2020-02-11 00:00:00,2.1836172405664964
2020-02-12 00:00:00,2.19821546384795
2020-02-13 00:00:00,2.2056588267068724
2020-02-14 00:00:00,2.2046202179358603
2020-02-18 00:00:00,2.198042362386114
2020-02-19 00:00:00,2.2068705369397206
2020-02-20 00:00:00,2.2158141124678834
2020-02-21 00:00:00,2.192272313658267
2020-02-24 00:00:00,2.12683996108448
2020-02-25 00:00:00,2.052406332495251
2020-02-26 00:00:00,2.022344378623167
2020-02-27 00:00:00,1.9728660909795368
2020-02-28 00:00:00,1.9728660909795368
2020-03-02 00:00:00,1.9728660909795368
2020-03-03 00:00:00,1.9728660909795368
2020-03-04 00:00:00,1.9728660909795368
2020-03-05 00:00:00,1.9728660909795368
2020-03-06 00:00:00,1.9728660909795368
2020-03-09 00:00:00,1.9728660909795368
2020-03-10 00:00:00,1.9728660909795368
2020-03-11 00:00:00,1.9728660909795368
2020-03-12 00:00:00,1.9728660909795368
2020-03-13 00:00:00,1.9728660909795368
2020-03-16 00:00:00,1.9728660909795368
2020-03-17 00:00:00,1.9728660909795368
2020-03-18 00:00:00,1.9728660909795368
2020-03-19 00:00:00,1.9728660909795368
2020-03-20 00:00:00,1.9728660909795368
2020-03-23 00:00:00,1.9728660909795368
2020-03-24 00:00:00,1.9728660909795368
2020-03-25 00:00:00,1.9728660909795368
2020-03-26 00:00:00,1.9728660909795368
2020-03-27 00:00:00,1.9728660909795368
2020-03-30 00:00:00,1.9728660909795368
2020-03-31 00:00:00,1.9728660909795368
2020-04-01 00:00:00,1.9728660909795368
2020-04-02 00:00:00,1.9728660909795368
2020-04-03 00:00:00,1.9728660909795368
2020-04-06 00:00:00,1.9728660909795368
2020-04-07 00:00:00,1.9728660909795368
2020-04-08 00:00:00,1.9728660909795368
2020-04-09 00:00:00,1.9728660909795368
2020-04-13 00:00:00,1.9728660909795368
2020-04-14 00:00:00,1.9728660909795368
2020-04-15 00:00:00,1.9728660909795368
2020-04-16 00:00:00,1.9728660909795368
2020-04-17 00:00:00,1.9728660909795368
2020-04-20 00:00:00,1.9728660909795368
2020-04-21 00:00:00,1.9728660909795368
2020-04-22 00:00:00,1.9728660909795368
2020-04-23 00:00:00,1.9728660909795368
2020-04-24 00:00:00,1.9728660909795368
2020-04-27 00:00:00,1.9728660909795368
2020-04-28 00:00:00,1.9728660909795368
2020-04-29 00:00:00,1.9728660909795368
2020-04-30 00:00:00,1.9728660909795368
2020-05-01 00:00:00,1.9728660909795368
2020-05-04 00:00:00,1.9728660909795368
2020-05-05 00:00:00,1.9728660909795368
2020-05-06 00:00:00,1.9728660909795368
2020-05-07 00:00:00,1.9728660909795368
2020-05-08 00:00:00,1.9728660909795368
2020-05-11 00:00:00,1.9728660909795368
2020-05-12 00:00:00,1.9728660909795368
2020-05-13 00:00:00,1.9728660909795368
2020-05-14 00:00:00,1.9728660909795368
2020-05-15 00:00:00,1.9728660909795368
2020-05-18 00:00:00,1.9728660909795368
2020-05-19 00:00:00,1.9728660909795368
2020-05-20 00:00:00,1.9728660909795368
2020-05-21 00:00:00,1.9728660909795368
2020-05-22 00:00:00,1.9728660909795368
2020-05-26 00:00:00,1.9728660909795368
2020-05-27 00:00:00,1.9728660909795368
2020-05-28 00:00:00,1.9728660909795368
2020-05-29 00:00:00,1.9728660909795368
2020-06-01 00:00:00,1.9728660909795368
2020-06-02 00:00:00,1.9728660909795368
2020-06-03 00:00:00,1.9728660909795368
2020-06-04 00:00:00,1.9728660909795368
2020-06-05 00:00:00,1.9728660909795368
2020-06-08 00:00:00,1.9728660909795368
2020-06-09 00:00:00,1.9728660909795368
2020-06-10 00:00:00,1.9728660909795368
2020-06-11 00:00:00,1.9728660909795368
2020-06-12 00:00:00,1.9728660909795368
2020-06-15 00:00:00,1.9728660909795368
2020-06-16 00:00:00,1.9728660909795368
2020-06-17 00:00:00,1.9728660909795368
2020-06-18 00:00:00,1.9728660909795368
2020-06-19 00:00:00,1.9728660909795368
2020-06-22 00:00:00,1.9728660909795368
2020-06-23 00:00:00,1.9728660909795368
2020-06-24 00:00:00,1.9728660909795368
2020-06-25 00:00:00,1.9728660909795368
2020-06-26 00:00:00,1.9728660909795368
2020-06-29 00:00:00,1.9728660909795368
2020-06-30 00:00:00,1.9728660909795368
2020-07-01 00:00:00,1.9728660909795368
2020-07-02 00:00:00,1.9728660909795368
2020-07-06 00:00:00,1.9728660909795368
2020-07-07 00:00:00,1.9728660909795368
2020-07-08 00:00:00,1.9728660909795368
2020-07-09 00:00:00,1.9728660909795368
2020-07-10 00:00:00,1.9728660909795368
2020-07-13 00:00:00,1.9728660909795368
2020-07-14 00:00:00,1.9728660909795368
2020-07-15 00:00:00,1.9728660909795368
2020-07-16 00:00:00,1.9728660909795368
2020-07-17 00:00:00,1.9728660909795368
2020-07-20 00:00:00,1.9728660909795368
2020-07-21 00:00:00,1.9728660909795368
2020-07-22 00:00:00,1.9728660909795368
2020-07-23 00:00:00,1.9728660909795368
2020-07-24 00:00:00,1.9728660909795368
2020-07-27 00:00:00,1.9728660909795368
2020-07-28 00:00:00,1.9728660909795368
2020-07-29 00:00:00,1.9728660909795368
2020-07-30 00:00:00,1.9728660909795368
2020-07-31 00:00:00,1.9728660909795368
2020-08-03 00:00:00,1.9728660909795368
2020-08-04 00:00:00,1.9728660909795368
2020-08-05 00:00:00,1.9728660909795368
2020-08-06 00:00:00,1.9728660909795368
2020-08-07 00:00:00,1.9728660909795368
2020-08-10 00:00:00,1.9728660909795368
2020-08-11 00:00:00,1.9728660909795368
2020-08-12 00:00:00,1.9728660909795368
2020-08-13 00:00:00,1.9728660909795368
2020-08-14 00:00:00,1.9728660909795368
2020-08-17 00:00:00,1.9728660909795368
2020-08-18 00:00:00,1.9728660909795368
2020-08-19 00:00:00,1.9728660909795368
2020-08-20 00:00:00,1.9728660909795368
2020-08-21 00:00:00,1.9728660909795368
2020-08-24 00:00:00,1.9728660909795368
2020-08-25 00:00:00,1.9728660909795368
2020-08-26 00:00:00,1.9728660909795368
2020-08-27 00:00:00,1.9728660909795368
2020-08-28 00:00:00,1.9728660909795368
2020-08-31 00:00:00,1.9728660909795368
2020-09-01 00:00:00,1.9728660909795368
2020-09-02 00:00:00,1.9728660909795368
2020-09-03 00:00:00,1.9728660909795368
2020-09-04 00:00:00,1.9728660909795368
2020-09-08 00:00:00,1.9728660909795368
2020-09-09 00:00:00,1.9728660909795368
2020-09-10 00:00:00,1.9728660909795368
2020-09-11 00:00:00,1.9728660909795368
2020-09-14 00:00:00,1.9728660909795368
2020-09-15 00:00:00,1.9728660909795368
2020-09-16 00:00:00,1.9728660909795368
2020-09-17 00:00:00,1.9728660909795368
2020-09-18 00:00:00,1.9728660909795368
2020-09-21 00:00:00,1.9728660909795368
2020-09-22 00:00:00,1.9728660909795368
2020-09-23 00:00:00,1.9728660909795368
2020-09-24 00:00:00,1.9728660909795368
2020-09-25 00:00:00,1.9728660909795368
2020-09-28 00:00:00,1.9728660909795368
2020-09-29 00:00:00,1.9728660909795368
2020-09-30 00:00:00,1.9728660909795368
2020-10-01 00:00:00,1.9728660909795368
2020-10-02 00:00:00,1.9728660909795368
2020-10-05 00:00:00,1.9728660909795368
2020-10-06 00:00:00,1.9728660909795368
2020-10-07 00:00:00,1.9728660909795368
2020-10-08 00:00:00,1.9728660909795368
2020-10-09 00:00:00,1.9728660909795368
2020-10-12 00:00:00,1.9728660909795368
2020-10-13 00:00:00,1.9728660909795368
2020-10-14 00:00:00,1.9728660909795368
2020-10-15 00:00:00,1.9728660909795368
2020-10-16 00:00:00,1.9728660909795368
2020-10-19 00:00:00,1.9728660909795368
2020-10-20 00:00:00,1.9728660909795368
2020-10-21 00:00:00,1.9728660909795368
2020-10-22 00:00:00,1.9728660909795368
2020-10-23 00:00:00,1.9728660909795368
2020-10-26 00:00:00,1.9728660909795368
2020-10-27 00:00:00,1.9728660909795368
2020-10-28 00:00:00,1.9728660909795368
2020-10-29 00:00:00,1.9728660909795368
2020-10-30 00:00:00,1.9728660909795368
2020-11-02 00:00:00,1.9728660909795368
2020-11-03 00:00:00,1.9728660909795368
2020-11-04 00:00:00,1.9728660909795368
2020-11-05 00:00:00,1.9728660909795368
2020-11-06 00:00:00,1.9728660909795368
2020-11-09 00:00:00,1.9728660909795368
2020-11-10 00:00:00,1.9728660909795368
2020-11-11 00:00:00,1.9728660909795368
2020-11-12 00:00:00,1.9728660909795368
2020-11-13 00:00:00,1.9728660909795368
2020-11-16 00:00:00,1.9728660909795368
2020-11-17 00:00:00,1.9728660909795368
2020-11-18 00:00:00,1.9728660909795368
2020-11-19 00:00:00,1.9728660909795368
2020-11-20 00:00:00,1.9728660909795368
2020-11-23 00:00:00,1.9728660909795368
2020-11-24 00:00:00,1.9728660909795368
2020-11-25 00:00:00,1.9728660909795368
2020-11-27 00:00:00,1.9728660909795368
2020-11-30 00:00:00,1.9728660909795368
2020-12-01 00:00:00,1.9728660909795368
2020-12-02 00:00:00,1.9728660909795368
2020-12-03 00:00:00,1.9728660909795368
2020-12-04 00:00:00,1.9728660909795368
2020-12-07 00:00:00,1.9728660909795368
2020-12-08 00:00:00,1.9728660909795368
2020-12-09 00:00:00,1.9728660909795368
2020-12-10 00:00:00,1.9728660909795368
2020-12-11 00:00:00,1.9728660909795368
2020-12-14 00:00:00,1.9728660909795368
2020-12-15 00:00:00,1.9728660909795368
2020-12-16 00:00:00,1.9728660909795368
2020-12-17 00:00:00,1.9728660909795368
2020-12-18 00:00:00,1.9728660909795368
2020-12-21 00:00:00,1.9728660909795368
2020-12-22 00:00:00,1.9728660909795368
2020-12-23 00:00:00,1.9728660909795368
2020-12-24 00:00:00,1.9728660909795368
2020-12-28 00:00:00,1.9728660909795368
2020-12-29 00:00:00,1.9728660909795368
2020-12-30 00:00:00,1.9728660909795368
2020-12-31 00:00:00,1.9728660909795368
2021-01-04 00:00:00,1.9728660909795368
2021-01-05 00:00:00,1.9728660909795368
2021-01-06 00:00:00,1.9728660909795368
2021-01-07 00:00:00,1.9728660909795368
2021-01-08 00:00:00,1.9728660909795368
2021-01-11 00:00:00,1.9728660909795368
2021-01-12 00:00:00,1.9728660909795368
2021-01-13 00:00:00,1.9728660909795368
2021-01-14 00:00:00,1.9728660909795368
2021-01-15 00:00:00,1.9728660909795368
2021-01-19 00:00:00,1.9728660909795368
2021-01-20 00:00:00,1.9728660909795368
2021-01-21 00:00:00,1.9728660909795368
2021-01-22 00:00:00,1.9728660909795368
2021-01-25 00:00:00,1.9728660909795368
2021-01-26 00:00:00,1.9728660909795368
2021-01-27 00:00:00,1.9728660909795368
2021-01-28 00:00:00,1.9728660909795368
2021-01-29 00:00:00,1.9728660909795368
2021-02-01 00:00:00,1.9728660909795368
2021-02-02 00:00:00,1.9728660909795368
2021-02-03 00:00:00,1.9728660909795368
2021-02-04 00:00:00,1.9728660909795368
2021-02-05 00:00:00,1.9728660909795368
2021-02-08 00:00:00,1.9728660909795368
2021-02-09 00:00:00,1.9728660909795368
2021-02-10 00:00:00,1.9728660909795368
2021-02-11 00:00:00,1.9728660909795368
2021-02-12 00:00:00,1.9728660909795368
2021-02-16 00:00:00,1.9728660909795368
2021-02-17 00:00:00,1.9728660909795368
2021-02-18 00:00:00,1.9728660909795368
2021-02-19 00:00:00,1.9728660909795368
2021-02-22 00:00:00,1.9728660909795368
2021-02-23 00:00:00,1.9728660909795368
2021-02-24 00:00:00,1.9728660909795368
2021-02-25 00:00:00,1.9728660909795368
2021-02-26 00:00:00,1.9728660909795368
2021-03-01 00:00:00,1.9728660909795368
2021-03-02 00:00:00,1.9728660909795368
2021-03-03 00:00:00,1.9728660909795368
2021-03-04 00:00:00,1.9728660909795368
2021-03-05 00:00:00,1.9728660909795368
2021-03-08 00:00:00,1.9728660909795368
2021-03-09 00:00:00,1.9728660909795368
2021-03-10 00:00:00,1.9728660909795368
2021-03-11 00:00:00,1.9728660909795368
2021-03-12 00:00:00,1.9728660909795368
2021-03-15 00:00:00,1.9728660909795368
2021-03-16 00:00:00,1.9728660909795368
2021-03-17 00:00:00,1.9728660909795368
2021-03-18 00:00:00,1.9728660909795368
2021-03-19 00:00:00,1.9728660909795368
2021-03-22 00:00:00,1.9728660909795368
2021-03-23 00:00:00,1.9728660909795368
2021-03-24 00:00:00,1.9728660909795368
2021-03-25 00:00:00,1.9728660909795368
2021-03-26 00:00:00,1.9728660909795368
2021-03-29 00:00:00,1.9728660909795368
2021-03-30 00:00:00,1.9728660909795368
2021-03-31 00:00:00,1.9728660909795368
2021-04-01 00:00:00,1.9728660909795368
2021-04-05 00:00:00,1.9728660909795368
2021-04-06 00:00:00,1.9728660909795368
2021-04-07 00:00:00,1.9728660909795368
2021-04-08 00:00:00,1.9728660909795368
2021-04-09 00:00:00,1.9728660909795368
2021-04-12 00:00:00,1.9728660909795368
2021-04-13 00:00:00,1.9728660909795368
2021-04-14 00:00:00,1.9728660909795368
2021-04-15 00:00:00,1.9728660909795368
2021-04-16 00:00:00,1.9728660909795368
2021-04-19 00:00:00,1.9728660909795368
2021-04-20 00:00:00,1.9728660909795368
2021-04-21 00:00:00,1.9728660909795368
2021-04-22 00:00:00,1.9728660909795368
2021-04-23 00:00:00,1.9728660909795368
2021-04-26 00:00:00,1.9728660909795368
2021-04-27 00:00:00,1.9728660909795368
2021-04-28 00:00:00,1.9728660909795368
2021-04-29 00:00:00,1.9728660909795368
2021-04-30 00:00:00,1.9728660909795368
2021-05-03 00:00:00,1.9728660909795368
2021-05-04 00:00:00,1.9728660909795368
2021-05-05 00:00:00,1.9728660909795368
2021-05-06 00:00:00,1.9728660909795368
2021-05-07 00:00:00,1.9728660909795368
2021-05-10 00:00:00,1.9728660909795368
2021-05-11 00:00:00,1.9728660909795368
2021-05-12 00:00:00,1.9728660909795368
2021-05-13 00:00:00,1.9728660909795368
2021-05-14 00:00:00,1.9728660909795368
2021-05-17 00:00:00,1.9728660909795368
2021-05-18 00:00:00,1.9728660909795368
2021-05-19 00:00:00,1.9728660909795368
2021-05-20 00:00:00,1.9728660909795368
2021-05-21 00:00:00,1.9728660909795368
2021-05-24 00:00:00,1.9728660909795368
2021-05-25 00:00:00,1.9728660909795368
2021-05-26 00:00:00,1.9728660909795368
2021-05-27 00:00:00,1.9728660909795368
2021-05-28 00:00:00,1.9728660909795368
2021-06-01 00:00:00,1.9728660909795368
2021-06-02 00:00:00,1.9728660909795368
2021-06-03 00:00:00,1.9728660909795368
2021-06-04 00:00:00,1.9728660909795368
2021-06-07 00:00:00,1.9728660909795368
2021-06-08 00:00:00,1.9728660909795368
2021-06-09 00:00:00,1.9728660909795368
2021-06-10 00:00:00,1.9728660909795368
2021-06-11 00:00:00,1.9728660909795368
2021-06-14 00:00:00,1.9728660909795368
2021-06-15 00:00:00,1.9728660909795368
2021-06-16 00:00:00,1.9728660909795368
2021-06-17 00:00:00,1.9728660909795368
2021-06-18 00:00:00,1.9728660909795368
2021-06-21 00:00:00,1.9728660909795368
2021-06-22 00:00:00,1.9728660909795368
2021-06-23 00:00:00,1.9728660909795368
2021-06-24 00:00:00,1.9728660909795368
2021-06-25 00:00:00,1.9728660909795368
2021-06-28 00:00:00,1.9728660909795368
2021-06-29 00:00:00,1.9728660909795368
2021-06-30 00:00:00,1.9728660909795368
2021-07-01 00:00:00,1.9728660909795368
2021-07-02 00:00:00,1.9728660909795368
2021-07-06 00:00:00,1.9728660909795368
2021-07-07 00:00:00,1.9728660909795368
2021-07-08 00:00:00,1.9728660909795368
2021-07-09 00:00:00,1.9728660909795368
2021-07-12 00:00:00,1.9728660909795368
2021-07-13 00:00:00,1.9728660909795368
2021-07-14 00:00:00,1.9728660909795368
2021-07-15 00:00:00,1.9728660909795368
2021-07-16 00:00:00,1.9728660909795368
2021-07-19 00:00:00,1.9728660909795368
2021-07-20 00:00:00,1.9728660909795368
2021-07-21 00:00:00,1.9728660909795368
2021-07-22 00:00:00,1.9728660909795368
2021-07-23 00:00:00,1.9728660909795368
2021-07-26 00:00:00,1.9728660909795368
2021-07-27 00:00:00,1.9728660909795368
2021-07-28 00:00:00,1.9728660909795368
2021-07-29 00:00:00,1.9728660909795368
2021-07-30 00:00:00,1.9728660909795368
2021-08-02 00:00:00,1.9728660909795368
2021-08-03 00:00:00,1.9728660909795368
2021-08-04 00:00:00,1.9728660909795368
2021-08-05 00:00:00,1.9728660909795368
2021-08-06 00:00:00,1.9728660909795368
2021-08-09 00:00:00,1.9728660909795368
2021-08-10 00:00:00,1.9728660909795368
2021-08-11 00:00:00,1.9728660909795368
2021-08-12 00:00:00,1.9728660909795368
2021-08-13 00:00:00,1.9728660909795368
2021-08-16 00:00:00,1.9728660909795368
2021-08-17 00:00:00,1.9728660909795368
2021-08-18 00:00:00,1.9728660909795368
2021-08-19 00:00:00,1.9728660909795368
2021-08-20 00:00:00,1.9728660909795368
2021-08-23 00:00:00,1.9728660909795368
2021-08-24 00:00:00,1.9728660909795368
2021-08-25 00:00:00,1.9728660909795368
2021-08-26 00:00:00,1.9728660909795368
2021-08-27 00:00:00,1.9728660909795368
2021-08-30 00:00:00,1.9728660909795368
2021-08-31 00:00:00,1.9728660909795368
2021-09-01 00:00:00,1.9728660909795368
2021-09-02 00:00:00,1.9728660909795368
2021-09-03 00:00:00,1.9728660909795368
2021-09-07 00:00:00,1.9728660909795368
2021-09-08 00:00:00,1.9728660909795368
2021-09-09 00:00:00,1.9728660909795368
2021-09-10 00:00:00,1.9728660909795368
2021-09-13 00:00:00,1.9728660909795368
2021-09-14 00:00:00,1.9728660909795368
2021-09-15 00:00:00,1.9728660909795368
2021-09-16 00:00:00,1.9728660909795368
2021-09-17 00:00:00,1.9728660909795368
2021-09-20 00:00:00,1.9728660909795368
2021-09-21 00:00:00,1.9728660909795368
2021-09-22 00:00:00,1.9728660909795368
2021-09-23 00:00:00,1.9728660909795368
2021-09-24 00:00:00,1.9728660909795368
2021-09-27 00:00:00,1.9728660909795368
2021-09-28 00:00:00,1.9728660909795368
2021-09-29 00:00:00,1.9728660909795368
2021-09-30 00:00:00,1.9728660909795368
2021-10-01 00:00:00,1.9728660909795368
2021-10-04 00:00:00,1.9728660909795368
2021-10-05 00:00:00,1.9728660909795368
2021-10-06 00:00:00,1.9728660909795368
2021-10-07 00:00:00,1.9728660909795368
2021-10-08 00:00:00,1.9728660909795368
2021-10-11 00:00:00,1.9728660909795368
2021-10-12 00:00:00,1.9728660909795368
2021-10-13 00:00:00,1.9728660909795368
2021-10-14 00:00:00,1.9728660909795368
2021-10-15 00:00:00,1.9728660909795368
2021-10-18 00:00:00,1.9728660909795368
2021-10-19 00:00:00,1.9728660909795368
2021-10-20 00:00:00,1.9889015089288737
2021-10-21 00:00:00,1.9948216754578467
2021-10-22 00:00:00,1.9976053299184895
2021-10-25 00:00:00,2.008112645347395
2021-10-26 00:00:00,1.9951745330655337
2021-10-27 00:00:00,1.9640838571882129
2021-10-28 00:00:00,1.9950961202638253
2021-10-29 00:00:00,1.9961546930868868
2021-11-01 00:00:00,2.037870303595675
2021-11-02 00:00:00,2.0417517372802334
2021-11-03 00:00:00,2.064648275379042
2021-11-04 00:00:00,2.0579439808329862
2021-11-05 00:00:00,2.0762141636310085
2021-11-08 00:00:00,2.077351149255778
2021-11-09 00:00:00,2.0746851139976976
2021-11-10 00:00:00,2.0561796927945513
2021-11-11 00:00:00,2.067079072231998
2021-11-12 00:00:00,2.0745674947951356
2021-11-15 00:00:00,2.078292102876277
2021-11-16 00:00:00,2.0819775045565647
2021-11-17 00:00:00,2.064452243374771
2021-11-18 00:00:00,2.061903827319253
2021-11-19 00:00:00,2.0527687359202424
2021-11-22 00:00:00,2.055199532773198
2021-11-23 00:00:00,2.0535920703381785
2021-11-24 00:00:00,2.052964767924513
2021-11-26 00:00:00,1.985216107248586
2021-11-29 00:00:00,1.9879213489075207
2021-11-30 00:00:00,1.9360120741766602
2021-12-01 00:00:00,1.9048429854976312
2021-12-02 00:00:00,1.960320042706217
2021-12-03 00:00:00,1.9312288932724568
2021-12-06 00:00:00,1.9720035501607462
2021-12-07 00:00:00,2.005956293300418
2021-12-08 00:00:00,2.016345989526761
2021-12-09 00:00:00,1.9866667440801886
2021-12-10 00:00:00,1.9890583345322903
2021-12-13 00:00:00,1.9686710060881456
2021-12-14 00:00:00,1.9608689323181747
2021-12-15 00:00:00,1.9809818159563404
2021-12-16 00:00:00,1.9547919401857854
2021-12-17 00:00:00,1.945147165575671
2021-12-20 00:00:00,1.8915311988332526
2021-12-21 00:00:00,1.8915311988332526
2021-12-22 00:00:00,1.8915311988332526
2021-12-23 00:00:00,1.8915311988332526
2021-12-27 00:00:00,1.8915311988332526
2021-12-28 00:00:00,1.8915311988332526
2021-12-29 00:00:00,1.8915311988332526
2021-12-30 00:00:00,1.8915311988332526
2021-12-31 00:00:00,1.8915311988332526
2022-01-03 00:00:00,1.8915311988332526
2022-01-04 00:00:00,1.8915311988332526
2022-01-05 00:00:00,1.8915311988332526
2022-01-06 00:00:00,1.8915311988332526
2022-01-07 00:00:00,1.8915311988332526
2022-01-10 00:00:00,1.8915311988332526
2022-01-11 00:00:00,1.8915311988332526
2022-01-12 00:00:00,1.8915311988332526
2022-01-13 00:00:00,1.8915311988332526
2022-01-14 00:00:00,1.8915311988332526
2022-01-18 00:00:00,1.8915311988332526
2022-01-19 00:00:00,1.8915311988332526
2022-01-20 00:00:00,1.8915311988332526
2022-01-21 00:00:00,1.8915311988332526
2022-01-24 00:00:00,1.8915311988332526
2022-01-25 00:00:00,1.8915311988332526
2022-01-26 00:00:00,1.8915311988332526
2022-01-27 00:00:00,1.8915311988332526
2022-01-28 00:00:00,1.8915311988332526
2022-01-31 00:00:00,1.8915311988332526
2022-02-01 00:00:00,1.8915311988332526
2022-02-02 00:00:00,1.8915311988332526
2022-02-03 00:00:00,1.8915311988332526
2022-02-04 00:00:00,1.8915311988332526
2022-02-07 00:00:00,1.8915311988332526
2022-02-08 00:00:00,1.8915311988332526
2022-02-09 00:00:00,1.8915311988332526
2022-02-10 00:00:00,1.8915311988332526
2022-02-11 00:00:00,1.8915311988332526
2022-02-14 00:00:00,1.8915311988332526
2022-02-15 00:00:00,1.8915311988332526
2022-02-16 00:00:00,1.8915311988332526
2022-02-17 00:00:00,1.8915311988332526
2022-02-18 00:00:00,1.8915311988332526
2022-02-22 00:00:00,1.8915311988332526
2022-02-23 00:00:00,1.8915311988332526
2022-02-24 00:00:00,1.8915311988332526
2022-02-25 00:00:00,1.8915311988332526
2022-02-28 00:00:00,1.8915311988332526
2022-03-01 00:00:00,1.8915311988332526
2022-03-02 00:00:00,1.8915311988332526
2022-03-03 00:00:00,1.8915311988332526
2022-03-04 00:00:00,1.8915311988332526
2022-03-07 00:00:00,1.8915311988332526
2022-03-08 00:00:00,1.8915311988332526
2022-03-09 00:00:00,1.8915311988332526
2022-03-10 00:00:00,1.8915311988332526
2022-03-11 00:00:00,1.8915311988332526
2022-03-14 00:00:00,1.8915311988332526
2022-03-15 00:00:00,1.8915311988332526
2022-03-16 00:00:00,1.8915311988332526
2022-03-17 00:00:00,1.8915311988332526
2022-03-18 00:00:00,1.8915311988332526
2022-03-21 00:00:00,1.8915311988332526
2022-03-22 00:00:00,1.8915311988332526
2022-03-23 00:00:00,1.8915311988332526
2022-03-24 00:00:00,1.8915311988332526
2022-03-25 00:00:00,1.8915311988332526
2022-03-28 00:00:00,1.8915311988332526
2022-03-29 00:00:00,1.8915311988332526
2022-03-30 00:00:00,1.8915311988332526
2022-03-31 00:00:00,1.8915311988332526
2022-04-01 00:00:00,1.8915311988332526
2022-04-04 00:00:00,1.8915311988332526
2022-04-05 00:00:00,1.8915311988332526
2022-04-06 00:00:00,1.8915311988332526
2022-04-07 00:00:00,1.8915311988332526
2022-04-08 00:00:00,1.8915311988332526
2022-04-11 00:00:00,1.8915311988332526
2022-04-12 00:00:00,1.8915311988332526
2022-04-13 00:00:00,1.8915311988332526
2022-04-14 00:00:00,1.8915311988332526
2022-04-18 00:00:00,1.8915311988332526
2022-04-19 00:00:00,1.8915311988332526
2022-04-20 00:00:00,1.8915311988332526
2022-04-21 00:00:00,1.8915311988332526
2022-04-22 00:00:00,1.8915311988332526
2022-04-25 00:00:00,1.8915311988332526
2022-04-26 00:00:00,1.8915311988332526
2022-04-27 00:00:00,1.8915311988332526
2022-04-28 00:00:00,1.8915311988332526
2022-04-29 00:00:00,1.8915311988332526
2022-05-02 00:00:00,1.8915311988332526
2022-05-03 00:00:00,1.8915311988332526
2022-05-04 00:00:00,1.8915311988332526
2022-05-05 00:00:00,1.8915311988332526
2022-05-06 00:00:00,1.8915311988332526
2022-05-09 00:00:00,1.8915311988332526
2022-05-10 00:00:00,1.8915311988332526
2022-05-11 00:00:00,1.8915311988332526
2022-05-12 00:00:00,1.8915311988332526
2022-05-13 00:00:00,1.8915311988332526
2022-05-16 00:00:00,1.8915311988332526
2022-05-17 00:00:00,1.8915311988332526
2022-05-18 00:00:00,1.8915311988332526
2022-05-19 00:00:00,1.8915311988332526
2022-05-20 00:00:00,1.8915311988332526
2022-05-23 00:00:00,1.8915311988332526
2022-05-24 00:00:00,1.8915311988332526
2022-05-25 00:00:00,1.8915311988332526
2022-05-26 00:00:00,1.8915311988332526
2022-05-27 00:00:00,1.8915311988332526
2022-05-31 00:00:00,1.8915311988332526
2022-06-01 00:00:00,1.8915311988332526
2022-06-02 00:00:00,1.8915311988332526
2022-06-03 00:00:00,1.8915311988332526
2022-06-06 00:00:00,1.8915311988332526
2022-06-07 00:00:00,1.8915311988332526
2022-06-08 00:00:00,1.8915311988332526
2022-06-09 00:00:00,1.8915311988332526
2022-06-10 00:00:00,1.8915311988332526
2022-06-13 00:00:00,1.8915311988332526
2022-06-14 00:00:00,1.8915311988332526
2022-06-15 00:00:00,1.8915311988332526
2022-06-16 00:00:00,1.8915311988332526
2022-06-17 00:00:00,1.8915311988332526
2022-06-21 00:00:00,1.8915311988332526
2022-06-22 00:00:00,1.8915311988332526
2022-06-23 00:00:00,1.8915311988332526
2022-06-24 00:00:00,1.8915311988332526
2022-06-27 00:00:00,1.8915311988332526
2022-06-28 00:00:00,1.8915311988332526
2022-06-29 00:00:00,1.8915311988332526
2022-06-30 00:00:00,1.8915311988332526
2022-07-01 00:00:00,1.8915311988332526
2022-07-05 00:00:00,1.8915311988332526
2022-07-06 00:00:00,1.8915311988332526
2022-07-07 00:00:00,1.8915311988332526
2022-07-08 00:00:00,1.8915311988332526
2022-07-11 00:00:00,1.8915311988332526
2022-07-12 00:00:00,1.8915311988332526
2022-07-13 00:00:00,1.8915311988332526
2022-07-14 00:00:00,1.8915311988332526
2022-07-15 00:00:00,1.8915311988332526
2022-07-18 00:00:00,1.8915311988332526
2022-07-19 00:00:00,1.8915311988332526
2022-07-20 00:00:00,1.8915311988332526
2022-07-21 00:00:00,1.8915311988332526
2022-07-22 00:00:00,1.8915311988332526
2022-07-25 00:00:00,1.8915311988332526
2022-07-26 00:00:00,1.8915311988332526
2022-07-27 00:00:00,1.8915311988332526
2022-07-28 00:00:00,1.8915311988332526
2022-07-29 00:00:00,1.8915311988332526
2022-08-01 00:00:00,1.8915311988332526
2022-08-02 00:00:00,1.8915311988332526
2022-08-03 00:00:00,1.8915311988332526
2022-08-04 00:00:00,1.8915311988332526
2022-08-05 00:00:00,1.8915311988332526
2022-08-08 00:00:00,1.8915311988332526
2022-08-09 00:00:00,1.8915311988332526
2022-08-10 00:00:00,1.8915311988332526
2022-08-11 00:00:00,1.8915311988332526
2022-08-12 00:00:00,1.8915311988332526
2022-08-15 00:00:00,1.8915311988332526
2022-08-16 00:00:00,1.8915311988332526
2022-08-17 00:00:00,1.8915311988332526
2022-08-18 00:00:00,1.8915311988332526
2022-08-19 00:00:00,1.8915311988332526
2022-08-22 00:00:00,1.8915311988332526
2022-08-23 00:00:00,1.8915311988332526
2022-08-24 00:00:00,1.8915311988332526
2022-08-25 00:00:00,1.8915311988332526
2022-08-26 00:00:00,1.8915311988332526
2022-08-29 00:00:00,1.8915311988332526
2022-08-30 00:00:00,1.8915311988332526
2022-08-31 00:00:00,1.8915311988332526
2022-09-01 00:00:00,1.8915311988332526
2022-09-02 00:00:00,1.8915311988332526
2022-09-06 00:00:00,1.8915311988332526
2022-09-07 00:00:00,1.8915311988332526
2022-09-08 00:00:00,1.8915311988332526
2022-09-09 00:00:00,1.8915311988332526
2022-09-12 00:00:00,1.8915311988332526
2022-09-13 00:00:00,1.8915311988332526
2022-09-14 00:00:00,1.8915311988332526
2022-09-15 00:00:00,1.8915311988332526
2022-09-16 00:00:00,1.8915311988332526
2022-09-19 00:00:00,1.8915311988332526
2022-09-20 00:00:00,1.8915311988332526
2022-09-21 00:00:00,1.8915311988332526
2022-09-22 00:00:00,1.8915311988332526
2022-09-23 00:00:00,1.8915311988332526
2022-09-26 00:00:00,1.8915311988332526
2022-09-27 00:00:00,1.8915311988332526
2022-09-28 00:00:00,1.8915311988332526
2022-09-29 00:00:00,1.8915311988332526
2022-09-30 00:00:00,1.8915311988332526
2022-10-03 00:00:00,1.8915311988332526
2022-10-04 00:00:00,1.8915311988332526
2022-10-05 00:00:00,1.8915311988332526
2022-10-06 00:00:00,1.8915311988332526
2022-10-07 00:00:00,1.8915311988332526
2022-10-10 00:00:00,1.8915311988332526
2022-10-11 00:00:00,1.8915311988332526
2022-10-12 00:00:00,1.8915311988332526
2022-10-13 00:00:00,1.8915311988332526
2022-10-14 00:00:00,1.8915311988332526
2022-10-17 00:00:00,1.8915311988332526
2022-10-18 00:00:00,1.8915311988332526
2022-10-19 00:00:00,1.8915311988332526
2022-10-20 00:00:00,1.8915311988332526
2022-10-21 00:00:00,1.8915311988332526
2022-10-24 00:00:00,1.8915311988332526
2022-10-25 00:00:00,1.8915311988332526
2022-10-26 00:00:00,1.8915311988332526
2022-10-27 00:00:00,1.8915311988332526
2022-10-28 00:00:00,1.8915311988332526
2022-10-31 00:00:00,1.8915311988332526
2022-11-01 00:00:00,1.8915311988332526
2022-11-02 00:00:00,1.8915311988332526
2022-11-03 00:00:00,1.8915311988332526
2022-11-04 00:00:00,1.8915311988332526
2022-11-07 00:00:00,1.8915311988332526
2022-11-08 00:00:00,1.8915311988332526
2022-11-09 00:00:00,1.8915311988332526
2022-11-10 00:00:00,1.9199832022077263
2022-11-11 00:00:00,1.9278402407964932
2022-11-14 00:00:00,1.9144177998740164
2022-11-15 00:00:00,1.9356675178754537
2022-11-16 00:00:00,1.9153404066780004
2022-11-17 00:00:00,1.907780983187293
2022-11-18 00:00:00,1.9166796746192674
2022-11-21 00:00:00,1.9138820926975095
2022-11-22 00:00:00,1.936084179012737
2022-11-23 00:00:00,1.9370067858167213
2022-11-25 00:00:00,1.9441495481701454
2022-11-28 00:00:00,1.9170963357565507
2022-11-29 00:00:00,1.921560562227441
2022-11-30 00:00:00,1.953018478092314
2022-12-01 00:00:00,1.9505482727784214
2022-12-02 00:00:00,1.9518875407196885
2022-12-05 00:00:00,1.9171856202859685
2022-12-06 00:00:00,1.9012036895201814
2022-12-07 00:00:00,1.8995965679906608
2022-12-08 00:00:00,1.9102214269913798
2022-12-09 00:00:00,1.89542995661783
2022-12-12 00:00:00,1.9100130964227382
2022-12-13 00:00:00,1.9179594195409229
2022-12-14 00:00:00,1.9115904564424528
2022-12-15 00:00:00,1.8807277707736982
2022-12-16 00:00:00,1.8623946807332423
2022-12-19 00:00:00,1.8471865492224098
2022-12-20 00:00:00,1.853942411948357
2022-12-21 00:00:00,1.878614703577477
2022-12-22 00:00:00,1.863049433948973
2022-12-23 00:00:00,1.873049301243767
2022-12-27 00:00:00,1.8736742929496917
2022-12-28 00:00:00,1.8513531605952407
2022-12-29 00:00:00,1.8765313978910614
2022-12-30 00:00:00,1.8706088574396804
2023-01-03 00:00:00,1.864448224909852
2023-01-04 00:00:00,1.884477721009246
2023-01-05 00:00:00,1.870787426498516
2023-01-06 00:00:00,1.881650591860553
2023-01-09 00:00:00,1.873542815352035
2023-01-10 00:00:00,1.8908108201273883
2023-01-11 00:00:00,1.9129512867468028
2023-01-12 00:00:00,1.9294786773218586
2023-01-13 00:00:00,1.938405027420179
2023-01-17 00:00:00,1.9344680782501775
2023-01-18 00:00:00,1.9104565862826437
2023-01-19 00:00:00,1.891902251580458
2023-01-20 00:00:00,1.9210590632553208
2023-01-23 00:00:00,1.9444468801068149
2023-01-24 00:00:00,1.9384440071149316
2023-01-25 00:00:00,1.9430825907904778
2023-01-26 00:00:00,1.9585965093019688
2023-01-27 00:00:00,1.9656908137469218
2023-01-30 00:00:00,1.9451095349176075
2023-01-31 00:00:00,1.989468427545941
2023-02-01 00:00:00,2.0196776909791208
2023-02-02 00:00:00,2.0415842794300207
2023-02-03 00:00:00,2.0291107771092234
2023-02-06 00:00:00,2.006931330795057
2023-02-07 00:00:00,2.021314838158726
2023-02-08 00:00:00,1.9984727370337665
2023-02-09 00:00:00,1.975630635908807
2023-02-10 00:00:00,1.9799963617210858
2023-02-13 00:00:00,2.0025656049827782
2023-02-14 00:00:00,2.0035011176568376
2023-02-15 00:00:00,2.0161305387566446
2023-02-16 00:00:00,2.0023707065090153
2023-02-17 00:00:00,1.9998760060448562
2023-02-21 00:00:00,1.953996905321175
2023-02-22 00:00:00,1.956296707311572
2023-02-23 00:00:00,1.9652230574098921
2023-02-24 00:00:00,1.9537630271526598
2023-02-27 00:00:00,1.9584405905229592
2023-02-28 00:00:00,1.9543867022686998
2023-03-01 00:00:00,1.9587914077757314
2023-03-02 00:00:00,1.9697057223064285
2023-03-03 00:00:00,1.988649853956139
2023-03-06 00:00:00,1.96549591527316
2023-03-07 00:00:00,1.9433164689589928
2023-03-08 00:00:00,1.9451874943071124
2023-03-09 00:00:00,1.9008286016787783
2023-03-10 00:00:00,1.849921120332026
2023-03-13 00:00:00,1.8181136894139942
2023-03-14 00:00:00,1.8507396939218286
2023-03-15 00:00:00,1.8125395930643882
2023-03-16 00:00:00,1.8360833286948919
2023-03-17 00:00:00,1.7920362736245783
2023-03-20 00:00:00,1.8199847147621135
2023-03-21 00:00:00,1.8512074502588582
2023-03-22 00:00:00,1.8067705982410194
2023-03-23 00:00:00,1.816583985865005
2023-03-24 00:00:00,1.816583985865005
2023-03-27 00:00:00,1.816583985865005
2023-03-28 00:00:00,1.816583985865005
2023-03-29 00:00:00,1.816583985865005
2023-03-30 00:00:00,1.816583985865005
2023-03-31 00:00:00,1.816583985865005
2023-04-03 00:00:00,1.816583985865005
2023-04-04 00:00:00,1.816583985865005
2023-04-05 00:00:00,1.816583985865005
2023-04-06 00:00:00,1.816583985865005
2023-04-10 00:00:00,1.816583985865005
2023-04-11 00:00:00,1.816583985865005
2023-04-12 00:00:00,1.816583985865005
2023-04-13 00:00:00,1.816583985865005
2023-04-14 00:00:00,1.816583985865005
2023-04-17 00:00:00,1.816583985865005
2023-04-18 00:00:00,1.816583985865005
2023-04-19 00:00:00,1.816583985865005
2023-04-20 00:00:00,1.816583985865005
2023-04-21 00:00:00,1.816583985865005
2023-04-24 00:00:00,1.816583985865005
2023-04-25 00:00:00,1.816583985865005
2023-04-26 00:00:00,1.816583985865005
2023-04-27 00:00:00,1.816583985865005
2023-04-28 00:00:00,1.816583985865005
2023-05-01 00:00:00,1.816583985865005
2023-05-02 00:00:00,1.816583985865005
2023-05-03 00:00:00,1.816583985865005
2023-05-04 00:00:00,1.816583985865005
2023-05-05 00:00:00,1.816583985865005
2023-05-08 00:00:00,1.816583985865005
2023-05-09 00:00:00,1.816583985865005
2023-05-10 00:00:00,1.816583985865005
2023-05-11 00:00:00,1.816583985865005
2023-05-12 00:00:00,1.816583985865005
2023-05-15 00:00:00,1.816583985865005
2023-05-16 00:00:00,1.816583985865005
2023-05-17 00:00:00,1.816583985865005
2023-05-18 00:00:00,1.816583985865005
2023-05-19 00:00:00,1.816583985865005
2023-05-22 00:00:00,1.816583985865005
2023-05-23 00:00:00,1.816583985865005
2023-05-24 00:00:00,1.816583985865005
2023-05-25 00:00:00,1.816583985865005
2023-05-26 00:00:00,1.816583985865005
2023-05-30 00:00:00,1.816583985865005
2023-05-31 00:00:00,1.816583985865005
2023-06-01 00:00:00,1.816583985865005
2023-06-02 00:00:00,1.816583985865005
2023-06-05 00:00:00,1.816583985865005
2023-06-06 00:00:00,1.816583985865005
2023-06-07 00:00:00,1.816583985865005
2023-06-08 00:00:00,1.816583985865005
2023-06-09 00:00:00,1.816583985865005
2023-06-12 00:00:00,1.816583985865005
2023-06-13 00:00:00,1.816583985865005
2023-06-14 00:00:00,1.816583985865005
2023-06-15 00:00:00,1.8415139129491918
2023-06-16 00:00:00,1.827185029625103
2023-06-20 00:00:00,1.8136716112056375
2023-06-21 00:00:00,1.8115747014508925
2023-06-22 00:00:00,1.802060944230292
2023-06-23 00:00:00,1.7809365200343457
2023-06-26 00:00:00,1.796080868263057
2023-06-27 00:00:00,1.82438914995211
2023-06-28 00:00:00,1.8247774665733592
2023-06-29 00:00:00,1.8469503456466778
2023-06-30 00:00:00,1.8596871308236456
2023-07-03 00:00:00,1.8623665155102636
2023-07-05 00:00:00,1.8478434738755507
2023-07-06 00:00:00,1.8270685346387283
2023-07-07 00:00:00,1.8452805841753073
2023-07-10 00:00:00,1.868812571422997
2023-07-11 00:00:00,1.8891215307143203
2023-07-12 00:00:00,1.9033339190520344
2023-07-13 00:00:00,1.9131194979075095
2023-07-14 00:00:00,1.8945579634118066
2023-07-17 00:00:00,1.9072559169266496
2023-07-18 00:00:00,1.9260892730572263
2023-07-19 00:00:00,1.9325353289699603
2023-07-20 00:00:00,1.9217012952371124
2023-07-21 00:00:00,1.9176628023761229
2023-07-24 00:00:00,1.9205363453733655
2023-07-25 00:00:00,1.923875868316107
2023-07-26 00:00:00,1.9339721004685817
2023-07-27 00:00:00,1.910129459923892
2023-07-28 00:00:00,1.9256232931117276
2023-07-31 00:00:00,1.9350982186702037
2023-08-01 00:00:00,1.929778280959092
2023-08-02 00:00:00,1.9074889068993988
2023-08-03 00:00:00,1.901547662594289
2023-08-04 00:00:00,1.902324295836787
2023-08-07 00:00:00,1.9161095358911269
2023-08-08 00:00:00,1.8999167327850428
2023-08-09 00:00:00,1.8905971338750667
2023-08-10 00:00:00,1.8881119074990733
2023-08-11 00:00:00,1.8876847592156991
2023-08-14 00:00:00,1.8908689555099412
2023-08-15 00:00:00,1.8654342168181306
2023-08-16 00:00:00,1.8481152955104247
2023-08-17 00:00:00,1.8241173283172356
2023-08-18 00:00:00,1.8304080575814696
2023-08-21 00:00:00,1.831922492404341
2023-08-22 00:00:00,1.8234960217232372
2023-08-23 00:00:00,1.8439991393251853
2023-08-24 00:00:00,1.824039664992986
2023-08-25 00:00:00,1.831611839107342
2023-08-28 00:00:00,1.847649315564926
2023-08-29 00:00:00,1.873278212567361
2023-08-30 00:00:00,1.8764624088616026
2023-08-31 00:00:00,1.8777826853738495
2023-09-01 00:00:00,1.8966160415044266
2023-09-05 00:00:00,1.8525809366547883
2023-09-06 00:00:00,1.8466785240118033
2023-09-07 00:00:00,1.830835205864844
2023-09-08 00:00:00,1.8293207710419725
2023-09-11 00:00:00,1.8311070274997179
2023-09-12 00:00:00,1.831611839107342
2023-09-13 00:00:00,1.8205836470638699
2023-09-14 00:00:00,1.8446204459191837
2023-09-15 00:00:00,1.819418697200123
2023-09-18 00:00:00,1.8163898275543806
2023-09-19 00:00:00,1.8127396513146397
2023-09-20 00:00:00,1.802488092513666
2023-09-21 00:00:00,1.769869496328749
2023-09-22 00:00:00,1.7677725865740042
2023-09-25 00:00:00,1.779266758562975
2023-09-26 00:00:00,1.750880813549672
2023-09-27 00:00:00,1.7596291055138018
2023-09-28 00:00:00,1.7596291055138018
2023-09-29 00:00:00,1.7596291055138018
2023-10-02 00:00:00,1.7596291055138018
2023-10-03 00:00:00,1.7596291055138018
2023-10-04 00:00:00,1.7596291055138018
2023-10-05 00:00:00,1.7596291055138018
2023-10-06 00:00:00,1.7596291055138018
2023-10-09 00:00:00,1.7596291055138018
2023-10-10 00:00:00,1.7596291055138018
2023-10-11 00:00:00,1.7596291055138018
2023-10-12 00:00:00,1.7596291055138018
2023-10-13 00:00:00,1.7596291055138018
2023-10-16 00:00:00,1.7596291055138018
2023-10-17 00:00:00,1.7596291055138018
2023-10-18 00:00:00,1.7596291055138018
2023-10-19 00:00:00,1.7596291055138018
2023-10-20 00:00:00,1.7596291055138018
2023-10-23 00:00:00,1.7596291055138018
2023-10-24 00:00:00,1.7596291055138018
2023-10-25 00:00:00,1.7596291055138018
2023-10-26 00:00:00,1.7596291055138018
2023-10-27 00:00:00,1.7596291055138018
2023-10-30 00:00:00,1.7596291055138018
2023-10-31 00:00:00,1.7596291055138018
2023-11-01 00:00:00,1.7596291055138018
2023-11-02 00:00:00,1.7596291055138018
2023-11-03 00:00:00,1.7596291055138018
2023-11-06 00:00:00,1.7596291055138018
2023-11-07 00:00:00,1.7596291055138018
2023-11-08 00:00:00,1.7596291055138018
2023-11-09 00:00:00,1.7596291055138018
2023-11-10 00:00:00,1.7596291055138018
2023-11-13 00:00:00,1.7596291055138018
2023-11-14 00:00:00,1.7596291055138018
2023-11-15 00:00:00,1.7596291055138018
2023-11-16 00:00:00,1.7596291055138018
2023-11-17 00:00:00,1.7596291055138018
2023-11-20 00:00:00,1.7596291055138018
2023-11-21 00:00:00,1.7596291055138018
2023-11-22 00:00:00,1.7596291055138018
2023-11-24 00:00:00,1.7596291055138018
2023-11-27 00:00:00,1.7596291055138018
2023-11-28 00:00:00,1.7596291055138018
2023-11-29 00:00:00,1.7596291055138018
2023-11-30 00:00:00,1.7596291055138018
2023-12-01 00:00:00,1.7596291055138018
2023-12-04 00:00:00,1.7596291055138018
2023-12-05 00:00:00,1.7446188823476954
2023-12-06 00:00:00,1.7411493660440942
2023-12-07 00:00:00,1.7509005329184262
2023-12-08 00:00:00,1.7586795536833426
2023-12-11 00:00:00,1.7678098597454512
2023-12-12 00:00:00,1.7649977254783213
2023-12-13 00:00:00,1.809371012940169
2023-12-14 00:00:00,1.85272170612306
2023-12-15 00:00:00,1.8281794434281124
2023-12-18 00:00:00,1.83033419565877
2023-12-19 00:00:00,1.854474724886985
2023-12-20 00:00:00,1.8247464483487594
2023-12-21 00:00:00,1.8501286992014214
2023-12-22 00:00:00,1.8570677318086237
2023-12-26 00:00:00,1.8709823182472773
2023-12-27 00:00:00,1.8720779549747304
2023-12-28 00:00:00,1.8709823182472773
2023-12-29 00:00:00,1.8530138759170476
