date,combined_equity
1971-01-04 00:00:00,1.0
1971-01-05 00:00:00,1.0
1971-01-06 00:00:00,1.0
1971-01-07 00:00:00,1.0
1971-01-08 00:00:00,1.0
1971-01-11 00:00:00,1.0
1971-01-12 00:00:00,1.0
1971-01-13 00:00:00,1.0
1971-01-14 00:00:00,1.0
1971-01-15 00:00:00,1.0
1971-01-18 00:00:00,1.0
1971-01-19 00:00:00,1.0
1971-01-20 00:00:00,1.0
1971-01-21 00:00:00,1.0
1971-01-22 00:00:00,1.0
1971-01-25 00:00:00,1.0
1971-01-26 00:00:00,1.0
1971-01-27 00:00:00,1.0
1971-01-28 00:00:00,1.0
1971-01-29 00:00:00,1.0
1971-02-01 00:00:00,1.0
1971-02-02 00:00:00,1.0
1971-02-03 00:00:00,1.0
1971-02-04 00:00:00,1.0
1971-02-05 00:00:00,1.0
1971-02-08 00:00:00,1.0
1971-02-09 00:00:00,1.0
1971-02-10 00:00:00,1.0
1971-02-11 00:00:00,1.0
1971-02-16 00:00:00,1.0
1971-02-17 00:00:00,1.0
1971-02-18 00:00:00,1.0
1971-02-19 00:00:00,1.0
1971-02-22 00:00:00,1.0
1971-02-23 00:00:00,1.0
1971-02-24 00:00:00,1.0
1971-02-25 00:00:00,1.0
1971-02-26 00:00:00,1.0
1971-03-01 00:00:00,1.0
1971-03-02 00:00:00,1.0
1971-03-03 00:00:00,1.0
1971-03-04 00:00:00,1.0
1971-03-05 00:00:00,1.0
1971-03-08 00:00:00,1.0
1971-03-09 00:00:00,1.0
1971-03-10 00:00:00,1.0
1971-03-11 00:00:00,1.0
1971-03-12 00:00:00,1.0
1971-03-15 00:00:00,1.0
1971-03-16 00:00:00,1.0
1971-03-17 00:00:00,1.0
1971-03-18 00:00:00,1.0
1971-03-19 00:00:00,1.0
1971-03-22 00:00:00,1.0
1971-03-23 00:00:00,1.0
1971-03-24 00:00:00,1.0
1971-03-25 00:00:00,1.0
1971-03-26 00:00:00,1.0
1971-03-29 00:00:00,1.0
1971-03-30 00:00:00,1.0
1971-03-31 00:00:00,1.0
1971-04-01 00:00:00,1.0
1971-04-02 00:00:00,1.0
1971-04-05 00:00:00,1.0
1971-04-06 00:00:00,1.0
1971-04-07 00:00:00,1.0
1971-04-08 00:00:00,1.0
1971-04-09 00:00:00,1.0
1971-04-12 00:00:00,1.0
1971-04-13 00:00:00,1.0
1971-04-14 00:00:00,1.0
1971-04-15 00:00:00,1.0
1971-04-16 00:00:00,1.0
1971-04-19 00:00:00,1.0
1971-04-20 00:00:00,1.0
1971-04-21 00:00:00,1.0
1971-04-22 00:00:00,1.0
1971-04-23 00:00:00,1.0
1971-04-26 00:00:00,1.0
1971-04-27 00:00:00,1.0
1971-04-28 00:00:00,1.0
1971-04-29 00:00:00,0.9998760074395535
1971-04-30 00:00:00,0.9999173382930355
1971-05-03 00:00:00,0.9997520148791071
1971-05-04 00:00:00,0.9995866914651786
1971-05-05 00:00:00,0.9999586691465178
1971-05-06 00:00:00,0.9995866914651786
1971-05-07 00:00:00,0.999710684025625
1971-05-10 00:00:00,0.9987907212233932
1971-05-11 00:00:00,0.9987907212233932
1971-05-12 00:00:00,0.9987907212233932
1971-05-13 00:00:00,0.9987907212233932
1971-05-14 00:00:00,0.9987907212233932
1971-05-17 00:00:00,0.9987907212233932
1971-05-18 00:00:00,0.9987907212233932
1971-05-19 00:00:00,0.9987907212233932
1971-05-20 00:00:00,0.9987907212233932
1971-05-21 00:00:00,0.9987907212233932
1971-05-24 00:00:00,0.9987907212233932
1971-05-25 00:00:00,0.9987907212233932
1971-05-26 00:00:00,0.9987907212233932
1971-05-27 00:00:00,0.9987907212233932
1971-05-28 00:00:00,0.9987907212233932
1971-06-01 00:00:00,0.9987907212233932
1971-06-02 00:00:00,0.9987907212233932
1971-06-03 00:00:00,0.9987907212233932
1971-06-04 00:00:00,0.9987907212233932
1971-06-07 00:00:00,0.9987907212233932
1971-06-08 00:00:00,0.9987907212233932
1971-06-09 00:00:00,0.9987907212233932
1971-06-10 00:00:00,0.9987907212233932
1971-06-11 00:00:00,0.9987907212233932
1971-06-14 00:00:00,0.9984604605897739
1971-06-15 00:00:00,0.9985017431689762
1971-06-16 00:00:00,0.9987494386441906
1971-06-17 00:00:00,0.998584308327381
1971-06-18 00:00:00,0.9986668734857859
1971-06-21 00:00:00,0.9986668734857859
1971-06-22 00:00:00,0.9986255909065835
1971-06-23 00:00:00,0.9988320038025957
1971-06-24 00:00:00,0.9986668734857859
1971-06-25 00:00:00,0.9986668734857859
1971-06-28 00:00:00,0.9984191780105713
1971-06-29 00:00:00,0.9986255909065835
1971-06-30 00:00:00,0.9988732863817981
1971-07-01 00:00:00,0.9986255909065835
1971-07-02 00:00:00,0.9986255909065835
1971-07-06 00:00:00,0.9979544104773946
1971-07-07 00:00:00,0.9979544104773946
1971-07-08 00:00:00,0.9979544104773946
1971-07-09 00:00:00,0.9979544104773946
1971-07-12 00:00:00,0.9979544104773946
1971-07-13 00:00:00,0.9979544104773946
1971-07-14 00:00:00,0.9979544104773946
1971-07-15 00:00:00,0.9979544104773946
1971-07-16 00:00:00,0.9979544104773946
1971-07-19 00:00:00,0.9979544104773946
1971-07-20 00:00:00,0.9979544104773946
1971-07-21 00:00:00,0.9979544104773946
1971-07-22 00:00:00,0.9979544104773946
1971-07-23 00:00:00,0.9980369269657753
1971-07-26 00:00:00,0.9973249582007282
1971-07-27 00:00:00,0.9973249582007282
1971-07-28 00:00:00,0.9973249582007282
1971-07-29 00:00:00,0.9973249582007282
1971-07-30 00:00:00,0.9973249582007282
1971-08-02 00:00:00,0.9973249582007282
1971-08-03 00:00:00,0.9973249582007282
1971-08-04 00:00:00,0.9973249582007282
1971-08-05 00:00:00,0.9973249582007282
1971-08-06 00:00:00,0.9973249582007282
1971-08-09 00:00:00,0.9973249582007282
1971-08-10 00:00:00,0.9973249582007282
1971-08-11 00:00:00,0.9973249582007282
1971-08-12 00:00:00,0.9973249582007282
1971-08-13 00:00:00,0.9973249582007282
1971-08-23 00:00:00,1.0037141034175545
1971-08-24 00:00:00,1.007712471714536
1971-08-25 00:00:00,1.0135657531389832
1971-08-26 00:00:00,1.0190892722296592
1971-08-27 00:00:00,1.0178526634780154
1971-08-30 00:00:00,1.0171931388104718
1971-08-31 00:00:00,1.0113398573860246
1971-09-01 00:00:00,1.0115871791363533
1971-09-02 00:00:00,1.0130298893466043
1971-09-03 00:00:00,1.013606973430705
1971-09-07 00:00:00,1.0133184313886545
1971-09-08 00:00:00,1.0133596516803762
1971-09-09 00:00:00,1.0134833125555402
1971-09-10 00:00:00,1.013689414014148
1971-09-13 00:00:00,1.0141016169313626
1971-09-14 00:00:00,1.0169045967684218
1971-09-15 00:00:00,1.0185121881455586
1971-09-16 00:00:00,1.0185534084372803
1971-09-17 00:00:00,1.0189656113544947
1971-09-20 00:00:00,1.0199136780640883
1971-09-21 00:00:00,1.0195014751468738
1971-09-22 00:00:00,1.019790017188924
1971-09-23 00:00:00,1.0224693361508188
1971-09-24 00:00:00,1.0232937419852481
1971-09-27 00:00:00,1.022386895567376
1971-09-28 00:00:00,1.0215212694412252
1971-09-29 00:00:00,1.023829605777627
1971-09-30 00:00:00,1.0242005884031202
1971-10-01 00:00:00,1.0260555015305857
1971-10-04 00:00:00,1.0259318406554214
1971-10-05 00:00:00,1.0261379421140286
1971-10-06 00:00:00,1.0256432986133712
1971-10-07 00:00:00,1.0261379421140286
1971-10-08 00:00:00,1.0223456752756546
1971-10-12 00:00:00,1.0261791624057504
1971-10-13 00:00:00,1.0260142812388644
1971-10-14 00:00:00,1.02251055644254
1971-10-15 00:00:00,1.0259318406554214
1971-10-18 00:00:00,1.0261379421140286
1971-10-19 00:00:00,1.0260967218223074
1971-10-20 00:00:00,1.0268799073650152
1971-10-21 00:00:00,1.0272508899905082
1971-10-22 00:00:00,1.027498211740837
1971-10-26 00:00:00,1.028034075533216
1971-10-27 00:00:00,1.0282401769918232
1971-10-28 00:00:00,1.0279516349497728
1971-10-29 00:00:00,1.026962347948458
1971-11-01 00:00:00,1.027498211740837
1971-11-03 00:00:00,1.0276218726160011
1971-11-04 00:00:00,1.0275394320325582
1971-11-05 00:00:00,1.0278691943663298
1971-11-08 00:00:00,1.0276630929077228
1971-11-09 00:00:00,1.0274569914491154
1971-11-10 00:00:00,1.0274157711573941
1971-11-11 00:00:00,1.027786753782887
1971-11-12 00:00:00,1.0279104146580516
1971-11-15 00:00:00,1.0276218726160011
1971-11-16 00:00:00,1.0275806523242799
1971-11-17 00:00:00,1.0279516349497728
1971-11-18 00:00:00,1.0278279740746088
1971-11-19 00:00:00,1.0279516349497728
1971-11-22 00:00:00,1.0279104146580516
1971-11-23 00:00:00,1.0279928552414945
1971-11-24 00:00:00,1.0278279740746088
1971-11-26 00:00:00,1.0279104146580516
1971-11-29 00:00:00,1.0279516349497728
1971-11-30 00:00:00,1.0279104146580516
1971-12-01 00:00:00,1.0279928552414945
1971-12-02 00:00:00,1.0276218726160011
1971-12-03 00:00:00,1.0298889886606817
1971-12-06 00:00:00,1.0296004466186313
1971-12-07 00:00:00,1.0309607162454397
1971-12-08 00:00:00,1.0337636960824987
1971-12-09 00:00:00,1.0377208440877592
1971-12-10 00:00:00,1.0380093861298094
1971-12-13 00:00:00,1.038339148463581
1971-12-14 00:00:00,1.0382979281718594
1971-12-15 00:00:00,1.0384215890470239
1971-12-16 00:00:00,1.038627690505631
1971-12-17 00:00:00,1.0425436182191699
1971-12-21 00:00:00,1.0526425896909277
1971-12-22 00:00:00,1.052683809982649
1971-12-23 00:00:00,1.0504991345214119
1971-12-24 00:00:00,1.05016937218764
1971-12-27 00:00:00,1.0503754736462474
1971-12-28 00:00:00,1.050004491020754
1971-12-29 00:00:00,1.0500457113124757
1971-12-30 00:00:00,1.052601369399206
1971-12-31 00:00:00,1.0519418447316629
1972-01-03 00:00:00,1.0519418447316629
1972-01-04 00:00:00,1.051323540355841
1972-01-05 00:00:00,1.0515296418144482
1972-01-06 00:00:00,1.0511998794806763
1972-01-07 00:00:00,1.0511998794806763
1972-01-10 00:00:00,1.0510349983137905
1972-01-11 00:00:00,1.050705235980019
1972-01-12 00:00:00,1.0512823200641193
1972-01-13 00:00:00,1.0528074708578135
1972-01-14 00:00:00,1.0601859030759548
1972-01-17 00:00:00,1.0655445409997446
1972-01-18 00:00:00,1.0634835264136717
1972-01-19 00:00:00,1.063524746705393
1972-01-20 00:00:00,1.0641018307894936
1972-01-21 00:00:00,1.0644728134149866
1972-01-24 00:00:00,1.0664926077093384
1972-01-25 00:00:00,1.0677292164609822
1972-01-26 00:00:00,1.067358233835489
1972-01-27 00:00:00,1.0677292164609822
1972-01-28 00:00:00,1.068182639669918
1972-01-31 00:00:00,1.0691307063795117
1972-02-01 00:00:00,1.0716451441745207
1972-02-02 00:00:00,1.0744893443033017
1972-02-03 00:00:00,1.0736237181771509
1972-02-04 00:00:00,1.0717275847579637
1972-02-07 00:00:00,1.072922973217886
1972-02-08 00:00:00,1.0732527355516575
1972-02-09 00:00:00,1.0737885993440368
1972-02-10 00:00:00,1.07415958196953
1972-02-11 00:00:00,1.073994700802644
1972-02-14 00:00:00,1.0697490107553336
1972-02-15 00:00:00,1.0691307063795117
1972-02-16 00:00:00,1.0735824978854291
1972-02-17 00:00:00,1.0737885993440368
1972-02-18 00:00:00,1.073994700802644
1972-02-22 00:00:00,1.0737885993440368
1972-02-23 00:00:00,1.074283242844694
1972-02-24 00:00:00,1.074613005178466
1972-02-25 00:00:00,1.0739534805109225
1972-02-28 00:00:00,1.074077141386087
1972-02-29 00:00:00,1.07415958196953
1972-03-01 00:00:00,1.0741183616778083
1972-03-02 00:00:00,1.0741183616778083
1972-03-03 00:00:00,1.074901547220516
1972-03-06 00:00:00,1.0763442574307673
1972-03-07 00:00:00,1.0805075068946348
1972-03-08 00:00:00,1.082321199730379
1972-03-09 00:00:00,1.089864513115406
1972-03-10 00:00:00,1.0885866840720406
1972-03-13 00:00:00,1.0876798376541688
1972-03-14 00:00:00,1.0836814693571872
1972-03-15 00:00:00,1.0803838460194704
1972-03-16 00:00:00,1.0799716431022557
1972-03-17 00:00:00,1.0758496139301095
1972-03-20 00:00:00,1.0760557153887171
1972-03-21 00:00:00,1.0789411358092194
1972-03-22 00:00:00,1.0786525937671692
1972-03-23 00:00:00,1.075684732763224
1972-03-24 00:00:00,1.0744069037198587
1972-03-27 00:00:00,1.07613815597216
1972-03-28 00:00:00,1.0779106285161828
1972-03-29 00:00:00,1.0783228314333972
1972-03-30 00:00:00,1.0779930690996258
1972-03-31 00:00:00,1.0784464923085615
1972-04-03 00:00:00,1.0783228314333972
1972-04-04 00:00:00,1.0770037820983107
1972-04-05 00:00:00,1.076674019764539
1972-04-06 00:00:00,1.0755610718880595
1972-04-07 00:00:00,1.0753549704294523
1972-04-10 00:00:00,1.0751076486791236
1972-04-11 00:00:00,1.0764679183059316
1972-04-12 00:00:00,1.076880121223146
1972-04-13 00:00:00,1.0759320545135524
1972-04-14 00:00:00,1.0752725298460093
1972-04-17 00:00:00,1.0751076486791236
1972-04-18 00:00:00,1.0745305645950227
1972-04-19 00:00:00,1.0745305645950227
1972-04-20 00:00:00,1.0755610718880595
1972-04-21 00:00:00,1.0751900892625663
1972-04-24 00:00:00,1.0758083936383882
1972-04-25 00:00:00,1.0763030371390458
1972-04-26 00:00:00,1.0762618168473244
1972-04-27 00:00:00,1.076509138597653
1972-04-28 00:00:00,1.0762618168473244
1972-05-01 00:00:00,1.0762618168473244
1972-05-02 00:00:00,1.0761793762638812
1972-05-03 00:00:00,1.0764679183059316
1972-05-04 00:00:00,1.0763442574307673
1972-05-05 00:00:00,1.0760557153887171
1972-05-08 00:00:00,1.07613815597216
1972-05-09 00:00:00,1.0774572053072466
1972-05-10 00:00:00,1.0779930690996258
1972-05-11 00:00:00,1.0770037820983107
1972-05-12 00:00:00,1.0770862226817535
1972-05-15 00:00:00,1.0767564603479818
1972-05-16 00:00:00,1.0763854777224888
1972-05-17 00:00:00,1.0773335444320824
1972-05-18 00:00:00,1.077292324140361
1972-05-19 00:00:00,1.0771686632651964
1972-05-22 00:00:00,1.077209883556918
1972-05-23 00:00:00,1.0770037820983107
1972-05-24 00:00:00,1.077209883556918
1972-05-25 00:00:00,1.076509138597653
1972-05-26 00:00:00,1.0769213415148677
1972-05-30 00:00:00,1.076880121223146
1972-05-31 00:00:00,1.0770862226817535
1972-06-01 00:00:00,1.076880121223146
1972-06-02 00:00:00,1.0765503588893743
1972-06-05 00:00:00,1.07642669801421
1972-06-06 00:00:00,1.0762205965556029
1972-06-07 00:00:00,1.0764679183059316
1972-06-08 00:00:00,1.0763442574307673
1972-06-09 00:00:00,1.0763442574307673
1972-06-12 00:00:00,1.074613005178466
1972-06-13 00:00:00,1.0748603269287946
1972-06-14 00:00:00,1.0750252080956806
1972-06-15 00:00:00,1.0720573470917354
1972-06-16 00:00:00,1.0681414193781966
1972-06-19 00:00:00,1.0680177585030324
1972-06-20 00:00:00,1.0655445409997446
1972-06-21 00:00:00,1.0618347147448133
1972-06-22 00:00:00,1.0601859030759548
1972-06-23 00:00:00,1.0305072930365036
1972-06-26 00:00:00,1.038246052434728
1972-06-27 00:00:00,1.038246052434728
1972-06-28 00:00:00,1.038246052434728
1972-06-29 00:00:00,1.038246052434728
1972-06-30 00:00:00,1.038246052434728
1972-07-03 00:00:00,1.038246052434728
1972-07-05 00:00:00,1.038246052434728
1972-07-06 00:00:00,1.038246052434728
1972-07-07 00:00:00,1.038246052434728
1972-07-10 00:00:00,1.038246052434728
1972-07-11 00:00:00,1.038246052434728
1972-07-12 00:00:00,1.038246052434728
1972-07-13 00:00:00,1.038246052434728
1972-07-14 00:00:00,1.038246052434728
1972-07-17 00:00:00,1.038246052434728
1972-07-18 00:00:00,1.038246052434728
1972-07-19 00:00:00,1.038246052434728
1972-07-20 00:00:00,1.038246052434728
1972-07-21 00:00:00,1.038246052434728
1972-07-24 00:00:00,1.038246052434728
1972-07-25 00:00:00,1.038246052434728
1972-07-26 00:00:00,1.038246052434728
1972-07-27 00:00:00,1.038246052434728
1972-07-28 00:00:00,1.038246052434728
1972-07-31 00:00:00,1.038246052434728
1972-08-01 00:00:00,1.038246052434728
1972-08-02 00:00:00,1.038246052434728
1972-08-03 00:00:00,1.038246052434728
1972-08-04 00:00:00,1.038246052434728
1972-08-07 00:00:00,1.038246052434728
1972-08-08 00:00:00,1.038246052434728
1972-08-09 00:00:00,1.038246052434728
1972-08-10 00:00:00,1.038246052434728
1972-08-11 00:00:00,1.038246052434728
1972-08-14 00:00:00,1.038246052434728
1972-08-15 00:00:00,1.038246052434728
1972-08-16 00:00:00,1.038246052434728
1972-08-17 00:00:00,1.038246052434728
1972-08-18 00:00:00,1.038246052434728
1972-08-21 00:00:00,1.038246052434728
1972-08-22 00:00:00,1.038246052434728
1972-08-23 00:00:00,1.038246052434728
1972-08-24 00:00:00,1.038246052434728
1972-08-25 00:00:00,1.038246052434728
1972-08-28 00:00:00,1.038246052434728
1972-08-29 00:00:00,1.038246052434728
1972-08-30 00:00:00,1.038246052434728
1972-08-31 00:00:00,1.038246052434728
1972-09-01 00:00:00,1.038246052434728
1972-09-05 00:00:00,1.038246052434728
1972-09-06 00:00:00,1.038246052434728
1972-09-07 00:00:00,1.038246052434728
1972-09-08 00:00:00,1.038246052434728
1972-09-11 00:00:00,1.038246052434728
1972-09-12 00:00:00,1.038246052434728
1972-09-13 00:00:00,1.038246052434728
1972-09-14 00:00:00,1.038246052434728
1972-09-15 00:00:00,1.038246052434728
1972-09-18 00:00:00,1.038246052434728
1972-09-19 00:00:00,1.038246052434728
1972-09-20 00:00:00,1.038246052434728
1972-09-21 00:00:00,1.038246052434728
1972-09-22 00:00:00,1.038246052434728
1972-09-25 00:00:00,1.038246052434728
1972-09-26 00:00:00,1.038246052434728
1972-09-27 00:00:00,1.038246052434728
1972-09-28 00:00:00,1.038246052434728
1972-09-29 00:00:00,1.038246052434728
1972-10-02 00:00:00,1.038246052434728
1972-10-03 00:00:00,1.038246052434728
1972-10-04 00:00:00,1.038246052434728
1972-10-05 00:00:00,1.038246052434728
1972-10-06 00:00:00,1.038246052434728
1972-10-10 00:00:00,1.038246052434728
1972-10-11 00:00:00,1.038246052434728
1972-10-12 00:00:00,1.038246052434728
1972-10-13 00:00:00,1.038246052434728
1972-10-16 00:00:00,1.038246052434728
1972-10-17 00:00:00,1.038246052434728
1972-10-18 00:00:00,1.038246052434728
1972-10-19 00:00:00,1.038246052434728
1972-10-20 00:00:00,1.038246052434728
1972-10-24 00:00:00,1.038246052434728
1972-10-25 00:00:00,1.038246052434728
1972-10-26 00:00:00,1.038246052434728
1972-10-27 00:00:00,1.038246052434728
1972-10-30 00:00:00,1.038246052434728
1972-10-31 00:00:00,1.038246052434728
1972-11-01 00:00:00,1.038246052434728
1972-11-02 00:00:00,1.038246052434728
1972-11-03 00:00:00,1.038246052434728
1972-11-06 00:00:00,1.038246052434728
1972-11-08 00:00:00,1.038246052434728
1972-11-09 00:00:00,1.038246052434728
1972-11-10 00:00:00,1.038246052434728
1972-11-13 00:00:00,1.038246052434728
1972-11-14 00:00:00,1.038246052434728
1972-11-15 00:00:00,1.038246052434728
1972-11-16 00:00:00,1.038246052434728
1972-11-17 00:00:00,1.038246052434728
1972-11-20 00:00:00,1.038246052434728
1972-11-21 00:00:00,1.038246052434728
1972-11-22 00:00:00,1.038246052434728
1972-11-24 00:00:00,1.038246052434728
1972-11-27 00:00:00,1.038246052434728
1972-11-28 00:00:00,1.038246052434728
1972-11-29 00:00:00,1.038246052434728
1972-11-30 00:00:00,1.038246052434728
1972-12-01 00:00:00,1.038246052434728
1972-12-04 00:00:00,1.038246052434728
1972-12-05 00:00:00,1.038246052434728
1972-12-06 00:00:00,1.038246052434728
1972-12-07 00:00:00,1.038246052434728
1972-12-08 00:00:00,1.038246052434728
1972-12-11 00:00:00,1.038246052434728
1972-12-12 00:00:00,1.038246052434728
1972-12-13 00:00:00,1.038246052434728
1972-12-14 00:00:00,1.038246052434728
1972-12-15 00:00:00,1.038246052434728
1972-12-18 00:00:00,1.038246052434728
1972-12-19 00:00:00,1.038246052434728
1972-12-20 00:00:00,1.038246052434728
1972-12-21 00:00:00,1.038246052434728
1972-12-22 00:00:00,1.038246052434728
1972-12-26 00:00:00,1.038246052434728
1972-12-27 00:00:00,1.038246052434728
1972-12-28 00:00:00,1.038246052434728
1972-12-29 00:00:00,1.038246052434728
1973-01-02 00:00:00,1.038246052434728
1973-01-03 00:00:00,1.038246052434728
1973-01-04 00:00:00,1.038246052434728
1973-01-05 00:00:00,1.038246052434728
1973-01-08 00:00:00,1.038246052434728
1973-01-09 00:00:00,1.038246052434728
1973-01-10 00:00:00,1.038246052434728
1973-01-11 00:00:00,1.038246052434728
1973-01-12 00:00:00,1.038246052434728
1973-01-15 00:00:00,1.038246052434728
1973-01-16 00:00:00,1.038246052434728
1973-01-17 00:00:00,1.038246052434728
1973-01-18 00:00:00,1.038246052434728
1973-01-19 00:00:00,1.038246052434728
1973-01-22 00:00:00,1.038246052434728
1973-01-23 00:00:00,1.038246052434728
1973-01-24 00:00:00,1.038246052434728
1973-01-25 00:00:00,1.038246052434728
1973-01-26 00:00:00,1.038246052434728
1973-01-29 00:00:00,1.038246052434728
1973-01-30 00:00:00,1.038246052434728
1973-01-31 00:00:00,1.038246052434728
1973-02-01 00:00:00,1.0402885815090122
1973-02-02 00:00:00,1.0402885815090122
1973-02-05 00:00:00,1.0402885815090122
1973-02-06 00:00:00,1.0402885815090122
1973-02-07 00:00:00,1.0402885815090122
1973-02-08 00:00:00,1.0402885815090122
1973-02-09 00:00:00,1.0402885815090122
1973-02-13 00:00:00,1.0402885815090122
1973-02-14 00:00:00,1.0402885815090122
1973-02-15 00:00:00,1.0402885815090122
1973-02-16 00:00:00,1.0402885815090122
1973-02-20 00:00:00,1.0402885815090122
1973-02-21 00:00:00,1.0402885815090122
1973-02-22 00:00:00,1.0402885815090122
1973-02-23 00:00:00,1.0402885815090122
1973-02-26 00:00:00,1.0402885815090122
1973-02-27 00:00:00,1.0402885815090122
1973-02-28 00:00:00,1.0402885815090122
1973-03-01 00:00:00,1.0402885815090122
1973-03-02 00:00:00,1.0402885815090122
1973-03-05 00:00:00,1.0402885815090122
1973-03-06 00:00:00,1.0402885815090122
1973-03-07 00:00:00,1.0402885815090122
1973-03-08 00:00:00,1.0402885815090122
1973-03-09 00:00:00,1.0402885815090122
1973-03-12 00:00:00,1.0402885815090122
1973-03-13 00:00:00,1.0402885815090122
1973-03-14 00:00:00,1.0402885815090122
1973-03-15 00:00:00,1.0402885815090122
1973-03-16 00:00:00,1.0402885815090122
1973-03-19 00:00:00,1.0402885815090122
1973-03-20 00:00:00,1.0402885815090122
1973-03-21 00:00:00,1.0402885815090122
1973-03-22 00:00:00,1.0402885815090122
1973-03-23 00:00:00,1.0402885815090122
1973-03-26 00:00:00,1.0402885815090122
1973-03-27 00:00:00,1.0402885815090122
1973-03-28 00:00:00,1.0402885815090122
1973-03-29 00:00:00,1.0402885815090122
1973-03-30 00:00:00,1.0402885815090122
1973-04-02 00:00:00,1.0402885815090122
1973-04-03 00:00:00,1.0402885815090122
1973-04-04 00:00:00,1.0402885815090122
1973-04-05 00:00:00,1.0402885815090122
1973-04-06 00:00:00,1.0402885815090122
1973-04-09 00:00:00,1.0402885815090122
1973-04-10 00:00:00,1.0402885815090122
1973-04-11 00:00:00,1.0402885815090122
1973-04-12 00:00:00,1.0402885815090122
1973-04-13 00:00:00,1.0402885815090122
1973-04-16 00:00:00,1.0402885815090122
1973-04-17 00:00:00,1.0402885815090122
1973-04-18 00:00:00,1.0402885815090122
1973-04-19 00:00:00,1.0402885815090122
1973-04-20 00:00:00,1.0402885815090122
1973-04-23 00:00:00,1.0402885815090122
1973-04-24 00:00:00,1.0402885815090122
1973-04-25 00:00:00,1.0402885815090122
1973-04-26 00:00:00,1.0402885815090122
1973-04-27 00:00:00,1.0402885815090122
1973-04-30 00:00:00,1.0402885815090122
1973-05-01 00:00:00,1.0402885815090122
1973-05-02 00:00:00,1.0402885815090122
1973-05-03 00:00:00,1.0402885815090122
1973-05-04 00:00:00,1.0402885815090122
1973-05-07 00:00:00,1.0402885815090122
1973-05-08 00:00:00,1.0402885815090122
1973-05-09 00:00:00,1.0402885815090122
1973-05-10 00:00:00,1.0402885815090122
1973-05-11 00:00:00,1.0402885815090122
1973-05-14 00:00:00,1.0402885815090122
1973-05-15 00:00:00,1.0402885815090122
1973-05-16 00:00:00,1.0402885815090122
1973-05-17 00:00:00,1.0402885815090122
1973-05-18 00:00:00,1.0402885815090122
1973-05-21 00:00:00,1.0402885815090122
1973-05-22 00:00:00,1.0402885815090122
1973-05-23 00:00:00,1.0402885815090122
1973-05-24 00:00:00,1.0402885815090122
1973-05-25 00:00:00,1.0402885815090122
1973-05-29 00:00:00,1.0402885815090122
1973-05-30 00:00:00,1.0402885815090122
1973-05-31 00:00:00,1.0402885815090122
1973-06-01 00:00:00,1.0402885815090122
1973-06-04 00:00:00,1.0402885815090122
1973-06-05 00:00:00,1.0402885815090122
1973-06-06 00:00:00,1.0402885815090122
1973-06-07 00:00:00,1.0402885815090122
1973-06-08 00:00:00,1.0402885815090122
1973-06-11 00:00:00,1.0402885815090122
1973-06-12 00:00:00,1.0402885815090122
1973-06-13 00:00:00,1.0402885815090122
1973-06-14 00:00:00,1.0402885815090122
1973-06-15 00:00:00,1.0402885815090122
1973-06-18 00:00:00,1.0402885815090122
1973-06-19 00:00:00,1.0402885815090122
1973-06-20 00:00:00,1.0402885815090122
1973-06-21 00:00:00,1.0402885815090122
1973-06-22 00:00:00,1.0402885815090122
1973-06-25 00:00:00,1.0402885815090122
1973-06-26 00:00:00,1.0402885815090122
1973-06-27 00:00:00,1.0402885815090122
1973-06-28 00:00:00,1.0402885815090122
1973-06-29 00:00:00,1.0402885815090122
1973-07-02 00:00:00,1.0402885815090122
1973-07-03 00:00:00,1.0402885815090122
1973-07-05 00:00:00,1.0402885815090122
1973-07-06 00:00:00,1.0402885815090122
1973-07-09 00:00:00,1.0402885815090122
1973-07-10 00:00:00,1.0402885815090122
1973-07-11 00:00:00,1.0402885815090122
1973-07-12 00:00:00,1.0402885815090122
1973-07-13 00:00:00,1.0402885815090122
1973-07-16 00:00:00,1.0402885815090122
1973-07-17 00:00:00,1.0402885815090122
1973-07-18 00:00:00,1.0402885815090122
1973-07-19 00:00:00,1.0402885815090122
1973-07-20 00:00:00,1.0402885815090122
1973-07-23 00:00:00,1.0402885815090122
1973-07-24 00:00:00,1.0402885815090122
1973-07-25 00:00:00,1.0402885815090122
1973-07-26 00:00:00,1.0402885815090122
1973-07-27 00:00:00,1.0402885815090122
1973-07-30 00:00:00,1.0402885815090122
1973-07-31 00:00:00,1.0402885815090122
1973-08-01 00:00:00,1.0402885815090122
1973-08-02 00:00:00,1.0402885815090122
1973-08-03 00:00:00,1.0402885815090122
1973-08-06 00:00:00,1.0402885815090122
1973-08-07 00:00:00,1.0402885815090122
1973-08-08 00:00:00,1.0402885815090122
1973-08-09 00:00:00,1.0402885815090122
1973-08-10 00:00:00,1.0402885815090122
1973-08-13 00:00:00,1.0402885815090122
1973-08-14 00:00:00,1.0402885815090122
1973-08-15 00:00:00,1.0402885815090122
1973-08-16 00:00:00,1.0402885815090122
1973-08-17 00:00:00,1.0402885815090122
1973-08-20 00:00:00,1.0402885815090122
1973-08-21 00:00:00,1.0402885815090122
1973-08-22 00:00:00,1.0402885815090122
1973-08-23 00:00:00,1.0402885815090122
1973-08-24 00:00:00,1.0402885815090122
1973-08-27 00:00:00,1.0402885815090122
1973-08-28 00:00:00,1.0402885815090122
1973-08-29 00:00:00,1.0402885815090122
1973-08-30 00:00:00,1.0402885815090122
1973-08-31 00:00:00,1.0402885815090122
1973-09-04 00:00:00,1.0402885815090122
1973-09-05 00:00:00,1.0402885815090122
1973-09-06 00:00:00,1.0402885815090122
1973-09-07 00:00:00,1.0402885815090122
1973-09-10 00:00:00,1.0402885815090122
1973-09-11 00:00:00,1.0402885815090122
1973-09-12 00:00:00,1.0402885815090122
1973-09-13 00:00:00,1.0402885815090122
1973-09-14 00:00:00,1.0402885815090122
1973-09-17 00:00:00,1.0402885815090122
1973-09-18 00:00:00,1.0402885815090122
1973-09-19 00:00:00,1.0402885815090122
1973-09-20 00:00:00,1.0402885815090122
1973-09-21 00:00:00,1.0402885815090122
1973-09-24 00:00:00,1.0402885815090122
1973-09-25 00:00:00,1.0402885815090122
1973-09-26 00:00:00,1.0402885815090122
1973-09-27 00:00:00,1.0402885815090122
1973-09-28 00:00:00,1.0402885815090122
1973-10-01 00:00:00,1.0402885815090122
1973-10-02 00:00:00,1.0402885815090122
1973-10-03 00:00:00,1.0402885815090122
1973-10-04 00:00:00,1.0402885815090122
1973-10-05 00:00:00,1.0402885815090122
1973-10-09 00:00:00,1.0402885815090122
1973-10-10 00:00:00,1.0402885815090122
1973-10-11 00:00:00,1.0402885815090122
1973-10-12 00:00:00,1.0402885815090122
1973-10-15 00:00:00,1.0402885815090122
1973-10-16 00:00:00,1.0402885815090122
1973-10-17 00:00:00,1.0402885815090122
1973-10-18 00:00:00,1.0402885815090122
1973-10-19 00:00:00,1.0402885815090122
1973-10-23 00:00:00,1.0402885815090122
1973-10-24 00:00:00,1.0402885815090122
1973-10-25 00:00:00,1.0402885815090122
1973-10-26 00:00:00,1.0402885815090122
1973-10-29 00:00:00,1.0402885815090122
1973-10-30 00:00:00,1.0402885815090122
1973-10-31 00:00:00,1.0402885815090122
1973-11-01 00:00:00,1.0402885815090122
1973-11-02 00:00:00,1.0402885815090122
1973-11-05 00:00:00,1.0402885815090122
1973-11-07 00:00:00,1.0402885815090122
1973-11-08 00:00:00,1.0402885815090122
1973-11-09 00:00:00,1.0402885815090122
1973-11-12 00:00:00,1.0402885815090122
1973-11-13 00:00:00,1.0402885815090122
1973-11-14 00:00:00,1.0402885815090122
1973-11-15 00:00:00,1.0402885815090122
1973-11-16 00:00:00,1.0402885815090122
1973-11-19 00:00:00,1.0402885815090122
1973-11-20 00:00:00,1.0402885815090122
1973-11-21 00:00:00,1.0402885815090122
1973-11-23 00:00:00,1.0402885815090122
1973-11-26 00:00:00,1.0402885815090122
1973-11-27 00:00:00,1.0402885815090122
1973-11-28 00:00:00,1.0402885815090122
1973-11-29 00:00:00,1.0402885815090122
1973-11-30 00:00:00,1.0402885815090122
1973-12-03 00:00:00,1.0402885815090122
1973-12-04 00:00:00,1.0402885815090122
1973-12-05 00:00:00,1.0402885815090122
1973-12-06 00:00:00,1.0402885815090122
1973-12-07 00:00:00,1.0402885815090122
1973-12-10 00:00:00,1.0402885815090122
1973-12-11 00:00:00,1.0402885815090122
1973-12-12 00:00:00,1.0402885815090122
1973-12-13 00:00:00,1.0402885815090122
1973-12-14 00:00:00,1.0402885815090122
1973-12-17 00:00:00,1.0402885815090122
1973-12-18 00:00:00,1.0402885815090122
1973-12-19 00:00:00,1.0402885815090122
1973-12-20 00:00:00,1.0402885815090122
1973-12-21 00:00:00,1.0402885815090122
1973-12-24 00:00:00,1.0402885815090122
1973-12-26 00:00:00,1.0402885815090122
1973-12-27 00:00:00,1.0402885815090122
1973-12-28 00:00:00,1.0402885815090122
1973-12-31 00:00:00,1.0402885815090122
1974-01-02 00:00:00,1.0402885815090122
1974-01-03 00:00:00,1.0402885815090122
1974-01-04 00:00:00,1.0402885815090122
1974-01-07 00:00:00,1.0402885815090122
1974-01-08 00:00:00,1.0402885815090122
1974-01-09 00:00:00,1.0402885815090122
1974-01-10 00:00:00,1.0402885815090122
1974-01-11 00:00:00,1.0402885815090122
1974-01-14 00:00:00,1.0402885815090122
1974-01-15 00:00:00,1.0402885815090122
1974-01-16 00:00:00,1.0402885815090122
1974-01-17 00:00:00,1.0402885815090122
1974-01-18 00:00:00,1.0402885815090122
1974-01-21 00:00:00,1.0402885815090122
1974-01-22 00:00:00,1.0402885815090122
1974-01-23 00:00:00,1.0402885815090122
1974-01-24 00:00:00,1.0402885815090122
1974-01-25 00:00:00,1.0402885815090122
1974-01-28 00:00:00,1.0402885815090122
1974-01-29 00:00:00,1.0402885815090122
1974-01-30 00:00:00,1.0402885815090122
1974-01-31 00:00:00,1.0402885815090122
1974-02-01 00:00:00,1.0402885815090122
1974-02-04 00:00:00,1.0402885815090122
1974-02-05 00:00:00,1.0402885815090122
1974-02-06 00:00:00,1.0402885815090122
1974-02-07 00:00:00,1.0402885815090122
1974-02-08 00:00:00,1.0402885815090122
1974-02-11 00:00:00,1.0402885815090122
1974-02-13 00:00:00,1.0402885815090122
1974-02-14 00:00:00,1.0402885815090122
1974-02-15 00:00:00,1.0402885815090122
1974-02-19 00:00:00,1.0402885815090122
1974-02-20 00:00:00,1.0402885815090122
1974-02-21 00:00:00,1.0402885815090122
1974-02-22 00:00:00,1.0402885815090122
1974-02-25 00:00:00,1.0402885815090122
1974-02-26 00:00:00,1.0402885815090122
1974-02-27 00:00:00,1.0402885815090122
1974-02-28 00:00:00,1.0402885815090122
1974-03-01 00:00:00,1.0402885815090122
1974-03-04 00:00:00,1.0402885815090122
1974-03-05 00:00:00,1.0602848265323443
1974-03-06 00:00:00,1.0602848265323443
1974-03-07 00:00:00,1.0602848265323443
1974-03-08 00:00:00,1.0602848265323443
1974-03-11 00:00:00,1.0602848265323443
1974-03-12 00:00:00,1.0602848265323443
1974-03-13 00:00:00,1.0602848265323443
1974-03-14 00:00:00,1.0602848265323443
1974-03-15 00:00:00,1.0602848265323443
1974-03-18 00:00:00,1.0602848265323443
1974-03-19 00:00:00,1.0602848265323443
1974-03-20 00:00:00,1.0602848265323443
1974-03-21 00:00:00,1.0602848265323443
1974-03-22 00:00:00,1.0602848265323443
1974-03-25 00:00:00,1.0602848265323443
1974-03-26 00:00:00,1.0602848265323443
1974-03-27 00:00:00,1.0602848265323443
1974-03-28 00:00:00,1.0602848265323443
1974-03-29 00:00:00,1.0602848265323443
1974-04-01 00:00:00,1.0602848265323443
1974-04-02 00:00:00,1.0602848265323443
1974-04-03 00:00:00,1.0602848265323443
1974-04-04 00:00:00,1.0602848265323443
1974-04-05 00:00:00,1.0602848265323443
1974-04-08 00:00:00,1.0602848265323443
1974-04-09 00:00:00,1.0602848265323443
1974-04-10 00:00:00,1.0602848265323443
1974-04-11 00:00:00,1.0602848265323443
1974-04-12 00:00:00,1.0602848265323443
1974-04-15 00:00:00,1.0602848265323443
1974-04-16 00:00:00,1.0602848265323443
1974-04-17 00:00:00,1.0602848265323443
1974-04-18 00:00:00,1.0602848265323443
1974-04-19 00:00:00,1.0602848265323443
1974-04-22 00:00:00,1.0602848265323443
1974-04-23 00:00:00,1.0602848265323443
1974-04-24 00:00:00,1.0602848265323443
1974-04-25 00:00:00,1.0602848265323443
1974-04-26 00:00:00,1.0602848265323443
1974-04-29 00:00:00,1.0602848265323443
1974-04-30 00:00:00,1.0602848265323443
1974-05-01 00:00:00,1.0602848265323443
1974-05-02 00:00:00,1.0602848265323443
1974-05-03 00:00:00,1.0602848265323443
1974-05-06 00:00:00,1.0602848265323443
1974-05-07 00:00:00,1.0602848265323443
1974-05-08 00:00:00,1.0602848265323443
1974-05-09 00:00:00,1.0602848265323443
1974-05-10 00:00:00,1.0602848265323443
1974-05-13 00:00:00,1.0602848265323443
1974-05-14 00:00:00,1.0602848265323443
1974-05-15 00:00:00,1.0602848265323443
1974-05-16 00:00:00,1.0602848265323443
1974-05-17 00:00:00,1.0602848265323443
1974-05-20 00:00:00,1.0602848265323443
1974-05-21 00:00:00,1.0602848265323443
1974-05-22 00:00:00,1.0602848265323443
1974-05-23 00:00:00,1.0602848265323443
1974-05-24 00:00:00,1.0602848265323443
1974-05-28 00:00:00,1.0602848265323443
1974-05-29 00:00:00,1.0602848265323443
1974-05-30 00:00:00,1.0602848265323443
1974-05-31 00:00:00,1.0602848265323443
1974-06-03 00:00:00,1.0602848265323443
1974-06-04 00:00:00,1.0602848265323443
1974-06-05 00:00:00,1.0602848265323443
1974-06-06 00:00:00,1.0602848265323443
1974-06-07 00:00:00,1.0602848265323443
1974-06-10 00:00:00,1.0602848265323443
1974-06-11 00:00:00,1.0602848265323443
1974-06-12 00:00:00,1.0602848265323443
1974-06-13 00:00:00,1.0602848265323443
1974-06-14 00:00:00,1.0602848265323443
1974-06-17 00:00:00,1.0602848265323443
1974-06-18 00:00:00,1.0602848265323443
1974-06-19 00:00:00,1.0602848265323443
1974-06-20 00:00:00,1.0602848265323443
1974-06-21 00:00:00,1.0602848265323443
1974-06-24 00:00:00,1.0602848265323443
1974-06-25 00:00:00,1.0602848265323443
1974-06-26 00:00:00,1.0602848265323443
1974-06-27 00:00:00,1.0602848265323443
1974-06-28 00:00:00,1.0602848265323443
1974-07-01 00:00:00,1.0602848265323443
1974-07-02 00:00:00,1.0602848265323443
1974-07-03 00:00:00,1.0602848265323443
1974-07-05 00:00:00,1.0602848265323443
1974-07-08 00:00:00,1.0602848265323443
1974-07-09 00:00:00,1.0602848265323443
1974-07-10 00:00:00,1.0602848265323443
1974-07-11 00:00:00,1.0602848265323443
1974-07-12 00:00:00,1.0602848265323443
1974-07-15 00:00:00,1.0602848265323443
1974-07-16 00:00:00,1.0602848265323443
1974-07-17 00:00:00,1.0602848265323443
1974-07-18 00:00:00,1.0602848265323443
1974-07-19 00:00:00,1.0602848265323443
1974-07-22 00:00:00,1.0602848265323443
1974-07-23 00:00:00,1.0602848265323443
1974-07-24 00:00:00,1.0602848265323443
1974-07-25 00:00:00,1.0602848265323443
1974-07-26 00:00:00,1.0602848265323443
1974-07-29 00:00:00,1.0602848265323443
1974-07-30 00:00:00,1.0602848265323443
1974-07-31 00:00:00,1.0602848265323443
1974-08-01 00:00:00,1.0602848265323443
1974-08-02 00:00:00,1.0602848265323443
1974-08-05 00:00:00,1.0602848265323443
1974-08-06 00:00:00,1.0602848265323443
1974-08-07 00:00:00,1.0602848265323443
1974-08-08 00:00:00,1.0602848265323443
1974-08-09 00:00:00,1.0602848265323443
1974-08-12 00:00:00,1.0602848265323443
1974-08-13 00:00:00,1.0602848265323443
1974-08-14 00:00:00,1.0602848265323443
1974-08-15 00:00:00,1.0602848265323443
1974-08-16 00:00:00,1.0602848265323443
1974-08-19 00:00:00,1.0602848265323443
1974-08-20 00:00:00,1.0602848265323443
1974-08-21 00:00:00,1.0602848265323443
1974-08-22 00:00:00,1.0602848265323443
1974-08-23 00:00:00,1.0602848265323443
1974-08-26 00:00:00,1.0602848265323443
1974-08-27 00:00:00,1.0602848265323443
1974-08-28 00:00:00,1.0602848265323443
1974-08-29 00:00:00,1.0602848265323443
1974-08-30 00:00:00,1.0602848265323443
1974-09-03 00:00:00,1.0602848265323443
1974-09-04 00:00:00,1.0602848265323443
1974-09-05 00:00:00,1.0602848265323443
1974-09-06 00:00:00,1.0602848265323443
1974-09-09 00:00:00,1.0602848265323443
1974-09-10 00:00:00,1.0602848265323443
1974-09-11 00:00:00,1.0602848265323443
1974-09-12 00:00:00,1.0602848265323443
1974-09-13 00:00:00,1.0602848265323443
1974-09-16 00:00:00,1.0602848265323443
1974-09-17 00:00:00,1.0602848265323443
1974-09-18 00:00:00,1.0602848265323443
1974-09-19 00:00:00,1.0602848265323443
1974-09-20 00:00:00,1.0602848265323443
1974-09-23 00:00:00,1.0602848265323443
1974-09-24 00:00:00,1.0602848265323443
1974-09-25 00:00:00,1.0602848265323443
1974-09-26 00:00:00,1.0602848265323443
1974-09-27 00:00:00,1.0602848265323443
1974-09-30 00:00:00,1.0602848265323443
1974-10-01 00:00:00,1.0602848265323443
1974-10-02 00:00:00,1.0602848265323443
1974-10-03 00:00:00,1.0602848265323443
1974-10-04 00:00:00,1.0602848265323443
1974-10-07 00:00:00,1.0602848265323443
1974-10-08 00:00:00,1.0602848265323443
1974-10-09 00:00:00,1.0602848265323443
1974-10-10 00:00:00,1.0602848265323443
1974-10-11 00:00:00,1.0602848265323443
1974-10-15 00:00:00,1.0602848265323443
1974-10-16 00:00:00,1.0602848265323443
1974-10-17 00:00:00,1.0602848265323443
1974-10-18 00:00:00,1.0602848265323443
1974-10-21 00:00:00,1.0602848265323443
1974-10-22 00:00:00,1.0602848265323443
1974-10-23 00:00:00,1.0602848265323443
1974-10-24 00:00:00,1.0602848265323443
1974-10-25 00:00:00,1.0602848265323443
1974-10-28 00:00:00,1.0602848265323443
1974-10-29 00:00:00,1.0602848265323443
1974-10-30 00:00:00,1.0602848265323443
1974-10-31 00:00:00,1.0602848265323443
1974-11-01 00:00:00,1.0602848265323443
1974-11-04 00:00:00,1.0602848265323443
1974-11-06 00:00:00,1.0602848265323443
1974-11-07 00:00:00,1.0602848265323443
1974-11-08 00:00:00,1.0602848265323443
1974-11-12 00:00:00,1.0602848265323443
1974-11-13 00:00:00,1.0602848265323443
1974-11-14 00:00:00,1.0602848265323443
1974-11-15 00:00:00,1.0602848265323443
1974-11-18 00:00:00,1.0602848265323443
1974-11-19 00:00:00,1.0602848265323443
1974-11-20 00:00:00,1.0602848265323443
1974-11-21 00:00:00,1.0602848265323443
1974-11-22 00:00:00,1.0602848265323443
1974-11-25 00:00:00,1.0602848265323443
1974-11-26 00:00:00,1.0602848265323443
1974-11-27 00:00:00,1.0602848265323443
1974-11-29 00:00:00,1.0602848265323443
1974-12-02 00:00:00,1.0602848265323443
1974-12-03 00:00:00,1.0602848265323443
1974-12-04 00:00:00,1.0602848265323443
1974-12-05 00:00:00,1.0602848265323443
1974-12-06 00:00:00,1.0602848265323443
1974-12-09 00:00:00,1.0602848265323443
1974-12-10 00:00:00,1.0602848265323443
1974-12-11 00:00:00,1.0602848265323443
1974-12-12 00:00:00,1.0602848265323443
1974-12-13 00:00:00,1.0602848265323443
1974-12-16 00:00:00,1.0602848265323443
1974-12-17 00:00:00,1.0602848265323443
1974-12-18 00:00:00,1.0602848265323443
1974-12-19 00:00:00,1.0602848265323443
1974-12-20 00:00:00,1.0581461189310775
1974-12-23 00:00:00,1.0581461189310775
1974-12-24 00:00:00,1.0581461189310775
1974-12-26 00:00:00,1.0582826202343647
1974-12-27 00:00:00,1.0582826202343647
1974-12-30 00:00:00,1.0582826202343647
1974-12-31 00:00:00,1.0582826202343647
1975-01-02 00:00:00,1.0582826202343647
1975-01-03 00:00:00,1.0582826202343647
1975-01-06 00:00:00,1.0582826202343647
1975-01-07 00:00:00,1.0582826202343647
1975-01-08 00:00:00,1.0582826202343647
1975-01-09 00:00:00,1.0582826202343647
1975-01-10 00:00:00,1.0582826202343647
1975-01-13 00:00:00,1.0582826202343647
1975-01-14 00:00:00,1.0582826202343647
1975-01-15 00:00:00,1.0582826202343647
1975-01-16 00:00:00,1.0582826202343647
1975-01-17 00:00:00,1.0582826202343647
1975-01-20 00:00:00,1.0582826202343647
1975-01-21 00:00:00,1.0582826202343647
1975-01-22 00:00:00,1.0582826202343647
1975-01-23 00:00:00,1.0582826202343647
1975-01-24 00:00:00,1.0582826202343647
1975-01-27 00:00:00,1.0582826202343647
1975-01-28 00:00:00,1.0582826202343647
1975-01-29 00:00:00,1.0582826202343647
1975-01-30 00:00:00,1.0582826202343647
1975-01-31 00:00:00,1.0582826202343647
1975-02-03 00:00:00,1.0582826202343647
1975-02-04 00:00:00,1.0582826202343647
1975-02-05 00:00:00,1.0582826202343647
1975-02-06 00:00:00,1.0582826202343647
1975-02-07 00:00:00,1.0582826202343647
1975-02-10 00:00:00,1.0582826202343647
1975-02-11 00:00:00,1.0582826202343647
1975-02-13 00:00:00,1.0582826202343647
1975-02-14 00:00:00,1.0582826202343647
1975-02-18 00:00:00,1.0582826202343647
1975-02-19 00:00:00,1.0582826202343647
1975-02-20 00:00:00,1.0582826202343647
1975-02-21 00:00:00,1.0582826202343647
1975-02-24 00:00:00,1.0582826202343647
1975-02-25 00:00:00,1.0582826202343647
1975-02-26 00:00:00,1.0582826202343647
1975-02-27 00:00:00,1.0582826202343647
1975-02-28 00:00:00,1.0582826202343647
1975-03-03 00:00:00,1.0582826202343647
1975-03-04 00:00:00,1.0582826202343647
1975-03-05 00:00:00,1.0582826202343647
1975-03-06 00:00:00,1.0582826202343647
1975-03-07 00:00:00,1.0582826202343647
1975-03-10 00:00:00,1.0582826202343647
1975-03-11 00:00:00,1.0582826202343647
1975-03-12 00:00:00,1.0582826202343647
1975-03-13 00:00:00,1.0582826202343647
1975-03-14 00:00:00,1.0582826202343647
1975-03-17 00:00:00,1.0582826202343647
1975-03-18 00:00:00,1.0582826202343647
1975-03-19 00:00:00,1.0582826202343647
1975-03-20 00:00:00,1.0582826202343647
1975-03-21 00:00:00,1.0582826202343647
1975-03-24 00:00:00,1.0582826202343647
1975-03-25 00:00:00,1.0582826202343647
1975-03-26 00:00:00,1.0582826202343647
1975-03-27 00:00:00,1.0582826202343647
1975-03-28 00:00:00,1.0582826202343647
1975-03-31 00:00:00,1.0582826202343647
1975-04-01 00:00:00,1.0582826202343647
1975-04-02 00:00:00,1.0582826202343647
1975-04-03 00:00:00,1.0582826202343647
1975-04-04 00:00:00,1.0582826202343647
1975-04-07 00:00:00,1.0582826202343647
1975-04-08 00:00:00,1.0582826202343647
1975-04-09 00:00:00,1.0582826202343647
1975-04-10 00:00:00,1.0582826202343647
1975-04-11 00:00:00,1.0582826202343647
1975-04-14 00:00:00,1.0582826202343647
1975-04-15 00:00:00,1.0582826202343647
1975-04-16 00:00:00,1.0582826202343647
1975-04-17 00:00:00,1.0582826202343647
1975-04-18 00:00:00,1.0582826202343647
1975-04-21 00:00:00,1.0582826202343647
1975-04-22 00:00:00,1.0582826202343647
1975-04-23 00:00:00,1.0582826202343647
1975-04-24 00:00:00,1.0582826202343647
1975-04-25 00:00:00,1.0582826202343647
1975-04-28 00:00:00,1.0582826202343647
1975-04-29 00:00:00,1.0582826202343647
1975-04-30 00:00:00,1.0582826202343647
1975-05-01 00:00:00,1.0582826202343647
1975-05-02 00:00:00,1.0582826202343647
1975-05-05 00:00:00,1.0582826202343647
1975-05-06 00:00:00,1.0582826202343647
1975-05-07 00:00:00,1.0582826202343647
1975-05-08 00:00:00,1.0582826202343647
1975-05-09 00:00:00,1.0582826202343647
1975-05-12 00:00:00,1.0582826202343647
1975-05-13 00:00:00,1.0582826202343647
1975-05-14 00:00:00,1.0582826202343647
1975-05-15 00:00:00,1.0582826202343647
1975-05-16 00:00:00,1.0582826202343647
1975-05-19 00:00:00,1.0582826202343647
1975-05-20 00:00:00,1.0582826202343647
1975-05-21 00:00:00,1.0582826202343647
1975-05-22 00:00:00,1.0582826202343647
1975-05-23 00:00:00,1.0582826202343647
1975-05-27 00:00:00,1.0582826202343647
1975-05-28 00:00:00,1.0582826202343647
1975-05-29 00:00:00,1.0582826202343647
1975-05-30 00:00:00,1.0582826202343647
1975-06-02 00:00:00,1.0582826202343647
1975-06-03 00:00:00,1.0582826202343647
1975-06-04 00:00:00,1.0582826202343647
1975-06-05 00:00:00,1.0582826202343647
1975-06-06 00:00:00,1.0582826202343647
1975-06-09 00:00:00,1.0582826202343647
1975-06-10 00:00:00,1.0582826202343647
1975-06-11 00:00:00,1.0582826202343647
1975-06-12 00:00:00,1.0582826202343647
1975-06-13 00:00:00,1.0582826202343647
1975-06-16 00:00:00,1.0582826202343647
1975-06-17 00:00:00,1.0582826202343647
1975-06-18 00:00:00,1.0582826202343647
1975-06-19 00:00:00,1.0582826202343647
1975-06-20 00:00:00,1.0582826202343647
1975-06-23 00:00:00,1.0582826202343647
1975-06-24 00:00:00,1.0582826202343647
1975-06-25 00:00:00,1.0582826202343647
1975-06-26 00:00:00,1.0582826202343647
1975-06-27 00:00:00,1.0582826202343647
1975-06-30 00:00:00,1.0582826202343647
1975-07-01 00:00:00,1.0582826202343647
1975-07-02 00:00:00,1.0582826202343647
1975-07-03 00:00:00,1.0582826202343647
1975-07-07 00:00:00,1.0582826202343647
1975-07-08 00:00:00,1.0582826202343647
1975-07-09 00:00:00,1.0582826202343647
1975-07-10 00:00:00,1.0582826202343647
1975-07-11 00:00:00,1.0582826202343647
1975-07-14 00:00:00,1.0582826202343647
1975-07-15 00:00:00,1.0582826202343647
1975-07-16 00:00:00,1.0582826202343647
1975-07-17 00:00:00,1.0582826202343647
1975-07-18 00:00:00,1.0582826202343647
1975-07-21 00:00:00,1.0582826202343647
1975-07-22 00:00:00,1.0582826202343647
1975-07-23 00:00:00,1.0582826202343647
1975-07-24 00:00:00,1.0582826202343647
1975-07-25 00:00:00,1.0582826202343647
1975-07-28 00:00:00,1.0582826202343647
1975-07-29 00:00:00,1.0582826202343647
1975-07-30 00:00:00,1.0582826202343647
1975-07-31 00:00:00,1.0582826202343647
1975-08-01 00:00:00,1.0582826202343647
1975-08-04 00:00:00,1.0582826202343647
1975-08-05 00:00:00,1.0582826202343647
1975-08-06 00:00:00,1.0582826202343647
1975-08-07 00:00:00,1.0582826202343647
1975-08-08 00:00:00,1.0582826202343647
1975-08-11 00:00:00,1.0582826202343647
1975-08-12 00:00:00,1.0582826202343647
1975-08-13 00:00:00,1.0582826202343647
1975-08-14 00:00:00,1.0582826202343647
1975-08-15 00:00:00,1.0582826202343647
1975-08-18 00:00:00,1.0582826202343647
1975-08-19 00:00:00,1.0582826202343647
1975-08-20 00:00:00,1.0582826202343647
1975-08-21 00:00:00,1.0582826202343647
1975-08-22 00:00:00,1.0582826202343647
1975-08-25 00:00:00,1.0582826202343647
1975-08-26 00:00:00,1.0582826202343647
1975-08-27 00:00:00,1.0582826202343647
1975-08-28 00:00:00,1.0582826202343647
1975-08-29 00:00:00,1.0582826202343647
1975-09-02 00:00:00,1.0582826202343647
1975-09-03 00:00:00,1.0582826202343647
1975-09-04 00:00:00,1.0582826202343647
1975-09-05 00:00:00,1.0582826202343647
1975-09-08 00:00:00,1.0582826202343647
1975-09-09 00:00:00,1.0582826202343647
1975-09-10 00:00:00,1.0582826202343647
1975-09-11 00:00:00,1.0582826202343647
1975-09-12 00:00:00,1.0582826202343647
1975-09-15 00:00:00,1.0582826202343647
1975-09-16 00:00:00,1.0582826202343647
1975-09-17 00:00:00,1.0582826202343647
1975-09-18 00:00:00,1.0582826202343647
1975-09-19 00:00:00,1.0582826202343647
1975-09-22 00:00:00,1.0582826202343647
1975-09-23 00:00:00,1.0582826202343647
1975-09-24 00:00:00,1.0582826202343647
1975-09-25 00:00:00,1.0582826202343647
1975-09-26 00:00:00,1.0582826202343647
1975-09-29 00:00:00,1.0582826202343647
1975-09-30 00:00:00,1.0582826202343647
1975-10-01 00:00:00,1.0582826202343647
1975-10-02 00:00:00,1.0582826202343647
1975-10-03 00:00:00,1.0582826202343647
1975-10-06 00:00:00,1.0582826202343647
1975-10-07 00:00:00,1.0582826202343647
1975-10-08 00:00:00,1.0582826202343647
1975-10-09 00:00:00,1.0582826202343647
1975-10-10 00:00:00,1.0582826202343647
1975-10-14 00:00:00,1.0582826202343647
1975-10-15 00:00:00,1.0582826202343647
1975-10-16 00:00:00,1.0582826202343647
1975-10-17 00:00:00,1.0582826202343647
1975-10-20 00:00:00,1.0582826202343647
1975-10-21 00:00:00,1.0582826202343647
1975-10-22 00:00:00,1.0582826202343647
1975-10-23 00:00:00,1.0582826202343647
1975-10-24 00:00:00,1.0582826202343647
1975-10-27 00:00:00,1.0582826202343647
1975-10-28 00:00:00,1.0582826202343647
1975-10-29 00:00:00,1.0582826202343647
1975-10-30 00:00:00,1.0582826202343647
1975-10-31 00:00:00,1.0582826202343647
1975-11-03 00:00:00,1.0582826202343647
1975-11-05 00:00:00,1.0582826202343647
1975-11-06 00:00:00,1.0582826202343647
1975-11-07 00:00:00,1.0582826202343647
1975-11-10 00:00:00,1.0582826202343647
1975-11-12 00:00:00,1.0582826202343647
1975-11-13 00:00:00,1.0582826202343647
1975-11-14 00:00:00,1.0582826202343647
1975-11-17 00:00:00,1.0582826202343647
1975-11-18 00:00:00,1.0582826202343647
1975-11-19 00:00:00,1.0582826202343647
1975-11-20 00:00:00,1.0582826202343647
1975-11-21 00:00:00,1.0582826202343647
1975-11-24 00:00:00,1.0582826202343647
1975-11-25 00:00:00,1.0582826202343647
1975-11-26 00:00:00,1.0582826202343647
1975-11-28 00:00:00,1.0582826202343647
1975-12-01 00:00:00,1.0582826202343647
1975-12-02 00:00:00,1.0582826202343647
1975-12-03 00:00:00,1.0582826202343647
1975-12-04 00:00:00,1.0582826202343647
1975-12-05 00:00:00,1.0582826202343647
1975-12-08 00:00:00,1.0582826202343647
1975-12-09 00:00:00,1.0582826202343647
1975-12-10 00:00:00,1.0582826202343647
1975-12-11 00:00:00,1.0582826202343647
1975-12-12 00:00:00,1.0582826202343647
1975-12-15 00:00:00,1.0582826202343647
1975-12-16 00:00:00,1.0582826202343647
1975-12-17 00:00:00,1.0582826202343647
1975-12-18 00:00:00,1.0582826202343647
1975-12-19 00:00:00,1.0582826202343647
1975-12-22 00:00:00,1.0582826202343647
1975-12-23 00:00:00,1.0582826202343647
1975-12-24 00:00:00,1.0582826202343647
1975-12-26 00:00:00,1.0582826202343647
1975-12-29 00:00:00,1.0582826202343647
1975-12-30 00:00:00,1.0582826202343647
1975-12-31 00:00:00,1.0582826202343647
1976-01-02 00:00:00,1.0582826202343647
1976-01-05 00:00:00,1.0582826202343647
1976-01-06 00:00:00,1.0582826202343647
1976-01-07 00:00:00,1.0582826202343647
1976-01-08 00:00:00,1.0582826202343647
1976-01-09 00:00:00,1.0582826202343647
1976-01-12 00:00:00,1.0582826202343647
1976-01-13 00:00:00,1.0582826202343647
1976-01-14 00:00:00,1.0582826202343647
1976-01-15 00:00:00,1.0582826202343647
1976-01-16 00:00:00,1.0582826202343647
1976-01-19 00:00:00,1.0582826202343647
1976-01-20 00:00:00,1.0582826202343647
1976-01-21 00:00:00,1.0582826202343647
1976-01-22 00:00:00,1.0582826202343647
1976-01-23 00:00:00,1.0582826202343647
1976-01-26 00:00:00,1.0582826202343647
1976-01-27 00:00:00,1.0582826202343647
1976-01-28 00:00:00,1.0582826202343647
1976-01-29 00:00:00,1.0582826202343647
1976-01-30 00:00:00,1.0582826202343647
1976-02-02 00:00:00,1.0582826202343647
1976-02-03 00:00:00,1.0582826202343647
1976-02-04 00:00:00,1.0582826202343647
1976-02-05 00:00:00,1.0582826202343647
1976-02-06 00:00:00,1.0582826202343647
1976-02-09 00:00:00,1.0582826202343647
1976-02-10 00:00:00,1.0582826202343647
1976-02-11 00:00:00,1.0582826202343647
1976-02-13 00:00:00,1.0582826202343647
1976-02-17 00:00:00,1.0582826202343647
1976-02-18 00:00:00,1.0582826202343647
1976-02-19 00:00:00,1.0582826202343647
1976-02-20 00:00:00,1.0582826202343647
1976-02-23 00:00:00,1.0582826202343647
1976-02-24 00:00:00,1.0582826202343647
1976-02-25 00:00:00,1.0582826202343647
1976-02-26 00:00:00,1.0582826202343647
1976-02-27 00:00:00,1.0582826202343647
1976-03-01 00:00:00,1.0582826202343647
1976-03-02 00:00:00,1.0582826202343647
1976-03-03 00:00:00,1.0582826202343647
1976-03-04 00:00:00,1.0582826202343647
1976-03-05 00:00:00,1.0582826202343647
1976-03-08 00:00:00,1.0582826202343647
1976-03-09 00:00:00,1.0582826202343647
1976-03-10 00:00:00,1.0582826202343647
1976-03-11 00:00:00,1.0582826202343647
1976-03-12 00:00:00,1.0582826202343647
1976-03-15 00:00:00,1.0582826202343647
1976-03-16 00:00:00,1.0582826202343647
1976-03-17 00:00:00,1.0582826202343647
1976-03-18 00:00:00,1.0582826202343647
1976-03-19 00:00:00,1.0582826202343647
1976-03-22 00:00:00,1.0582826202343647
1976-03-23 00:00:00,1.0582826202343647
1976-03-24 00:00:00,1.0582826202343647
1976-03-25 00:00:00,1.0582826202343647
1976-03-26 00:00:00,1.0582826202343647
1976-03-29 00:00:00,1.0582826202343647
1976-03-30 00:00:00,1.0582826202343647
1976-03-31 00:00:00,1.0582826202343647
1976-04-01 00:00:00,1.0582826202343647
1976-04-02 00:00:00,1.0582826202343647
1976-04-05 00:00:00,1.0582826202343647
1976-04-06 00:00:00,1.0582826202343647
1976-04-07 00:00:00,1.0582826202343647
1976-04-08 00:00:00,1.0582826202343647
1976-04-09 00:00:00,1.0582826202343647
1976-04-12 00:00:00,1.0582826202343647
1976-04-13 00:00:00,1.0582826202343647
1976-04-14 00:00:00,1.0582826202343647
1976-04-15 00:00:00,1.0582826202343647
1976-04-16 00:00:00,1.0582826202343647
1976-04-19 00:00:00,1.0582826202343647
1976-04-20 00:00:00,1.0582826202343647
1976-04-21 00:00:00,1.0582826202343647
1976-04-22 00:00:00,1.0582826202343647
1976-04-23 00:00:00,1.0582826202343647
1976-04-26 00:00:00,1.0582826202343647
1976-04-27 00:00:00,1.0582826202343647
1976-04-28 00:00:00,1.0582826202343647
1976-04-29 00:00:00,1.0582826202343647
1976-04-30 00:00:00,1.0582826202343647
1976-05-03 00:00:00,1.0582826202343647
1976-05-04 00:00:00,1.0582826202343647
1976-05-05 00:00:00,1.0582826202343647
1976-05-06 00:00:00,1.0582826202343647
1976-05-07 00:00:00,1.0582826202343647
1976-05-10 00:00:00,1.0582826202343647
1976-05-11 00:00:00,1.0582826202343647
1976-05-12 00:00:00,1.0582826202343647
1976-05-13 00:00:00,1.0582826202343647
1976-05-14 00:00:00,1.0582826202343647
1976-05-17 00:00:00,1.0582826202343647
1976-05-18 00:00:00,1.0582826202343647
1976-05-19 00:00:00,1.0582826202343647
1976-05-20 00:00:00,1.0582826202343647
1976-05-21 00:00:00,1.0582826202343647
1976-05-24 00:00:00,1.0582826202343647
1976-05-25 00:00:00,1.0582826202343647
1976-05-26 00:00:00,1.0582826202343647
1976-05-27 00:00:00,1.0582826202343647
1976-05-28 00:00:00,1.0582826202343647
1976-06-01 00:00:00,1.0582826202343647
1976-06-02 00:00:00,1.0582826202343647
1976-06-03 00:00:00,1.0582826202343647
1976-06-04 00:00:00,1.0582826202343647
1976-06-07 00:00:00,1.0582826202343647
1976-06-08 00:00:00,1.0582826202343647
1976-06-09 00:00:00,1.0582826202343647
1976-06-10 00:00:00,1.0582826202343647
1976-06-11 00:00:00,1.0582826202343647
1976-06-14 00:00:00,1.0582826202343647
1976-06-15 00:00:00,1.0582826202343647
1976-06-16 00:00:00,1.0582826202343647
1976-06-17 00:00:00,1.0582826202343647
1976-06-18 00:00:00,1.0582826202343647
1976-06-21 00:00:00,1.0582826202343647
1976-06-22 00:00:00,1.0582826202343647
1976-06-23 00:00:00,1.0582826202343647
1976-06-24 00:00:00,1.0582826202343647
1976-06-25 00:00:00,1.0582826202343647
1976-06-28 00:00:00,1.0582826202343647
1976-06-29 00:00:00,1.0582826202343647
1976-06-30 00:00:00,1.0582826202343647
1976-07-01 00:00:00,1.0582826202343647
1976-07-02 00:00:00,1.0582826202343647
1976-07-06 00:00:00,1.0582826202343647
1976-07-07 00:00:00,1.0582826202343647
1976-07-08 00:00:00,1.0582826202343647
1976-07-09 00:00:00,1.0582826202343647
1976-07-12 00:00:00,1.0582826202343647
1976-07-13 00:00:00,1.0582826202343647
1976-07-14 00:00:00,1.0582826202343647
1976-07-15 00:00:00,1.0582826202343647
1976-07-16 00:00:00,1.0582826202343647
1976-07-19 00:00:00,1.0582826202343647
1976-07-20 00:00:00,1.0582826202343647
1976-07-21 00:00:00,1.0582826202343647
1976-07-22 00:00:00,1.0582826202343647
1976-07-23 00:00:00,1.0582826202343647
1976-07-26 00:00:00,1.0582826202343647
1976-07-27 00:00:00,1.0582826202343647
1976-07-28 00:00:00,1.0582826202343647
1976-07-29 00:00:00,1.0582826202343647
1976-07-30 00:00:00,1.0582826202343647
1976-08-02 00:00:00,1.0582826202343647
1976-08-03 00:00:00,1.0582826202343647
1976-08-04 00:00:00,1.0582826202343647
1976-08-05 00:00:00,1.0582826202343647
1976-08-06 00:00:00,1.0582826202343647
1976-08-09 00:00:00,1.0582826202343647
1976-08-10 00:00:00,1.0582826202343647
1976-08-11 00:00:00,1.0582826202343647
1976-08-12 00:00:00,1.0582826202343647
1976-08-13 00:00:00,1.0582826202343647
1976-08-16 00:00:00,1.0582826202343647
1976-08-17 00:00:00,1.0582826202343647
1976-08-18 00:00:00,1.0582826202343647
1976-08-19 00:00:00,1.0582826202343647
1976-08-20 00:00:00,1.0582826202343647
1976-08-23 00:00:00,1.0582826202343647
1976-08-24 00:00:00,1.0582826202343647
1976-08-25 00:00:00,1.0582826202343647
1976-08-26 00:00:00,1.0582826202343647
1976-08-27 00:00:00,1.0582826202343647
1976-08-30 00:00:00,1.0582826202343647
1976-08-31 00:00:00,1.0582826202343647
1976-09-01 00:00:00,1.0582826202343647
1976-09-02 00:00:00,1.0582826202343647
1976-09-03 00:00:00,1.0582826202343647
1976-09-07 00:00:00,1.0582826202343647
1976-09-08 00:00:00,1.0582826202343647
1976-09-09 00:00:00,1.0582826202343647
1976-09-10 00:00:00,1.0582826202343647
1976-09-13 00:00:00,1.0582826202343647
1976-09-14 00:00:00,1.0582826202343647
1976-09-15 00:00:00,1.0582826202343647
1976-09-16 00:00:00,1.0582826202343647
1976-09-17 00:00:00,1.0582826202343647
1976-09-20 00:00:00,1.0582826202343647
1976-09-21 00:00:00,1.0582826202343647
1976-09-22 00:00:00,1.0582826202343647
1976-09-23 00:00:00,1.0582826202343647
1976-09-24 00:00:00,1.0582826202343647
1976-09-27 00:00:00,1.0582826202343647
1976-09-28 00:00:00,1.0582826202343647
1976-09-29 00:00:00,1.0582826202343647
1976-09-30 00:00:00,1.0582826202343647
1976-10-01 00:00:00,1.0582826202343647
1976-10-04 00:00:00,1.0582826202343647
1976-10-05 00:00:00,1.0582826202343647
1976-10-06 00:00:00,1.0582826202343647
1976-10-07 00:00:00,1.0582826202343647
1976-10-08 00:00:00,1.0582826202343647
1976-10-12 00:00:00,1.0582826202343647
1976-10-13 00:00:00,1.0582826202343647
1976-10-14 00:00:00,1.0582826202343647
1976-10-15 00:00:00,1.0582826202343647
1976-10-18 00:00:00,1.0582826202343647
1976-10-19 00:00:00,1.0582826202343647
1976-10-20 00:00:00,1.0582826202343647
1976-10-21 00:00:00,1.0582826202343647
1976-10-22 00:00:00,1.0582826202343647
1976-10-25 00:00:00,1.0582826202343647
1976-10-26 00:00:00,1.0582826202343647
1976-10-27 00:00:00,1.0582826202343647
1976-10-28 00:00:00,1.0582826202343647
1976-10-29 00:00:00,1.0582826202343647
1976-11-01 00:00:00,1.0582826202343647
1976-11-03 00:00:00,1.0582826202343647
1976-11-04 00:00:00,1.0582826202343647
1976-11-05 00:00:00,1.0582826202343647
1976-11-08 00:00:00,1.0582826202343647
1976-11-09 00:00:00,1.0582826202343647
1976-11-10 00:00:00,1.0582826202343647
1976-11-12 00:00:00,1.0582826202343647
1976-11-15 00:00:00,1.0582826202343647
1976-11-16 00:00:00,1.0582826202343647
1976-11-17 00:00:00,1.0582826202343647
1976-11-18 00:00:00,1.0582826202343647
1976-11-19 00:00:00,1.0582826202343647
1976-11-22 00:00:00,1.0582826202343647
1976-11-23 00:00:00,1.0582826202343647
1976-11-24 00:00:00,1.0582826202343647
1976-11-26 00:00:00,1.0582826202343647
1976-11-29 00:00:00,1.0582826202343647
1976-11-30 00:00:00,1.0582826202343647
1976-12-01 00:00:00,1.0582826202343647
1976-12-02 00:00:00,1.0582826202343647
1976-12-03 00:00:00,1.0582826202343647
1976-12-06 00:00:00,1.0582826202343647
1976-12-07 00:00:00,1.0582826202343647
1976-12-08 00:00:00,1.0582826202343647
1976-12-09 00:00:00,1.0582826202343647
1976-12-10 00:00:00,1.0582826202343647
1976-12-13 00:00:00,1.0582826202343647
1976-12-14 00:00:00,1.0582826202343647
1976-12-15 00:00:00,1.0582826202343647
1976-12-16 00:00:00,1.0582826202343647
1976-12-17 00:00:00,1.0582826202343647
1976-12-20 00:00:00,1.0582826202343647
1976-12-21 00:00:00,1.0582826202343647
1976-12-22 00:00:00,1.0582826202343647
1976-12-23 00:00:00,1.0582826202343647
1976-12-24 00:00:00,1.0611063720770695
1976-12-27 00:00:00,1.0611063720770695
1976-12-28 00:00:00,1.0611063720770695
1976-12-29 00:00:00,1.0611063720770695
1976-12-30 00:00:00,1.0611063720770695
1976-12-31 00:00:00,1.0611063720770695
1977-01-03 00:00:00,1.0611063720770695
1977-01-04 00:00:00,1.0611063720770695
1977-01-05 00:00:00,1.0611063720770695
1977-01-06 00:00:00,1.0611063720770695
1977-01-07 00:00:00,1.0611063720770695
1977-01-10 00:00:00,1.0611063720770695
1977-01-11 00:00:00,1.0611063720770695
1977-01-12 00:00:00,1.0611063720770695
1977-01-13 00:00:00,1.0611063720770695
1977-01-14 00:00:00,1.0611063720770695
1977-01-17 00:00:00,1.0611063720770695
1977-01-18 00:00:00,1.0611063720770695
1977-01-19 00:00:00,1.0611063720770695
1977-01-20 00:00:00,1.0611063720770695
1977-01-21 00:00:00,1.0611063720770695
1977-01-24 00:00:00,1.0611063720770695
1977-01-25 00:00:00,1.0611063720770695
1977-01-26 00:00:00,1.0611063720770695
1977-01-27 00:00:00,1.0611063720770695
1977-01-28 00:00:00,1.0611063720770695
1977-01-31 00:00:00,1.0611063720770695
1977-02-01 00:00:00,1.0611063720770695
1977-02-02 00:00:00,1.0611063720770695
1977-02-03 00:00:00,1.0611063720770695
1977-02-04 00:00:00,1.0611063720770695
1977-02-07 00:00:00,1.0611063720770695
1977-02-08 00:00:00,1.0611063720770695
1977-02-09 00:00:00,1.0611063720770695
1977-02-10 00:00:00,1.0611063720770695
1977-02-11 00:00:00,1.0611063720770695
1977-02-14 00:00:00,1.0611063720770695
1977-02-15 00:00:00,1.0611063720770695
1977-02-16 00:00:00,1.0611063720770695
1977-02-17 00:00:00,1.0611063720770695
1977-02-18 00:00:00,1.0611063720770695
1977-02-22 00:00:00,1.0611063720770695
1977-02-23 00:00:00,1.0611063720770695
1977-02-24 00:00:00,1.0611063720770695
1977-02-25 00:00:00,1.0611063720770695
1977-02-28 00:00:00,1.0611063720770695
1977-03-01 00:00:00,1.0611063720770695
1977-03-02 00:00:00,1.0611063720770695
1977-03-03 00:00:00,1.0611063720770695
1977-03-04 00:00:00,1.0611063720770695
1977-03-07 00:00:00,1.0611063720770695
1977-03-08 00:00:00,1.0611063720770695
1977-03-09 00:00:00,1.0611063720770695
1977-03-10 00:00:00,1.0611063720770695
1977-03-11 00:00:00,1.0611063720770695
1977-03-14 00:00:00,1.0611063720770695
1977-03-15 00:00:00,1.0611063720770695
1977-03-16 00:00:00,1.0611063720770695
1977-03-17 00:00:00,1.0611063720770695
1977-03-18 00:00:00,1.0611063720770695
1977-03-21 00:00:00,1.0611063720770695
1977-03-22 00:00:00,1.0611063720770695
1977-03-23 00:00:00,1.0611063720770695
1977-03-24 00:00:00,1.0611063720770695
1977-03-25 00:00:00,1.0611063720770695
1977-03-28 00:00:00,1.0611063720770695
1977-03-29 00:00:00,1.0611063720770695
1977-03-30 00:00:00,1.0611063720770695
1977-03-31 00:00:00,1.0611063720770695
1977-04-01 00:00:00,1.0611063720770695
1977-04-04 00:00:00,1.0611063720770695
1977-04-05 00:00:00,1.0611063720770695
1977-04-06 00:00:00,1.0611063720770695
1977-04-07 00:00:00,1.0611063720770695
1977-04-08 00:00:00,1.0611063720770695
1977-04-11 00:00:00,1.0611063720770695
1977-04-12 00:00:00,1.0611063720770695
1977-04-13 00:00:00,1.0611063720770695
1977-04-14 00:00:00,1.0611063720770695
1977-04-15 00:00:00,1.0611063720770695
1977-04-18 00:00:00,1.0611063720770695
1977-04-19 00:00:00,1.0611063720770695
1977-04-20 00:00:00,1.0611063720770695
1977-04-21 00:00:00,1.0611063720770695
1977-04-22 00:00:00,1.0611063720770695
1977-04-25 00:00:00,1.0611063720770695
1977-04-26 00:00:00,1.0611063720770695
1977-04-27 00:00:00,1.0611063720770695
1977-04-28 00:00:00,1.0611063720770695
1977-04-29 00:00:00,1.0611063720770695
1977-05-02 00:00:00,1.0611063720770695
1977-05-03 00:00:00,1.0611063720770695
1977-05-04 00:00:00,1.0611063720770695
1977-05-05 00:00:00,1.0611063720770695
1977-05-06 00:00:00,1.0611063720770695
1977-05-09 00:00:00,1.0611063720770695
1977-05-10 00:00:00,1.0611063720770695
1977-05-11 00:00:00,1.0611063720770695
1977-05-12 00:00:00,1.0611063720770695
1977-05-13 00:00:00,1.0611063720770695
1977-05-16 00:00:00,1.0611063720770695
1977-05-17 00:00:00,1.0611063720770695
1977-05-18 00:00:00,1.0611063720770695
1977-05-19 00:00:00,1.0611063720770695
1977-05-20 00:00:00,1.0611063720770695
1977-05-23 00:00:00,1.0611063720770695
1977-05-24 00:00:00,1.0611063720770695
1977-05-25 00:00:00,1.0611063720770695
1977-05-26 00:00:00,1.0611063720770695
1977-05-27 00:00:00,1.0611063720770695
1977-05-31 00:00:00,1.0611063720770695
1977-06-01 00:00:00,1.0611063720770695
1977-06-02 00:00:00,1.0611063720770695
1977-06-03 00:00:00,1.0611063720770695
1977-06-06 00:00:00,1.0611063720770695
1977-06-07 00:00:00,1.0611063720770695
1977-06-08 00:00:00,1.0611063720770695
1977-06-09 00:00:00,1.0611063720770695
1977-06-10 00:00:00,1.0611063720770695
1977-06-13 00:00:00,1.0611063720770695
1977-06-14 00:00:00,1.0611063720770695
1977-06-15 00:00:00,1.0611063720770695
1977-06-16 00:00:00,1.0611063720770695
1977-06-17 00:00:00,1.0611063720770695
1977-06-20 00:00:00,1.0611063720770695
1977-06-21 00:00:00,1.0611063720770695
1977-06-22 00:00:00,1.0611063720770695
1977-06-23 00:00:00,1.0611063720770695
1977-06-24 00:00:00,1.0611063720770695
1977-06-27 00:00:00,1.0611063720770695
1977-06-28 00:00:00,1.0611063720770695
1977-06-29 00:00:00,1.0611063720770695
1977-06-30 00:00:00,1.0611063720770695
1977-07-01 00:00:00,1.0611063720770695
1977-07-05 00:00:00,1.0611063720770695
1977-07-06 00:00:00,1.0611063720770695
1977-07-07 00:00:00,1.0611063720770695
1977-07-08 00:00:00,1.0611063720770695
1977-07-11 00:00:00,1.0611063720770695
1977-07-12 00:00:00,1.0611063720770695
1977-07-13 00:00:00,1.0611063720770695
1977-07-15 00:00:00,1.0611063720770695
1977-07-18 00:00:00,1.0611063720770695
1977-07-19 00:00:00,1.0611063720770695
1977-07-20 00:00:00,1.0611063720770695
1977-07-21 00:00:00,1.0611063720770695
1977-07-22 00:00:00,1.0611063720770695
1977-07-25 00:00:00,1.0611063720770695
1977-07-26 00:00:00,1.0611063720770695
1977-07-27 00:00:00,1.0611063720770695
1977-07-28 00:00:00,1.0611063720770695
1977-07-29 00:00:00,1.0611063720770695
1977-08-01 00:00:00,1.0611063720770695
1977-08-02 00:00:00,1.0611063720770695
1977-08-03 00:00:00,1.0611063720770695
1977-08-04 00:00:00,1.0611063720770695
1977-08-05 00:00:00,1.0611063720770695
1977-08-08 00:00:00,1.0611063720770695
1977-08-09 00:00:00,1.0611063720770695
1977-08-10 00:00:00,1.0611063720770695
1977-08-11 00:00:00,1.0611063720770695
1977-08-12 00:00:00,1.0611063720770695
1977-08-15 00:00:00,1.0611063720770695
1977-08-16 00:00:00,1.0611063720770695
1977-08-17 00:00:00,1.0611063720770695
1977-08-18 00:00:00,1.0611063720770695
1977-08-19 00:00:00,1.0611063720770695
1977-08-22 00:00:00,1.0611063720770695
1977-08-23 00:00:00,1.0611063720770695
1977-08-24 00:00:00,1.0611063720770695
1977-08-25 00:00:00,1.0611063720770695
1977-08-26 00:00:00,1.0611063720770695
1977-08-29 00:00:00,1.0611063720770695
1977-08-30 00:00:00,1.0611063720770695
1977-08-31 00:00:00,1.0611063720770695
1977-09-01 00:00:00,1.0611063720770695
1977-09-02 00:00:00,1.0611063720770695
1977-09-06 00:00:00,1.0611063720770695
1977-09-07 00:00:00,1.0611063720770695
1977-09-08 00:00:00,1.0611063720770695
1977-09-09 00:00:00,1.0611063720770695
1977-09-12 00:00:00,1.0611063720770695
1977-09-13 00:00:00,1.0611063720770695
1977-09-14 00:00:00,1.0611063720770695
1977-09-15 00:00:00,1.0611063720770695
1977-09-16 00:00:00,1.0611063720770695
1977-09-19 00:00:00,1.0611063720770695
1977-09-20 00:00:00,1.0611063720770695
1977-09-21 00:00:00,1.0611063720770695
1977-09-22 00:00:00,1.0611063720770695
1977-09-23 00:00:00,1.0611063720770695
1977-09-26 00:00:00,1.0611063720770695
1977-09-27 00:00:00,1.0611063720770695
1977-09-28 00:00:00,1.0611063720770695
1977-09-29 00:00:00,1.0611063720770695
1977-09-30 00:00:00,1.0611063720770695
1977-10-03 00:00:00,1.0611063720770695
1977-10-04 00:00:00,1.0611063720770695
1977-10-05 00:00:00,1.0611063720770695
1977-10-06 00:00:00,1.0611063720770695
1977-10-07 00:00:00,1.0611063720770695
1977-10-11 00:00:00,1.0611063720770695
1977-10-12 00:00:00,1.0611063720770695
1977-10-13 00:00:00,1.0611063720770695
1977-10-14 00:00:00,1.0611063720770695
1977-10-17 00:00:00,1.0611063720770695
1977-10-18 00:00:00,1.0611063720770695
1977-10-19 00:00:00,1.0611063720770695
1977-10-20 00:00:00,1.0611063720770695
1977-10-21 00:00:00,1.0611063720770695
1977-10-24 00:00:00,1.0611063720770695
1977-10-25 00:00:00,1.0611063720770695
1977-10-26 00:00:00,1.0611063720770695
1977-10-27 00:00:00,1.0611063720770695
1977-10-28 00:00:00,1.0611063720770695
1977-10-31 00:00:00,1.0611063720770695
1977-11-01 00:00:00,1.0611063720770695
1977-11-02 00:00:00,1.0611063720770695
1977-11-03 00:00:00,1.0611063720770695
1977-11-04 00:00:00,1.0611063720770695
1977-11-07 00:00:00,1.0611063720770695
1977-11-09 00:00:00,1.0611063720770695
1977-11-10 00:00:00,1.0611063720770695
1977-11-14 00:00:00,1.0611063720770695
1977-11-15 00:00:00,1.0611063720770695
1977-11-16 00:00:00,1.0611063720770695
1977-11-17 00:00:00,1.0611063720770695
1977-11-18 00:00:00,1.0611063720770695
1977-11-21 00:00:00,1.0611063720770695
1977-11-22 00:00:00,1.0611063720770695
1977-11-23 00:00:00,1.0611063720770695
1977-11-25 00:00:00,1.0611063720770695
1977-11-28 00:00:00,1.0611063720770695
1977-11-29 00:00:00,1.0611063720770695
1977-11-30 00:00:00,1.0611063720770695
1977-12-01 00:00:00,1.0611063720770695
1977-12-02 00:00:00,1.0611063720770695
1977-12-05 00:00:00,1.0611063720770695
1977-12-06 00:00:00,1.0611063720770695
1977-12-07 00:00:00,1.0611063720770695
1977-12-08 00:00:00,1.0611063720770695
1977-12-09 00:00:00,1.0611063720770695
1977-12-12 00:00:00,1.0611063720770695
1977-12-13 00:00:00,1.0611063720770695
1977-12-14 00:00:00,1.0611063720770695
1977-12-15 00:00:00,1.0611063720770695
1977-12-16 00:00:00,1.0611063720770695
1977-12-19 00:00:00,1.0611063720770695
1977-12-20 00:00:00,1.0611063720770695
1977-12-21 00:00:00,1.0611063720770695
1977-12-22 00:00:00,1.0611063720770695
1977-12-23 00:00:00,1.0611063720770695
1977-12-27 00:00:00,1.0611063720770695
1977-12-28 00:00:00,1.0611063720770695
1977-12-29 00:00:00,1.0611063720770695
1977-12-30 00:00:00,1.0611063720770695
1978-01-03 00:00:00,1.0611063720770695
1978-01-04 00:00:00,1.0611063720770695
1978-01-05 00:00:00,1.0611063720770695
1978-01-06 00:00:00,1.0611063720770695
1978-01-09 00:00:00,1.0611063720770695
1978-01-10 00:00:00,1.0611063720770695
1978-01-11 00:00:00,1.0611063720770695
1978-01-12 00:00:00,1.0611063720770695
1978-01-13 00:00:00,1.0611063720770695
1978-01-16 00:00:00,1.0611063720770695
1978-01-17 00:00:00,1.0611063720770695
1978-01-18 00:00:00,1.0611063720770695
1978-01-19 00:00:00,1.0611063720770695
1978-01-20 00:00:00,1.0611063720770695
1978-01-23 00:00:00,1.0611063720770695
1978-01-24 00:00:00,1.0611063720770695
1978-01-25 00:00:00,1.0611063720770695
1978-01-26 00:00:00,1.0611063720770695
1978-01-27 00:00:00,1.0611063720770695
1978-01-30 00:00:00,1.0611063720770695
1978-01-31 00:00:00,1.0611063720770695
1978-02-01 00:00:00,1.0611063720770695
1978-02-02 00:00:00,1.0611063720770695
1978-02-03 00:00:00,1.0611063720770695
1978-02-06 00:00:00,1.0611063720770695
1978-02-07 00:00:00,1.0611063720770695
1978-02-08 00:00:00,1.0611063720770695
1978-02-09 00:00:00,1.0611063720770695
1978-02-10 00:00:00,1.0611063720770695
1978-02-14 00:00:00,1.0611063720770695
1978-02-15 00:00:00,1.0611063720770695
1978-02-16 00:00:00,1.0611063720770695
1978-02-17 00:00:00,1.0611063720770695
1978-02-21 00:00:00,1.0611063720770695
1978-02-22 00:00:00,1.0611063720770695
1978-02-23 00:00:00,1.0611063720770695
1978-02-24 00:00:00,1.0611063720770695
1978-02-27 00:00:00,1.0611063720770695
1978-02-28 00:00:00,1.0611063720770695
1978-03-01 00:00:00,1.0611063720770695
1978-03-02 00:00:00,1.0611063720770695
1978-03-03 00:00:00,1.0611063720770695
1978-03-06 00:00:00,1.0611063720770695
1978-03-07 00:00:00,1.0611063720770695
1978-03-08 00:00:00,1.0611063720770695
1978-03-09 00:00:00,1.0611063720770695
1978-03-10 00:00:00,1.0611063720770695
1978-03-13 00:00:00,1.0611063720770695
1978-03-14 00:00:00,1.0611063720770695
1978-03-15 00:00:00,1.0611063720770695
1978-03-16 00:00:00,1.0611063720770695
1978-03-17 00:00:00,1.0611063720770695
1978-03-20 00:00:00,1.0611063720770695
1978-03-21 00:00:00,1.0611063720770695
1978-03-22 00:00:00,1.0611063720770695
1978-03-23 00:00:00,1.0611063720770695
1978-03-24 00:00:00,1.0611063720770695
1978-03-27 00:00:00,1.0611063720770695
1978-03-28 00:00:00,1.0611063720770695
1978-03-29 00:00:00,1.0611063720770695
1978-03-30 00:00:00,1.0611063720770695
1978-03-31 00:00:00,1.0611063720770695
1978-04-03 00:00:00,1.0611063720770695
1978-04-04 00:00:00,1.0611063720770695
1978-04-05 00:00:00,1.0611063720770695
1978-04-06 00:00:00,1.0611063720770695
1978-04-07 00:00:00,1.0611063720770695
1978-04-10 00:00:00,1.0611063720770695
1978-04-11 00:00:00,1.0611063720770695
1978-04-12 00:00:00,1.0611063720770695
1978-04-13 00:00:00,1.0611063720770695
1978-04-14 00:00:00,1.0611063720770695
1978-04-17 00:00:00,1.0611063720770695
1978-04-18 00:00:00,1.0611063720770695
1978-04-19 00:00:00,1.0611063720770695
1978-04-20 00:00:00,1.0611063720770695
1978-04-21 00:00:00,1.0611063720770695
1978-04-24 00:00:00,1.0611063720770695
1978-04-25 00:00:00,1.0611063720770695
1978-04-26 00:00:00,1.0611063720770695
1978-04-27 00:00:00,1.0611063720770695
1978-04-28 00:00:00,1.0611063720770695
1978-05-01 00:00:00,1.0611063720770695
1978-05-02 00:00:00,1.0611063720770695
1978-05-03 00:00:00,1.0611063720770695
1978-05-04 00:00:00,1.0611063720770695
1978-05-05 00:00:00,1.0611063720770695
1978-05-08 00:00:00,1.0611063720770695
1978-05-09 00:00:00,1.0611063720770695
1978-05-10 00:00:00,1.0611063720770695
1978-05-11 00:00:00,1.0611063720770695
1978-05-12 00:00:00,1.0611063720770695
1978-05-15 00:00:00,1.0611063720770695
1978-05-16 00:00:00,1.0611063720770695
1978-05-17 00:00:00,1.0611063720770695
1978-05-18 00:00:00,1.0611063720770695
1978-05-19 00:00:00,1.0611063720770695
1978-05-22 00:00:00,1.0611063720770695
1978-05-23 00:00:00,1.0611063720770695
1978-05-24 00:00:00,1.0611063720770695
1978-05-25 00:00:00,1.0611063720770695
1978-05-26 00:00:00,1.0611063720770695
1978-05-29 00:00:00,1.0611063720770695
1978-05-31 00:00:00,1.0611063720770695
1978-06-01 00:00:00,1.0611063720770695
1978-06-02 00:00:00,1.0611063720770695
1978-06-05 00:00:00,1.0611063720770695
1978-06-06 00:00:00,1.0611063720770695
1978-06-07 00:00:00,1.0611063720770695
1978-06-08 00:00:00,1.0611063720770695
1978-06-09 00:00:00,1.0611063720770695
1978-06-12 00:00:00,1.0611063720770695
1978-06-13 00:00:00,1.0611063720770695
1978-06-14 00:00:00,1.0611063720770695
1978-06-15 00:00:00,1.0611063720770695
1978-06-16 00:00:00,1.0611063720770695
1978-06-19 00:00:00,1.0611063720770695
1978-06-20 00:00:00,1.0611063720770695
1978-06-21 00:00:00,1.0611063720770695
1978-06-22 00:00:00,1.0611063720770695
1978-06-23 00:00:00,1.0611063720770695
1978-06-26 00:00:00,1.0611063720770695
1978-06-27 00:00:00,1.0611063720770695
1978-06-28 00:00:00,1.0611063720770695
1978-06-29 00:00:00,1.0611063720770695
1978-06-30 00:00:00,1.0611063720770695
1978-07-03 00:00:00,1.064437196952815
1978-07-05 00:00:00,1.064437196952815
1978-07-06 00:00:00,1.064437196952815
1978-07-07 00:00:00,1.064437196952815
1978-07-10 00:00:00,1.064437196952815
1978-07-11 00:00:00,1.064437196952815
1978-07-12 00:00:00,1.064437196952815
1978-07-13 00:00:00,1.064437196952815
1978-07-14 00:00:00,1.064437196952815
1978-07-17 00:00:00,1.064437196952815
1978-07-18 00:00:00,1.064437196952815
1978-07-19 00:00:00,1.064437196952815
1978-07-20 00:00:00,1.064437196952815
1978-07-21 00:00:00,1.064437196952815
1978-07-24 00:00:00,1.064437196952815
1978-07-25 00:00:00,1.064437196952815
1978-07-26 00:00:00,1.064437196952815
1978-07-27 00:00:00,1.064437196952815
1978-07-28 00:00:00,1.064437196952815
1978-07-31 00:00:00,1.064437196952815
1978-08-01 00:00:00,1.064437196952815
1978-08-02 00:00:00,1.064437196952815
1978-08-03 00:00:00,1.064437196952815
1978-08-04 00:00:00,1.064437196952815
1978-08-07 00:00:00,1.064437196952815
1978-08-08 00:00:00,1.064437196952815
1978-08-09 00:00:00,1.064437196952815
1978-08-10 00:00:00,1.064437196952815
1978-08-11 00:00:00,1.064437196952815
1978-08-14 00:00:00,1.064437196952815
1978-08-15 00:00:00,1.064437196952815
1978-08-16 00:00:00,1.064437196952815
1978-08-17 00:00:00,1.064437196952815
1978-08-18 00:00:00,1.064437196952815
1978-08-21 00:00:00,1.064437196952815
1978-08-22 00:00:00,1.064437196952815
1978-08-23 00:00:00,1.064437196952815
1978-08-24 00:00:00,1.064437196952815
1978-08-25 00:00:00,1.064437196952815
1978-08-28 00:00:00,1.064437196952815
1978-08-29 00:00:00,1.064437196952815
1978-08-30 00:00:00,1.064437196952815
1978-08-31 00:00:00,1.064437196952815
1978-09-01 00:00:00,1.064437196952815
1978-09-05 00:00:00,1.064437196952815
1978-09-06 00:00:00,1.064437196952815
1978-09-07 00:00:00,1.064437196952815
1978-09-08 00:00:00,1.064437196952815
1978-09-11 00:00:00,1.064437196952815
1978-09-12 00:00:00,1.064437196952815
1978-09-13 00:00:00,1.064437196952815
1978-09-14 00:00:00,1.064437196952815
1978-09-15 00:00:00,1.064437196952815
1978-09-18 00:00:00,1.064437196952815
1978-09-19 00:00:00,1.064437196952815
1978-09-20 00:00:00,1.064437196952815
1978-09-21 00:00:00,1.064437196952815
1978-09-22 00:00:00,1.064437196952815
1978-09-25 00:00:00,1.064437196952815
1978-09-26 00:00:00,1.064437196952815
1978-09-27 00:00:00,1.064437196952815
1978-09-28 00:00:00,1.064437196952815
1978-09-29 00:00:00,1.064437196952815
1978-10-02 00:00:00,1.064437196952815
1978-10-03 00:00:00,1.064437196952815
1978-10-04 00:00:00,1.064437196952815
1978-10-05 00:00:00,1.064437196952815
1978-10-06 00:00:00,1.064437196952815
1978-10-10 00:00:00,1.064437196952815
1978-10-11 00:00:00,1.064437196952815
1978-10-12 00:00:00,1.064437196952815
1978-10-13 00:00:00,1.064437196952815
1978-10-16 00:00:00,1.064437196952815
1978-10-17 00:00:00,1.064437196952815
1978-10-18 00:00:00,1.064437196952815
1978-10-19 00:00:00,1.064437196952815
1978-10-20 00:00:00,1.064437196952815
1978-10-23 00:00:00,1.064437196952815
1978-10-24 00:00:00,1.064437196952815
1978-10-25 00:00:00,1.064437196952815
1978-10-26 00:00:00,1.064437196952815
1978-10-27 00:00:00,1.064437196952815
1978-10-30 00:00:00,1.064437196952815
1978-10-31 00:00:00,1.064437196952815
1978-11-01 00:00:00,1.064437196952815
1978-11-02 00:00:00,1.064437196952815
1978-11-03 00:00:00,1.064437196952815
1978-11-06 00:00:00,1.064437196952815
1978-11-08 00:00:00,1.064437196952815
1978-11-09 00:00:00,1.064437196952815
1978-11-10 00:00:00,1.064437196952815
1978-11-13 00:00:00,1.064437196952815
1978-11-14 00:00:00,1.064437196952815
1978-11-15 00:00:00,1.064437196952815
1978-11-16 00:00:00,1.064437196952815
1978-11-17 00:00:00,1.064437196952815
1978-11-20 00:00:00,1.064437196952815
1978-11-21 00:00:00,1.064437196952815
1978-11-22 00:00:00,1.064437196952815
1978-11-24 00:00:00,1.064437196952815
1978-11-27 00:00:00,1.064437196952815
1978-11-28 00:00:00,1.064437196952815
1978-11-29 00:00:00,1.064437196952815
1978-11-30 00:00:00,1.064437196952815
1978-12-01 00:00:00,1.064437196952815
1978-12-04 00:00:00,1.064437196952815
1978-12-05 00:00:00,1.064437196952815
1978-12-06 00:00:00,1.064437196952815
1978-12-07 00:00:00,1.064437196952815
1978-12-08 00:00:00,1.064437196952815
1978-12-11 00:00:00,1.064437196952815
1978-12-12 00:00:00,1.064437196952815
1978-12-13 00:00:00,1.064437196952815
1978-12-14 00:00:00,1.064437196952815
1978-12-15 00:00:00,1.064437196952815
1978-12-18 00:00:00,1.064437196952815
1978-12-19 00:00:00,1.064437196952815
1978-12-20 00:00:00,1.064437196952815
1978-12-21 00:00:00,1.057552777271031
1978-12-22 00:00:00,1.0612597724842991
1978-12-26 00:00:00,1.064437196952815
1978-12-27 00:00:00,1.0787356070611365
1978-12-28 00:00:00,1.0744990411031154
1978-12-29 00:00:00,1.0811186754125235
1979-01-02 00:00:00,1.0750286118478678
1979-01-03 00:00:00,1.0729103288688573
1979-01-04 00:00:00,1.0676146214213311
1979-01-05 00:00:00,1.0694681190279651
1979-01-08 00:00:00,1.072380758124105
1979-01-09 00:00:00,1.0689385482832128
1979-01-10 00:00:00,1.0628484847185573
1979-01-11 00:00:00,1.0594062748776651
1979-01-12 00:00:00,1.0567584211539018
1979-01-15 00:00:00,1.0550637947706933
1979-01-16 00:00:00,1.0599358456224177
1979-01-17 00:00:00,1.0623189139738045
1979-01-18 00:00:00,1.064172411580439
1979-01-19 00:00:00,1.0609949871119229
1979-01-22 00:00:00,1.0584530475371103
1979-01-23 00:00:00,1.0584530475371103
1979-01-24 00:00:00,1.0591414895052886
1979-01-25 00:00:00,1.0554344942920202
1979-01-26 00:00:00,1.0564936357815256
1979-01-29 00:00:00,1.0565995499304761
1979-01-30 00:00:00,1.0570232065262781
1979-01-31 00:00:00,1.0536339537598614
1979-02-01 00:00:00,1.0484955288235263
1979-02-02 00:00:00,1.0484955288235263
1979-02-05 00:00:00,1.0484955288235263
1979-02-06 00:00:00,1.0484955288235263
1979-02-07 00:00:00,1.0484955288235263
1979-02-08 00:00:00,1.0484955288235263
1979-02-09 00:00:00,1.04744938711355
1979-02-13 00:00:00,1.047972457968538
1979-02-14 00:00:00,1.0487570642510202
1979-02-15 00:00:00,1.047972457968538
1979-02-16 00:00:00,1.047187851686056
1979-02-20 00:00:00,1.048233993396032
1979-02-21 00:00:00,1.049907820131994
1979-02-22 00:00:00,1.0511108830984666
1979-02-23 00:00:00,1.0524185602359366
1979-02-26 00:00:00,1.0568646625033349
1979-02-27 00:00:00,1.057544654614819
1979-02-28 00:00:00,1.0583815679828001
1979-03-01 00:00:00,1.0582246467263037
1979-03-02 00:00:00,1.0576492687858168
1979-03-05 00:00:00,1.0578061900423132
1979-03-06 00:00:00,1.0590092530087858
1979-03-07 00:00:00,1.064292268644165
1979-03-08 00:00:00,1.0681106858855776
1979-03-09 00:00:00,1.0659137882946277
1979-03-12 00:00:00,1.0675876150305896
1979-03-13 00:00:00,1.0670645441756017
1979-03-14 00:00:00,1.0652337961831435
1979-03-15 00:00:00,1.0648153394991529
1979-03-16 00:00:00,1.061833835625721
1979-03-19 00:00:00,1.0590615600942848
1979-03-20 00:00:00,1.0630368985921939
1979-03-21 00:00:00,1.0640830403021697
1979-03-22 00:00:00,1.0640830403021697
1979-03-23 00:00:00,1.0665414733206136
1979-03-26 00:00:00,1.0742306148889378
1979-03-27 00:00:00,1.07281832358047
1979-03-28 00:00:00,1.073132166093463
1979-03-29 00:00:00,1.0764798195653862
1979-03-30 00:00:00,1.0788336384128323
1979-04-02 00:00:00,1.081344378516775
1979-04-03 00:00:00,1.0811874572602787
1979-04-04 00:00:00,1.0812397643457776
1979-04-05 00:00:00,1.086418165810159
1979-04-06 00:00:00,1.0922765593860253
1979-04-09 00:00:00,1.097664189192402
1979-04-10 00:00:00,1.099756472612354
1979-04-11 00:00:00,1.0932180869250037
1979-04-12 00:00:00,1.085110488672689
1979-04-13 00:00:00,1.087987378375123
1979-04-16 00:00:00,1.0919104097875334
1979-04-17 00:00:00,1.0897135121965835
1979-04-18 00:00:00,1.0846920319886988
1979-04-19 00:00:00,1.084064346962713
1979-04-20 00:00:00,1.082495134397749
1979-04-23 00:00:00,1.0834889690222262
1979-04-24 00:00:00,1.0804028509777965
1979-04-25 00:00:00,1.0652337961831435
1979-04-26 00:00:00,1.0708829614170143
1979-04-27 00:00:00,1.07501522117142
1979-04-30 00:00:00,1.0817105281152668
1979-05-01 00:00:00,1.0772644258478683
1979-05-02 00:00:00,1.0815536068587703
1979-05-03 00:00:00,1.086156630382665
1979-05-04 00:00:00,1.0866797012376532
1979-05-07 00:00:00,1.089347362598092
1979-05-08 00:00:00,1.080821307661787
1979-05-09 00:00:00,1.0809259218327847
1979-05-10 00:00:00,1.071510646443
1979-05-11 00:00:00,1.0678491504580838
1979-05-14 00:00:00,1.0688952921680597
1979-05-15 00:00:00,1.0793567092678205
1979-05-16 00:00:00,1.0780490321303504
1979-05-17 00:00:00,1.0749106070004222
1979-05-18 00:00:00,1.0756952132829043
1979-05-21 00:00:00,1.0688952921680597
1979-05-22 00:00:00,1.0691568275955539
1979-05-23 00:00:00,1.076061362881396
1979-05-24 00:00:00,1.0736029298629521
1979-05-25 00:00:00,1.072609095238475
1979-05-28 00:00:00,1.0736029298629521
1979-05-29 00:00:00,1.0751721424279161
1979-05-31 00:00:00,1.0827566698252427
1979-06-01 00:00:00,1.0848489532451948
1979-06-04 00:00:00,1.0863135516391615
1979-06-05 00:00:00,1.087987378375123
1979-06-06 00:00:00,1.0847443390741973
1979-06-07 00:00:00,1.0798797801228084
1979-06-08 00:00:00,1.0785721029853386
1979-06-11 00:00:00,1.0822335989702547
1979-06-12 00:00:00,1.0932180869250037
1979-06-13 00:00:00,1.1008026143223302
1979-06-14 00:00:00,1.0962518978839344
1979-06-15 00:00:00,1.1015872206048123
1979-06-18 00:00:00,1.1015872206048123
1979-06-19 00:00:00,1.1089102125746448
1979-06-20 00:00:00,1.1151870628345013
1979-06-21 00:00:00,1.119005480075914
1979-06-22 00:00:00,1.120313157213384
1979-06-25 00:00:00,1.1291530546626818
1979-06-26 00:00:00,1.125125409079274
1979-06-27 00:00:00,1.1276884562687153
1979-06-28 00:00:00,1.1342791490415647
1979-06-29 00:00:00,1.1408175347289151
1979-07-02 00:00:00,1.1447405661413255
1979-07-03 00:00:00,1.1515404872561699
1979-07-05 00:00:00,1.1659249357683412
1979-07-06 00:00:00,1.1606942272184606
1979-07-09 00:00:00,1.1512789518286761
1979-07-10 00:00:00,1.1622634397834248
1979-07-11 00:00:00,1.1677556837607992
1979-07-12 00:00:00,1.165140329485859
1979-07-13 00:00:00,1.1659249357683412
1979-07-16 00:00:00,1.1727248568831858
1979-07-17 00:00:00,1.1871093053953568
1979-07-18 00:00:00,1.191555407662755
1979-07-19 00:00:00,1.1991399350600815
1979-07-20 00:00:00,1.189463124242803
1979-07-23 00:00:00,1.203847572754974
1979-07-24 00:00:00,1.2164012732746867
1979-07-25 00:00:00,1.2137859189997469
1979-07-26 00:00:00,1.2182320212671451
1979-07-27 00:00:00,1.2098628875873365
1979-07-30 00:00:00,1.2099675017583342
1979-07-31 00:00:00,1.1756017465856199
1979-08-01 00:00:00,1.1871093053953568
1979-08-02 00:00:00,1.1852785574028986
1979-08-03 00:00:00,1.1865862345403686
1979-08-06 00:00:00,1.1708941088907276
1979-08-07 00:00:00,1.1596480855084847
1979-08-08 00:00:00,1.1586019437985084
1979-08-09 00:00:00,1.1688018254707755
1979-08-10 00:00:00,1.175863282013114
1979-08-13 00:00:00,1.1693248963257634
1979-08-14 00:00:00,1.1674941483333052
1979-08-15 00:00:00,1.1674941483333052
1979-08-16 00:00:00,1.161740368928437
1979-08-17 00:00:00,1.1601711563634727
1979-08-20 00:00:00,1.1620019043559309
1979-08-21 00:00:00,1.1562481249510623
1979-08-22 00:00:00,1.1601188492779742
1979-08-23 00:00:00,1.1622634397834248
1979-08-24 00:00:00,1.1674941483333052
1979-08-27 00:00:00,1.1732479277381735
1979-08-28 00:00:00,1.176386352868102
1979-08-29 00:00:00,1.17821710086056
1979-08-30 00:00:00,1.176386352868102
1979-08-31 00:00:00,1.1783217150315577
1979-09-04 00:00:00,1.1712079514037204
1979-09-05 00:00:00,1.1727248568831858
1979-09-06 00:00:00,1.1753402111581257
1979-09-07 00:00:00,1.1766478882955957
1979-09-10 00:00:00,1.1741371481916534
1979-09-11 00:00:00,1.1716787151732098
1979-09-12 00:00:00,1.1622634397834248
1979-09-13 00:00:00,1.152325093538652
1979-09-14 00:00:00,1.1340176136140707
1979-09-17 00:00:00,1.125648479934262
1979-09-18 00:00:00,1.1264330862167442
1979-09-19 00:00:00,1.1218823697783482
1979-09-20 00:00:00,1.1300945822016604
1979-09-21 00:00:00,1.1314022593391304
1979-09-24 00:00:00,1.1280022987817082
1979-09-25 00:00:00,1.1289438263206868
1979-09-26 00:00:00,1.1434328890038554
1979-09-27 00:00:00,1.151802022683664
1979-09-28 00:00:00,1.152325093538652
1979-10-01 00:00:00,1.1468328495612776
1979-10-02 00:00:00,1.146152857449793
1979-10-03 00:00:00,1.1418636764388912
1979-10-04 00:00:00,1.1434328890038554
1979-10-05 00:00:00,1.1392483221639509
1979-10-09 00:00:00,1.1269561570717324
1979-10-10 00:00:00,1.1342791490415647
1979-10-11 00:00:00,1.1316637947666244
1979-10-12 00:00:00,1.1280022987817082
1979-10-15 00:00:00,1.1282638342092024
1979-10-16 00:00:00,1.125910015361756
1979-10-17 00:00:00,1.1217254485218515
1979-10-18 00:00:00,1.125910015361756
1979-10-19 00:00:00,1.1269561570717324
1979-10-22 00:00:00,1.123817731941804
1979-10-23 00:00:00,1.1049871811622343
1979-10-24 00:00:00,1.1039410394522586
1979-10-25 00:00:00,1.1055102520172224
1979-10-26 00:00:00,1.1006449869201795
1979-10-29 00:00:00,1.1006449869201795
1979-10-30 00:00:00,1.1006449869201795
1979-10-31 00:00:00,1.1006449869201795
1979-11-01 00:00:00,1.1006449869201795
1979-11-02 00:00:00,1.1006449869201795
1979-11-05 00:00:00,1.1006449869201795
1979-11-07 00:00:00,1.1006449869201795
1979-11-08 00:00:00,1.1006449869201795
1979-11-09 00:00:00,1.1006449869201795
1979-11-13 00:00:00,1.1006449869201795
1979-11-14 00:00:00,1.1006449869201795
1979-11-15 00:00:00,1.1006449869201795
1979-11-16 00:00:00,1.1006449869201795
1979-11-19 00:00:00,1.1006449869201795
1979-11-20 00:00:00,1.1006449869201795
1979-11-21 00:00:00,1.1006449869201795
1979-11-23 00:00:00,1.1006449869201795
1979-11-26 00:00:00,1.1006449869201795
1979-11-27 00:00:00,1.1006449869201795
1979-11-28 00:00:00,1.1006449869201795
1979-11-29 00:00:00,1.1006449869201795
1979-11-30 00:00:00,1.1006449869201795
1979-12-03 00:00:00,1.1006449869201795
1979-12-04 00:00:00,1.1006449869201795
1979-12-05 00:00:00,1.0922882119333455
1979-12-06 00:00:00,1.0922882119333455
1979-12-07 00:00:00,1.0922882119333455
1979-12-10 00:00:00,1.0922882119333455
1979-12-11 00:00:00,1.0922882119333455
1979-12-12 00:00:00,1.0922882119333455
1979-12-13 00:00:00,1.0922882119333455
1979-12-14 00:00:00,1.0922882119333455
1979-12-17 00:00:00,1.0922882119333455
1979-12-18 00:00:00,1.0922882119333455
1979-12-19 00:00:00,1.0922882119333455
1979-12-20 00:00:00,1.0922882119333455
1979-12-21 00:00:00,1.0922882119333455
1979-12-24 00:00:00,1.0922882119333455
1979-12-26 00:00:00,1.0922882119333455
1979-12-27 00:00:00,1.0922882119333455
1979-12-28 00:00:00,1.0922882119333455
1979-12-31 00:00:00,1.0922882119333455
1980-01-02 00:00:00,1.0922882119333455
1980-01-03 00:00:00,1.0922882119333455
1980-01-04 00:00:00,1.0922882119333455
1980-01-07 00:00:00,1.0922882119333455
1980-01-08 00:00:00,1.0922882119333455
1980-01-09 00:00:00,1.0922882119333455
1980-01-10 00:00:00,1.0922882119333455
1980-01-11 00:00:00,1.0922882119333455
1980-01-14 00:00:00,1.0922882119333455
1980-01-15 00:00:00,1.0922882119333455
1980-01-16 00:00:00,1.0922882119333455
1980-01-17 00:00:00,1.0922882119333455
1980-01-18 00:00:00,1.0922882119333455
1980-01-21 00:00:00,1.0922882119333455
1980-01-22 00:00:00,1.0922882119333455
1980-01-23 00:00:00,1.0922882119333455
1980-01-24 00:00:00,1.0922882119333455
1980-01-25 00:00:00,1.0922882119333455
1980-01-28 00:00:00,1.0922882119333455
1980-01-29 00:00:00,1.0922882119333455
1980-01-30 00:00:00,1.0922882119333455
1980-01-31 00:00:00,1.0922882119333455
1980-02-01 00:00:00,1.0922882119333455
1980-02-04 00:00:00,1.0922882119333455
1980-02-05 00:00:00,1.0922882119333455
1980-02-06 00:00:00,1.0922882119333455
1980-02-07 00:00:00,1.0922882119333455
1980-02-08 00:00:00,1.0922882119333455
1980-02-11 00:00:00,1.0922882119333455
1980-02-13 00:00:00,1.0922882119333455
1980-02-14 00:00:00,1.0922882119333455
1980-02-15 00:00:00,1.0922882119333455
1980-02-19 00:00:00,1.0922882119333455
1980-02-20 00:00:00,1.0922882119333455
1980-02-21 00:00:00,1.0922882119333455
1980-02-22 00:00:00,1.0922882119333455
1980-02-25 00:00:00,1.0922882119333455
1980-02-26 00:00:00,1.0922882119333455
1980-02-27 00:00:00,1.0922882119333455
1980-02-28 00:00:00,1.0922882119333455
1980-02-29 00:00:00,1.0922882119333455
1980-03-03 00:00:00,1.0922882119333455
1980-03-04 00:00:00,1.0922882119333455
1980-03-05 00:00:00,1.0922882119333455
1980-03-06 00:00:00,1.0922882119333455
1980-03-07 00:00:00,1.0922882119333455
1980-03-10 00:00:00,1.0922882119333455
1980-03-11 00:00:00,1.0922882119333455
1980-03-12 00:00:00,1.0922882119333455
1980-03-13 00:00:00,1.0922882119333455
1980-03-14 00:00:00,1.0922882119333455
1980-03-17 00:00:00,1.0922882119333455
1980-03-18 00:00:00,1.0922882119333455
1980-03-19 00:00:00,1.0922882119333455
1980-03-20 00:00:00,1.0922882119333455
1980-03-21 00:00:00,1.0922882119333455
1980-03-24 00:00:00,1.0922882119333455
1980-03-25 00:00:00,1.0922882119333455
1980-03-26 00:00:00,1.0922882119333455
1980-03-27 00:00:00,1.0922882119333455
1980-03-28 00:00:00,1.0922882119333455
1980-03-31 00:00:00,1.0922882119333455
1980-04-01 00:00:00,1.0922882119333455
1980-04-02 00:00:00,1.0922882119333455
1980-04-03 00:00:00,1.0922882119333455
1980-04-04 00:00:00,1.0922882119333455
1980-04-07 00:00:00,1.0922882119333455
1980-04-08 00:00:00,1.0922882119333455
1980-04-09 00:00:00,1.0922882119333455
1980-04-10 00:00:00,1.0922882119333455
1980-04-11 00:00:00,1.0922882119333455
1980-04-14 00:00:00,1.0922882119333455
1980-04-15 00:00:00,1.0922882119333455
1980-04-16 00:00:00,1.0922882119333455
1980-04-17 00:00:00,1.0922882119333455
1980-04-18 00:00:00,1.0922882119333455
1980-04-21 00:00:00,1.0922882119333455
1980-04-22 00:00:00,1.0922882119333455
1980-04-23 00:00:00,1.0922882119333455
1980-04-24 00:00:00,1.0922882119333455
1980-04-25 00:00:00,1.0922882119333455
1980-04-28 00:00:00,1.0922882119333455
1980-04-29 00:00:00,1.0855015281587272
1980-04-30 00:00:00,1.0855015281587272
1980-05-01 00:00:00,1.0855015281587272
1980-05-02 00:00:00,1.0855015281587272
1980-05-05 00:00:00,1.0855015281587272
1980-05-06 00:00:00,1.0855015281587272
1980-05-07 00:00:00,1.0855015281587272
1980-05-08 00:00:00,1.0855015281587272
1980-05-09 00:00:00,1.0855015281587272
1980-05-12 00:00:00,1.0855015281587272
1980-05-13 00:00:00,1.0855015281587272
1980-05-14 00:00:00,1.0855015281587272
1980-05-15 00:00:00,1.0855015281587272
1980-05-16 00:00:00,1.0855015281587272
1980-05-19 00:00:00,1.0855015281587272
1980-05-20 00:00:00,1.0855015281587272
1980-05-21 00:00:00,1.0855015281587272
1980-05-22 00:00:00,1.0855015281587272
1980-05-23 00:00:00,1.0855015281587272
1980-05-27 00:00:00,1.0855015281587272
1980-05-28 00:00:00,1.0855015281587272
1980-05-29 00:00:00,1.0855015281587272
1980-05-30 00:00:00,1.0855015281587272
1980-06-02 00:00:00,1.0855015281587272
1980-06-03 00:00:00,1.0855015281587272
1980-06-04 00:00:00,1.0855015281587272
1980-06-05 00:00:00,1.0855015281587272
1980-06-06 00:00:00,1.0855015281587272
1980-06-09 00:00:00,1.0855015281587272
1980-06-10 00:00:00,1.0855015281587272
1980-06-11 00:00:00,1.0855015281587272
1980-06-12 00:00:00,1.0855015281587272
1980-06-13 00:00:00,1.0855015281587272
1980-06-16 00:00:00,1.0855015281587272
1980-06-17 00:00:00,1.0855015281587272
1980-06-18 00:00:00,1.0855015281587272
1980-06-19 00:00:00,1.0855015281587272
1980-06-20 00:00:00,1.0855015281587272
1980-06-23 00:00:00,1.0855015281587272
1980-06-24 00:00:00,1.0855015281587272
1980-06-25 00:00:00,1.0855015281587272
1980-06-26 00:00:00,1.0855015281587272
1980-06-27 00:00:00,1.0855015281587272
1980-06-30 00:00:00,1.0855015281587272
1980-07-01 00:00:00,1.0855015281587272
1980-07-02 00:00:00,1.0855015281587272
1980-07-03 00:00:00,1.0855015281587272
1980-07-07 00:00:00,1.0855015281587272
1980-07-08 00:00:00,1.0855015281587272
1980-07-09 00:00:00,1.0855015281587272
1980-07-10 00:00:00,1.0855015281587272
1980-07-11 00:00:00,1.0855015281587272
1980-07-14 00:00:00,1.0855015281587272
1980-07-15 00:00:00,1.0855015281587272
1980-07-16 00:00:00,1.0855015281587272
1980-07-17 00:00:00,1.0855015281587272
1980-07-18 00:00:00,1.0855015281587272
1980-07-21 00:00:00,1.0855015281587272
1980-07-22 00:00:00,1.0855015281587272
1980-07-23 00:00:00,1.0855015281587272
1980-07-24 00:00:00,1.0855015281587272
1980-07-25 00:00:00,1.0855015281587272
1980-07-28 00:00:00,1.0855015281587272
1980-07-29 00:00:00,1.0855015281587272
1980-07-30 00:00:00,1.0855015281587272
1980-07-31 00:00:00,1.0855015281587272
1980-08-01 00:00:00,1.0855015281587272
1980-08-04 00:00:00,1.0855015281587272
1980-08-05 00:00:00,1.0855015281587272
1980-08-06 00:00:00,1.0855015281587272
1980-08-07 00:00:00,1.0855015281587272
1980-08-08 00:00:00,1.0855015281587272
1980-08-11 00:00:00,1.0855015281587272
1980-08-12 00:00:00,1.0855015281587272
1980-08-13 00:00:00,1.0855015281587272
1980-08-14 00:00:00,1.0855015281587272
1980-08-15 00:00:00,1.0855015281587272
1980-08-18 00:00:00,1.0855015281587272
1980-08-19 00:00:00,1.0855015281587272
1980-08-20 00:00:00,1.0855015281587272
1980-08-21 00:00:00,1.0855015281587272
1980-08-22 00:00:00,1.0855015281587272
1980-08-25 00:00:00,1.0855015281587272
1980-08-26 00:00:00,1.0855015281587272
1980-08-27 00:00:00,1.0855015281587272
1980-08-28 00:00:00,1.0855015281587272
1980-08-29 00:00:00,1.0855015281587272
1980-09-02 00:00:00,1.0855015281587272
1980-09-03 00:00:00,1.0855015281587272
1980-09-04 00:00:00,1.0855015281587272
1980-09-05 00:00:00,1.0855015281587272
1980-09-08 00:00:00,1.0855015281587272
1980-09-09 00:00:00,1.0855015281587272
1980-09-10 00:00:00,1.0855015281587272
1980-09-11 00:00:00,1.0855015281587272
1980-09-12 00:00:00,1.0855015281587272
1980-09-15 00:00:00,1.0855015281587272
1980-09-16 00:00:00,1.0855015281587272
1980-09-17 00:00:00,1.0855015281587272
1980-09-18 00:00:00,1.0855015281587272
1980-09-19 00:00:00,1.0855015281587272
1980-09-22 00:00:00,1.0855015281587272
1980-09-23 00:00:00,1.0855015281587272
1980-09-24 00:00:00,1.0855015281587272
1980-09-25 00:00:00,1.0855015281587272
1980-09-26 00:00:00,1.0855015281587272
1980-09-29 00:00:00,1.0855015281587272
1980-09-30 00:00:00,1.0855015281587272
1980-10-01 00:00:00,1.0855015281587272
1980-10-02 00:00:00,1.0855015281587272
1980-10-03 00:00:00,1.0855015281587272
1980-10-06 00:00:00,1.0855015281587272
1980-10-07 00:00:00,1.0855015281587272
1980-10-08 00:00:00,1.0855015281587272
1980-10-09 00:00:00,1.0855015281587272
1980-10-10 00:00:00,1.0855015281587272
1980-10-14 00:00:00,1.0855015281587272
1980-10-15 00:00:00,1.0855015281587272
1980-10-16 00:00:00,1.0855015281587272
1980-10-17 00:00:00,1.0855015281587272
1980-10-20 00:00:00,1.0855015281587272
1980-10-21 00:00:00,1.0855015281587272
1980-10-22 00:00:00,1.0855015281587272
1980-10-23 00:00:00,1.0855015281587272
1980-10-24 00:00:00,1.0855015281587272
1980-10-27 00:00:00,1.0855015281587272
1980-10-28 00:00:00,1.0855015281587272
1980-10-29 00:00:00,1.0855015281587272
1980-10-30 00:00:00,1.0855015281587272
1980-10-31 00:00:00,1.0855015281587272
1980-11-03 00:00:00,1.0855015281587272
1980-11-05 00:00:00,1.0855015281587272
1980-11-06 00:00:00,1.0855015281587272
1980-11-07 00:00:00,1.0855015281587272
1980-11-10 00:00:00,1.0855015281587272
1980-11-12 00:00:00,1.0855015281587272
1980-11-13 00:00:00,1.0855015281587272
1980-11-14 00:00:00,1.0855015281587272
1980-11-17 00:00:00,1.0855015281587272
1980-11-18 00:00:00,1.0855015281587272
1980-11-19 00:00:00,1.0855015281587272
1980-11-20 00:00:00,1.0855015281587272
1980-11-21 00:00:00,1.0855015281587272
1980-11-24 00:00:00,1.0855015281587272
1980-11-25 00:00:00,1.0855015281587272
1980-11-26 00:00:00,1.0855015281587272
1980-11-28 00:00:00,1.0855015281587272
1980-12-01 00:00:00,1.0855015281587272
1980-12-02 00:00:00,1.0855015281587272
1980-12-03 00:00:00,1.0855015281587272
1980-12-04 00:00:00,1.0855015281587272
1980-12-05 00:00:00,1.0855015281587272
1980-12-08 00:00:00,1.0855015281587272
1980-12-09 00:00:00,1.0855015281587272
1980-12-10 00:00:00,1.0855015281587272
1980-12-11 00:00:00,1.0855015281587272
1980-12-12 00:00:00,1.0855015281587272
1980-12-15 00:00:00,1.0855015281587272
1980-12-16 00:00:00,1.0855015281587272
1980-12-17 00:00:00,1.0855015281587272
1980-12-18 00:00:00,1.0855015281587272
1980-12-19 00:00:00,1.0855015281587272
1980-12-22 00:00:00,1.0855015281587272
1980-12-23 00:00:00,1.0855015281587272
1980-12-24 00:00:00,1.0855015281587272
1980-12-26 00:00:00,1.0855015281587272
1980-12-29 00:00:00,1.0855015281587272
1980-12-30 00:00:00,1.0855015281587272
1980-12-31 00:00:00,1.0855015281587272
1981-01-02 00:00:00,1.0855015281587272
1981-01-05 00:00:00,1.0855015281587272
1981-01-06 00:00:00,1.0855015281587272
1981-01-07 00:00:00,1.0855015281587272
1981-01-08 00:00:00,1.081574794463593
1981-01-09 00:00:00,1.081574794463593
1981-01-12 00:00:00,1.081574794463593
1981-01-13 00:00:00,1.081574794463593
1981-01-14 00:00:00,1.081574794463593
1981-01-15 00:00:00,1.081574794463593
1981-01-16 00:00:00,1.081574794463593
1981-01-19 00:00:00,1.081574794463593
1981-01-20 00:00:00,1.081574794463593
1981-01-21 00:00:00,1.081574794463593
1981-01-22 00:00:00,1.081574794463593
1981-01-23 00:00:00,1.081574794463593
1981-01-26 00:00:00,1.081574794463593
1981-01-27 00:00:00,1.081574794463593
1981-01-28 00:00:00,1.081574794463593
1981-01-29 00:00:00,1.081574794463593
1981-01-30 00:00:00,1.081574794463593
1981-02-02 00:00:00,1.081574794463593
1981-02-03 00:00:00,1.081574794463593
1981-02-04 00:00:00,1.081574794463593
1981-02-05 00:00:00,1.081574794463593
1981-02-06 00:00:00,1.081574794463593
1981-02-09 00:00:00,1.081574794463593
1981-02-10 00:00:00,1.081574794463593
1981-02-11 00:00:00,1.081574794463593
1981-02-13 00:00:00,1.081574794463593
1981-02-17 00:00:00,1.081574794463593
1981-02-18 00:00:00,1.081574794463593
1981-02-19 00:00:00,1.081574794463593
1981-02-20 00:00:00,1.081574794463593
1981-02-23 00:00:00,1.081574794463593
1981-02-24 00:00:00,1.081574794463593
1981-02-25 00:00:00,1.081574794463593
1981-02-26 00:00:00,1.081574794463593
1981-02-27 00:00:00,1.081574794463593
1981-03-02 00:00:00,1.081574794463593
1981-03-03 00:00:00,1.081574794463593
1981-03-04 00:00:00,1.081574794463593
1981-03-05 00:00:00,1.081574794463593
1981-03-06 00:00:00,1.081574794463593
1981-03-09 00:00:00,1.081574794463593
1981-03-10 00:00:00,1.081574794463593
1981-03-11 00:00:00,1.081574794463593
1981-03-12 00:00:00,1.081574794463593
1981-03-13 00:00:00,1.081574794463593
1981-03-16 00:00:00,1.081574794463593
1981-03-17 00:00:00,1.081574794463593
1981-03-18 00:00:00,1.081574794463593
1981-03-19 00:00:00,1.081574794463593
1981-03-20 00:00:00,1.081574794463593
1981-03-23 00:00:00,1.081574794463593
1981-03-24 00:00:00,1.081574794463593
1981-03-25 00:00:00,1.081574794463593
1981-03-26 00:00:00,1.081574794463593
1981-03-27 00:00:00,1.081574794463593
1981-03-30 00:00:00,1.081574794463593
1981-03-31 00:00:00,1.081574794463593
1981-04-01 00:00:00,1.081574794463593
1981-04-02 00:00:00,1.081574794463593
1981-04-03 00:00:00,1.081574794463593
1981-04-06 00:00:00,1.081574794463593
1981-04-07 00:00:00,1.081574794463593
1981-04-08 00:00:00,1.081574794463593
1981-04-09 00:00:00,1.081574794463593
1981-04-10 00:00:00,1.081574794463593
1981-04-13 00:00:00,1.081574794463593
1981-04-14 00:00:00,1.081574794463593
1981-04-15 00:00:00,1.081574794463593
1981-04-16 00:00:00,1.081574794463593
1981-04-17 00:00:00,1.081574794463593
1981-04-20 00:00:00,1.081574794463593
1981-04-21 00:00:00,1.081574794463593
1981-04-22 00:00:00,1.081574794463593
1981-04-23 00:00:00,1.081574794463593
1981-04-24 00:00:00,1.081574794463593
1981-04-27 00:00:00,1.081574794463593
1981-04-28 00:00:00,1.081574794463593
1981-04-29 00:00:00,1.081574794463593
1981-04-30 00:00:00,1.081574794463593
1981-05-01 00:00:00,1.081574794463593
1981-05-04 00:00:00,1.081574794463593
1981-05-05 00:00:00,1.081574794463593
1981-05-06 00:00:00,1.081574794463593
1981-05-07 00:00:00,1.081574794463593
1981-05-08 00:00:00,1.081574794463593
1981-05-11 00:00:00,1.081574794463593
1981-05-12 00:00:00,1.081574794463593
1981-05-13 00:00:00,1.081574794463593
1981-05-14 00:00:00,1.081574794463593
1981-05-15 00:00:00,1.081574794463593
1981-05-18 00:00:00,1.081574794463593
1981-05-19 00:00:00,1.081574794463593
1981-05-20 00:00:00,1.081574794463593
1981-05-21 00:00:00,1.081574794463593
1981-05-22 00:00:00,1.081574794463593
1981-05-26 00:00:00,1.081574794463593
1981-05-27 00:00:00,1.081574794463593
1981-05-28 00:00:00,1.081574794463593
1981-05-29 00:00:00,1.081574794463593
1981-06-01 00:00:00,1.081574794463593
1981-06-02 00:00:00,1.081574794463593
1981-06-03 00:00:00,1.081574794463593
1981-06-04 00:00:00,1.081574794463593
1981-06-05 00:00:00,1.081574794463593
1981-06-08 00:00:00,1.081574794463593
1981-06-09 00:00:00,1.081574794463593
1981-06-10 00:00:00,1.081574794463593
1981-06-11 00:00:00,1.081574794463593
1981-06-12 00:00:00,1.081574794463593
1981-06-15 00:00:00,1.081574794463593
1981-06-16 00:00:00,1.081574794463593
1981-06-17 00:00:00,1.081574794463593
1981-06-18 00:00:00,1.081574794463593
1981-06-19 00:00:00,1.081574794463593
1981-06-22 00:00:00,1.081574794463593
1981-06-23 00:00:00,1.081574794463593
1981-06-24 00:00:00,1.081574794463593
1981-06-25 00:00:00,1.081574794463593
1981-06-26 00:00:00,1.081574794463593
1981-06-29 00:00:00,1.081574794463593
1981-06-30 00:00:00,1.081574794463593
1981-07-01 00:00:00,1.081574794463593
1981-07-02 00:00:00,1.081574794463593
1981-07-03 00:00:00,1.081574794463593
1981-07-06 00:00:00,1.081574794463593
1981-07-07 00:00:00,1.081574794463593
1981-07-08 00:00:00,1.081574794463593
1981-07-09 00:00:00,1.081574794463593
1981-07-10 00:00:00,1.081574794463593
1981-07-13 00:00:00,1.081574794463593
1981-07-14 00:00:00,1.081574794463593
1981-07-15 00:00:00,1.081574794463593
1981-07-16 00:00:00,1.081574794463593
1981-07-17 00:00:00,1.081574794463593
1981-07-20 00:00:00,1.081574794463593
1981-07-21 00:00:00,1.081574794463593
1981-07-22 00:00:00,1.081574794463593
1981-07-23 00:00:00,1.081574794463593
1981-07-24 00:00:00,1.081574794463593
1981-07-27 00:00:00,1.081574794463593
1981-07-28 00:00:00,1.081574794463593
1981-07-29 00:00:00,1.081574794463593
1981-07-30 00:00:00,1.081574794463593
1981-07-31 00:00:00,1.081574794463593
1981-08-03 00:00:00,1.081574794463593
1981-08-04 00:00:00,1.081574794463593
1981-08-05 00:00:00,1.081574794463593
1981-08-06 00:00:00,1.081574794463593
1981-08-07 00:00:00,1.081574794463593
1981-08-10 00:00:00,1.081574794463593
1981-08-11 00:00:00,1.081574794463593
1981-08-12 00:00:00,1.081574794463593
1981-08-13 00:00:00,1.081574794463593
1981-08-14 00:00:00,1.081574794463593
1981-08-17 00:00:00,1.081574794463593
1981-08-18 00:00:00,1.081574794463593
1981-08-19 00:00:00,1.081574794463593
1981-08-20 00:00:00,1.081574794463593
1981-08-21 00:00:00,1.081574794463593
1981-08-24 00:00:00,1.081574794463593
1981-08-25 00:00:00,1.081574794463593
1981-08-26 00:00:00,1.081574794463593
1981-08-27 00:00:00,1.081574794463593
1981-08-28 00:00:00,1.081574794463593
1981-08-31 00:00:00,1.081574794463593
1981-09-01 00:00:00,1.081574794463593
1981-09-02 00:00:00,1.081574794463593
1981-09-03 00:00:00,1.081574794463593
1981-09-04 00:00:00,1.081574794463593
1981-09-08 00:00:00,1.081574794463593
1981-09-09 00:00:00,1.081574794463593
1981-09-10 00:00:00,1.081574794463593
1981-09-11 00:00:00,1.081574794463593
1981-09-14 00:00:00,1.081574794463593
1981-09-15 00:00:00,1.081574794463593
1981-09-16 00:00:00,1.081574794463593
1981-09-17 00:00:00,1.081574794463593
1981-09-18 00:00:00,1.081574794463593
1981-09-21 00:00:00,1.081574794463593
1981-09-22 00:00:00,1.081574794463593
1981-09-23 00:00:00,1.081574794463593
1981-09-24 00:00:00,1.081574794463593
1981-09-25 00:00:00,1.081574794463593
1981-09-28 00:00:00,1.081574794463593
1981-09-29 00:00:00,1.081574794463593
1981-09-30 00:00:00,1.081574794463593
1981-10-01 00:00:00,1.081574794463593
1981-10-02 00:00:00,1.081574794463593
1981-10-05 00:00:00,1.081574794463593
1981-10-06 00:00:00,1.081574794463593
1981-10-07 00:00:00,1.081574794463593
1981-10-08 00:00:00,1.081574794463593
1981-10-09 00:00:00,1.081574794463593
1981-10-13 00:00:00,1.081574794463593
1981-10-14 00:00:00,1.0800842036484737
1981-10-15 00:00:00,1.0800842036484737
1981-10-16 00:00:00,1.0800842036484737
1981-10-19 00:00:00,1.0800842036484737
1981-10-20 00:00:00,1.0800842036484737
1981-10-21 00:00:00,1.0800842036484737
1981-10-22 00:00:00,1.0800842036484737
1981-10-23 00:00:00,1.0800842036484737
1981-10-26 00:00:00,1.0800842036484737
1981-10-27 00:00:00,1.0800842036484737
1981-10-28 00:00:00,1.0800842036484737
1981-10-29 00:00:00,1.0800842036484737
1981-10-30 00:00:00,1.0800842036484737
1981-11-02 00:00:00,1.0800842036484737
1981-11-04 00:00:00,1.0800842036484737
1981-11-05 00:00:00,1.0800842036484737
1981-11-06 00:00:00,1.0812022133722237
1981-11-09 00:00:00,1.0812022133722237
1981-11-10 00:00:00,1.0812022133722237
1981-11-12 00:00:00,1.0812022133722237
1981-11-13 00:00:00,1.0812022133722237
1981-11-16 00:00:00,1.0812022133722237
1981-11-17 00:00:00,1.0812022133722237
1981-11-18 00:00:00,1.0812022133722237
1981-11-19 00:00:00,1.0812022133722237
1981-11-20 00:00:00,1.0812022133722237
1981-11-23 00:00:00,1.0812022133722237
1981-11-24 00:00:00,1.0812022133722237
1981-11-25 00:00:00,1.0812022133722237
1981-11-27 00:00:00,1.0812022133722237
1981-11-30 00:00:00,1.0812022133722237
1981-12-01 00:00:00,1.0812022133722237
1981-12-02 00:00:00,1.0812022133722237
1981-12-03 00:00:00,1.0812022133722237
1981-12-04 00:00:00,1.0812022133722237
1981-12-07 00:00:00,1.0812022133722237
1981-12-08 00:00:00,1.0812022133722237
1981-12-09 00:00:00,1.0812022133722237
1981-12-10 00:00:00,1.0812022133722237
1981-12-11 00:00:00,1.0812022133722237
1981-12-14 00:00:00,1.0812022133722237
1981-12-15 00:00:00,1.0812022133722237
1981-12-16 00:00:00,1.0812022133722237
1981-12-17 00:00:00,1.0812022133722237
1981-12-18 00:00:00,1.0812022133722237
1981-12-21 00:00:00,1.0812022133722237
1981-12-22 00:00:00,1.0812022133722237
1981-12-23 00:00:00,1.0812022133722237
1981-12-24 00:00:00,1.0812022133722237
1981-12-28 00:00:00,1.0812022133722237
1981-12-29 00:00:00,1.0812022133722237
1981-12-30 00:00:00,1.0812022133722237
1981-12-31 00:00:00,1.0812022133722237
1982-01-04 00:00:00,1.0812022133722237
1982-01-05 00:00:00,1.0812022133722237
1982-01-06 00:00:00,1.0812022133722237
1982-01-07 00:00:00,1.0812022133722237
1982-01-08 00:00:00,1.0812022133722237
1982-01-11 00:00:00,1.0812022133722237
1982-01-12 00:00:00,1.0812022133722237
1982-01-13 00:00:00,1.0812022133722237
1982-01-14 00:00:00,1.0812022133722237
1982-01-15 00:00:00,1.0812022133722237
1982-01-18 00:00:00,1.0812022133722237
1982-01-19 00:00:00,1.0812022133722237
1982-01-20 00:00:00,1.0812022133722237
1982-01-21 00:00:00,1.0812022133722237
1982-01-22 00:00:00,1.0812022133722237
1982-01-25 00:00:00,1.0812022133722237
1982-01-26 00:00:00,1.0812022133722237
1982-01-27 00:00:00,1.0812022133722237
1982-01-28 00:00:00,1.0812022133722237
1982-01-29 00:00:00,1.0812022133722237
1982-02-01 00:00:00,1.0812022133722237
1982-02-02 00:00:00,1.0812022133722237
1982-02-03 00:00:00,1.0812022133722237
1982-02-04 00:00:00,1.0812022133722237
1982-02-05 00:00:00,1.0812022133722237
1982-02-08 00:00:00,1.0812022133722237
1982-02-09 00:00:00,1.0812022133722237
1982-02-10 00:00:00,1.0812022133722237
1982-02-11 00:00:00,1.0812022133722237
1982-02-16 00:00:00,1.0812022133722237
1982-02-17 00:00:00,1.0812022133722237
1982-02-18 00:00:00,1.0812022133722237
1982-02-19 00:00:00,1.0812022133722237
1982-02-22 00:00:00,1.0812022133722237
1982-02-23 00:00:00,1.0812022133722237
1982-02-24 00:00:00,1.0812022133722237
1982-02-25 00:00:00,1.0812022133722237
1982-02-26 00:00:00,1.0812022133722237
1982-03-01 00:00:00,1.0812022133722237
1982-03-02 00:00:00,1.0812022133722237
1982-03-03 00:00:00,1.0812022133722237
1982-03-04 00:00:00,1.0812022133722237
1982-03-05 00:00:00,1.0812022133722237
1982-03-08 00:00:00,1.0812022133722237
1982-03-09 00:00:00,1.0812022133722237
1982-03-10 00:00:00,1.0812022133722237
1982-03-11 00:00:00,1.0812022133722237
1982-03-12 00:00:00,1.0812022133722237
1982-03-15 00:00:00,1.0812022133722237
1982-03-16 00:00:00,1.0812022133722237
1982-03-17 00:00:00,1.0812022133722237
1982-03-18 00:00:00,1.0812022133722237
1982-03-19 00:00:00,1.0812022133722237
1982-03-22 00:00:00,1.0812022133722237
1982-03-23 00:00:00,1.0812022133722237
1982-03-24 00:00:00,1.0812022133722237
1982-03-25 00:00:00,1.0812022133722237
1982-03-26 00:00:00,1.0812022133722237
1982-03-29 00:00:00,1.0812022133722237
1982-03-30 00:00:00,1.0812022133722237
1982-03-31 00:00:00,1.0812022133722237
1982-04-01 00:00:00,1.0812022133722237
1982-04-02 00:00:00,1.0812022133722237
1982-04-05 00:00:00,1.0812022133722237
1982-04-06 00:00:00,1.0812022133722237
1982-04-07 00:00:00,1.0812022133722237
1982-04-08 00:00:00,1.0812022133722237
1982-04-09 00:00:00,1.0812022133722237
1982-04-12 00:00:00,1.0812022133722237
1982-04-13 00:00:00,1.0812022133722237
1982-04-14 00:00:00,1.0812022133722237
1982-04-15 00:00:00,1.0812022133722237
1982-04-16 00:00:00,1.0812022133722237
1982-04-19 00:00:00,1.0812022133722237
1982-04-20 00:00:00,1.0812022133722237
1982-04-21 00:00:00,1.0812022133722237
1982-04-22 00:00:00,1.0812022133722237
1982-04-23 00:00:00,1.0812022133722237
1982-04-26 00:00:00,1.0812022133722237
1982-04-27 00:00:00,1.0812022133722237
1982-04-28 00:00:00,1.0812022133722237
1982-04-29 00:00:00,1.0812022133722237
1982-04-30 00:00:00,1.0812022133722237
1982-05-03 00:00:00,1.0812022133722237
1982-05-04 00:00:00,1.0812022133722237
1982-05-05 00:00:00,1.0812022133722237
1982-05-06 00:00:00,1.0812022133722237
1982-05-07 00:00:00,1.0812022133722237
1982-05-10 00:00:00,1.0812022133722237
1982-05-11 00:00:00,1.0812022133722237
1982-05-12 00:00:00,1.0812022133722237
1982-05-13 00:00:00,1.0732264489118926
1982-05-14 00:00:00,1.0732264489118926
1982-05-17 00:00:00,1.0732264489118926
1982-05-18 00:00:00,1.0732264489118926
1982-05-19 00:00:00,1.0732264489118926
1982-05-20 00:00:00,1.0732264489118926
1982-05-21 00:00:00,1.0732264489118926
1982-05-24 00:00:00,1.0732264489118926
1982-05-25 00:00:00,1.0732264489118926
1982-05-26 00:00:00,1.0732264489118926
1982-05-27 00:00:00,1.0732264489118926
1982-05-28 00:00:00,1.0732264489118926
1982-06-01 00:00:00,1.0732264489118926
1982-06-02 00:00:00,1.0732264489118926
1982-06-03 00:00:00,1.0732264489118926
1982-06-04 00:00:00,1.0732264489118926
1982-06-07 00:00:00,1.0732264489118926
1982-06-08 00:00:00,1.0732264489118926
1982-06-09 00:00:00,1.0732264489118926
1982-06-10 00:00:00,1.0732264489118926
1982-06-11 00:00:00,1.0732264489118926
1982-06-14 00:00:00,1.0732264489118926
1982-06-15 00:00:00,1.0732264489118926
1982-06-16 00:00:00,1.0732264489118926
1982-06-17 00:00:00,1.0732264489118926
1982-06-18 00:00:00,1.0732264489118926
1982-06-21 00:00:00,1.0732264489118926
1982-06-22 00:00:00,1.0732264489118926
1982-06-23 00:00:00,1.0732264489118926
1982-06-24 00:00:00,1.0732264489118926
1982-06-25 00:00:00,1.0732264489118926
1982-06-28 00:00:00,1.0732264489118926
1982-06-29 00:00:00,1.0732264489118926
1982-06-30 00:00:00,1.0732264489118926
1982-07-01 00:00:00,1.0732264489118926
1982-07-02 00:00:00,1.0732264489118926
1982-07-06 00:00:00,1.0732264489118926
1982-07-07 00:00:00,1.0732264489118926
1982-07-08 00:00:00,1.0732264489118926
1982-07-09 00:00:00,1.0732264489118926
1982-07-12 00:00:00,1.0732264489118926
1982-07-13 00:00:00,1.0732264489118926
1982-07-14 00:00:00,1.0732264489118926
1982-07-15 00:00:00,1.0732264489118926
1982-07-16 00:00:00,1.0732264489118926
1982-07-19 00:00:00,1.0732264489118926
1982-07-20 00:00:00,1.0732264489118926
1982-07-21 00:00:00,1.0732264489118926
1982-07-22 00:00:00,1.0732264489118926
1982-07-23 00:00:00,1.0732264489118926
1982-07-26 00:00:00,1.0732264489118926
1982-07-27 00:00:00,1.0732264489118926
1982-07-28 00:00:00,1.0732264489118926
1982-07-29 00:00:00,1.0732264489118926
1982-07-30 00:00:00,1.0732264489118926
1982-08-02 00:00:00,1.0732264489118926
1982-08-03 00:00:00,1.0732264489118926
1982-08-04 00:00:00,1.0732264489118926
1982-08-05 00:00:00,1.0732264489118926
1982-08-06 00:00:00,1.0732264489118926
1982-08-09 00:00:00,1.0732264489118926
1982-08-10 00:00:00,1.0732264489118926
1982-08-11 00:00:00,1.0732264489118926
1982-08-12 00:00:00,1.0732264489118926
1982-08-13 00:00:00,1.0732264489118926
1982-08-16 00:00:00,1.0732264489118926
1982-08-17 00:00:00,1.0732264489118926
1982-08-18 00:00:00,1.0732264489118926
1982-08-19 00:00:00,1.0732264489118926
1982-08-20 00:00:00,1.0732264489118926
1982-08-23 00:00:00,1.0732264489118926
1982-08-24 00:00:00,1.0732264489118926
1982-08-25 00:00:00,1.0732264489118926
1982-08-26 00:00:00,1.0732264489118926
1982-08-27 00:00:00,1.0732264489118926
1982-08-30 00:00:00,1.0732264489118926
1982-08-31 00:00:00,1.0732264489118926
1982-09-01 00:00:00,1.0732264489118926
1982-09-02 00:00:00,1.0732264489118926
1982-09-03 00:00:00,1.0732264489118926
1982-09-07 00:00:00,1.0732264489118926
1982-09-08 00:00:00,1.0732264489118926
1982-09-09 00:00:00,1.0732264489118926
1982-09-10 00:00:00,1.0732264489118926
1982-09-13 00:00:00,1.0732264489118926
1982-09-14 00:00:00,1.0732264489118926
1982-09-15 00:00:00,1.0732264489118926
1982-09-16 00:00:00,1.0732264489118926
1982-09-17 00:00:00,1.0732264489118926
1982-09-20 00:00:00,1.0732264489118926
1982-09-21 00:00:00,1.0732264489118926
1982-09-22 00:00:00,1.0732264489118926
1982-09-23 00:00:00,1.0732264489118926
1982-09-24 00:00:00,1.0732264489118926
1982-09-27 00:00:00,1.0732264489118926
1982-09-28 00:00:00,1.0732264489118926
1982-09-29 00:00:00,1.0732264489118926
1982-09-30 00:00:00,1.0732264489118926
1982-10-01 00:00:00,1.0732264489118926
1982-10-04 00:00:00,1.0732264489118926
1982-10-05 00:00:00,1.0732264489118926
1982-10-06 00:00:00,1.0732264489118926
1982-10-07 00:00:00,1.0732264489118926
1982-10-08 00:00:00,1.0732264489118926
1982-10-12 00:00:00,1.0732264489118926
1982-10-13 00:00:00,1.0732264489118926
1982-10-14 00:00:00,1.0732264489118926
1982-10-15 00:00:00,1.0732264489118926
1982-10-18 00:00:00,1.0732264489118926
1982-10-19 00:00:00,1.0732264489118926
1982-10-20 00:00:00,1.0732264489118926
1982-10-21 00:00:00,1.0732264489118926
1982-10-22 00:00:00,1.0732264489118926
1982-10-25 00:00:00,1.0732264489118926
1982-10-26 00:00:00,1.0732264489118926
1982-10-27 00:00:00,1.0732264489118926
1982-10-28 00:00:00,1.0732264489118926
1982-10-29 00:00:00,1.0732264489118926
1982-11-01 00:00:00,1.0732264489118926
1982-11-03 00:00:00,1.0732264489118926
1982-11-04 00:00:00,1.0732264489118926
1982-11-05 00:00:00,1.0732264489118926
1982-11-08 00:00:00,1.0732264489118926
1982-11-09 00:00:00,1.0732264489118926
1982-11-10 00:00:00,1.0732264489118926
1982-11-12 00:00:00,1.0732264489118926
1982-11-15 00:00:00,1.0732264489118926
1982-11-16 00:00:00,1.0732264489118926
1982-11-17 00:00:00,1.0732264489118926
1982-11-18 00:00:00,1.0732264489118926
1982-11-19 00:00:00,1.0732264489118926
1982-11-22 00:00:00,1.0732264489118926
1982-11-23 00:00:00,1.0732264489118926
1982-11-24 00:00:00,1.0732264489118926
1982-11-26 00:00:00,1.0732264489118926
1982-11-29 00:00:00,1.0732264489118926
1982-11-30 00:00:00,1.0732264489118926
1982-12-01 00:00:00,1.0732264489118926
1982-12-02 00:00:00,1.0732264489118926
1982-12-03 00:00:00,1.0732264489118926
1982-12-06 00:00:00,1.0732264489118926
1982-12-07 00:00:00,1.0732264489118926
1982-12-08 00:00:00,1.0732264489118926
1982-12-09 00:00:00,1.0732264489118926
1982-12-10 00:00:00,1.0732264489118926
1982-12-13 00:00:00,1.0732264489118926
1982-12-14 00:00:00,1.0732264489118926
1982-12-15 00:00:00,1.0732264489118926
1982-12-16 00:00:00,1.0732264489118926
1982-12-17 00:00:00,1.0732264489118926
1982-12-20 00:00:00,1.0732264489118926
1982-12-21 00:00:00,1.0732264489118926
1982-12-22 00:00:00,1.0732264489118926
1982-12-23 00:00:00,1.0732264489118926
1982-12-24 00:00:00,1.0732264489118926
1982-12-27 00:00:00,1.0732264489118926
1982-12-28 00:00:00,1.0732264489118926
1982-12-29 00:00:00,1.0732264489118926
1982-12-30 00:00:00,1.0732264489118926
1982-12-31 00:00:00,1.0732264489118926
1983-01-03 00:00:00,1.0732264489118926
1983-01-04 00:00:00,1.0732264489118926
1983-01-05 00:00:00,1.0732264489118926
1983-01-06 00:00:00,1.0732264489118926
1983-01-07 00:00:00,1.0732264489118926
1983-01-10 00:00:00,1.0732264489118926
1983-01-11 00:00:00,1.0732264489118926
1983-01-12 00:00:00,1.0732264489118926
1983-01-13 00:00:00,1.0732264489118926
1983-01-14 00:00:00,1.0732264489118926
1983-01-17 00:00:00,1.0732264489118926
1983-01-18 00:00:00,1.0732264489118926
1983-01-19 00:00:00,1.0732264489118926
1983-01-20 00:00:00,1.0732264489118926
1983-01-21 00:00:00,1.0732264489118926
1983-01-24 00:00:00,1.0732264489118926
1983-01-25 00:00:00,1.0732264489118926
1983-01-26 00:00:00,1.0732264489118926
1983-01-27 00:00:00,1.0732264489118926
1983-01-28 00:00:00,1.0732264489118926
1983-01-31 00:00:00,1.0732264489118926
1983-02-01 00:00:00,1.0732264489118926
1983-02-02 00:00:00,1.0732264489118926
1983-02-03 00:00:00,1.0732264489118926
1983-02-04 00:00:00,1.0732264489118926
1983-02-07 00:00:00,1.0732264489118926
1983-02-08 00:00:00,1.0732264489118926
1983-02-09 00:00:00,1.0732264489118926
1983-02-10 00:00:00,1.0732264489118926
1983-02-11 00:00:00,1.0732264489118926
1983-02-14 00:00:00,1.0732264489118926
1983-02-15 00:00:00,1.0732264489118926
1983-02-16 00:00:00,1.0732264489118926
1983-02-17 00:00:00,1.0732264489118926
1983-02-18 00:00:00,1.0732264489118926
1983-02-22 00:00:00,1.0732264489118926
1983-02-23 00:00:00,1.0732264489118926
1983-02-24 00:00:00,1.0732264489118926
1983-02-25 00:00:00,1.0732264489118926
1983-02-28 00:00:00,1.0732264489118926
1983-03-01 00:00:00,1.0732264489118926
1983-03-02 00:00:00,1.0732264489118926
1983-03-03 00:00:00,1.0732264489118926
1983-03-04 00:00:00,1.0732264489118926
1983-03-07 00:00:00,1.0732264489118926
1983-03-08 00:00:00,1.0732264489118926
1983-03-09 00:00:00,1.0732264489118926
1983-03-10 00:00:00,1.0732264489118926
1983-03-11 00:00:00,1.0732264489118926
1983-03-14 00:00:00,1.0732264489118926
1983-03-15 00:00:00,1.0732264489118926
1983-03-16 00:00:00,1.0732264489118926
1983-03-17 00:00:00,1.0732264489118926
1983-03-18 00:00:00,1.0732264489118926
1983-03-21 00:00:00,1.0732264489118926
1983-03-22 00:00:00,1.0732264489118926
1983-03-23 00:00:00,1.0732264489118926
1983-03-24 00:00:00,1.0732264489118926
1983-03-25 00:00:00,1.0732264489118926
1983-03-28 00:00:00,1.0732264489118926
1983-03-29 00:00:00,1.0732264489118926
1983-03-30 00:00:00,1.0732264489118926
1983-03-31 00:00:00,1.0732264489118926
1983-04-01 00:00:00,1.0732264489118926
1983-04-04 00:00:00,1.0732264489118926
1983-04-05 00:00:00,1.0732264489118926
1983-04-06 00:00:00,1.0732264489118926
1983-04-07 00:00:00,1.0732264489118926
1983-04-08 00:00:00,1.0732264489118926
1983-04-11 00:00:00,1.0732264489118926
1983-04-12 00:00:00,1.0732264489118926
1983-04-13 00:00:00,1.0732264489118926
1983-04-14 00:00:00,1.0732264489118926
1983-04-15 00:00:00,1.0732264489118926
1983-04-18 00:00:00,1.0732264489118926
1983-04-19 00:00:00,1.0732264489118926
1983-04-20 00:00:00,1.0732264489118926
1983-04-21 00:00:00,1.0767324611776181
1983-04-22 00:00:00,1.0767324611776181
1983-04-25 00:00:00,1.0767324611776181
1983-04-26 00:00:00,1.0767324611776181
1983-04-27 00:00:00,1.0767324611776181
1983-04-28 00:00:00,1.0767324611776181
1983-04-29 00:00:00,1.0767324611776181
1983-05-02 00:00:00,1.0767324611776181
1983-05-03 00:00:00,1.0767324611776181
1983-05-04 00:00:00,1.0767324611776181
1983-05-05 00:00:00,1.0767324611776181
1983-05-06 00:00:00,1.0767324611776181
1983-05-09 00:00:00,1.0767324611776181
1983-05-10 00:00:00,1.0767324611776181
1983-05-11 00:00:00,1.0767324611776181
1983-05-12 00:00:00,1.0767324611776181
1983-05-13 00:00:00,1.0767324611776181
1983-05-16 00:00:00,1.0767324611776181
1983-05-17 00:00:00,1.0767324611776181
1983-05-18 00:00:00,1.0767324611776181
1983-05-19 00:00:00,1.0767324611776181
1983-05-20 00:00:00,1.0767324611776181
1983-05-23 00:00:00,1.0767324611776181
1983-05-24 00:00:00,1.0767324611776181
1983-05-25 00:00:00,1.0767324611776181
1983-05-26 00:00:00,1.0767324611776181
1983-05-27 00:00:00,1.0767324611776181
1983-05-31 00:00:00,1.0767324611776181
1983-06-01 00:00:00,1.0767324611776181
1983-06-02 00:00:00,1.0767324611776181
1983-06-03 00:00:00,1.0767324611776181
1983-06-06 00:00:00,1.0767324611776181
1983-06-07 00:00:00,1.0767324611776181
1983-06-08 00:00:00,1.0767324611776181
1983-06-09 00:00:00,1.0767324611776181
1983-06-10 00:00:00,1.0767324611776181
1983-06-13 00:00:00,1.0767324611776181
1983-06-14 00:00:00,1.0767324611776181
1983-06-15 00:00:00,1.0767324611776181
1983-06-16 00:00:00,1.0767324611776181
1983-06-17 00:00:00,1.0767324611776181
1983-06-20 00:00:00,1.0767324611776181
1983-06-21 00:00:00,1.0767324611776181
1983-06-22 00:00:00,1.0767324611776181
1983-06-23 00:00:00,1.0767324611776181
1983-06-24 00:00:00,1.0767324611776181
1983-06-27 00:00:00,1.0767324611776181
1983-06-28 00:00:00,1.0767324611776181
1983-06-29 00:00:00,1.0767324611776181
1983-06-30 00:00:00,1.0767324611776181
1983-07-01 00:00:00,1.0767324611776181
1983-07-05 00:00:00,1.0767324611776181
1983-07-06 00:00:00,1.0767324611776181
1983-07-07 00:00:00,1.0767324611776181
1983-07-08 00:00:00,1.0767324611776181
1983-07-11 00:00:00,1.0767324611776181
1983-07-12 00:00:00,1.0767324611776181
1983-07-13 00:00:00,1.0767324611776181
1983-07-14 00:00:00,1.0767324611776181
1983-07-15 00:00:00,1.0767324611776181
1983-07-18 00:00:00,1.0767324611776181
1983-07-19 00:00:00,1.0767324611776181
1983-07-20 00:00:00,1.0767324611776181
1983-07-21 00:00:00,1.0767324611776181
1983-07-22 00:00:00,1.0767324611776181
1983-07-25 00:00:00,1.0767324611776181
1983-07-26 00:00:00,1.0767324611776181
1983-07-27 00:00:00,1.0767324611776181
1983-07-28 00:00:00,1.0767324611776181
1983-07-29 00:00:00,1.0767324611776181
1983-08-01 00:00:00,1.0767324611776181
1983-08-02 00:00:00,1.0767324611776181
1983-08-03 00:00:00,1.0767324611776181
1983-08-04 00:00:00,1.0767324611776181
1983-08-05 00:00:00,1.0767324611776181
1983-08-08 00:00:00,1.0767324611776181
1983-08-09 00:00:00,1.0767324611776181
1983-08-10 00:00:00,1.0767324611776181
1983-08-11 00:00:00,1.0767324611776181
1983-08-12 00:00:00,1.0767324611776181
1983-08-15 00:00:00,1.0767324611776181
1983-08-16 00:00:00,1.0767324611776181
1983-08-17 00:00:00,1.0767324611776181
1983-08-18 00:00:00,1.0767324611776181
1983-08-19 00:00:00,1.0767324611776181
1983-08-22 00:00:00,1.0767324611776181
1983-08-23 00:00:00,1.0767324611776181
1983-08-24 00:00:00,1.0767324611776181
1983-08-25 00:00:00,1.0767324611776181
1983-08-26 00:00:00,1.0767324611776181
1983-08-29 00:00:00,1.0767324611776181
1983-08-30 00:00:00,1.0767324611776181
1983-08-31 00:00:00,1.0767324611776181
1983-09-01 00:00:00,1.0767324611776181
1983-09-02 00:00:00,1.0767324611776181
1983-09-06 00:00:00,1.0767324611776181
1983-09-07 00:00:00,1.0767324611776181
1983-09-08 00:00:00,1.0767324611776181
1983-09-09 00:00:00,1.0767324611776181
1983-09-12 00:00:00,1.0767324611776181
1983-09-13 00:00:00,1.0767324611776181
1983-09-14 00:00:00,1.0767324611776181
1983-09-15 00:00:00,1.0767324611776181
1983-09-16 00:00:00,1.0767324611776181
1983-09-19 00:00:00,1.0767324611776181
1983-09-20 00:00:00,1.0767324611776181
1983-09-21 00:00:00,1.0767324611776181
1983-09-22 00:00:00,1.0767324611776181
1983-09-23 00:00:00,1.0767324611776181
1983-09-26 00:00:00,1.0767324611776181
1983-09-27 00:00:00,1.0767324611776181
1983-09-28 00:00:00,1.0767324611776181
1983-09-29 00:00:00,1.0767324611776181
1983-09-30 00:00:00,1.0767324611776181
1983-10-03 00:00:00,1.0767324611776181
1983-10-04 00:00:00,1.0767324611776181
1983-10-05 00:00:00,1.0767324611776181
1983-10-06 00:00:00,1.0767324611776181
1983-10-07 00:00:00,1.0767324611776181
1983-10-11 00:00:00,1.0767324611776181
1983-10-12 00:00:00,1.0767324611776181
1983-10-13 00:00:00,1.0767324611776181
1983-10-14 00:00:00,1.0767324611776181
1983-10-17 00:00:00,1.0767324611776181
1983-10-18 00:00:00,1.0767324611776181
1983-10-19 00:00:00,1.0767324611776181
1983-10-20 00:00:00,1.0767324611776181
1983-10-21 00:00:00,1.0767324611776181
1983-10-24 00:00:00,1.0767324611776181
1983-10-25 00:00:00,1.0767324611776181
1983-10-26 00:00:00,1.0767324611776181
1983-10-27 00:00:00,1.0767324611776181
1983-10-28 00:00:00,1.0767324611776181
1983-10-31 00:00:00,1.0767324611776181
1983-11-01 00:00:00,1.0767324611776181
1983-11-02 00:00:00,1.0767324611776181
1983-11-03 00:00:00,1.0767324611776181
1983-11-04 00:00:00,1.0767324611776181
1983-11-07 00:00:00,1.0767324611776181
1983-11-09 00:00:00,1.0767324611776181
1983-11-10 00:00:00,1.0767324611776181
1983-11-14 00:00:00,1.0767324611776181
1983-11-15 00:00:00,1.0767324611776181
1983-11-16 00:00:00,1.0767324611776181
1983-11-17 00:00:00,1.0767324611776181
1983-11-18 00:00:00,1.0767324611776181
1983-11-21 00:00:00,1.0767324611776181
1983-11-22 00:00:00,1.0767324611776181
1983-11-23 00:00:00,1.0767324611776181
1983-11-25 00:00:00,1.0767324611776181
1983-11-28 00:00:00,1.0767324611776181
1983-11-29 00:00:00,1.0767324611776181
1983-11-30 00:00:00,1.0767324611776181
1983-12-01 00:00:00,1.0767324611776181
1983-12-02 00:00:00,1.0767324611776181
1983-12-05 00:00:00,1.0767324611776181
1983-12-06 00:00:00,1.0767324611776181
1983-12-07 00:00:00,1.0767324611776181
1983-12-08 00:00:00,1.0767324611776181
1983-12-09 00:00:00,1.0767324611776181
1983-12-12 00:00:00,1.0767324611776181
1983-12-13 00:00:00,1.0767324611776181
1983-12-14 00:00:00,1.0767324611776181
1983-12-15 00:00:00,1.0767324611776181
1983-12-16 00:00:00,1.0767324611776181
1983-12-19 00:00:00,1.0767324611776181
1983-12-20 00:00:00,1.0767324611776181
1983-12-21 00:00:00,1.0767324611776181
1983-12-22 00:00:00,1.0767324611776181
1983-12-23 00:00:00,1.0767324611776181
1983-12-27 00:00:00,1.0767324611776181
1983-12-28 00:00:00,1.0767324611776181
1983-12-29 00:00:00,1.0767324611776181
1983-12-30 00:00:00,1.0767324611776181
1984-01-03 00:00:00,1.0767324611776181
1984-01-04 00:00:00,1.0767324611776181
1984-01-05 00:00:00,1.0767324611776181
1984-01-06 00:00:00,1.0767324611776181
1984-01-09 00:00:00,1.0767324611776181
1984-01-10 00:00:00,1.0767324611776181
1984-01-11 00:00:00,1.0767324611776181
1984-01-12 00:00:00,1.0767324611776181
1984-01-13 00:00:00,1.0767324611776181
1984-01-16 00:00:00,1.0767324611776181
1984-01-17 00:00:00,1.0767324611776181
1984-01-18 00:00:00,1.0767324611776181
1984-01-19 00:00:00,1.0767324611776181
1984-01-20 00:00:00,1.0767324611776181
1984-01-23 00:00:00,1.0767324611776181
1984-01-24 00:00:00,1.0767324611776181
1984-01-25 00:00:00,1.0767324611776181
1984-01-26 00:00:00,1.0767324611776181
1984-01-27 00:00:00,1.0767324611776181
1984-01-30 00:00:00,1.0767324611776181
1984-01-31 00:00:00,1.0767324611776181
1984-02-01 00:00:00,1.0767324611776181
1984-02-02 00:00:00,1.0767324611776181
1984-02-03 00:00:00,1.0767324611776181
1984-02-06 00:00:00,1.0767324611776181
1984-02-07 00:00:00,1.0767324611776181
1984-02-08 00:00:00,1.0767324611776181
1984-02-09 00:00:00,1.0767324611776181
1984-02-10 00:00:00,1.0767324611776181
1984-02-14 00:00:00,1.0767324611776181
1984-02-15 00:00:00,1.0767324611776181
1984-02-16 00:00:00,1.0767324611776181
1984-02-17 00:00:00,1.0767324611776181
1984-02-21 00:00:00,1.0767324611776181
1984-02-22 00:00:00,1.0767324611776181
1984-02-23 00:00:00,1.0767324611776181
1984-02-24 00:00:00,1.0767324611776181
1984-02-27 00:00:00,1.0767750551782047
1984-02-28 00:00:00,1.0767750551782047
1984-02-29 00:00:00,1.0767750551782047
1984-03-01 00:00:00,1.0767750551782047
1984-03-02 00:00:00,1.0767750551782047
1984-03-05 00:00:00,1.0767750551782047
1984-03-06 00:00:00,1.0767750551782047
1984-03-07 00:00:00,1.0767750551782047
1984-03-08 00:00:00,1.0767750551782047
1984-03-09 00:00:00,1.0767750551782047
1984-03-12 00:00:00,1.0767750551782047
1984-03-13 00:00:00,1.0767750551782047
1984-03-14 00:00:00,1.0767750551782047
1984-03-15 00:00:00,1.0767750551782047
1984-03-16 00:00:00,1.0767750551782047
1984-03-19 00:00:00,1.0767750551782047
1984-03-20 00:00:00,1.0767750551782047
1984-03-21 00:00:00,1.0767750551782047
1984-03-22 00:00:00,1.0767750551782047
1984-03-23 00:00:00,1.0767750551782047
1984-03-26 00:00:00,1.0767750551782047
1984-03-27 00:00:00,1.0767750551782047
1984-03-28 00:00:00,1.0767750551782047
1984-03-29 00:00:00,1.0767750551782047
1984-03-30 00:00:00,1.0767750551782047
1984-04-02 00:00:00,1.0767750551782047
1984-04-03 00:00:00,1.0767750551782047
1984-04-04 00:00:00,1.0767750551782047
1984-04-05 00:00:00,1.0767750551782047
1984-04-06 00:00:00,1.0767750551782047
1984-04-09 00:00:00,1.0767750551782047
1984-04-10 00:00:00,1.0767750551782047
1984-04-11 00:00:00,1.0767750551782047
1984-04-12 00:00:00,1.0767750551782047
1984-04-13 00:00:00,1.0767750551782047
1984-04-16 00:00:00,1.0767750551782047
1984-04-17 00:00:00,1.0767750551782047
1984-04-18 00:00:00,1.0767750551782047
1984-04-19 00:00:00,1.0767750551782047
1984-04-20 00:00:00,1.0767750551782047
1984-04-23 00:00:00,1.0767750551782047
1984-04-24 00:00:00,1.0767750551782047
1984-04-25 00:00:00,1.0767750551782047
1984-04-26 00:00:00,1.0767750551782047
1984-04-27 00:00:00,1.0767750551782047
1984-04-30 00:00:00,1.0767750551782047
1984-05-01 00:00:00,1.0767750551782047
1984-05-02 00:00:00,1.0767750551782047
1984-05-03 00:00:00,1.0767750551782047
1984-05-04 00:00:00,1.0767750551782047
1984-05-07 00:00:00,1.0767750551782047
1984-05-08 00:00:00,1.0767750551782047
1984-05-09 00:00:00,1.0767750551782047
1984-05-10 00:00:00,1.0767750551782047
1984-05-11 00:00:00,1.0767750551782047
1984-05-14 00:00:00,1.0767750551782047
1984-05-15 00:00:00,1.0767750551782047
1984-05-16 00:00:00,1.0767750551782047
1984-05-17 00:00:00,1.0767750551782047
1984-05-18 00:00:00,1.0767750551782047
1984-05-21 00:00:00,1.0767750551782047
1984-05-22 00:00:00,1.0767750551782047
1984-05-23 00:00:00,1.0767750551782047
1984-05-24 00:00:00,1.0767750551782047
1984-05-25 00:00:00,1.0767750551782047
1984-05-29 00:00:00,1.0767750551782047
1984-05-30 00:00:00,1.0767750551782047
1984-05-31 00:00:00,1.0767750551782047
1984-06-01 00:00:00,1.0767750551782047
1984-06-04 00:00:00,1.0767750551782047
1984-06-05 00:00:00,1.0767750551782047
1984-06-06 00:00:00,1.0767750551782047
1984-06-07 00:00:00,1.0767750551782047
1984-06-08 00:00:00,1.0767750551782047
1984-06-11 00:00:00,1.0767750551782047
1984-06-12 00:00:00,1.0767750551782047
1984-06-13 00:00:00,1.0767750551782047
1984-06-14 00:00:00,1.0767750551782047
1984-06-15 00:00:00,1.0767750551782047
1984-06-18 00:00:00,1.0767750551782047
1984-06-19 00:00:00,1.0767750551782047
1984-06-20 00:00:00,1.0767750551782047
1984-06-21 00:00:00,1.0767750551782047
1984-06-22 00:00:00,1.0767750551782047
1984-06-25 00:00:00,1.0767750551782047
1984-06-26 00:00:00,1.0767750551782047
1984-06-27 00:00:00,1.0767750551782047
1984-06-28 00:00:00,1.0767750551782047
1984-06-29 00:00:00,1.0767750551782047
1984-07-02 00:00:00,1.0767750551782047
1984-07-03 00:00:00,1.0767750551782047
1984-07-05 00:00:00,1.0767750551782047
1984-07-06 00:00:00,1.0767750551782047
1984-07-09 00:00:00,1.0767750551782047
1984-07-10 00:00:00,1.0767750551782047
1984-07-11 00:00:00,1.0767750551782047
1984-07-12 00:00:00,1.0767750551782047
1984-07-13 00:00:00,1.0767750551782047
1984-07-16 00:00:00,1.0767750551782047
1984-07-17 00:00:00,1.0767750551782047
1984-07-18 00:00:00,1.0767750551782047
1984-07-19 00:00:00,1.0767750551782047
1984-07-20 00:00:00,1.0767750551782047
1984-07-23 00:00:00,1.0767750551782047
1984-07-24 00:00:00,1.0767750551782047
1984-07-25 00:00:00,1.0767750551782047
1984-07-26 00:00:00,1.0767750551782047
1984-07-27 00:00:00,1.0767750551782047
1984-07-30 00:00:00,1.0767750551782047
1984-07-31 00:00:00,1.0767750551782047
1984-08-01 00:00:00,1.0767750551782047
1984-08-02 00:00:00,1.0767750551782047
1984-08-03 00:00:00,1.0767750551782047
1984-08-06 00:00:00,1.0767750551782047
1984-08-07 00:00:00,1.0767750551782047
1984-08-08 00:00:00,1.0767750551782047
1984-08-09 00:00:00,1.0767750551782047
1984-08-10 00:00:00,1.0767750551782047
1984-08-13 00:00:00,1.0767750551782047
1984-08-14 00:00:00,1.0767750551782047
1984-08-15 00:00:00,1.0767750551782047
1984-08-16 00:00:00,1.0767750551782047
1984-08-17 00:00:00,1.0767750551782047
1984-08-20 00:00:00,1.0767750551782047
1984-08-21 00:00:00,1.0767750551782047
1984-08-22 00:00:00,1.0767750551782047
1984-08-23 00:00:00,1.0767750551782047
1984-08-24 00:00:00,1.0767750551782047
1984-08-27 00:00:00,1.0767750551782047
1984-08-28 00:00:00,1.0767750551782047
1984-08-29 00:00:00,1.0767750551782047
1984-08-30 00:00:00,1.0767750551782047
1984-08-31 00:00:00,1.0767750551782047
1984-09-04 00:00:00,1.0767750551782047
1984-09-05 00:00:00,1.0767750551782047
1984-09-06 00:00:00,1.0767750551782047
1984-09-07 00:00:00,1.0767750551782047
1984-09-10 00:00:00,1.0767750551782047
1984-09-11 00:00:00,1.0767750551782047
1984-09-12 00:00:00,1.0767750551782047
1984-09-13 00:00:00,1.0767750551782047
1984-09-14 00:00:00,1.0767750551782047
1984-09-17 00:00:00,1.0767750551782047
1984-09-18 00:00:00,1.0767750551782047
1984-09-19 00:00:00,1.0767750551782047
1984-09-20 00:00:00,1.0767750551782047
1984-09-21 00:00:00,1.0767750551782047
1984-09-24 00:00:00,1.0767750551782047
1984-09-25 00:00:00,1.0767750551782047
1984-09-26 00:00:00,1.0767750551782047
1984-09-27 00:00:00,1.0767750551782047
1984-09-28 00:00:00,1.0767750551782047
1984-10-01 00:00:00,1.0767750551782047
1984-10-02 00:00:00,1.0767750551782047
1984-10-03 00:00:00,1.0767750551782047
1984-10-04 00:00:00,1.0767750551782047
1984-10-05 00:00:00,1.0767750551782047
1984-10-09 00:00:00,1.0767750551782047
1984-10-10 00:00:00,1.0767750551782047
1984-10-11 00:00:00,1.0767750551782047
1984-10-12 00:00:00,1.0767750551782047
1984-10-15 00:00:00,1.0767750551782047
1984-10-16 00:00:00,1.0767750551782047
1984-10-17 00:00:00,1.0767750551782047
1984-10-18 00:00:00,1.0767750551782047
1984-10-19 00:00:00,1.0767750551782047
1984-10-22 00:00:00,1.0767750551782047
1984-10-23 00:00:00,1.0767750551782047
1984-10-24 00:00:00,1.0767750551782047
1984-10-25 00:00:00,1.0767750551782047
1984-10-26 00:00:00,1.0767750551782047
1984-10-29 00:00:00,1.0767750551782047
1984-10-30 00:00:00,1.0767750551782047
1984-10-31 00:00:00,1.0767750551782047
1984-11-01 00:00:00,1.0767750551782047
1984-11-02 00:00:00,1.0767750551782047
1984-11-05 00:00:00,1.0767750551782047
1984-11-07 00:00:00,1.0767750551782047
1984-11-08 00:00:00,1.0767750551782047
1984-11-09 00:00:00,1.0767750551782047
1984-11-13 00:00:00,1.0767750551782047
1984-11-14 00:00:00,1.0767750551782047
1984-11-15 00:00:00,1.0767750551782047
1984-11-16 00:00:00,1.0767750551782047
1984-11-19 00:00:00,1.0767750551782047
1984-11-20 00:00:00,1.0767750551782047
1984-11-21 00:00:00,1.0767750551782047
1984-11-23 00:00:00,1.0767750551782047
1984-11-26 00:00:00,1.0767750551782047
1984-11-27 00:00:00,1.0767750551782047
1984-11-28 00:00:00,1.0767750551782047
1984-11-29 00:00:00,1.0767750551782047
1984-11-30 00:00:00,1.0767750551782047
1984-12-03 00:00:00,1.0767750551782047
1984-12-04 00:00:00,1.0767750551782047
1984-12-05 00:00:00,1.0767750551782047
1984-12-06 00:00:00,1.0767750551782047
1984-12-07 00:00:00,1.0767750551782047
1984-12-10 00:00:00,1.0767750551782047
1984-12-11 00:00:00,1.0767750551782047
1984-12-12 00:00:00,1.0767750551782047
1984-12-13 00:00:00,1.0767750551782047
1984-12-14 00:00:00,1.0767750551782047
1984-12-17 00:00:00,1.0767750551782047
1984-12-18 00:00:00,1.0767750551782047
1984-12-19 00:00:00,1.0767750551782047
1984-12-20 00:00:00,1.0767750551782047
1984-12-21 00:00:00,1.0767750551782047
1984-12-24 00:00:00,1.0767750551782047
1984-12-26 00:00:00,1.0767750551782047
1984-12-27 00:00:00,1.0767750551782047
1984-12-28 00:00:00,1.0767750551782047
1984-12-31 00:00:00,1.0767750551782047
1985-01-02 00:00:00,1.0767750551782047
1985-01-03 00:00:00,1.0767750551782047
1985-01-04 00:00:00,1.0767750551782047
1985-01-07 00:00:00,1.0767750551782047
1985-01-08 00:00:00,1.0767750551782047
1985-01-09 00:00:00,1.0767750551782047
1985-01-10 00:00:00,1.0767750551782047
1985-01-11 00:00:00,1.0767750551782047
1985-01-14 00:00:00,1.0767750551782047
1985-01-15 00:00:00,1.0767750551782047
1985-01-16 00:00:00,1.0767750551782047
1985-01-17 00:00:00,1.0767750551782047
1985-01-18 00:00:00,1.0767750551782047
1985-01-22 00:00:00,1.0767750551782047
1985-01-23 00:00:00,1.0767750551782047
1985-01-24 00:00:00,1.0767750551782047
1985-01-25 00:00:00,1.0767750551782047
1985-01-28 00:00:00,1.0767750551782047
1985-01-29 00:00:00,1.0767750551782047
1985-01-30 00:00:00,1.0767750551782047
1985-01-31 00:00:00,1.0767750551782047
1985-02-01 00:00:00,1.0767750551782047
1985-02-04 00:00:00,1.0767750551782047
1985-02-05 00:00:00,1.0767750551782047
1985-02-06 00:00:00,1.0767750551782047
1985-02-07 00:00:00,1.0767750551782047
1985-02-08 00:00:00,1.0767750551782047
1985-02-11 00:00:00,1.0767750551782047
1985-02-13 00:00:00,1.0767750551782047
1985-02-14 00:00:00,1.0767750551782047
1985-02-15 00:00:00,1.0767750551782047
1985-02-19 00:00:00,1.0767750551782047
1985-02-20 00:00:00,1.0767750551782047
1985-02-21 00:00:00,1.0767750551782047
1985-02-22 00:00:00,1.0767750551782047
1985-02-25 00:00:00,1.0767750551782047
1985-02-26 00:00:00,1.0767750551782047
1985-02-27 00:00:00,1.0767750551782047
1985-02-28 00:00:00,1.0767750551782047
1985-03-01 00:00:00,1.0767750551782047
1985-03-04 00:00:00,1.0767750551782047
1985-03-05 00:00:00,1.0767750551782047
1985-03-06 00:00:00,1.0767750551782047
1985-03-07 00:00:00,1.0767750551782047
1985-03-08 00:00:00,1.0767750551782047
1985-03-11 00:00:00,1.0767750551782047
1985-03-12 00:00:00,1.0767750551782047
1985-03-13 00:00:00,1.0767750551782047
1985-03-14 00:00:00,1.0767750551782047
1985-03-15 00:00:00,1.0767750551782047
1985-03-18 00:00:00,1.0767750551782047
1985-03-19 00:00:00,1.0767750551782047
1985-03-20 00:00:00,1.0767750551782047
1985-03-21 00:00:00,1.0767750551782047
1985-03-22 00:00:00,1.0767750551782047
1985-03-25 00:00:00,1.0767750551782047
1985-03-26 00:00:00,1.0767750551782047
1985-03-27 00:00:00,1.1221327630067466
1985-03-28 00:00:00,1.1221327630067466
1985-03-29 00:00:00,1.1221327630067466
1985-04-01 00:00:00,1.1221327630067466
1985-04-02 00:00:00,1.1221327630067466
1985-04-03 00:00:00,1.1221327630067466
1985-04-04 00:00:00,1.1221327630067466
1985-04-05 00:00:00,1.1221327630067466
1985-04-08 00:00:00,1.1221327630067466
1985-04-09 00:00:00,1.1221327630067466
1985-04-10 00:00:00,1.1221327630067466
1985-04-11 00:00:00,1.1221327630067466
1985-04-12 00:00:00,1.1221327630067466
1985-04-15 00:00:00,1.1221327630067466
1985-04-16 00:00:00,1.1221327630067466
1985-04-17 00:00:00,1.1221327630067466
1985-04-18 00:00:00,1.1221327630067466
1985-04-19 00:00:00,1.1221327630067466
1985-04-22 00:00:00,1.1221327630067466
1985-04-23 00:00:00,1.1221327630067466
1985-04-24 00:00:00,1.1221327630067466
1985-04-25 00:00:00,1.1221327630067466
1985-04-26 00:00:00,1.1221327630067466
1985-04-29 00:00:00,1.1221327630067466
1985-04-30 00:00:00,1.1221327630067466
1985-05-01 00:00:00,1.1221327630067466
1985-05-02 00:00:00,1.1221327630067466
1985-05-03 00:00:00,1.1221327630067466
1985-05-06 00:00:00,1.1221327630067466
1985-05-07 00:00:00,1.1221327630067466
1985-05-08 00:00:00,1.1221327630067466
1985-05-09 00:00:00,1.1221327630067466
1985-05-10 00:00:00,1.1221327630067466
1985-05-13 00:00:00,1.1221327630067466
1985-05-14 00:00:00,1.1221327630067466
1985-05-15 00:00:00,1.1221327630067466
1985-05-16 00:00:00,1.1221327630067466
1985-05-17 00:00:00,1.1221327630067466
1985-05-20 00:00:00,1.1221327630067466
1985-05-21 00:00:00,1.1221327630067466
1985-05-22 00:00:00,1.1221327630067466
1985-05-23 00:00:00,1.1221327630067466
1985-05-24 00:00:00,1.1221327630067466
1985-05-28 00:00:00,1.1221327630067466
1985-05-29 00:00:00,1.1221327630067466
1985-05-30 00:00:00,1.1221327630067466
1985-05-31 00:00:00,1.1221327630067466
1985-06-03 00:00:00,1.1221327630067466
1985-06-04 00:00:00,1.1221327630067466
1985-06-05 00:00:00,1.1221327630067466
1985-06-06 00:00:00,1.1221327630067466
1985-06-07 00:00:00,1.1221327630067466
1985-06-10 00:00:00,1.1221327630067466
1985-06-11 00:00:00,1.1221327630067466
1985-06-12 00:00:00,1.1221327630067466
1985-06-13 00:00:00,1.1221327630067466
1985-06-14 00:00:00,1.1221327630067466
1985-06-17 00:00:00,1.1221327630067466
1985-06-18 00:00:00,1.1221327630067466
1985-06-19 00:00:00,1.1221327630067466
1985-06-20 00:00:00,1.1221327630067466
1985-06-21 00:00:00,1.1221327630067466
1985-06-24 00:00:00,1.1221327630067466
1985-06-25 00:00:00,1.1221327630067466
1985-06-26 00:00:00,1.1221327630067466
1985-06-27 00:00:00,1.1221327630067466
1985-06-28 00:00:00,1.1221327630067466
1985-07-01 00:00:00,1.1221327630067466
1985-07-02 00:00:00,1.1221327630067466
1985-07-03 00:00:00,1.1221327630067466
1985-07-05 00:00:00,1.1221327630067466
1985-07-08 00:00:00,1.1221327630067466
1985-07-09 00:00:00,1.1221327630067466
1985-07-10 00:00:00,1.1221327630067466
1985-07-11 00:00:00,1.1221327630067466
1985-07-12 00:00:00,1.1221327630067466
1985-07-15 00:00:00,1.1221327630067466
1985-07-16 00:00:00,1.1221327630067466
1985-07-17 00:00:00,1.1221327630067466
1985-07-18 00:00:00,1.1221327630067466
1985-07-19 00:00:00,1.1221327630067466
1985-07-22 00:00:00,1.1221327630067466
1985-07-23 00:00:00,1.1221327630067466
1985-07-24 00:00:00,1.1221327630067466
1985-07-25 00:00:00,1.1221327630067466
1985-07-26 00:00:00,1.1221327630067466
1985-07-29 00:00:00,1.1221327630067466
1985-07-30 00:00:00,1.1221327630067466
1985-07-31 00:00:00,1.1221327630067466
1985-08-01 00:00:00,1.1221327630067466
1985-08-02 00:00:00,1.1221327630067466
1985-08-05 00:00:00,1.1221327630067466
1985-08-06 00:00:00,1.1221327630067466
1985-08-07 00:00:00,1.1221327630067466
1985-08-08 00:00:00,1.1221327630067466
1985-08-09 00:00:00,1.1221327630067466
1985-08-12 00:00:00,1.1221327630067466
1985-08-13 00:00:00,1.1221327630067466
1985-08-14 00:00:00,1.1221327630067466
1985-08-15 00:00:00,1.1221327630067466
1985-08-16 00:00:00,1.1221327630067466
1985-08-19 00:00:00,1.1221327630067466
1985-08-20 00:00:00,1.1221327630067466
1985-08-21 00:00:00,1.1221327630067466
1985-08-22 00:00:00,1.1221327630067466
1985-08-23 00:00:00,1.1221327630067466
1985-08-26 00:00:00,1.1221327630067466
1985-08-27 00:00:00,1.1221327630067466
1985-08-28 00:00:00,1.1221327630067466
1985-08-29 00:00:00,1.1221327630067466
1985-08-30 00:00:00,1.1221327630067466
1985-09-03 00:00:00,1.1221327630067466
1985-09-04 00:00:00,1.1221327630067466
1985-09-05 00:00:00,1.1221327630067466
1985-09-06 00:00:00,1.1221327630067466
1985-09-09 00:00:00,1.1221327630067466
1985-09-10 00:00:00,1.1221327630067466
1985-09-11 00:00:00,1.1221327630067466
1985-09-12 00:00:00,1.1221327630067466
1985-09-13 00:00:00,1.1221327630067466
1985-09-16 00:00:00,1.1221327630067466
1985-09-17 00:00:00,1.1221327630067466
1985-09-18 00:00:00,1.1221327630067466
1985-09-19 00:00:00,1.1221327630067466
1985-09-20 00:00:00,1.1221327630067466
1985-09-23 00:00:00,1.1221327630067466
1985-09-24 00:00:00,1.1221327630067466
1985-09-25 00:00:00,1.1266360527873298
1985-09-26 00:00:00,1.126260778638948
1985-09-27 00:00:00,1.100366862400594
1985-09-30 00:00:00,1.1048701521811772
1985-10-01 00:00:00,1.106371248774705
1985-10-02 00:00:00,1.1086228936649967
1985-10-03 00:00:00,1.1172541990777813
1985-10-04 00:00:00,1.1101239902585245
1985-10-07 00:00:00,1.1078723453682329
1985-10-08 00:00:00,1.1082476195166147
1985-10-09 00:00:00,1.1089981678133787
1985-10-10 00:00:00,1.106746522923087
1985-10-11 00:00:00,1.1071217970714688
1985-10-15 00:00:00,1.108097509857262
1985-10-16 00:00:00,1.1041196038844134
1985-10-17 00:00:00,1.1089981678133787
1985-10-18 00:00:00,1.119505843968073
1985-10-21 00:00:00,1.1236338596002744
1985-10-22 00:00:00,1.1213822147099828
1985-10-23 00:00:00,1.1236338596002744
1985-10-24 00:00:00,1.114252005890726
1985-10-25 00:00:00,1.1150025541874895
1985-10-28 00:00:00,1.119130569819691
1985-10-29 00:00:00,1.124909791704773
1985-10-30 00:00:00,1.1292629718260037
1985-10-31 00:00:00,1.1288876976776214
1985-11-01 00:00:00,1.1292629718260037
1985-11-04 00:00:00,1.1288876976776214
1985-11-05 00:00:00,1.1228833113035106
1985-11-06 00:00:00,1.1249848465344494
1985-11-07 00:00:00,1.1108745385552885
1985-11-08 00:00:00,1.1110246482146413
1985-11-12 00:00:00,1.106746522923087
1985-11-13 00:00:00,1.1161283766326355
1985-11-14 00:00:00,1.1189804601603381
1985-11-15 00:00:00,1.1147773896984605
1985-11-18 00:00:00,1.1176294732261634
1985-11-19 00:00:00,1.1243844078970384
1985-11-20 00:00:00,1.1240091337486562
1985-11-21 00:00:00,1.1296382459743854
1985-11-22 00:00:00,1.139770647980698
1985-11-25 00:00:00,1.1456249246954562
1985-11-26 00:00:00,1.151404146580538
1985-11-27 00:00:00,1.1538809559598588
1985-11-29 00:00:00,1.1652892900706697
1985-12-02 00:00:00,1.164163467625524
1985-12-03 00:00:00,1.1577838071030309
1985-12-04 00:00:00,1.163037645180378
1985-12-05 00:00:00,1.1581590812514129
1985-12-06 00:00:00,1.157408532954649
1985-12-09 00:00:00,1.1416470187226075
1985-12-10 00:00:00,1.1247596820454202
1985-12-11 00:00:00,1.1097487161101425
1985-12-12 00:00:00,1.1281371493808576
1985-12-13 00:00:00,1.1258855044905662
1985-12-16 00:00:00,1.1266360527873298
1985-12-17 00:00:00,1.126260778638948
1985-12-18 00:00:00,1.11312618344558
1985-12-19 00:00:00,1.114252005890726
1985-12-20 00:00:00,1.1172541990777813
1985-12-23 00:00:00,1.120256392264837
1985-12-24 00:00:00,1.1187552956713092
1985-12-26 00:00:00,1.120256392264837
1985-12-27 00:00:00,1.125510230342184
1985-12-30 00:00:00,1.1277618752324758
1985-12-31 00:00:00,1.132265165013059
1986-01-02 00:00:00,1.1363931806452603
1986-01-03 00:00:00,1.1270113269357118
1986-01-06 00:00:00,1.1251349561938022
1986-01-07 00:00:00,1.1281371493808576
1986-01-08 00:00:00,1.1309892329085605
1986-01-09 00:00:00,1.1360179064968785
1986-01-10 00:00:00,1.139395373832316
1986-01-13 00:00:00,1.1300135201227672
1986-01-14 00:00:00,1.1283623138698868
1986-01-15 00:00:00,1.1300135201227672
1986-01-16 00:00:00,1.1270113269357118
1986-01-17 00:00:00,1.1260356141499188
1986-01-21 00:00:00,1.1041196038844134
1986-01-22 00:00:00,1.0942123663671302
1986-01-23 00:00:00,1.0861064447620803
1986-01-24 00:00:00,1.093987201878101
1986-01-27 00:00:00,1.0921108311361913
1986-01-28 00:00:00,1.1044948780327952
1986-01-29 00:00:00,1.100366862400594
1986-01-30 00:00:00,1.1052454263295592
1986-01-31 00:00:00,1.1074970712198509
1986-02-03 00:00:00,1.08798281550399
1986-02-04 00:00:00,1.0809055578670697
1986-02-05 00:00:00,1.0809055578670697
1986-02-06 00:00:00,1.0809055578670697
1986-02-07 00:00:00,1.0809055578670697
1986-02-10 00:00:00,1.0809055578670697
1986-02-11 00:00:00,1.0809055578670697
1986-02-12 00:00:00,1.0809055578670697
1986-02-13 00:00:00,1.0809055578670697
1986-02-14 00:00:00,1.0809055578670697
1986-02-18 00:00:00,1.0809055578670697
1986-02-19 00:00:00,1.0809055578670697
1986-02-20 00:00:00,1.0809055578670697
1986-02-21 00:00:00,1.0809055578670697
1986-02-24 00:00:00,1.0809055578670697
1986-02-25 00:00:00,1.0809055578670697
1986-02-26 00:00:00,1.0787321552708222
1986-02-27 00:00:00,1.0732986487802036
1986-02-28 00:00:00,1.0475800513912752
1986-03-03 00:00:00,1.0443199474969043
1986-03-04 00:00:00,1.0598959994366777
1986-03-05 00:00:00,1.0512023890516877
1986-03-06 00:00:00,1.055911428010224
1986-03-07 00:00:00,1.0522890903498114
1986-03-10 00:00:00,1.0454066487950278
1986-03-11 00:00:00,1.0544624929460589
1986-03-12 00:00:00,1.0627938695650077
1986-03-13 00:00:00,1.0572154695679723
1986-03-14 00:00:00,1.0584470643725126
1986-03-17 00:00:00,1.06062046696876
1986-03-18 00:00:00,1.0698212046262077
1986-03-19 00:00:00,1.0714874799499974
1986-03-20 00:00:00,1.0776454539726985
1986-03-21 00:00:00,1.0877879994218533
1986-03-24 00:00:00,1.0776454539726985
1986-03-25 00:00:00,1.0590266383981786
1986-03-26 00:00:00,1.0685896098216674
1986-03-27 00:00:00,1.074892477350785
1986-03-28 00:00:00,1.0678651422895848
1986-03-31 00:00:00,1.0675029085235437
1986-04-01 00:00:00,1.0656917396933374
1986-04-02 00:00:00,1.0609827007348012
1986-04-03 00:00:00,1.0573603630743889
1986-04-04 00:00:00,1.0512023890516877
1986-04-07 00:00:00,1.0544624929460589
1986-04-08 00:00:00,1.0580848306064712
1986-04-09 00:00:00,1.0584470643725126
1986-04-10 00:00:00,1.058809298138554
1986-04-11 00:00:00,1.06931407735375
1986-04-14 00:00:00,1.0738057760526611
1986-04-15 00:00:00,1.0722119474820797
1986-04-16 00:00:00,1.0914103370822656
1986-04-17 00:00:00,1.1073486227880804
1986-04-18 00:00:00,1.0997417137012144
1986-04-21 00:00:00,1.0948153344830536
1986-04-22 00:00:00,1.102277350063503
1986-04-23 00:00:00,1.103726285127668
1986-04-24 00:00:00,1.1111883007081176
1986-04-25 00:00:00,1.118577869535359
1986-04-28 00:00:00,1.1265470123882664
1986-04-29 00:00:00,1.124373609792019
1986-04-30 00:00:00,1.1236491422599364
1986-05-01 00:00:00,1.1078557500605382
1986-05-02 00:00:00,1.1026395838295444
1986-05-05 00:00:00,1.1164044669391113
1986-05-06 00:00:00,1.1113331942145341
1986-05-07 00:00:00,1.116766700705153
1986-05-08 00:00:00,1.1178534020032764
1986-05-09 00:00:00,1.117491168237235
1986-05-12 00:00:00,1.120026804599524
1986-05-13 00:00:00,1.1119127682402001
1986-05-14 00:00:00,1.1153177656409878
1986-05-15 00:00:00,1.1120576617466165
1986-05-16 00:00:00,1.105175220191833
1986-05-19 00:00:00,1.0995243734415896
1986-05-20 00:00:00,1.099886607207631
1986-05-21 00:00:00,1.0986550124030907
1986-05-22 00:00:00,1.0814851318927354
1986-05-23 00:00:00,1.0823544929312348
1986-05-27 00:00:00,1.0906858695501833
1986-05-28 00:00:00,1.0881502331878947
1986-05-29 00:00:00,1.0801810903349873
1986-05-30 00:00:00,1.0666335474850446
1986-06-02 00:00:00,1.0678651422895848
1986-06-03 00:00:00,1.0816300253991522
1986-06-04 00:00:00,1.0747475838443685
1986-06-05 00:00:00,1.0834411942293583
1986-06-06 00:00:00,1.0899614020181008
1986-06-09 00:00:00,1.0852523630595647
1986-06-10 00:00:00,1.0986550124030907
1986-06-11 00:00:00,1.1062619214899567
1986-06-12 00:00:00,1.1033640513616267
1986-06-13 00:00:00,1.103726285127668
1986-06-16 00:00:00,1.1033640513616267
1986-06-17 00:00:00,1.0877879994218533
1986-06-18 00:00:00,1.0867012981237296
1986-06-19 00:00:00,1.0892369344860182
1986-06-20 00:00:00,1.0859768305916473
1986-06-23 00:00:00,1.0863390643576882
1986-06-24 00:00:00,1.0986550124030907
1986-06-25 00:00:00,1.0986550124030907
1986-06-26 00:00:00,1.100828414999338
1986-06-27 00:00:00,1.1077108565541214
1986-06-30 00:00:00,1.109884259150369
1986-07-01 00:00:00,1.1225624409618127
1986-07-02 00:00:00,1.1135065968107813
1986-07-03 00:00:00,1.1196645708334827
1986-07-07 00:00:00,1.1114780877209507
1986-07-08 00:00:00,1.1091597916182865
1986-07-09 00:00:00,1.1040885188937093
1986-07-10 00:00:00,1.0979305448710082
1986-07-11 00:00:00,1.0895991682520596
1986-07-14 00:00:00,1.0725741812481209
1986-07-15 00:00:00,1.0823544929312348
1986-07-16 00:00:00,1.0968438435728844
1986-07-17 00:00:00,1.0975683111049668
1986-07-18 00:00:00,1.0899614020181008
1986-07-21 00:00:00,1.0859768305916473
1986-07-22 00:00:00,1.0794566228029048
1986-07-23 00:00:00,1.0809055578670697
1986-07-24 00:00:00,1.0819922591651934
1986-07-25 00:00:00,1.074023116312286
1986-07-28 00:00:00,1.0725741812481209
1986-07-29 00:00:00,1.0780076877387397
1986-07-30 00:00:00,1.0790943890368636
1986-07-31 00:00:00,1.0805433241010285
1986-08-01 00:00:00,1.0758342851424922
1986-08-04 00:00:00,1.0649672721612549
1986-08-05 00:00:00,1.0758342851424922
1986-08-06 00:00:00,1.0714874799499974
1986-08-07 00:00:00,1.0696763111197911
1986-08-08 00:00:00,1.0671406747575025
1986-08-11 00:00:00,1.07601714074759
1986-08-12 00:00:00,1.07601714074759
1986-08-13 00:00:00,1.07601714074759
1986-08-14 00:00:00,1.07601714074759
1986-08-15 00:00:00,1.07601714074759
1986-08-18 00:00:00,1.07601714074759
1986-08-19 00:00:00,1.07601714074759
1986-08-20 00:00:00,1.07601714074759
1986-08-21 00:00:00,1.07601714074759
1986-08-22 00:00:00,1.07601714074759
1986-08-25 00:00:00,1.07601714074759
1986-08-26 00:00:00,1.07601714074759
1986-08-27 00:00:00,1.07601714074759
1986-08-28 00:00:00,1.07601714074759
1986-08-29 00:00:00,1.07601714074759
1986-09-02 00:00:00,1.07601714074759
1986-09-03 00:00:00,1.07601714074759
1986-09-04 00:00:00,1.07601714074759
1986-09-05 00:00:00,1.07601714074759
1986-09-08 00:00:00,1.07601714074759
1986-09-09 00:00:00,1.07601714074759
1986-09-10 00:00:00,1.07601714074759
1986-09-11 00:00:00,1.07601714074759
1986-09-12 00:00:00,1.07601714074759
1986-09-15 00:00:00,1.07601714074759
1986-09-16 00:00:00,1.07601714074759
1986-09-17 00:00:00,1.07601714074759
1986-09-18 00:00:00,1.07601714074759
1986-09-19 00:00:00,1.07601714074759
1986-09-22 00:00:00,1.07601714074759
1986-09-23 00:00:00,1.07601714074759
1986-09-24 00:00:00,1.07601714074759
1986-09-25 00:00:00,1.07601714074759
1986-09-26 00:00:00,1.07601714074759
1986-09-29 00:00:00,1.07601714074759
1986-09-30 00:00:00,1.07601714074759
1986-10-01 00:00:00,1.07601714074759
1986-10-02 00:00:00,1.07601714074759
1986-10-03 00:00:00,1.07601714074759
1986-10-06 00:00:00,1.07601714074759
1986-10-07 00:00:00,1.07601714074759
1986-10-08 00:00:00,1.07601714074759
1986-10-09 00:00:00,1.07601714074759
1986-10-10 00:00:00,1.07601714074759
1986-10-14 00:00:00,1.07601714074759
1986-10-15 00:00:00,1.07601714074759
1986-10-16 00:00:00,1.07601714074759
1986-10-17 00:00:00,1.07601714074759
1986-10-20 00:00:00,1.07601714074759
1986-10-21 00:00:00,1.07601714074759
1986-10-22 00:00:00,1.07601714074759
1986-10-23 00:00:00,1.07601714074759
1986-10-24 00:00:00,1.07601714074759
1986-10-27 00:00:00,1.07601714074759
1986-10-28 00:00:00,1.07601714074759
1986-10-29 00:00:00,1.07601714074759
1986-10-30 00:00:00,1.07601714074759
1986-10-31 00:00:00,1.07601714074759
1986-11-03 00:00:00,1.07601714074759
1986-11-04 00:00:00,1.07601714074759
1986-11-05 00:00:00,1.07601714074759
1986-11-06 00:00:00,1.07601714074759
1986-11-07 00:00:00,1.07601714074759
1986-11-10 00:00:00,1.07601714074759
1986-11-12 00:00:00,1.07601714074759
1986-11-13 00:00:00,1.07601714074759
1986-11-14 00:00:00,1.07601714074759
1986-11-17 00:00:00,1.07601714074759
1986-11-18 00:00:00,1.07601714074759
1986-11-19 00:00:00,1.07601714074759
1986-11-20 00:00:00,1.07601714074759
1986-11-21 00:00:00,1.07601714074759
1986-11-24 00:00:00,1.07601714074759
1986-11-25 00:00:00,1.07601714074759
1986-11-26 00:00:00,1.07601714074759
1986-11-28 00:00:00,1.07601714074759
1986-12-01 00:00:00,1.07601714074759
1986-12-02 00:00:00,1.07601714074759
1986-12-03 00:00:00,1.07601714074759
1986-12-04 00:00:00,1.07601714074759
1986-12-05 00:00:00,1.07601714074759
1986-12-08 00:00:00,1.07601714074759
1986-12-09 00:00:00,1.07601714074759
1986-12-10 00:00:00,1.07601714074759
1986-12-11 00:00:00,1.07601714074759
1986-12-12 00:00:00,1.07601714074759
1986-12-15 00:00:00,1.07601714074759
1986-12-16 00:00:00,1.07601714074759
1986-12-17 00:00:00,1.07601714074759
1986-12-18 00:00:00,1.07601714074759
1986-12-19 00:00:00,1.07601714074759
1986-12-22 00:00:00,1.07601714074759
1986-12-23 00:00:00,1.07601714074759
1986-12-24 00:00:00,1.07601714074759
1986-12-26 00:00:00,1.07601714074759
1986-12-29 00:00:00,1.07601714074759
1986-12-30 00:00:00,1.075840901993808
1986-12-31 00:00:00,1.075840901993808
1987-01-02 00:00:00,1.075840901993808
1987-01-05 00:00:00,1.075840901993808
1987-01-06 00:00:00,1.075840901993808
1987-01-07 00:00:00,1.075840901993808
1987-01-08 00:00:00,1.075840901993808
1987-01-09 00:00:00,1.075840901993808
1987-01-12 00:00:00,1.075840901993808
1987-01-13 00:00:00,1.075840901993808
1987-01-14 00:00:00,1.075840901993808
1987-01-15 00:00:00,1.075840901993808
1987-01-16 00:00:00,1.075840901993808
1987-01-20 00:00:00,1.075840901993808
1987-01-21 00:00:00,1.075840901993808
1987-01-22 00:00:00,1.075840901993808
1987-01-23 00:00:00,1.075840901993808
1987-01-26 00:00:00,1.075840901993808
1987-01-27 00:00:00,1.075840901993808
1987-01-28 00:00:00,1.075840901993808
1987-01-29 00:00:00,1.075840901993808
1987-01-30 00:00:00,1.075840901993808
1987-02-02 00:00:00,1.075840901993808
1987-02-03 00:00:00,1.075840901993808
1987-02-04 00:00:00,1.075840901993808
1987-02-05 00:00:00,1.075840901993808
1987-02-06 00:00:00,1.075840901993808
1987-02-09 00:00:00,1.075840901993808
1987-02-10 00:00:00,1.075840901993808
1987-02-11 00:00:00,1.075840901993808
1987-02-12 00:00:00,1.075840901993808
1987-02-13 00:00:00,1.075840901993808
1987-02-17 00:00:00,1.075840901993808
1987-02-18 00:00:00,1.075840901993808
1987-02-19 00:00:00,1.075840901993808
1987-02-20 00:00:00,1.075840901993808
1987-02-23 00:00:00,1.075840901993808
1987-02-24 00:00:00,1.075840901993808
1987-02-25 00:00:00,1.075840901993808
1987-02-26 00:00:00,1.075840901993808
1987-02-27 00:00:00,1.075840901993808
1987-03-02 00:00:00,1.075840901993808
1987-03-03 00:00:00,1.075840901993808
1987-03-04 00:00:00,1.075840901993808
1987-03-05 00:00:00,1.075840901993808
1987-03-06 00:00:00,1.075840901993808
1987-03-09 00:00:00,1.075840901993808
1987-03-10 00:00:00,1.075840901993808
1987-03-11 00:00:00,1.075840901993808
1987-03-12 00:00:00,1.075840901993808
1987-03-13 00:00:00,1.075840901993808
1987-03-16 00:00:00,1.075840901993808
1987-03-17 00:00:00,1.075840901993808
1987-03-18 00:00:00,1.075840901993808
1987-03-19 00:00:00,1.075840901993808
1987-03-20 00:00:00,1.075840901993808
1987-03-23 00:00:00,1.075840901993808
1987-03-24 00:00:00,1.075840901993808
1987-03-25 00:00:00,1.075840901993808
1987-03-26 00:00:00,1.075840901993808
1987-03-27 00:00:00,1.075840901993808
1987-03-30 00:00:00,1.075840901993808
1987-03-31 00:00:00,1.075840901993808
1987-04-01 00:00:00,1.075840901993808
1987-04-02 00:00:00,1.075840901993808
1987-04-03 00:00:00,1.075840901993808
1987-04-06 00:00:00,1.075840901993808
1987-04-07 00:00:00,1.075840901993808
1987-04-08 00:00:00,1.075840901993808
1987-04-09 00:00:00,1.075840901993808
1987-04-10 00:00:00,1.075840901993808
1987-04-13 00:00:00,1.075840901993808
1987-04-14 00:00:00,1.075840901993808
1987-04-15 00:00:00,1.075840901993808
1987-04-16 00:00:00,1.075840901993808
1987-04-17 00:00:00,1.075840901993808
1987-04-20 00:00:00,1.075840901993808
1987-04-21 00:00:00,1.075840901993808
1987-04-22 00:00:00,1.075840901993808
1987-04-23 00:00:00,1.075840901993808
1987-04-24 00:00:00,1.075840901993808
1987-04-27 00:00:00,1.075840901993808
1987-04-28 00:00:00,1.075840901993808
1987-04-29 00:00:00,1.075840901993808
1987-04-30 00:00:00,1.075840901993808
1987-05-01 00:00:00,1.075840901993808
1987-05-04 00:00:00,1.075840901993808
1987-05-05 00:00:00,1.075840901993808
1987-05-06 00:00:00,1.075840901993808
1987-05-07 00:00:00,1.075840901993808
1987-05-08 00:00:00,1.075840901993808
1987-05-11 00:00:00,1.075840901993808
1987-05-12 00:00:00,1.075840901993808
1987-05-13 00:00:00,1.075840901993808
1987-05-14 00:00:00,1.075840901993808
1987-05-15 00:00:00,1.075840901993808
1987-05-18 00:00:00,1.075840901993808
1987-05-19 00:00:00,1.075840901993808
1987-05-20 00:00:00,1.075840901993808
1987-05-21 00:00:00,1.075840901993808
1987-05-22 00:00:00,1.075840901993808
1987-05-26 00:00:00,1.075840901993808
1987-05-27 00:00:00,1.075840901993808
1987-05-28 00:00:00,1.075840901993808
1987-05-29 00:00:00,1.075840901993808
1987-06-01 00:00:00,1.075840901993808
1987-06-02 00:00:00,1.075840901993808
1987-06-03 00:00:00,1.075840901993808
1987-06-04 00:00:00,1.075840901993808
1987-06-05 00:00:00,1.075840901993808
1987-06-08 00:00:00,1.075840901993808
1987-06-09 00:00:00,1.075840901993808
1987-06-10 00:00:00,1.075840901993808
1987-06-11 00:00:00,1.075840901993808
1987-06-12 00:00:00,1.075840901993808
1987-06-15 00:00:00,1.075840901993808
1987-06-16 00:00:00,1.075840901993808
1987-06-17 00:00:00,1.075840901993808
1987-06-18 00:00:00,1.075840901993808
1987-06-19 00:00:00,1.075840901993808
1987-06-22 00:00:00,1.075840901993808
1987-06-23 00:00:00,1.075840901993808
1987-06-24 00:00:00,1.075840901993808
1987-06-25 00:00:00,1.075840901993808
1987-06-26 00:00:00,1.075840901993808
1987-06-29 00:00:00,1.075840901993808
1987-06-30 00:00:00,1.075840901993808
1987-07-01 00:00:00,1.075840901993808
1987-07-02 00:00:00,1.075840901993808
1987-07-03 00:00:00,1.075840901993808
1987-07-06 00:00:00,1.075840901993808
1987-07-07 00:00:00,1.075840901993808
1987-07-08 00:00:00,1.075840901993808
1987-07-09 00:00:00,1.075840901993808
1987-07-10 00:00:00,1.075840901993808
1987-07-13 00:00:00,1.075840901993808
1987-07-14 00:00:00,1.075840901993808
1987-07-15 00:00:00,1.075840901993808
1987-07-16 00:00:00,1.075840901993808
1987-07-17 00:00:00,1.075840901993808
1987-07-20 00:00:00,1.075840901993808
1987-07-21 00:00:00,1.075840901993808
1987-07-22 00:00:00,1.075840901993808
1987-07-23 00:00:00,1.075840901993808
1987-07-24 00:00:00,1.075840901993808
1987-07-27 00:00:00,1.075840901993808
1987-07-28 00:00:00,1.075840901993808
1987-07-29 00:00:00,1.075840901993808
1987-07-30 00:00:00,1.075840901993808
1987-07-31 00:00:00,1.075840901993808
1987-08-03 00:00:00,1.075840901993808
1987-08-04 00:00:00,1.075840901993808
1987-08-05 00:00:00,1.075840901993808
1987-08-06 00:00:00,1.075840901993808
1987-08-07 00:00:00,1.075840901993808
1987-08-10 00:00:00,1.075840901993808
1987-08-11 00:00:00,1.075840901993808
1987-08-12 00:00:00,1.075840901993808
1987-08-13 00:00:00,1.075840901993808
1987-08-14 00:00:00,1.075840901993808
1987-08-17 00:00:00,1.075840901993808
1987-08-18 00:00:00,1.075840901993808
1987-08-19 00:00:00,1.075840901993808
1987-08-20 00:00:00,1.075840901993808
1987-08-21 00:00:00,1.075840901993808
1987-08-24 00:00:00,1.075840901993808
1987-08-25 00:00:00,1.075840901993808
1987-08-26 00:00:00,1.075840901993808
1987-08-27 00:00:00,1.075840901993808
1987-08-28 00:00:00,1.075840901993808
1987-08-31 00:00:00,1.075840901993808
1987-09-01 00:00:00,1.080328070463383
1987-09-02 00:00:00,1.080328070463383
1987-09-03 00:00:00,1.080328070463383
1987-09-04 00:00:00,1.080328070463383
1987-09-08 00:00:00,1.080328070463383
1987-09-09 00:00:00,1.080328070463383
1987-09-10 00:00:00,1.080328070463383
1987-09-11 00:00:00,1.080328070463383
1987-09-14 00:00:00,1.080328070463383
1987-09-15 00:00:00,1.080328070463383
1987-09-16 00:00:00,1.080328070463383
1987-09-17 00:00:00,1.080328070463383
1987-09-18 00:00:00,1.080328070463383
1987-09-21 00:00:00,1.080328070463383
1987-09-22 00:00:00,1.080328070463383
1987-09-23 00:00:00,1.080328070463383
1987-09-24 00:00:00,1.080328070463383
1987-09-25 00:00:00,1.080328070463383
1987-09-28 00:00:00,1.080328070463383
1987-09-29 00:00:00,1.080328070463383
1987-09-30 00:00:00,1.080328070463383
1987-10-01 00:00:00,1.080328070463383
1987-10-02 00:00:00,1.080328070463383
1987-10-05 00:00:00,1.080328070463383
1987-10-06 00:00:00,1.080328070463383
1987-10-07 00:00:00,1.080328070463383
1987-10-08 00:00:00,1.080328070463383
1987-10-09 00:00:00,1.080328070463383
1987-10-13 00:00:00,1.080328070463383
1987-10-14 00:00:00,1.080328070463383
1987-10-15 00:00:00,1.080328070463383
1987-10-16 00:00:00,1.080328070463383
1987-10-19 00:00:00,1.080328070463383
1987-10-20 00:00:00,1.080328070463383
1987-10-21 00:00:00,1.080328070463383
1987-10-22 00:00:00,1.080328070463383
1987-10-23 00:00:00,1.080328070463383
1987-10-26 00:00:00,1.080328070463383
1987-10-27 00:00:00,1.080328070463383
1987-10-28 00:00:00,1.080328070463383
1987-10-29 00:00:00,1.080328070463383
1987-10-30 00:00:00,1.080328070463383
1987-11-02 00:00:00,1.080328070463383
1987-11-03 00:00:00,1.080328070463383
1987-11-04 00:00:00,1.080328070463383
1987-11-05 00:00:00,1.080328070463383
1987-11-06 00:00:00,1.080328070463383
1987-11-09 00:00:00,1.080328070463383
1987-11-10 00:00:00,1.080328070463383
1987-11-12 00:00:00,1.080328070463383
1987-11-13 00:00:00,1.080328070463383
1987-11-16 00:00:00,1.080328070463383
1987-11-17 00:00:00,1.080328070463383
1987-11-18 00:00:00,1.080328070463383
1987-11-19 00:00:00,1.080328070463383
1987-11-20 00:00:00,1.080328070463383
1987-11-23 00:00:00,1.080328070463383
1987-11-24 00:00:00,1.080328070463383
1987-11-25 00:00:00,1.080328070463383
1987-11-27 00:00:00,1.080328070463383
1987-11-30 00:00:00,1.080328070463383
1987-12-01 00:00:00,1.080328070463383
1987-12-02 00:00:00,1.080328070463383
1987-12-03 00:00:00,1.080328070463383
1987-12-04 00:00:00,1.080328070463383
1987-12-07 00:00:00,1.080328070463383
1987-12-08 00:00:00,1.080328070463383
1987-12-09 00:00:00,1.080328070463383
1987-12-10 00:00:00,1.080328070463383
1987-12-11 00:00:00,1.080328070463383
1987-12-14 00:00:00,1.080328070463383
1987-12-15 00:00:00,1.080328070463383
1987-12-16 00:00:00,1.080328070463383
1987-12-17 00:00:00,1.080328070463383
1987-12-18 00:00:00,1.080328070463383
1987-12-21 00:00:00,1.080328070463383
1987-12-22 00:00:00,1.080328070463383
1987-12-23 00:00:00,1.080328070463383
1987-12-24 00:00:00,1.080328070463383
1987-12-28 00:00:00,1.080328070463383
1987-12-29 00:00:00,1.080328070463383
1987-12-30 00:00:00,1.080328070463383
1987-12-31 00:00:00,1.080328070463383
1988-01-04 00:00:00,1.080328070463383
1988-01-05 00:00:00,1.080328070463383
1988-01-06 00:00:00,1.080328070463383
1988-01-07 00:00:00,1.080328070463383
1988-01-08 00:00:00,1.080328070463383
1988-01-11 00:00:00,1.080328070463383
1988-01-12 00:00:00,1.080328070463383
1988-01-13 00:00:00,1.080328070463383
1988-01-14 00:00:00,1.080328070463383
1988-01-15 00:00:00,1.080328070463383
1988-01-19 00:00:00,1.080328070463383
1988-01-20 00:00:00,1.080328070463383
1988-01-21 00:00:00,1.080328070463383
1988-01-22 00:00:00,1.080328070463383
1988-01-25 00:00:00,1.080328070463383
1988-01-26 00:00:00,1.080328070463383
1988-01-27 00:00:00,1.080328070463383
1988-01-28 00:00:00,1.080328070463383
1988-01-29 00:00:00,1.080328070463383
1988-02-01 00:00:00,1.080328070463383
1988-02-02 00:00:00,1.080328070463383
1988-02-03 00:00:00,1.080328070463383
1988-02-04 00:00:00,1.080328070463383
1988-02-05 00:00:00,1.080328070463383
1988-02-08 00:00:00,1.080328070463383
1988-02-09 00:00:00,1.080328070463383
1988-02-10 00:00:00,1.080328070463383
1988-02-11 00:00:00,1.080328070463383
1988-02-12 00:00:00,1.080328070463383
1988-02-16 00:00:00,1.080328070463383
1988-02-17 00:00:00,1.080328070463383
1988-02-18 00:00:00,1.080328070463383
1988-02-19 00:00:00,1.080328070463383
1988-02-22 00:00:00,1.080328070463383
1988-02-23 00:00:00,1.080328070463383
1988-02-24 00:00:00,1.080328070463383
1988-02-25 00:00:00,1.080328070463383
1988-02-26 00:00:00,1.080328070463383
1988-02-29 00:00:00,1.080328070463383
1988-03-01 00:00:00,1.080328070463383
1988-03-02 00:00:00,1.080328070463383
1988-03-03 00:00:00,1.080328070463383
1988-03-04 00:00:00,1.080328070463383
1988-03-07 00:00:00,1.080328070463383
1988-03-08 00:00:00,1.080328070463383
1988-03-09 00:00:00,1.080328070463383
1988-03-10 00:00:00,1.080328070463383
1988-03-11 00:00:00,1.0863683370608062
1988-03-14 00:00:00,1.0865442671558767
1988-03-15 00:00:00,1.087365274266206
1988-03-16 00:00:00,1.08343616880963
1988-03-17 00:00:00,1.0746396640561011
1988-03-18 00:00:00,1.067602460253278
1988-03-21 00:00:00,1.0710037754246426
1988-03-22 00:00:00,1.0728217197403718
1988-03-23 00:00:00,1.0761057481816891
1988-03-24 00:00:00,1.0807972173835712
1988-03-25 00:00:00,1.0766921818319244
1988-03-28 00:00:00,1.0900628690572882
1988-03-29 00:00:00,1.0954580586394524
1988-03-30 00:00:00,1.1007359614915697
1988-03-31 00:00:00,1.1063070811688047
1988-04-01 00:00:00,1.108359598944628
1988-04-04 00:00:00,1.1071867316441575
1988-04-05 00:00:00,1.1019088287920402
1988-04-06 00:00:00,1.0995630941910992
1988-04-07 00:00:00,1.0972173595901582
1988-04-08 00:00:00,1.0996803809211464
1988-04-11 00:00:00,1.0874825609962533
1988-04-12 00:00:00,1.0851954697603357
1988-04-13 00:00:00,1.0784514827826301
1988-04-14 00:00:00,1.0999149543812403
1988-04-15 00:00:00,1.1074799484692752
1988-04-18 00:00:00,1.1171561036981568
1988-04-19 00:00:00,1.1098256830702162
1988-04-20 00:00:00,1.1101188998953337
1988-04-21 00:00:00,1.11305106814651
1988-04-22 00:00:00,1.1077731652943927
1988-04-25 00:00:00,1.0994458074610522
1988-04-26 00:00:00,1.0995630941910992
1988-04-27 00:00:00,1.1007359614915697
1988-04-28 00:00:00,1.098976660540864
1988-04-29 00:00:00,1.1016156119669227
1988-05-02 00:00:00,1.097510576415276
1988-05-03 00:00:00,1.0973346463202054
1988-05-04 00:00:00,1.0934055408636292
1988-05-05 00:00:00,1.0945784081640997
1988-05-06 00:00:00,1.091939456738041
1988-05-09 00:00:00,1.1023193323472051
1988-05-10 00:00:00,1.1032576261875813
1988-05-11 00:00:00,1.106013864343687
1988-05-12 00:00:00,1.1051342138683342
1988-05-13 00:00:00,1.1089460325948632
1988-05-16 00:00:00,1.1077731652943927
1988-05-17 00:00:00,1.0929950373084645
1988-05-18 00:00:00,1.0931123240385114
1988-05-19 00:00:00,1.0947543382591702
1988-05-20 00:00:00,1.091822170007994
1988-05-23 00:00:00,1.0960444922896877
1988-05-24 00:00:00,1.0948716249892172
1988-05-25 00:00:00,1.0925258903882762
1988-05-26 00:00:00,1.0922326735631587
1988-05-27 00:00:00,1.088127638011512
1988-05-31 00:00:00,1.077982335862442
1988-06-01 00:00:00,1.0693617612039836
1988-06-02 00:00:00,1.0552873535983378
1988-06-03 00:00:00,1.0520619685220438
1988-06-06 00:00:00,1.0565775076288553
1988-06-07 00:00:00,1.06214862730609
1988-06-08 00:00:00,1.0656085858424782
1988-06-09 00:00:00,1.0640838583518666
1988-06-10 00:00:00,1.0655499424774546
1988-06-13 00:00:00,1.065256725652337
1988-06-14 00:00:00,1.0464599672487875
1988-06-15 00:00:00,1.0464599672487875
1988-06-16 00:00:00,1.0464599672487875
1988-06-17 00:00:00,1.0464599672487875
1988-06-20 00:00:00,1.0464599672487875
1988-06-21 00:00:00,1.0464599672487875
1988-06-22 00:00:00,1.0464599672487875
1988-06-23 00:00:00,1.0464599672487875
1988-06-24 00:00:00,1.0464599672487875
1988-06-27 00:00:00,1.0464599672487875
1988-06-28 00:00:00,1.0464599672487875
1988-06-29 00:00:00,1.0464599672487875
1988-06-30 00:00:00,1.0464599672487875
1988-07-01 00:00:00,1.0464599672487875
1988-07-05 00:00:00,1.0464599672487875
1988-07-06 00:00:00,1.0464599672487875
1988-07-07 00:00:00,1.0464599672487875
1988-07-08 00:00:00,1.0464599672487875
1988-07-11 00:00:00,1.0464599672487875
1988-07-12 00:00:00,1.0464599672487875
1988-07-13 00:00:00,1.0464599672487875
1988-07-14 00:00:00,1.0464599672487875
1988-07-15 00:00:00,1.0464599672487875
1988-07-18 00:00:00,1.0464599672487875
1988-07-19 00:00:00,1.0464599672487875
1988-07-20 00:00:00,1.0464599672487875
1988-07-21 00:00:00,1.0464599672487875
1988-07-22 00:00:00,1.0464599672487875
1988-07-25 00:00:00,1.0464599672487875
1988-07-26 00:00:00,1.0464599672487875
1988-07-27 00:00:00,1.0464599672487875
1988-07-28 00:00:00,1.0464599672487875
1988-07-29 00:00:00,1.0464599672487875
1988-08-01 00:00:00,1.0464599672487875
1988-08-02 00:00:00,1.0464599672487875
1988-08-03 00:00:00,1.0464599672487875
1988-08-04 00:00:00,1.0464599672487875
1988-08-05 00:00:00,1.0464599672487875
1988-08-08 00:00:00,1.0464599672487875
1988-08-09 00:00:00,1.0464599672487875
1988-08-10 00:00:00,1.0464599672487875
1988-08-11 00:00:00,1.0464599672487875
1988-08-12 00:00:00,1.0464599672487875
1988-08-15 00:00:00,1.0464599672487875
1988-08-16 00:00:00,1.0464599672487875
1988-08-17 00:00:00,1.0464599672487875
1988-08-18 00:00:00,1.0464599672487875
1988-08-19 00:00:00,1.0464599672487875
1988-08-22 00:00:00,1.0464599672487875
1988-08-23 00:00:00,1.0464599672487875
1988-08-24 00:00:00,1.0464599672487875
1988-08-25 00:00:00,1.0464599672487875
1988-08-26 00:00:00,1.0464599672487875
1988-08-29 00:00:00,1.0464599672487875
1988-08-30 00:00:00,1.0464599672487875
1988-08-31 00:00:00,1.0464599672487875
1988-09-01 00:00:00,1.0464599672487875
1988-09-02 00:00:00,1.0464599672487875
1988-09-06 00:00:00,1.0464599672487875
1988-09-07 00:00:00,1.0464599672487875
1988-09-08 00:00:00,1.0464599672487875
1988-09-09 00:00:00,1.0464599672487875
1988-09-12 00:00:00,1.0464599672487875
1988-09-13 00:00:00,1.0464599672487875
1988-09-14 00:00:00,1.0464599672487875
1988-09-15 00:00:00,1.0464599672487875
1988-09-16 00:00:00,1.0464599672487875
1988-09-19 00:00:00,1.0464599672487875
1988-09-20 00:00:00,1.0464599672487875
1988-09-21 00:00:00,1.0464599672487875
1988-09-22 00:00:00,1.0464599672487875
1988-09-23 00:00:00,1.0464599672487875
1988-09-26 00:00:00,1.0464599672487875
1988-09-27 00:00:00,1.0464599672487875
1988-09-28 00:00:00,1.0464599672487875
1988-09-29 00:00:00,1.0464599672487875
1988-09-30 00:00:00,1.0464599672487875
1988-10-03 00:00:00,1.0464599672487875
1988-10-04 00:00:00,1.0464599672487875
1988-10-05 00:00:00,1.0464599672487875
1988-10-06 00:00:00,1.0464599672487875
1988-10-07 00:00:00,1.0464599672487875
1988-10-11 00:00:00,1.0464599672487875
1988-10-12 00:00:00,1.0464599672487875
1988-10-13 00:00:00,1.0464599672487875
1988-10-14 00:00:00,1.0521412166963031
1988-10-17 00:00:00,1.0521412166963031
1988-10-18 00:00:00,1.0521412166963031
1988-10-19 00:00:00,1.0521412166963031
1988-10-20 00:00:00,1.0521412166963031
1988-10-21 00:00:00,1.0521412166963031
1988-10-24 00:00:00,1.0521412166963031
1988-10-25 00:00:00,1.0521412166963031
1988-10-26 00:00:00,1.0521412166963031
1988-10-27 00:00:00,1.0521412166963031
1988-10-28 00:00:00,1.0521412166963031
1988-10-31 00:00:00,1.0521412166963031
1988-11-01 00:00:00,1.0521412166963031
1988-11-02 00:00:00,1.0521412166963031
1988-11-03 00:00:00,1.0521412166963031
1988-11-04 00:00:00,1.0521412166963031
1988-11-07 00:00:00,1.0521412166963031
1988-11-08 00:00:00,1.0521412166963031
1988-11-09 00:00:00,1.0521412166963031
1988-11-10 00:00:00,1.0521412166963031
1988-11-14 00:00:00,1.0521412166963031
1988-11-15 00:00:00,1.0521412166963031
1988-11-16 00:00:00,1.0521412166963031
1988-11-17 00:00:00,1.0521412166963031
1988-11-18 00:00:00,1.0521412166963031
1988-11-21 00:00:00,1.0521412166963031
1988-11-22 00:00:00,1.0521412166963031
1988-11-23 00:00:00,1.0521412166963031
1988-11-25 00:00:00,1.0521412166963031
1988-11-28 00:00:00,1.0521412166963031
1988-11-29 00:00:00,1.0521412166963031
1988-11-30 00:00:00,1.0521412166963031
1988-12-01 00:00:00,1.0521412166963031
1988-12-02 00:00:00,1.0521412166963031
1988-12-05 00:00:00,1.0521412166963031
1988-12-06 00:00:00,1.0521412166963031
1988-12-07 00:00:00,1.0521412166963031
1988-12-08 00:00:00,1.0521412166963031
1988-12-09 00:00:00,1.0521412166963031
1988-12-12 00:00:00,1.0521412166963031
1988-12-13 00:00:00,1.0521412166963031
1988-12-14 00:00:00,1.0521412166963031
1988-12-15 00:00:00,1.0521412166963031
1988-12-16 00:00:00,1.0521412166963031
1988-12-19 00:00:00,1.0521412166963031
1988-12-20 00:00:00,1.0521412166963031
1988-12-21 00:00:00,1.0521412166963031
1988-12-22 00:00:00,1.0521412166963031
1988-12-23 00:00:00,1.0521412166963031
1988-12-27 00:00:00,1.0521412166963031
1988-12-28 00:00:00,1.0521412166963031
1988-12-29 00:00:00,1.0521412166963031
1988-12-30 00:00:00,1.0521412166963031
1989-01-03 00:00:00,1.0521412166963031
1989-01-04 00:00:00,1.0521412166963031
1989-01-05 00:00:00,1.0521412166963031
1989-01-06 00:00:00,1.0521412166963031
1989-01-09 00:00:00,1.0521412166963031
1989-01-10 00:00:00,1.0521412166963031
1989-01-11 00:00:00,1.0521412166963031
1989-01-12 00:00:00,1.0521412166963031
1989-01-13 00:00:00,1.0521412166963031
1989-01-17 00:00:00,1.0521412166963031
1989-01-18 00:00:00,1.0521412166963031
1989-01-19 00:00:00,1.0521412166963031
1989-01-20 00:00:00,1.0521412166963031
1989-01-23 00:00:00,1.0521412166963031
1989-01-24 00:00:00,1.0521412166963031
1989-01-25 00:00:00,1.0521412166963031
1989-01-26 00:00:00,1.0521412166963031
1989-01-27 00:00:00,1.0521412166963031
1989-01-30 00:00:00,1.0521412166963031
1989-01-31 00:00:00,1.0521412166963031
1989-02-01 00:00:00,1.0521412166963031
1989-02-02 00:00:00,1.0521412166963031
1989-02-03 00:00:00,1.0521412166963031
1989-02-06 00:00:00,1.0521412166963031
1989-02-07 00:00:00,1.0521412166963031
1989-02-08 00:00:00,1.0521412166963031
1989-02-09 00:00:00,1.0521412166963031
1989-02-10 00:00:00,1.0521412166963031
1989-02-13 00:00:00,1.0521412166963031
1989-02-14 00:00:00,1.0521412166963031
1989-02-15 00:00:00,1.0521412166963031
1989-02-16 00:00:00,1.0521412166963031
1989-02-17 00:00:00,1.0521412166963031
1989-02-21 00:00:00,1.0521412166963031
1989-02-22 00:00:00,1.0521412166963031
1989-02-23 00:00:00,1.0521412166963031
1989-02-24 00:00:00,1.0521412166963031
1989-02-27 00:00:00,1.0521412166963031
1989-02-28 00:00:00,1.0521412166963031
1989-03-01 00:00:00,1.0521412166963031
1989-03-02 00:00:00,1.0521412166963031
1989-03-03 00:00:00,1.0521412166963031
1989-03-06 00:00:00,1.0521412166963031
1989-03-07 00:00:00,1.0521412166963031
1989-03-08 00:00:00,1.0521412166963031
1989-03-09 00:00:00,1.0521412166963031
1989-03-10 00:00:00,1.0521412166963031
1989-03-13 00:00:00,1.0521412166963031
1989-03-14 00:00:00,1.0521412166963031
1989-03-15 00:00:00,1.0521412166963031
1989-03-16 00:00:00,1.0521412166963031
1989-03-17 00:00:00,1.0521412166963031
1989-03-20 00:00:00,1.0521412166963031
1989-03-21 00:00:00,1.0521412166963031
1989-03-22 00:00:00,1.0521412166963031
1989-03-23 00:00:00,1.0521412166963031
1989-03-24 00:00:00,1.0521412166963031
1989-03-27 00:00:00,1.0521412166963031
1989-03-28 00:00:00,1.0521412166963031
1989-03-29 00:00:00,1.0521412166963031
1989-03-30 00:00:00,1.0521412166963031
1989-03-31 00:00:00,1.0521412166963031
1989-04-03 00:00:00,1.0521412166963031
1989-04-04 00:00:00,1.0521412166963031
1989-04-05 00:00:00,1.0521412166963031
1989-04-06 00:00:00,1.0521412166963031
1989-04-07 00:00:00,1.0521412166963031
1989-04-10 00:00:00,1.0521412166963031
1989-04-11 00:00:00,1.0521412166963031
1989-04-12 00:00:00,1.0521412166963031
1989-04-13 00:00:00,1.0521412166963031
1989-04-14 00:00:00,1.0521412166963031
1989-04-17 00:00:00,1.0521412166963031
1989-04-18 00:00:00,1.0521412166963031
1989-04-19 00:00:00,1.0521412166963031
1989-04-20 00:00:00,1.0521412166963031
1989-04-21 00:00:00,1.0521412166963031
1989-04-24 00:00:00,1.0521412166963031
1989-04-25 00:00:00,1.0521412166963031
1989-04-26 00:00:00,1.0521412166963031
1989-04-27 00:00:00,1.0521412166963031
1989-04-28 00:00:00,1.0521412166963031
1989-05-01 00:00:00,1.0521412166963031
1989-05-02 00:00:00,1.0521412166963031
1989-05-03 00:00:00,1.0521412166963031
1989-05-04 00:00:00,1.0521412166963031
1989-05-05 00:00:00,1.0521412166963031
1989-05-08 00:00:00,1.0521412166963031
1989-05-09 00:00:00,1.0521412166963031
1989-05-10 00:00:00,1.0521412166963031
1989-05-11 00:00:00,1.0521412166963031
1989-05-12 00:00:00,1.0521412166963031
1989-05-15 00:00:00,1.0521412166963031
1989-05-16 00:00:00,1.0521412166963031
1989-05-17 00:00:00,1.0521412166963031
1989-05-18 00:00:00,1.0521412166963031
1989-05-19 00:00:00,1.0521412166963031
1989-05-22 00:00:00,1.0521412166963031
1989-05-23 00:00:00,1.0521412166963031
1989-05-24 00:00:00,1.0521412166963031
1989-05-25 00:00:00,1.0521412166963031
1989-05-26 00:00:00,1.0521412166963031
1989-05-30 00:00:00,1.0521412166963031
1989-05-31 00:00:00,1.0521412166963031
1989-06-01 00:00:00,1.0521412166963031
1989-06-02 00:00:00,1.0521412166963031
1989-06-05 00:00:00,1.0521412166963031
1989-06-06 00:00:00,1.0521412166963031
1989-06-07 00:00:00,1.0521412166963031
1989-06-08 00:00:00,1.0521412166963031
1989-06-09 00:00:00,1.0521412166963031
1989-06-12 00:00:00,1.0521412166963031
1989-06-13 00:00:00,1.0521412166963031
1989-06-14 00:00:00,1.0521412166963031
1989-06-15 00:00:00,1.0521412166963031
1989-06-16 00:00:00,1.0521412166963031
1989-06-19 00:00:00,1.0521412166963031
1989-06-20 00:00:00,1.0521412166963031
1989-06-21 00:00:00,1.0521412166963031
1989-06-22 00:00:00,1.0521412166963031
1989-06-23 00:00:00,1.0521412166963031
1989-06-26 00:00:00,1.0521412166963031
1989-06-27 00:00:00,1.0521412166963031
1989-06-28 00:00:00,1.0521412166963031
1989-06-29 00:00:00,1.0521412166963031
1989-06-30 00:00:00,1.0521412166963031
1989-07-03 00:00:00,1.0521412166963031
1989-07-05 00:00:00,1.0521412166963031
1989-07-06 00:00:00,1.0521412166963031
1989-07-07 00:00:00,1.0521412166963031
1989-07-10 00:00:00,1.0521412166963031
1989-07-11 00:00:00,1.0521412166963031
1989-07-12 00:00:00,1.0521412166963031
1989-07-13 00:00:00,1.0521412166963031
1989-07-14 00:00:00,1.0521412166963031
1989-07-17 00:00:00,1.0521412166963031
1989-07-18 00:00:00,1.0521412166963031
1989-07-19 00:00:00,1.0521412166963031
1989-07-20 00:00:00,1.0521412166963031
1989-07-21 00:00:00,1.0521412166963031
1989-07-24 00:00:00,1.0521412166963031
1989-07-25 00:00:00,1.0521412166963031
1989-07-26 00:00:00,1.0521412166963031
1989-07-27 00:00:00,1.0521412166963031
1989-07-28 00:00:00,1.042126959669616
1989-07-31 00:00:00,1.042126959669616
1989-08-01 00:00:00,1.042126959669616
1989-08-02 00:00:00,1.042126959669616
1989-08-03 00:00:00,1.042126959669616
1989-08-04 00:00:00,1.042126959669616
1989-08-07 00:00:00,1.042126959669616
1989-08-08 00:00:00,1.042126959669616
1989-08-09 00:00:00,1.042126959669616
1989-08-10 00:00:00,1.042126959669616
1989-08-11 00:00:00,1.042126959669616
1989-08-14 00:00:00,1.042126959669616
1989-08-15 00:00:00,1.042126959669616
1989-08-16 00:00:00,1.042126959669616
1989-08-17 00:00:00,1.042126959669616
1989-08-18 00:00:00,1.042126959669616
1989-08-21 00:00:00,1.042126959669616
1989-08-22 00:00:00,1.042126959669616
1989-08-23 00:00:00,1.042126959669616
1989-08-24 00:00:00,1.042126959669616
1989-08-25 00:00:00,1.042126959669616
1989-08-28 00:00:00,1.042126959669616
1989-08-29 00:00:00,1.042126959669616
1989-08-30 00:00:00,1.042126959669616
1989-08-31 00:00:00,1.042126959669616
1989-09-01 00:00:00,1.042126959669616
1989-09-05 00:00:00,1.042126959669616
1989-09-06 00:00:00,1.042126959669616
1989-09-07 00:00:00,1.042126959669616
1989-09-08 00:00:00,1.042126959669616
1989-09-11 00:00:00,1.042126959669616
1989-09-12 00:00:00,1.042126959669616
1989-09-13 00:00:00,1.042126959669616
1989-09-14 00:00:00,1.042126959669616
1989-09-15 00:00:00,1.042126959669616
1989-09-18 00:00:00,1.042126959669616
1989-09-19 00:00:00,1.042126959669616
1989-09-20 00:00:00,1.042126959669616
1989-09-21 00:00:00,1.042126959669616
1989-09-22 00:00:00,1.042126959669616
1989-09-25 00:00:00,1.042126959669616
1989-09-26 00:00:00,1.042126959669616
1989-09-27 00:00:00,1.042126959669616
1989-09-28 00:00:00,1.042126959669616
1989-09-29 00:00:00,1.0462221484932992
1989-10-02 00:00:00,1.0462221484932992
1989-10-03 00:00:00,1.0462221484932992
1989-10-04 00:00:00,1.0462221484932992
1989-10-05 00:00:00,1.0462221484932992
1989-10-06 00:00:00,1.0462221484932992
1989-10-10 00:00:00,1.0462221484932992
1989-10-11 00:00:00,1.0462221484932992
1989-10-12 00:00:00,1.0462221484932992
1989-10-13 00:00:00,1.0462221484932992
1989-10-16 00:00:00,1.0462221484932992
1989-10-17 00:00:00,1.0462221484932992
1989-10-18 00:00:00,1.0462221484932992
1989-10-19 00:00:00,1.0462221484932992
1989-10-20 00:00:00,1.0462221484932992
1989-10-23 00:00:00,1.0462221484932992
1989-10-24 00:00:00,1.0462221484932992
1989-10-25 00:00:00,1.0462221484932992
1989-10-26 00:00:00,1.0462221484932992
1989-10-27 00:00:00,1.0462221484932992
1989-10-30 00:00:00,1.0462221484932992
1989-10-31 00:00:00,1.0462221484932992
1989-11-01 00:00:00,1.0462221484932992
1989-11-02 00:00:00,1.0462221484932992
1989-11-03 00:00:00,1.0462221484932992
1989-11-06 00:00:00,1.0462221484932992
1989-11-07 00:00:00,1.0462221484932992
1989-11-08 00:00:00,1.0462221484932992
1989-11-09 00:00:00,1.0462221484932992
1989-11-10 00:00:00,1.0462221484932992
1989-11-13 00:00:00,1.0462221484932992
1989-11-14 00:00:00,1.0462221484932992
1989-11-15 00:00:00,1.0462221484932992
1989-11-16 00:00:00,1.0462221484932992
1989-11-17 00:00:00,1.0462221484932992
1989-11-20 00:00:00,1.0462221484932992
1989-11-21 00:00:00,1.0462221484932992
1989-11-22 00:00:00,1.0462221484932992
1989-11-24 00:00:00,1.0462221484932992
1989-11-27 00:00:00,1.0462221484932992
1989-11-28 00:00:00,1.0462221484932992
1989-11-29 00:00:00,1.0462221484932992
1989-11-30 00:00:00,1.0462221484932992
1989-12-01 00:00:00,1.0462221484932992
1989-12-04 00:00:00,1.0462221484932992
1989-12-05 00:00:00,1.0462221484932992
1989-12-06 00:00:00,1.0462221484932992
1989-12-07 00:00:00,1.0462221484932992
1989-12-08 00:00:00,1.0462221484932992
1989-12-11 00:00:00,1.0462221484932992
1989-12-12 00:00:00,1.0462221484932992
1989-12-13 00:00:00,1.0462221484932992
1989-12-14 00:00:00,1.0478767148656718
1989-12-15 00:00:00,1.0478767148656718
1989-12-18 00:00:00,1.0478767148656718
1989-12-19 00:00:00,1.0478767148656718
1989-12-20 00:00:00,1.0478767148656718
1989-12-21 00:00:00,1.0478767148656718
1989-12-22 00:00:00,1.0478767148656718
1989-12-26 00:00:00,1.0478767148656718
1989-12-27 00:00:00,1.0478767148656718
1989-12-28 00:00:00,1.0478767148656718
1989-12-29 00:00:00,1.0478767148656718
1990-01-02 00:00:00,1.0478767148656718
1990-01-03 00:00:00,1.0478767148656718
1990-01-04 00:00:00,1.0478767148656718
1990-01-05 00:00:00,1.0478767148656718
1990-01-08 00:00:00,1.0478767148656718
1990-01-09 00:00:00,1.0478767148656718
1990-01-10 00:00:00,1.0478767148656718
1990-01-11 00:00:00,1.0478767148656718
1990-01-12 00:00:00,1.0478767148656718
1990-01-16 00:00:00,1.0478767148656718
1990-01-17 00:00:00,1.0478767148656718
1990-01-18 00:00:00,1.0478767148656718
1990-01-19 00:00:00,1.0478767148656718
1990-01-22 00:00:00,1.0478767148656718
1990-01-23 00:00:00,1.0478767148656718
1990-01-24 00:00:00,1.0478767148656718
1990-01-25 00:00:00,1.0478767148656718
1990-01-26 00:00:00,1.0478767148656718
1990-01-29 00:00:00,1.0478767148656718
1990-01-30 00:00:00,1.0478767148656718
1990-01-31 00:00:00,1.0478767148656718
1990-02-01 00:00:00,1.0478767148656718
1990-02-02 00:00:00,1.0478767148656718
1990-02-05 00:00:00,1.0478767148656718
1990-02-06 00:00:00,1.0478767148656718
1990-02-07 00:00:00,1.0478767148656718
1990-02-08 00:00:00,1.0478767148656718
1990-02-09 00:00:00,1.0478767148656718
1990-02-12 00:00:00,1.0478767148656718
1990-02-13 00:00:00,1.0478767148656718
1990-02-14 00:00:00,1.0478767148656718
1990-02-15 00:00:00,1.0478767148656718
1990-02-16 00:00:00,1.0478767148656718
1990-02-20 00:00:00,1.0478767148656718
1990-02-21 00:00:00,1.0478767148656718
1990-02-22 00:00:00,1.0478767148656718
1990-02-23 00:00:00,1.0478767148656718
1990-02-26 00:00:00,1.0478767148656718
1990-02-27 00:00:00,1.0478767148656718
1990-02-28 00:00:00,1.0478767148656718
1990-03-01 00:00:00,1.0478767148656718
1990-03-02 00:00:00,1.0478767148656718
1990-03-05 00:00:00,1.0478767148656718
1990-03-06 00:00:00,1.0478767148656718
1990-03-07 00:00:00,1.0478767148656718
1990-03-08 00:00:00,1.0478767148656718
1990-03-09 00:00:00,1.0478767148656718
1990-03-12 00:00:00,1.0478767148656718
1990-03-13 00:00:00,1.0478767148656718
1990-03-14 00:00:00,1.0478767148656718
1990-03-15 00:00:00,1.0478767148656718
1990-03-16 00:00:00,1.0478767148656718
1990-03-19 00:00:00,1.0478767148656718
1990-03-20 00:00:00,1.0478767148656718
1990-03-21 00:00:00,1.0478767148656718
1990-03-22 00:00:00,1.0478767148656718
1990-03-23 00:00:00,1.0478767148656718
1990-03-26 00:00:00,1.0478767148656718
1990-03-27 00:00:00,1.0478767148656718
1990-03-28 00:00:00,1.0478767148656718
1990-03-29 00:00:00,1.0478767148656718
1990-03-30 00:00:00,1.0478767148656718
1990-04-02 00:00:00,1.0478767148656718
1990-04-03 00:00:00,1.0478767148656718
1990-04-04 00:00:00,1.0478767148656718
1990-04-05 00:00:00,1.0478767148656718
1990-04-06 00:00:00,1.0478767148656718
1990-04-09 00:00:00,1.0478767148656718
1990-04-10 00:00:00,1.0478767148656718
1990-04-11 00:00:00,1.0478767148656718
1990-04-12 00:00:00,1.0478767148656718
1990-04-13 00:00:00,1.0478767148656718
1990-04-16 00:00:00,1.0478767148656718
1990-04-17 00:00:00,1.0478767148656718
1990-04-18 00:00:00,1.0478767148656718
1990-04-19 00:00:00,1.0478767148656718
1990-04-20 00:00:00,1.0478767148656718
1990-04-23 00:00:00,1.0478767148656718
1990-04-24 00:00:00,1.0478767148656718
1990-04-25 00:00:00,1.0478767148656718
1990-04-26 00:00:00,1.0478767148656718
1990-04-27 00:00:00,1.0478767148656718
1990-04-30 00:00:00,1.0478767148656718
1990-05-01 00:00:00,1.0478767148656718
1990-05-02 00:00:00,1.0478767148656718
1990-05-03 00:00:00,1.0478767148656718
1990-05-04 00:00:00,1.0478767148656718
1990-05-07 00:00:00,1.0478767148656718
1990-05-08 00:00:00,1.0478767148656718
1990-05-09 00:00:00,1.0478767148656718
1990-05-10 00:00:00,1.0478767148656718
1990-05-11 00:00:00,1.0510022792481382
1990-05-14 00:00:00,1.05269008401467
1990-05-15 00:00:00,1.0483142938792172
1990-05-16 00:00:00,1.050189632508697
1990-05-17 00:00:00,1.0575034531636682
1990-05-18 00:00:00,1.0569408515748244
1990-05-21 00:00:00,1.0571908967254215
1990-05-22 00:00:00,1.0573784305883696
1990-05-23 00:00:00,1.0589412127796027
1990-05-24 00:00:00,1.056128204835383
1990-05-25 00:00:00,1.055940670972435
1990-05-29 00:00:00,1.0593162805054988
1990-05-30 00:00:00,1.0583160999031096
1990-05-31 00:00:00,1.0480017374409705
1990-06-01 00:00:00,1.0525650614393713
1990-06-04 00:00:00,1.0470640681262307
1990-06-05 00:00:00,1.0520649711381769
1990-06-06 00:00:00,1.0553155580959417
1990-06-07 00:00:00,1.055378069383591
1990-06-08 00:00:00,1.0531901743158647
1990-06-11 00:00:00,1.053815287192358
1990-06-12 00:00:00,1.0642546722297954
1990-06-13 00:00:00,1.0670676801740153
1990-06-14 00:00:00,1.0659424769963275
1990-06-15 00:00:00,1.0661300108592753
1990-06-18 00:00:00,1.0708183574329748
1990-06-19 00:00:00,1.0755067040066746
1990-06-20 00:00:00,1.0770694861979075
1990-06-21 00:00:00,1.0783197119508943
1990-06-22 00:00:00,1.0833206149628405
1990-06-25 00:00:00,1.0817578327716073
1990-06-26 00:00:00,1.0848833971540737
1990-06-27 00:00:00,1.0894467211524743
1990-06-28 00:00:00,1.087258826084748
1990-06-29 00:00:00,1.0908219694807597
1990-07-02 00:00:00,1.102324046408236
1990-07-03 00:00:00,1.1123883637197778
1990-07-05 00:00:00,1.113013476596271
1990-07-06 00:00:00,1.1167641538552302
1990-07-09 00:00:00,1.1288288323715505
1990-07-10 00:00:00,1.1345798708352888
1990-07-11 00:00:00,1.1239529519349032
1990-07-12 00:00:00,1.1242655083731496
1990-07-13 00:00:00,1.1289538549468492
1990-07-16 00:00:00,1.1277036291938627
1990-07-17 00:00:00,1.1322044419046142
1990-07-18 00:00:00,1.1380179916560016
1990-07-19 00:00:00,1.1343298256846914
1990-07-20 00:00:00,1.1341422918217434
1990-07-23 00:00:00,1.1380179916560016
1990-07-24 00:00:00,1.1407059770249226
1990-07-25 00:00:00,1.132704532205809
1990-07-26 00:00:00,1.1336422015205487
1990-07-27 00:00:00,1.1461444590504142
1990-07-30 00:00:00,1.152583121678295
1990-07-31 00:00:00,1.162709950277486
1990-08-01 00:00:00,1.1595843858950194
1990-08-02 00:00:00,1.1559587312113584
1990-08-03 00:00:00,1.1605220552097597
1990-08-06 00:00:00,1.1702113047954052
1990-08-07 00:00:00,1.1733368691778714
1990-08-08 00:00:00,1.1661480710981988
1990-08-09 00:00:00,1.1700237709324572
1990-08-10 00:00:00,1.16977372578186
1990-08-13 00:00:00,1.1777126593133243
1990-08-14 00:00:00,1.1830261187635174
1990-08-15 00:00:00,1.1875894427619182
1990-08-16 00:00:00,1.1864642395842302
1990-08-17 00:00:00,1.199591609990589
1990-08-20 00:00:00,1.2000917002917837
1990-08-21 00:00:00,1.2008418357435755
1990-08-22 00:00:00,1.204905069440782
1990-08-23 00:00:00,1.2199077784766204
1990-08-24 00:00:00,1.2160320786423622
1990-08-27 00:00:00,1.2154069657658688
1990-08-28 00:00:00,1.2179074172718418
1990-08-29 00:00:00,1.2167822140941538
1990-08-30 00:00:00,1.2017795050583153
1990-08-31 00:00:00,1.1827135623252707
1990-09-04 00:00:00,1.1725867337260796
1990-09-05 00:00:00,1.1870893524607236
1990-09-06 00:00:00,1.192715368349163
1990-09-07 00:00:00,1.183963788078257
1990-09-10 00:00:00,1.1598969423332661
1990-09-11 00:00:00,1.1555211521978133
1990-09-12 00:00:00,1.1652104017834592
1990-09-13 00:00:00,1.1731493353149236
1990-09-14 00:00:00,1.1867767960224769
1990-09-17 00:00:00,1.18927724752845
1990-09-18 00:00:00,1.1989664971140956
1990-09-19 00:00:00,1.1781502383268698
1990-09-20 00:00:00,1.1678983871523803
1990-09-21 00:00:00,1.1539583700065803
1990-09-24 00:00:00,1.1777126593133243
1990-09-25 00:00:00,1.173211846602573
1990-09-26 00:00:00,1.1652104017834592
1990-09-27 00:00:00,1.1695861919189119
1990-09-28 00:00:00,1.171148974110145
1990-10-01 00:00:00,1.1808382236957908
1990-10-02 00:00:00,1.1805256672575444
1990-10-03 00:00:00,1.1864642395842302
1990-10-04 00:00:00,1.1950907972798372
1990-10-05 00:00:00,1.2167822140941538
1990-10-09 00:00:00,1.2314723666917458
1990-10-10 00:00:00,1.2299095845005126
1990-10-11 00:00:00,1.2277216894327863
1990-10-12 00:00:00,1.2334727278965243
1990-10-15 00:00:00,1.2211580042296069
1990-10-16 00:00:00,1.2233458992973334
1990-10-17 00:00:00,1.2283468023092796
1990-10-18 00:00:00,1.2211580042296069
1990-10-19 00:00:00,1.2249086814885666
1990-10-22 00:00:00,1.2177198834088938
1990-10-23 00:00:00,1.2167197028065044
1990-10-24 00:00:00,1.2230333428590865
1990-10-25 00:00:00,1.2214705606678533
1990-10-26 00:00:00,1.22272078642084
1990-10-29 00:00:00,1.2208454477913602
1990-10-30 00:00:00,1.2174073269706471
1990-10-31 00:00:00,1.2152194319029208
1990-11-01 00:00:00,1.2189701091618803
1990-11-02 00:00:00,1.2199077784766204
1990-11-05 00:00:00,1.2311598102534993
1990-11-06 00:00:00,1.2333477053212258
1990-11-07 00:00:00,1.2352230439507055
1990-11-08 00:00:00,1.2295970280622661
1990-11-09 00:00:00,1.2292844716240194
1990-11-13 00:00:00,1.2278467120080847
1990-11-14 00:00:00,1.2258463508033064
1990-11-15 00:00:00,1.2249086814885666
1990-11-16 00:00:00,1.2289719151857728
1990-11-19 00:00:00,1.231909945705291
1990-11-20 00:00:00,1.2313473441164473
1990-11-21 00:00:00,1.230534697377006
1990-11-23 00:00:00,1.2295970280622661
1990-11-26 00:00:00,1.228846892610474
1990-11-27 00:00:00,1.2352230439507055
1990-11-28 00:00:00,1.2327225924447323
1990-11-29 00:00:00,1.2199077784766204
1990-11-30 00:00:00,1.2122188900957531
1990-12-03 00:00:00,1.1999041664288357
1990-12-04 00:00:00,1.2039674001260419
1990-12-05 00:00:00,1.2014669486200686
1990-12-06 00:00:00,1.211468754643961
1990-12-07 00:00:00,1.2189701091618803
1990-12-10 00:00:00,1.2142817625881808
1990-12-11 00:00:00,1.2120938675204544
1990-12-12 00:00:00,1.2152194319029208
1990-12-13 00:00:00,1.2149068754646741
1990-12-14 00:00:00,1.2121563788081038
1990-12-17 00:00:00,1.205530182317275
1990-12-18 00:00:00,1.2095934160144814
1990-12-19 00:00:00,1.2070929645085082
1990-12-20 00:00:00,1.1914651425961764
1990-12-21 00:00:00,1.1783377721898178
1990-12-24 00:00:00,1.1670857404129387
1990-12-26 00:00:00,1.1783377721898178
1990-12-27 00:00:00,1.1795879979428043
1990-12-28 00:00:00,1.2008418357435755
1990-12-31 00:00:00,1.205530182317275
1991-01-02 00:00:00,1.2142817625881808
1991-01-03 00:00:00,1.2167822140941538
1991-01-04 00:00:00,1.2077180773850014
1991-01-07 00:00:00,1.190840029719683
1991-01-08 00:00:00,1.1914651425961764
1991-01-09 00:00:00,1.2038423775507432
1991-01-10 00:00:00,1.190840029719683
1991-01-11 00:00:00,1.1920902554726698
1991-01-14 00:00:00,1.1905274732814366
1991-01-15 00:00:00,1.19021491684319
1991-01-16 00:00:00,1.190652495856735
1991-01-17 00:00:00,1.2019670389212633
1991-01-18 00:00:00,1.2134047979848772
1991-01-22 00:00:00,1.2134047979848772
1991-01-23 00:00:00,1.2134047979848772
1991-01-24 00:00:00,1.2134047979848772
1991-01-25 00:00:00,1.2134047979848772
1991-01-28 00:00:00,1.2134047979848772
1991-01-29 00:00:00,1.2134047979848772
1991-01-30 00:00:00,1.2081679659042113
1991-01-31 00:00:00,1.2106323574715836
1991-02-01 00:00:00,1.2175942636494097
1991-02-04 00:00:00,1.2181487517520686
1991-02-05 00:00:00,1.2217221195247585
1991-02-06 00:00:00,1.231579685794247
1991-02-07 00:00:00,1.2300394410646396
1991-02-08 00:00:00,1.2241865110921304
1991-02-11 00:00:00,1.230347490010561
1991-02-12 00:00:00,1.2269589516054242
1991-02-13 00:00:00,1.2271437809729773
1991-02-14 00:00:00,1.2198738258492292
1991-02-15 00:00:00,1.2140208958767202
1991-02-19 00:00:00,1.2023150359317023
1991-02-20 00:00:00,1.1995425954184087
1991-02-21 00:00:00,1.2057651841260235
1991-02-22 00:00:00,1.1975094723753266
1991-02-25 00:00:00,1.1843922245747802
1991-02-26 00:00:00,1.1843922245747802
1991-02-27 00:00:00,1.1843922245747802
1991-02-28 00:00:00,1.1843922245747802
1991-03-01 00:00:00,1.1843922245747802
1991-03-04 00:00:00,1.1843922245747802
1991-03-05 00:00:00,1.1843922245747802
1991-03-06 00:00:00,1.1843922245747802
1991-03-07 00:00:00,1.1843922245747802
1991-03-08 00:00:00,1.1843922245747802
1991-03-11 00:00:00,1.1843922245747802
1991-03-12 00:00:00,1.1843922245747802
1991-03-13 00:00:00,1.1843922245747802
1991-03-14 00:00:00,1.1843922245747802
1991-03-15 00:00:00,1.1843922245747802
1991-03-18 00:00:00,1.1843922245747802
1991-03-19 00:00:00,1.1843922245747802
1991-03-20 00:00:00,1.1843922245747802
1991-03-21 00:00:00,1.1843922245747802
1991-03-22 00:00:00,1.1843922245747802
1991-03-25 00:00:00,1.1843922245747802
1991-03-26 00:00:00,1.1843922245747802
1991-03-27 00:00:00,1.1843922245747802
1991-03-28 00:00:00,1.1843922245747802
1991-03-29 00:00:00,1.1843922245747802
1991-04-01 00:00:00,1.1843922245747802
1991-04-02 00:00:00,1.1843922245747802
1991-04-03 00:00:00,1.1843922245747802
1991-04-04 00:00:00,1.1843922245747802
1991-04-05 00:00:00,1.1843922245747802
1991-04-08 00:00:00,1.1843922245747802
1991-04-09 00:00:00,1.1843922245747802
1991-04-10 00:00:00,1.1843922245747802
1991-04-11 00:00:00,1.1843922245747802
1991-04-12 00:00:00,1.1843922245747802
1991-04-15 00:00:00,1.1843922245747802
1991-04-16 00:00:00,1.1843922245747802
1991-04-17 00:00:00,1.1843922245747802
1991-04-18 00:00:00,1.1843922245747802
1991-04-19 00:00:00,1.1843922245747802
1991-04-22 00:00:00,1.1843922245747802
1991-04-23 00:00:00,1.1843922245747802
1991-04-24 00:00:00,1.1843922245747802
1991-04-25 00:00:00,1.1843922245747802
1991-04-26 00:00:00,1.1843922245747802
1991-04-29 00:00:00,1.1843922245747802
1991-04-30 00:00:00,1.1843922245747802
1991-05-01 00:00:00,1.1843922245747802
1991-05-02 00:00:00,1.1843922245747802
1991-05-03 00:00:00,1.1843922245747802
1991-05-06 00:00:00,1.1843922245747802
1991-05-07 00:00:00,1.1843922245747802
1991-05-08 00:00:00,1.1843922245747802
1991-05-09 00:00:00,1.1843922245747802
1991-05-10 00:00:00,1.1843922245747802
1991-05-13 00:00:00,1.1843922245747802
1991-05-14 00:00:00,1.1843922245747802
1991-05-15 00:00:00,1.1843922245747802
1991-05-16 00:00:00,1.1843922245747802
1991-05-17 00:00:00,1.1843922245747802
1991-05-20 00:00:00,1.1843922245747802
1991-05-21 00:00:00,1.1843922245747802
1991-05-22 00:00:00,1.1843922245747802
1991-05-23 00:00:00,1.1843922245747802
1991-05-24 00:00:00,1.1843922245747802
1991-05-28 00:00:00,1.1843922245747802
1991-05-29 00:00:00,1.1843922245747802
1991-05-30 00:00:00,1.1843922245747802
1991-05-31 00:00:00,1.1843922245747802
1991-06-03 00:00:00,1.1843922245747802
1991-06-04 00:00:00,1.1843922245747802
1991-06-05 00:00:00,1.1843922245747802
1991-06-06 00:00:00,1.1843922245747802
1991-06-07 00:00:00,1.1843922245747802
1991-06-10 00:00:00,1.1843922245747802
1991-06-11 00:00:00,1.1843922245747802
1991-06-12 00:00:00,1.1843922245747802
1991-06-13 00:00:00,1.1843922245747802
1991-06-14 00:00:00,1.1843922245747802
1991-06-17 00:00:00,1.1843922245747802
1991-06-18 00:00:00,1.1843922245747802
1991-06-19 00:00:00,1.1843922245747802
1991-06-20 00:00:00,1.1843922245747802
1991-06-21 00:00:00,1.1843922245747802
1991-06-24 00:00:00,1.1843922245747802
1991-06-25 00:00:00,1.1843922245747802
1991-06-26 00:00:00,1.1843922245747802
1991-06-27 00:00:00,1.1843922245747802
1991-06-28 00:00:00,1.1843922245747802
1991-07-01 00:00:00,1.1843922245747802
1991-07-02 00:00:00,1.1843922245747802
1991-07-03 00:00:00,1.1843922245747802
1991-07-05 00:00:00,1.1843922245747802
1991-07-08 00:00:00,1.1843922245747802
1991-07-09 00:00:00,1.1843922245747802
1991-07-10 00:00:00,1.1843922245747802
1991-07-11 00:00:00,1.1843922245747802
1991-07-12 00:00:00,1.1843922245747802
1991-07-15 00:00:00,1.1843922245747802
1991-07-16 00:00:00,1.1843922245747802
1991-07-17 00:00:00,1.1843922245747802
1991-07-18 00:00:00,1.1843922245747802
1991-07-19 00:00:00,1.1843922245747802
1991-07-22 00:00:00,1.1843922245747802
1991-07-23 00:00:00,1.1843922245747802
1991-07-24 00:00:00,1.1843922245747802
1991-07-25 00:00:00,1.1843922245747802
1991-07-26 00:00:00,1.1843922245747802
1991-07-29 00:00:00,1.1843922245747802
1991-07-30 00:00:00,1.1843922245747802
1991-07-31 00:00:00,1.1843922245747802
1991-08-01 00:00:00,1.1843922245747802
1991-08-02 00:00:00,1.1843922245747802
1991-08-05 00:00:00,1.1843922245747802
1991-08-06 00:00:00,1.1843922245747802
1991-08-07 00:00:00,1.1843922245747802
1991-08-08 00:00:00,1.1751857739820475
1991-08-09 00:00:00,1.1751857739820475
1991-08-12 00:00:00,1.1751857739820475
1991-08-13 00:00:00,1.1751857739820475
1991-08-14 00:00:00,1.1751857739820475
1991-08-15 00:00:00,1.1751857739820475
1991-08-16 00:00:00,1.1751857739820475
1991-08-19 00:00:00,1.1751857739820475
1991-08-20 00:00:00,1.1751857739820475
1991-08-21 00:00:00,1.1751857739820475
1991-08-22 00:00:00,1.1751857739820475
1991-08-23 00:00:00,1.1751857739820475
1991-08-26 00:00:00,1.1751857739820475
1991-08-27 00:00:00,1.1751857739820475
1991-08-28 00:00:00,1.1751857739820475
1991-08-29 00:00:00,1.1751857739820475
1991-08-30 00:00:00,1.1751857739820475
1991-09-03 00:00:00,1.1825278870080687
1991-09-04 00:00:00,1.1825278870080687
1991-09-05 00:00:00,1.1825278870080687
1991-09-06 00:00:00,1.1825278870080687
1991-09-09 00:00:00,1.1825278870080687
1991-09-10 00:00:00,1.1825278870080687
1991-09-11 00:00:00,1.1825278870080687
1991-09-12 00:00:00,1.1825278870080687
1991-09-13 00:00:00,1.1825278870080687
1991-09-16 00:00:00,1.1825278870080687
1991-09-17 00:00:00,1.1825278870080687
1991-09-18 00:00:00,1.1825278870080687
1991-09-19 00:00:00,1.1825278870080687
1991-09-20 00:00:00,1.1825278870080687
1991-09-23 00:00:00,1.1825278870080687
1991-09-24 00:00:00,1.1825278870080687
1991-09-25 00:00:00,1.1825278870080687
1991-09-26 00:00:00,1.1825278870080687
1991-09-27 00:00:00,1.1825278870080687
1991-09-30 00:00:00,1.1825278870080687
1991-10-01 00:00:00,1.1825278870080687
1991-10-02 00:00:00,1.1825278870080687
1991-10-03 00:00:00,1.1825278870080687
1991-10-04 00:00:00,1.1825278870080687
1991-10-07 00:00:00,1.1825278870080687
1991-10-08 00:00:00,1.1825278870080687
1991-10-09 00:00:00,1.1825278870080687
1991-10-10 00:00:00,1.1825278870080687
1991-10-11 00:00:00,1.1825278870080687
1991-10-15 00:00:00,1.1825278870080687
1991-10-16 00:00:00,1.1825278870080687
1991-10-17 00:00:00,1.1825278870080687
1991-10-18 00:00:00,1.1825278870080687
1991-10-21 00:00:00,1.1825278870080687
1991-10-22 00:00:00,1.1825278870080687
1991-10-23 00:00:00,1.1825278870080687
1991-10-24 00:00:00,1.1825278870080687
1991-10-25 00:00:00,1.1825278870080687
1991-10-28 00:00:00,1.1825278870080687
1991-10-29 00:00:00,1.1825278870080687
1991-10-30 00:00:00,1.1825278870080687
1991-10-31 00:00:00,1.1825278870080687
1991-11-01 00:00:00,1.1825278870080687
1991-11-04 00:00:00,1.1825278870080687
1991-11-05 00:00:00,1.1825278870080687
1991-11-06 00:00:00,1.1825278870080687
1991-11-07 00:00:00,1.1825278870080687
1991-11-08 00:00:00,1.1825278870080687
1991-11-12 00:00:00,1.1825278870080687
1991-11-13 00:00:00,1.1825278870080687
1991-11-14 00:00:00,1.1825278870080687
1991-11-15 00:00:00,1.1825278870080687
1991-11-18 00:00:00,1.1825278870080687
1991-11-19 00:00:00,1.1825278870080687
1991-11-20 00:00:00,1.1825278870080687
1991-11-21 00:00:00,1.1825278870080687
1991-11-22 00:00:00,1.1825278870080687
1991-11-25 00:00:00,1.1825278870080687
1991-11-26 00:00:00,1.1825278870080687
1991-11-27 00:00:00,1.1825278870080687
1991-11-29 00:00:00,1.1825278870080687
1991-12-02 00:00:00,1.1825278870080687
1991-12-03 00:00:00,1.1825278870080687
1991-12-04 00:00:00,1.1825278870080687
1991-12-05 00:00:00,1.1825278870080687
1991-12-06 00:00:00,1.1825278870080687
1991-12-09 00:00:00,1.1825278870080687
1991-12-10 00:00:00,1.1825278870080687
1991-12-11 00:00:00,1.1825278870080687
1991-12-12 00:00:00,1.1825278870080687
1991-12-13 00:00:00,1.1825278870080687
1991-12-16 00:00:00,1.1825278870080687
1991-12-17 00:00:00,1.1825278870080687
1991-12-18 00:00:00,1.1825278870080687
1991-12-19 00:00:00,1.1825278870080687
1991-12-20 00:00:00,1.1825278870080687
1991-12-23 00:00:00,1.1825278870080687
1991-12-24 00:00:00,1.1825278870080687
1991-12-26 00:00:00,1.1825278870080687
1991-12-27 00:00:00,1.1825278870080687
1991-12-30 00:00:00,1.1825278870080687
1991-12-31 00:00:00,1.1825278870080687
1992-01-02 00:00:00,1.1825278870080687
1992-01-03 00:00:00,1.1825278870080687
1992-01-06 00:00:00,1.1825278870080687
1992-01-07 00:00:00,1.1825278870080687
1992-01-08 00:00:00,1.1825278870080687
1992-01-09 00:00:00,1.1825278870080687
1992-01-10 00:00:00,1.1825278870080687
1992-01-13 00:00:00,1.1825278870080687
1992-01-14 00:00:00,1.1825278870080687
1992-01-15 00:00:00,1.1825278870080687
1992-01-16 00:00:00,1.1825278870080687
1992-01-17 00:00:00,1.1825278870080687
1992-01-21 00:00:00,1.1825278870080687
1992-01-22 00:00:00,1.1825278870080687
1992-01-23 00:00:00,1.1825278870080687
1992-01-24 00:00:00,1.1825278870080687
1992-01-27 00:00:00,1.1825278870080687
1992-01-28 00:00:00,1.1825278870080687
1992-01-29 00:00:00,1.1825278870080687
1992-01-30 00:00:00,1.1825278870080687
1992-01-31 00:00:00,1.1825278870080687
1992-02-03 00:00:00,1.1825278870080687
1992-02-04 00:00:00,1.1825278870080687
1992-02-05 00:00:00,1.1825278870080687
1992-02-06 00:00:00,1.1825278870080687
1992-02-07 00:00:00,1.1825278870080687
1992-02-10 00:00:00,1.1825278870080687
1992-02-11 00:00:00,1.1825278870080687
1992-02-12 00:00:00,1.1825278870080687
1992-02-13 00:00:00,1.1825278870080687
1992-02-14 00:00:00,1.1825278870080687
1992-02-18 00:00:00,1.1825278870080687
1992-02-19 00:00:00,1.1825278870080687
1992-02-20 00:00:00,1.1825278870080687
1992-02-21 00:00:00,1.1825278870080687
1992-02-24 00:00:00,1.1825278870080687
1992-02-25 00:00:00,1.1825278870080687
1992-02-26 00:00:00,1.1825278870080687
1992-02-27 00:00:00,1.1825278870080687
1992-02-28 00:00:00,1.1825278870080687
1992-03-02 00:00:00,1.1825278870080687
1992-03-03 00:00:00,1.1825278870080687
1992-03-04 00:00:00,1.1825278870080687
1992-03-05 00:00:00,1.1825278870080687
1992-03-06 00:00:00,1.1825278870080687
1992-03-09 00:00:00,1.1825278870080687
1992-03-10 00:00:00,1.1825278870080687
1992-03-11 00:00:00,1.1825278870080687
1992-03-12 00:00:00,1.1825278870080687
1992-03-13 00:00:00,1.1825278870080687
1992-03-16 00:00:00,1.1825278870080687
1992-03-17 00:00:00,1.1825278870080687
1992-03-18 00:00:00,1.1825278870080687
1992-03-19 00:00:00,1.1825278870080687
1992-03-20 00:00:00,1.1825278870080687
1992-03-23 00:00:00,1.1825278870080687
1992-03-24 00:00:00,1.1825278870080687
1992-03-25 00:00:00,1.1825278870080687
1992-03-26 00:00:00,1.1825278870080687
1992-03-27 00:00:00,1.1825278870080687
1992-03-30 00:00:00,1.1825278870080687
1992-03-31 00:00:00,1.1825278870080687
1992-04-01 00:00:00,1.1825278870080687
1992-04-02 00:00:00,1.1825278870080687
1992-04-03 00:00:00,1.1825278870080687
1992-04-06 00:00:00,1.1825278870080687
1992-04-07 00:00:00,1.1825278870080687
1992-04-08 00:00:00,1.1825278870080687
1992-04-09 00:00:00,1.1825278870080687
1992-04-10 00:00:00,1.1825278870080687
1992-04-13 00:00:00,1.1825278870080687
1992-04-14 00:00:00,1.1825278870080687
1992-04-15 00:00:00,1.1825278870080687
1992-04-16 00:00:00,1.1825278870080687
1992-04-17 00:00:00,1.1825278870080687
1992-04-20 00:00:00,1.1825278870080687
1992-04-21 00:00:00,1.1825278870080687
1992-04-22 00:00:00,1.1825278870080687
1992-04-23 00:00:00,1.1825278870080687
1992-04-24 00:00:00,1.1825278870080687
1992-04-27 00:00:00,1.1825278870080687
1992-04-28 00:00:00,1.1825278870080687
1992-04-29 00:00:00,1.1825278870080687
1992-04-30 00:00:00,1.1825278870080687
1992-05-01 00:00:00,1.189501470476946
1992-05-04 00:00:00,1.189501470476946
1992-05-05 00:00:00,1.189501470476946
1992-05-06 00:00:00,1.189501470476946
1992-05-07 00:00:00,1.189501470476946
1992-05-08 00:00:00,1.189501470476946
1992-05-11 00:00:00,1.189501470476946
1992-05-12 00:00:00,1.189501470476946
1992-05-13 00:00:00,1.189501470476946
1992-05-14 00:00:00,1.189501470476946
1992-05-15 00:00:00,1.189501470476946
1992-05-18 00:00:00,1.189501470476946
1992-05-19 00:00:00,1.189501470476946
1992-05-20 00:00:00,1.189501470476946
1992-05-21 00:00:00,1.189501470476946
1992-05-22 00:00:00,1.189501470476946
1992-05-26 00:00:00,1.189501470476946
1992-05-27 00:00:00,1.189501470476946
1992-05-28 00:00:00,1.189501470476946
1992-05-29 00:00:00,1.189501470476946
1992-06-01 00:00:00,1.189501470476946
1992-06-02 00:00:00,1.189501470476946
1992-06-03 00:00:00,1.189501470476946
1992-06-04 00:00:00,1.189501470476946
1992-06-05 00:00:00,1.189501470476946
1992-06-08 00:00:00,1.189501470476946
1992-06-09 00:00:00,1.189501470476946
1992-06-10 00:00:00,1.189501470476946
1992-06-11 00:00:00,1.189501470476946
1992-06-12 00:00:00,1.189501470476946
1992-06-15 00:00:00,1.189501470476946
1992-06-16 00:00:00,1.189501470476946
1992-06-17 00:00:00,1.189501470476946
1992-06-18 00:00:00,1.189501470476946
1992-06-19 00:00:00,1.189501470476946
1992-06-22 00:00:00,1.189501470476946
1992-06-23 00:00:00,1.189501470476946
1992-06-24 00:00:00,1.189501470476946
1992-06-25 00:00:00,1.189501470476946
1992-06-26 00:00:00,1.189501470476946
1992-06-29 00:00:00,1.189501470476946
1992-06-30 00:00:00,1.189501470476946
1992-07-01 00:00:00,1.189501470476946
1992-07-02 00:00:00,1.189501470476946
1992-07-03 00:00:00,1.189501470476946
1992-07-06 00:00:00,1.189501470476946
1992-07-07 00:00:00,1.189501470476946
1992-07-08 00:00:00,1.189501470476946
1992-07-09 00:00:00,1.189501470476946
1992-07-10 00:00:00,1.189501470476946
1992-07-13 00:00:00,1.189501470476946
1992-07-14 00:00:00,1.189501470476946
1992-07-15 00:00:00,1.189501470476946
1992-07-16 00:00:00,1.189501470476946
1992-07-17 00:00:00,1.189501470476946
1992-07-20 00:00:00,1.189501470476946
1992-07-21 00:00:00,1.189501470476946
1992-07-22 00:00:00,1.189501470476946
1992-07-23 00:00:00,1.189501470476946
1992-07-24 00:00:00,1.189501470476946
1992-07-27 00:00:00,1.189501470476946
1992-07-28 00:00:00,1.189501470476946
1992-07-29 00:00:00,1.189501470476946
1992-07-30 00:00:00,1.189501470476946
1992-07-31 00:00:00,1.189501470476946
1992-08-03 00:00:00,1.189501470476946
1992-08-04 00:00:00,1.189501470476946
1992-08-05 00:00:00,1.189501470476946
1992-08-06 00:00:00,1.189501470476946
1992-08-07 00:00:00,1.189501470476946
1992-08-10 00:00:00,1.189501470476946
1992-08-11 00:00:00,1.189501470476946
1992-08-12 00:00:00,1.189501470476946
1992-08-13 00:00:00,1.189501470476946
1992-08-14 00:00:00,1.189501470476946
1992-08-17 00:00:00,1.189501470476946
1992-08-18 00:00:00,1.189501470476946
1992-08-19 00:00:00,1.189501470476946
1992-08-20 00:00:00,1.189501470476946
1992-08-21 00:00:00,1.189501470476946
1992-08-24 00:00:00,1.189501470476946
1992-08-25 00:00:00,1.189501470476946
1992-08-26 00:00:00,1.189501470476946
1992-08-27 00:00:00,1.189501470476946
1992-08-28 00:00:00,1.189501470476946
1992-08-31 00:00:00,1.189501470476946
1992-09-01 00:00:00,1.189501470476946
1992-09-02 00:00:00,1.189501470476946
1992-09-03 00:00:00,1.189501470476946
1992-09-04 00:00:00,1.189501470476946
1992-09-08 00:00:00,1.189501470476946
1992-09-09 00:00:00,1.189501470476946
1992-09-10 00:00:00,1.189501470476946
1992-09-11 00:00:00,1.189501470476946
1992-09-14 00:00:00,1.189501470476946
1992-09-15 00:00:00,1.189501470476946
1992-09-16 00:00:00,1.189501470476946
1992-09-17 00:00:00,1.189501470476946
1992-09-18 00:00:00,1.189501470476946
1992-09-21 00:00:00,1.189501470476946
1992-09-22 00:00:00,1.189501470476946
1992-09-23 00:00:00,1.189501470476946
1992-09-24 00:00:00,1.189501470476946
1992-09-25 00:00:00,1.189501470476946
1992-09-28 00:00:00,1.189501470476946
1992-09-29 00:00:00,1.189501470476946
1992-09-30 00:00:00,1.189501470476946
1992-10-01 00:00:00,1.189501470476946
1992-10-02 00:00:00,1.189501470476946
1992-10-05 00:00:00,1.189501470476946
1992-10-06 00:00:00,1.189501470476946
1992-10-07 00:00:00,1.189501470476946
1992-10-08 00:00:00,1.189501470476946
1992-10-09 00:00:00,1.189501470476946
1992-10-13 00:00:00,1.189501470476946
1992-10-14 00:00:00,1.189501470476946
1992-10-15 00:00:00,1.189501470476946
1992-10-16 00:00:00,1.189501470476946
1992-10-19 00:00:00,1.189501470476946
1992-10-20 00:00:00,1.189501470476946
1992-10-21 00:00:00,1.189501470476946
1992-10-22 00:00:00,1.189501470476946
1992-10-23 00:00:00,1.189501470476946
1992-10-26 00:00:00,1.189501470476946
1992-10-27 00:00:00,1.189501470476946
1992-10-28 00:00:00,1.189501470476946
1992-10-29 00:00:00,1.189501470476946
1992-10-30 00:00:00,1.189501470476946
1992-11-02 00:00:00,1.189501470476946
1992-11-03 00:00:00,1.189501470476946
1992-11-04 00:00:00,1.189501470476946
1992-11-05 00:00:00,1.189501470476946
1992-11-06 00:00:00,1.189501470476946
1992-11-09 00:00:00,1.189501470476946
1992-11-10 00:00:00,1.189501470476946
1992-11-12 00:00:00,1.189501470476946
1992-11-13 00:00:00,1.189501470476946
1992-11-16 00:00:00,1.189501470476946
1992-11-17 00:00:00,1.189501470476946
1992-11-18 00:00:00,1.189501470476946
1992-11-19 00:00:00,1.189501470476946
1992-11-20 00:00:00,1.189501470476946
1992-11-23 00:00:00,1.189501470476946
1992-11-24 00:00:00,1.189501470476946
1992-11-25 00:00:00,1.189501470476946
1992-11-27 00:00:00,1.189501470476946
1992-11-30 00:00:00,1.189501470476946
1992-12-01 00:00:00,1.189501470476946
1992-12-02 00:00:00,1.189501470476946
1992-12-03 00:00:00,1.189501470476946
1992-12-04 00:00:00,1.189501470476946
1992-12-07 00:00:00,1.189501470476946
1992-12-08 00:00:00,1.189501470476946
1992-12-09 00:00:00,1.189501470476946
1992-12-10 00:00:00,1.189501470476946
1992-12-11 00:00:00,1.189501470476946
1992-12-14 00:00:00,1.189501470476946
1992-12-15 00:00:00,1.189501470476946
1992-12-16 00:00:00,1.189501470476946
1992-12-17 00:00:00,1.189501470476946
1992-12-18 00:00:00,1.189501470476946
1992-12-21 00:00:00,1.189501470476946
1992-12-22 00:00:00,1.189501470476946
1992-12-23 00:00:00,1.189501470476946
1992-12-24 00:00:00,1.189501470476946
1992-12-28 00:00:00,1.189501470476946
1992-12-29 00:00:00,1.189501470476946
1992-12-30 00:00:00,1.189501470476946
1992-12-31 00:00:00,1.189501470476946
1993-01-04 00:00:00,1.189501470476946
1993-01-05 00:00:00,1.189501470476946
1993-01-06 00:00:00,1.189501470476946
1993-01-07 00:00:00,1.189501470476946
1993-01-08 00:00:00,1.189501470476946
1993-01-11 00:00:00,1.189501470476946
1993-01-12 00:00:00,1.189501470476946
1993-01-13 00:00:00,1.189501470476946
1993-01-14 00:00:00,1.189501470476946
1993-01-15 00:00:00,1.189501470476946
1993-01-19 00:00:00,1.189501470476946
1993-01-20 00:00:00,1.189501470476946
1993-01-21 00:00:00,1.189501470476946
1993-01-22 00:00:00,1.189501470476946
1993-01-25 00:00:00,1.189501470476946
1993-01-26 00:00:00,1.189501470476946
1993-01-27 00:00:00,1.189501470476946
1993-01-28 00:00:00,1.189501470476946
1993-01-29 00:00:00,1.189501470476946
1993-02-01 00:00:00,1.189501470476946
1993-02-02 00:00:00,1.189501470476946
1993-02-03 00:00:00,1.189501470476946
1993-02-04 00:00:00,1.189501470476946
1993-02-05 00:00:00,1.189501470476946
1993-02-08 00:00:00,1.189501470476946
1993-02-09 00:00:00,1.189501470476946
1993-02-10 00:00:00,1.189501470476946
1993-02-11 00:00:00,1.189501470476946
1993-02-12 00:00:00,1.189501470476946
1993-02-16 00:00:00,1.189501470476946
1993-02-17 00:00:00,1.189501470476946
1993-02-18 00:00:00,1.189501470476946
1993-02-19 00:00:00,1.189501470476946
1993-02-22 00:00:00,1.189501470476946
1993-02-23 00:00:00,1.189501470476946
1993-02-24 00:00:00,1.189501470476946
1993-02-25 00:00:00,1.189501470476946
1993-02-26 00:00:00,1.189501470476946
1993-03-01 00:00:00,1.189501470476946
1993-03-02 00:00:00,1.189501470476946
1993-03-03 00:00:00,1.189501470476946
1993-03-04 00:00:00,1.189501470476946
1993-03-05 00:00:00,1.189501470476946
1993-03-08 00:00:00,1.189501470476946
1993-03-09 00:00:00,1.189501470476946
1993-03-10 00:00:00,1.189501470476946
1993-03-11 00:00:00,1.189501470476946
1993-03-12 00:00:00,1.189501470476946
1993-03-15 00:00:00,1.189501470476946
1993-03-16 00:00:00,1.189501470476946
1993-03-17 00:00:00,1.189501470476946
1993-03-18 00:00:00,1.189501470476946
1993-03-19 00:00:00,1.189501470476946
1993-03-22 00:00:00,1.189501470476946
1993-03-23 00:00:00,1.189501470476946
1993-03-24 00:00:00,1.189501470476946
1993-03-25 00:00:00,1.189501470476946
1993-03-26 00:00:00,1.189501470476946
1993-03-29 00:00:00,1.189501470476946
1993-03-30 00:00:00,1.189501470476946
1993-03-31 00:00:00,1.189501470476946
1993-04-01 00:00:00,1.189501470476946
1993-04-02 00:00:00,1.189501470476946
1993-04-05 00:00:00,1.189501470476946
1993-04-06 00:00:00,1.183431882710486
1993-04-07 00:00:00,1.183431882710486
1993-04-08 00:00:00,1.183431882710486
1993-04-09 00:00:00,1.183431882710486
1993-04-12 00:00:00,1.183431882710486
1993-04-13 00:00:00,1.183431882710486
1993-04-14 00:00:00,1.183431882710486
1993-04-15 00:00:00,1.183431882710486
1993-04-16 00:00:00,1.183431882710486
1993-04-19 00:00:00,1.183431882710486
1993-04-20 00:00:00,1.183431882710486
1993-04-21 00:00:00,1.183431882710486
1993-04-22 00:00:00,1.183431882710486
1993-04-23 00:00:00,1.183431882710486
1993-04-26 00:00:00,1.183431882710486
1993-04-27 00:00:00,1.183431882710486
1993-04-28 00:00:00,1.183431882710486
1993-04-29 00:00:00,1.183431882710486
1993-04-30 00:00:00,1.183431882710486
1993-05-03 00:00:00,1.183431882710486
1993-05-04 00:00:00,1.183431882710486
1993-05-05 00:00:00,1.183431882710486
1993-05-06 00:00:00,1.183431882710486
1993-05-07 00:00:00,1.183431882710486
1993-05-10 00:00:00,1.183431882710486
1993-05-11 00:00:00,1.183431882710486
1993-05-12 00:00:00,1.183431882710486
1993-05-13 00:00:00,1.183431882710486
1993-05-14 00:00:00,1.183431882710486
1993-05-17 00:00:00,1.183431882710486
1993-05-18 00:00:00,1.183431882710486
1993-05-19 00:00:00,1.183431882710486
1993-05-20 00:00:00,1.183431882710486
1993-05-21 00:00:00,1.183431882710486
1993-05-24 00:00:00,1.183431882710486
1993-05-25 00:00:00,1.183431882710486
1993-05-26 00:00:00,1.183431882710486
1993-05-27 00:00:00,1.183431882710486
1993-05-28 00:00:00,1.183431882710486
1993-06-01 00:00:00,1.183431882710486
1993-06-02 00:00:00,1.183431882710486
1993-06-03 00:00:00,1.183431882710486
1993-06-04 00:00:00,1.183431882710486
1993-06-07 00:00:00,1.183431882710486
1993-06-08 00:00:00,1.183431882710486
1993-06-09 00:00:00,1.183431882710486
1993-06-10 00:00:00,1.183431882710486
1993-06-11 00:00:00,1.183431882710486
1993-06-14 00:00:00,1.183431882710486
1993-06-15 00:00:00,1.183431882710486
1993-06-16 00:00:00,1.183431882710486
1993-06-17 00:00:00,1.183431882710486
1993-06-18 00:00:00,1.183431882710486
1993-06-21 00:00:00,1.183431882710486
1993-06-22 00:00:00,1.183431882710486
1993-06-23 00:00:00,1.183431882710486
1993-06-24 00:00:00,1.183431882710486
1993-06-25 00:00:00,1.183431882710486
1993-06-28 00:00:00,1.183431882710486
1993-06-29 00:00:00,1.183431882710486
1993-06-30 00:00:00,1.183431882710486
1993-07-01 00:00:00,1.183431882710486
1993-07-02 00:00:00,1.183431882710486
1993-07-06 00:00:00,1.183431882710486
1993-07-07 00:00:00,1.183431882710486
1993-07-08 00:00:00,1.183431882710486
1993-07-09 00:00:00,1.183431882710486
1993-07-12 00:00:00,1.183431882710486
1993-07-13 00:00:00,1.183431882710486
1993-07-14 00:00:00,1.183431882710486
1993-07-15 00:00:00,1.183431882710486
1993-07-16 00:00:00,1.183431882710486
1993-07-19 00:00:00,1.183431882710486
1993-07-20 00:00:00,1.183431882710486
1993-07-21 00:00:00,1.183431882710486
1993-07-22 00:00:00,1.183431882710486
1993-07-23 00:00:00,1.183431882710486
1993-07-26 00:00:00,1.183431882710486
1993-07-27 00:00:00,1.183431882710486
1993-07-28 00:00:00,1.183431882710486
1993-07-29 00:00:00,1.183431882710486
1993-07-30 00:00:00,1.183431882710486
1993-08-02 00:00:00,1.183431882710486
1993-08-03 00:00:00,1.183431882710486
1993-08-04 00:00:00,1.183431882710486
1993-08-05 00:00:00,1.183431882710486
1993-08-06 00:00:00,1.183431882710486
1993-08-09 00:00:00,1.183431882710486
1993-08-10 00:00:00,1.183431882710486
1993-08-11 00:00:00,1.183431882710486
1993-08-12 00:00:00,1.183431882710486
1993-08-13 00:00:00,1.183431882710486
1993-08-16 00:00:00,1.183431882710486
1993-08-17 00:00:00,1.183431882710486
1993-08-18 00:00:00,1.183431882710486
1993-08-19 00:00:00,1.183431882710486
1993-08-20 00:00:00,1.183431882710486
1993-08-23 00:00:00,1.183431882710486
1993-08-24 00:00:00,1.183431882710486
1993-08-25 00:00:00,1.183431882710486
1993-08-26 00:00:00,1.183431882710486
1993-08-27 00:00:00,1.183431882710486
1993-08-30 00:00:00,1.183431882710486
1993-08-31 00:00:00,1.183431882710486
1993-09-01 00:00:00,1.183431882710486
1993-09-02 00:00:00,1.183431882710486
1993-09-03 00:00:00,1.183431882710486
1993-09-07 00:00:00,1.183431882710486
1993-09-08 00:00:00,1.183431882710486
1993-09-09 00:00:00,1.1911483274999828
1993-09-10 00:00:00,1.1911483274999828
1993-09-13 00:00:00,1.1911483274999828
1993-09-14 00:00:00,1.1911483274999828
1993-09-15 00:00:00,1.1911483274999828
1993-09-16 00:00:00,1.1911483274999828
1993-09-17 00:00:00,1.1911483274999828
1993-09-20 00:00:00,1.1911483274999828
1993-09-21 00:00:00,1.1911483274999828
1993-09-22 00:00:00,1.1911483274999828
1993-09-23 00:00:00,1.1911483274999828
1993-09-24 00:00:00,1.1911483274999828
1993-09-27 00:00:00,1.1911483274999828
1993-09-28 00:00:00,1.1911483274999828
1993-09-29 00:00:00,1.1911483274999828
1993-09-30 00:00:00,1.1911483274999828
1993-10-01 00:00:00,1.1911483274999828
1993-10-04 00:00:00,1.1911483274999828
1993-10-05 00:00:00,1.1911483274999828
1993-10-06 00:00:00,1.1911483274999828
1993-10-07 00:00:00,1.1911483274999828
1993-10-08 00:00:00,1.1911483274999828
1993-10-12 00:00:00,1.1911483274999828
1993-10-13 00:00:00,1.1911483274999828
1993-10-14 00:00:00,1.1911483274999828
1993-10-15 00:00:00,1.1911483274999828
1993-10-18 00:00:00,1.1911483274999828
1993-10-19 00:00:00,1.1911483274999828
1993-10-20 00:00:00,1.1911483274999828
1993-10-21 00:00:00,1.1911483274999828
1993-10-22 00:00:00,1.1911483274999828
1993-10-25 00:00:00,1.1911483274999828
1993-10-26 00:00:00,1.1911483274999828
1993-10-27 00:00:00,1.1911483274999828
1993-10-28 00:00:00,1.1911483274999828
1993-10-29 00:00:00,1.1911483274999828
1993-11-01 00:00:00,1.1911483274999828
1993-11-02 00:00:00,1.1911483274999828
1993-11-03 00:00:00,1.1911483274999828
1993-11-04 00:00:00,1.1911483274999828
1993-11-05 00:00:00,1.1911483274999828
1993-11-08 00:00:00,1.1911483274999828
1993-11-09 00:00:00,1.1911483274999828
1993-11-10 00:00:00,1.1911483274999828
1993-11-12 00:00:00,1.1911483274999828
1993-11-15 00:00:00,1.1911483274999828
1993-11-16 00:00:00,1.1911483274999828
1993-11-17 00:00:00,1.1911483274999828
1993-11-18 00:00:00,1.1911483274999828
1993-11-19 00:00:00,1.1911483274999828
1993-11-22 00:00:00,1.1911483274999828
1993-11-23 00:00:00,1.1911483274999828
1993-11-24 00:00:00,1.1911483274999828
1993-11-26 00:00:00,1.1911483274999828
1993-11-29 00:00:00,1.1911483274999828
1993-11-30 00:00:00,1.1911483274999828
1993-12-01 00:00:00,1.1911483274999828
1993-12-02 00:00:00,1.1911483274999828
1993-12-03 00:00:00,1.1911483274999828
1993-12-06 00:00:00,1.1911483274999828
1993-12-07 00:00:00,1.1911483274999828
1993-12-08 00:00:00,1.1911483274999828
1993-12-09 00:00:00,1.1911483274999828
1993-12-10 00:00:00,1.1911483274999828
1993-12-13 00:00:00,1.1911483274999828
1993-12-14 00:00:00,1.1911483274999828
1993-12-15 00:00:00,1.1911483274999828
1993-12-16 00:00:00,1.1911483274999828
1993-12-17 00:00:00,1.1911483274999828
1993-12-20 00:00:00,1.1911483274999828
1993-12-21 00:00:00,1.1911483274999828
1993-12-22 00:00:00,1.1911483274999828
1993-12-23 00:00:00,1.1911483274999828
1993-12-24 00:00:00,1.1911483274999828
1993-12-27 00:00:00,1.1911483274999828
1993-12-28 00:00:00,1.1911483274999828
1993-12-29 00:00:00,1.1911483274999828
1993-12-30 00:00:00,1.1911483274999828
1993-12-31 00:00:00,1.1911483274999828
1994-01-03 00:00:00,1.1911483274999828
1994-01-04 00:00:00,1.1911483274999828
1994-01-05 00:00:00,1.1911483274999828
1994-01-06 00:00:00,1.1911483274999828
1994-01-07 00:00:00,1.1911483274999828
1994-01-10 00:00:00,1.1911483274999828
1994-01-11 00:00:00,1.1911483274999828
1994-01-12 00:00:00,1.1911483274999828
1994-01-13 00:00:00,1.1911483274999828
1994-01-14 00:00:00,1.1911483274999828
1994-01-18 00:00:00,1.1911483274999828
1994-01-19 00:00:00,1.1911483274999828
1994-01-20 00:00:00,1.1979810131476079
1994-01-21 00:00:00,1.1979810131476079
1994-01-24 00:00:00,1.1979810131476079
1994-01-25 00:00:00,1.1979810131476079
1994-01-26 00:00:00,1.1979810131476079
1994-01-27 00:00:00,1.1979810131476079
1994-01-28 00:00:00,1.1979810131476079
1994-01-31 00:00:00,1.1979810131476079
1994-02-01 00:00:00,1.1979810131476079
1994-02-02 00:00:00,1.1979810131476079
1994-02-03 00:00:00,1.1979810131476079
1994-02-04 00:00:00,1.1979810131476079
1994-02-07 00:00:00,1.1979810131476079
1994-02-08 00:00:00,1.1979810131476079
1994-02-09 00:00:00,1.1979810131476079
1994-02-10 00:00:00,1.1979810131476079
1994-02-11 00:00:00,1.1979810131476079
1994-02-14 00:00:00,1.1979810131476079
1994-02-15 00:00:00,1.1979810131476079
1994-02-16 00:00:00,1.1979810131476079
1994-02-17 00:00:00,1.1979810131476079
1994-02-18 00:00:00,1.1979810131476079
1994-02-22 00:00:00,1.1979810131476079
1994-02-23 00:00:00,1.1979810131476079
1994-02-24 00:00:00,1.1979810131476079
1994-02-25 00:00:00,1.1979810131476079
1994-02-28 00:00:00,1.1979810131476079
1994-03-01 00:00:00,1.1979810131476079
1994-03-02 00:00:00,1.1979810131476079
1994-03-03 00:00:00,1.1979810131476079
1994-03-04 00:00:00,1.1979810131476079
1994-03-07 00:00:00,1.1979810131476079
1994-03-08 00:00:00,1.1941689925993375
1994-03-09 00:00:00,1.1941689925993375
1994-03-10 00:00:00,1.1941689925993375
1994-03-11 00:00:00,1.1941689925993375
1994-03-14 00:00:00,1.1941689925993375
1994-03-15 00:00:00,1.1941689925993375
1994-03-16 00:00:00,1.1941689925993375
1994-03-17 00:00:00,1.1941689925993375
1994-03-18 00:00:00,1.1941689925993375
1994-03-21 00:00:00,1.1941689925993375
1994-03-22 00:00:00,1.1941689925993375
1994-03-23 00:00:00,1.1941689925993375
1994-03-24 00:00:00,1.1941689925993375
1994-03-25 00:00:00,1.1941689925993375
1994-03-28 00:00:00,1.1941689925993375
1994-03-29 00:00:00,1.1941689925993375
1994-03-30 00:00:00,1.1941689925993375
1994-03-31 00:00:00,1.1941689925993375
1994-04-01 00:00:00,1.1941689925993375
1994-04-04 00:00:00,1.1941689925993375
1994-04-05 00:00:00,1.1941689925993375
1994-04-06 00:00:00,1.1941689925993375
1994-04-07 00:00:00,1.1941689925993375
1994-04-08 00:00:00,1.1941689925993375
1994-04-11 00:00:00,1.1941689925993375
1994-04-12 00:00:00,1.1941689925993375
1994-04-13 00:00:00,1.1941689925993375
1994-04-14 00:00:00,1.1941689925993375
1994-04-15 00:00:00,1.1941689925993375
1994-04-18 00:00:00,1.1941689925993375
1994-04-19 00:00:00,1.1941689925993375
1994-04-20 00:00:00,1.1941689925993375
1994-04-21 00:00:00,1.1941689925993375
1994-04-22 00:00:00,1.1941689925993375
1994-04-25 00:00:00,1.1941689925993375
1994-04-26 00:00:00,1.1941689925993375
1994-04-27 00:00:00,1.1941689925993375
1994-04-28 00:00:00,1.1941689925993375
1994-04-29 00:00:00,1.1972169950811116
1994-05-02 00:00:00,1.1972169950811116
1994-05-03 00:00:00,1.1972169950811116
1994-05-04 00:00:00,1.1972169950811116
1994-05-05 00:00:00,1.1972169950811116
1994-05-06 00:00:00,1.1972169950811116
1994-05-09 00:00:00,1.1972169950811116
1994-05-10 00:00:00,1.1972169950811116
1994-05-11 00:00:00,1.1972169950811116
1994-05-12 00:00:00,1.1972169950811116
1994-05-13 00:00:00,1.1972169950811116
1994-05-16 00:00:00,1.1972169950811116
1994-05-17 00:00:00,1.1972169950811116
1994-05-18 00:00:00,1.1972169950811116
1994-05-19 00:00:00,1.1972169950811116
1994-05-20 00:00:00,1.1972169950811116
1994-05-23 00:00:00,1.1972169950811116
1994-05-24 00:00:00,1.1972169950811116
1994-05-25 00:00:00,1.1972169950811116
1994-05-26 00:00:00,1.1972169950811116
1994-05-27 00:00:00,1.1972169950811116
1994-05-31 00:00:00,1.1972169950811116
1994-06-01 00:00:00,1.1972169950811116
1994-06-02 00:00:00,1.1972169950811116
1994-06-03 00:00:00,1.1972169950811116
1994-06-06 00:00:00,1.1972169950811116
1994-06-07 00:00:00,1.1972169950811116
1994-06-08 00:00:00,1.1972169950811116
1994-06-09 00:00:00,1.1972169950811116
1994-06-10 00:00:00,1.1972169950811116
1994-06-13 00:00:00,1.1972169950811116
1994-06-14 00:00:00,1.1972169950811116
1994-06-15 00:00:00,1.1972169950811116
1994-06-16 00:00:00,1.1972169950811116
1994-06-17 00:00:00,1.1972169950811116
1994-06-20 00:00:00,1.1972169950811116
1994-06-21 00:00:00,1.1972169950811116
1994-06-22 00:00:00,1.1972169950811116
1994-06-23 00:00:00,1.1972169950811116
1994-06-24 00:00:00,1.1972169950811116
1994-06-27 00:00:00,1.1972169950811116
1994-06-28 00:00:00,1.1972169950811116
1994-06-29 00:00:00,1.1972169950811116
1994-06-30 00:00:00,1.1972169950811116
1994-07-01 00:00:00,1.1972169950811116
1994-07-05 00:00:00,1.1972169950811116
1994-07-06 00:00:00,1.1972169950811116
1994-07-07 00:00:00,1.1972169950811116
1994-07-08 00:00:00,1.1972169950811116
1994-07-11 00:00:00,1.1972169950811116
1994-07-12 00:00:00,1.1972169950811116
1994-07-13 00:00:00,1.1972169950811116
1994-07-14 00:00:00,1.1972169950811116
1994-07-15 00:00:00,1.1972169950811116
1994-07-18 00:00:00,1.1972169950811116
1994-07-19 00:00:00,1.1972169950811116
1994-07-20 00:00:00,1.1972169950811116
1994-07-21 00:00:00,1.1972169950811116
1994-07-22 00:00:00,1.1972169950811116
1994-07-25 00:00:00,1.1972169950811116
1994-07-26 00:00:00,1.1972169950811116
1994-07-27 00:00:00,1.1972169950811116
1994-07-28 00:00:00,1.1972169950811116
1994-07-29 00:00:00,1.1972169950811116
1994-08-01 00:00:00,1.1972169950811116
1994-08-02 00:00:00,1.1972169950811116
1994-08-03 00:00:00,1.1972169950811116
1994-08-04 00:00:00,1.1972169950811116
1994-08-05 00:00:00,1.1972169950811116
1994-08-08 00:00:00,1.1972169950811116
1994-08-09 00:00:00,1.1972169950811116
1994-08-10 00:00:00,1.1972169950811116
1994-08-11 00:00:00,1.1972169950811116
1994-08-12 00:00:00,1.1972169950811116
1994-08-15 00:00:00,1.1972169950811116
1994-08-16 00:00:00,1.1972169950811116
1994-08-17 00:00:00,1.1972169950811116
1994-08-18 00:00:00,1.1972169950811116
1994-08-19 00:00:00,1.1972169950811116
1994-08-22 00:00:00,1.1972169950811116
1994-08-23 00:00:00,1.1972169950811116
1994-08-24 00:00:00,1.1972169950811116
1994-08-25 00:00:00,1.1972169950811116
1994-08-26 00:00:00,1.1972169950811116
1994-08-29 00:00:00,1.1972169950811116
1994-08-30 00:00:00,1.1972169950811116
1994-08-31 00:00:00,1.1972169950811116
1994-09-01 00:00:00,1.1972169950811116
1994-09-02 00:00:00,1.1972169950811116
1994-09-06 00:00:00,1.1972169950811116
1994-09-07 00:00:00,1.1972169950811116
1994-09-08 00:00:00,1.1972169950811116
1994-09-09 00:00:00,1.1972169950811116
1994-09-12 00:00:00,1.1972169950811116
1994-09-13 00:00:00,1.1972169950811116
1994-09-14 00:00:00,1.1972169950811116
1994-09-15 00:00:00,1.1972169950811116
1994-09-16 00:00:00,1.1972169950811116
1994-09-19 00:00:00,1.1972169950811116
1994-09-20 00:00:00,1.1972169950811116
1994-09-21 00:00:00,1.1972169950811116
1994-09-22 00:00:00,1.1972169950811116
1994-09-23 00:00:00,1.1972169950811116
1994-09-26 00:00:00,1.1972169950811116
1994-09-27 00:00:00,1.1972169950811116
1994-09-28 00:00:00,1.1972169950811116
1994-09-29 00:00:00,1.1972169950811116
1994-09-30 00:00:00,1.1972169950811116
1994-10-03 00:00:00,1.1972169950811116
1994-10-04 00:00:00,1.1972169950811116
1994-10-05 00:00:00,1.1972169950811116
1994-10-06 00:00:00,1.1972169950811116
1994-10-07 00:00:00,1.1972169950811116
1994-10-11 00:00:00,1.1972169950811116
1994-10-12 00:00:00,1.1972169950811116
1994-10-13 00:00:00,1.1972169950811116
1994-10-14 00:00:00,1.1972169950811116
1994-10-17 00:00:00,1.1972169950811116
1994-10-18 00:00:00,1.1972169950811116
1994-10-19 00:00:00,1.1972169950811116
1994-10-20 00:00:00,1.1972169950811116
1994-10-21 00:00:00,1.1972169950811116
1994-10-24 00:00:00,1.1972169950811116
1994-10-25 00:00:00,1.1972169950811116
1994-10-26 00:00:00,1.1972169950811116
1994-10-27 00:00:00,1.1972169950811116
1994-10-28 00:00:00,1.1972169950811116
1994-10-31 00:00:00,1.1972169950811116
1994-11-01 00:00:00,1.1972169950811116
1994-11-02 00:00:00,1.1972169950811116
1994-11-03 00:00:00,1.1972169950811116
1994-11-04 00:00:00,1.1972169950811116
1994-11-07 00:00:00,1.1972169950811116
1994-11-08 00:00:00,1.1972169950811116
1994-11-09 00:00:00,1.1972169950811116
1994-11-10 00:00:00,1.1972169950811116
1994-11-14 00:00:00,1.1972169950811116
1994-11-15 00:00:00,1.1972169950811116
1994-11-16 00:00:00,1.1972169950811116
1994-11-17 00:00:00,1.1972169950811116
1994-11-18 00:00:00,1.1972169950811116
1994-11-21 00:00:00,1.1972169950811116
1994-11-22 00:00:00,1.1972169950811116
1994-11-23 00:00:00,1.1972169950811116
1994-11-25 00:00:00,1.1972169950811116
1994-11-28 00:00:00,1.1972169950811116
1994-11-29 00:00:00,1.1972169950811116
1994-11-30 00:00:00,1.1972169950811116
1994-12-01 00:00:00,1.1972169950811116
1994-12-02 00:00:00,1.1972169950811116
1994-12-05 00:00:00,1.1972169950811116
1994-12-06 00:00:00,1.1972169950811116
1994-12-07 00:00:00,1.1972169950811116
1994-12-08 00:00:00,1.1972169950811116
1994-12-09 00:00:00,1.1972169950811116
1994-12-12 00:00:00,1.1972169950811116
1994-12-13 00:00:00,1.1972169950811116
1994-12-14 00:00:00,1.1972169950811116
1994-12-15 00:00:00,1.1972169950811116
1994-12-16 00:00:00,1.1972169950811116
1994-12-19 00:00:00,1.1972169950811116
1994-12-20 00:00:00,1.1972169950811116
1994-12-21 00:00:00,1.1972169950811116
1994-12-22 00:00:00,1.1972169950811116
1994-12-23 00:00:00,1.1972169950811116
1994-12-27 00:00:00,1.1972169950811116
1994-12-28 00:00:00,1.1972169950811116
1994-12-29 00:00:00,1.1972169950811116
1994-12-30 00:00:00,1.1972169950811116
1995-01-03 00:00:00,1.1972169950811116
1995-01-04 00:00:00,1.1972169950811116
1995-01-05 00:00:00,1.1972169950811116
1995-01-06 00:00:00,1.1972169950811116
1995-01-09 00:00:00,1.1972169950811116
1995-01-10 00:00:00,1.1972169950811116
1995-01-11 00:00:00,1.1972169950811116
1995-01-12 00:00:00,1.1972169950811116
1995-01-13 00:00:00,1.1972169950811116
1995-01-17 00:00:00,1.1972169950811116
1995-01-18 00:00:00,1.1972169950811116
1995-01-19 00:00:00,1.1972169950811116
1995-01-20 00:00:00,1.1972169950811116
1995-01-23 00:00:00,1.1972169950811116
1995-01-24 00:00:00,1.1972169950811116
1995-01-25 00:00:00,1.1972169950811116
1995-01-26 00:00:00,1.1972169950811116
1995-01-27 00:00:00,1.1954860426743437
1995-01-30 00:00:00,1.1992489826890567
1995-01-31 00:00:00,1.1902179266537452
1995-02-01 00:00:00,1.1894653386508027
1995-02-02 00:00:00,1.1913468086581591
1995-02-03 00:00:00,1.176914247904608
1995-02-06 00:00:00,1.176914247904608
1995-02-07 00:00:00,1.176914247904608
1995-02-08 00:00:00,1.176914247904608
1995-02-09 00:00:00,1.176914247904608
1995-02-10 00:00:00,1.176914247904608
1995-02-13 00:00:00,1.176914247904608
1995-02-14 00:00:00,1.176914247904608
1995-02-15 00:00:00,1.176914247904608
1995-02-16 00:00:00,1.176914247904608
1995-02-17 00:00:00,1.176914247904608
1995-02-21 00:00:00,1.176914247904608
1995-02-22 00:00:00,1.176914247904608
1995-02-23 00:00:00,1.176914247904608
1995-02-24 00:00:00,1.176914247904608
1995-02-27 00:00:00,1.176914247904608
1995-02-28 00:00:00,1.1769327916434684
1995-03-01 00:00:00,1.1769327916434684
1995-03-02 00:00:00,1.1769327916434684
1995-03-03 00:00:00,1.1769327916434684
1995-03-06 00:00:00,1.1769327916434684
1995-03-07 00:00:00,1.1769327916434684
1995-03-08 00:00:00,1.1769327916434684
1995-03-09 00:00:00,1.1769327916434684
1995-03-10 00:00:00,1.1769327916434684
1995-03-13 00:00:00,1.1769327916434684
1995-03-14 00:00:00,1.1769327916434684
1995-03-15 00:00:00,1.1769327916434684
1995-03-16 00:00:00,1.1769327916434684
1995-03-17 00:00:00,1.1769327916434684
1995-03-20 00:00:00,1.1769327916434684
1995-03-21 00:00:00,1.1769327916434684
1995-03-22 00:00:00,1.1769327916434684
1995-03-23 00:00:00,1.1769327916434684
1995-03-24 00:00:00,1.1769327916434684
1995-03-27 00:00:00,1.1769327916434684
1995-03-28 00:00:00,1.1769327916434684
1995-03-29 00:00:00,1.1769327916434684
1995-03-30 00:00:00,1.1769327916434684
1995-03-31 00:00:00,1.1769327916434684
1995-04-03 00:00:00,1.1769327916434684
1995-04-04 00:00:00,1.1769327916434684
1995-04-05 00:00:00,1.1769327916434684
1995-04-06 00:00:00,1.1769327916434684
1995-04-07 00:00:00,1.1769327916434684
1995-04-10 00:00:00,1.1769327916434684
1995-04-11 00:00:00,1.1769327916434684
1995-04-12 00:00:00,1.1769327916434684
1995-04-13 00:00:00,1.1769327916434684
1995-04-14 00:00:00,1.1769327916434684
1995-04-17 00:00:00,1.1769327916434684
1995-04-18 00:00:00,1.1769327916434684
1995-04-19 00:00:00,1.1769327916434684
1995-04-20 00:00:00,1.1769327916434684
1995-04-21 00:00:00,1.1769327916434684
1995-04-24 00:00:00,1.1769327916434684
1995-04-25 00:00:00,1.1769327916434684
1995-04-26 00:00:00,1.1769327916434684
1995-04-27 00:00:00,1.1769327916434684
1995-04-28 00:00:00,1.1769327916434684
1995-05-01 00:00:00,1.1769327916434684
1995-05-02 00:00:00,1.1769327916434684
1995-05-03 00:00:00,1.1769327916434684
1995-05-04 00:00:00,1.1769327916434684
1995-05-05 00:00:00,1.1769327916434684
1995-05-08 00:00:00,1.1769327916434684
1995-05-09 00:00:00,1.1769327916434684
1995-05-10 00:00:00,1.1769327916434684
1995-05-11 00:00:00,1.1769327916434684
1995-05-12 00:00:00,1.1769327916434684
1995-05-15 00:00:00,1.1769327916434684
1995-05-16 00:00:00,1.1769327916434684
1995-05-17 00:00:00,1.1769327916434684
1995-05-18 00:00:00,1.1769327916434684
1995-05-19 00:00:00,1.1769327916434684
1995-05-22 00:00:00,1.1769327916434684
1995-05-23 00:00:00,1.1769327916434684
1995-05-24 00:00:00,1.1769327916434684
1995-05-25 00:00:00,1.1769327916434684
1995-05-26 00:00:00,1.1769327916434684
1995-05-30 00:00:00,1.1769327916434684
1995-05-31 00:00:00,1.1769327916434684
1995-06-01 00:00:00,1.1769327916434684
1995-06-02 00:00:00,1.1769327916434684
1995-06-05 00:00:00,1.1769327916434684
1995-06-06 00:00:00,1.1769327916434684
1995-06-07 00:00:00,1.1769327916434684
1995-06-08 00:00:00,1.1769327916434684
1995-06-09 00:00:00,1.1769327916434684
1995-06-12 00:00:00,1.1769327916434684
1995-06-13 00:00:00,1.1769327916434684
1995-06-14 00:00:00,1.1769327916434684
1995-06-15 00:00:00,1.1769327916434684
1995-06-16 00:00:00,1.1769327916434684
1995-06-19 00:00:00,1.1769327916434684
1995-06-20 00:00:00,1.1795081369205875
1995-06-21 00:00:00,1.1809061814995951
1995-06-22 00:00:00,1.1771535355243643
1995-06-23 00:00:00,1.1806118563250672
1995-06-26 00:00:00,1.1662783306974986
1995-06-27 00:00:00,1.1662783306974986
1995-06-28 00:00:00,1.1662783306974986
1995-06-29 00:00:00,1.1662783306974986
1995-06-30 00:00:00,1.1662783306974986
1995-07-03 00:00:00,1.1662783306974986
1995-07-05 00:00:00,1.1662783306974986
1995-07-06 00:00:00,1.1662783306974986
1995-07-07 00:00:00,1.1662783306974986
1995-07-10 00:00:00,1.1662783306974986
1995-07-11 00:00:00,1.1662783306974986
1995-07-12 00:00:00,1.1662783306974986
1995-07-13 00:00:00,1.1662783306974986
1995-07-14 00:00:00,1.1662783306974986
1995-07-17 00:00:00,1.1662783306974986
1995-07-18 00:00:00,1.1662783306974986
1995-07-19 00:00:00,1.1662783306974986
1995-07-20 00:00:00,1.1662783306974986
1995-07-21 00:00:00,1.1662783306974986
1995-07-24 00:00:00,1.1662783306974986
1995-07-25 00:00:00,1.1662783306974986
1995-07-26 00:00:00,1.1662783306974986
1995-07-27 00:00:00,1.1662783306974986
1995-07-28 00:00:00,1.1662783306974986
1995-07-31 00:00:00,1.1662783306974986
1995-08-01 00:00:00,1.1671541341998997
1995-08-02 00:00:00,1.1673730850755
1995-08-03 00:00:00,1.1727008897151068
1995-08-04 00:00:00,1.1730658078411071
1995-08-07 00:00:00,1.1690517084551022
1995-08-08 00:00:00,1.1684678394535015
1995-08-09 00:00:00,1.1678839704519006
1995-08-10 00:00:00,1.1592139536798807
1995-08-11 00:00:00,1.1592139536798807
1995-08-14 00:00:00,1.1592139536798807
1995-08-15 00:00:00,1.1592139536798807
1995-08-16 00:00:00,1.1592139536798807
1995-08-17 00:00:00,1.1592139536798807
1995-08-18 00:00:00,1.1592139536798807
1995-08-21 00:00:00,1.1592139536798807
1995-08-22 00:00:00,1.1592139536798807
1995-08-23 00:00:00,1.1592139536798807
1995-08-24 00:00:00,1.1592139536798807
1995-08-25 00:00:00,1.1592139536798807
1995-08-28 00:00:00,1.1592139536798807
1995-08-29 00:00:00,1.1592139536798807
1995-08-30 00:00:00,1.1592139536798807
1995-08-31 00:00:00,1.1592139536798807
1995-09-01 00:00:00,1.1592139536798807
1995-09-05 00:00:00,1.1592139536798807
1995-09-06 00:00:00,1.1592139536798807
1995-09-07 00:00:00,1.1592139536798807
1995-09-08 00:00:00,1.1592139536798807
1995-09-11 00:00:00,1.1592139536798807
1995-09-12 00:00:00,1.1592139536798807
1995-09-13 00:00:00,1.1592139536798807
1995-09-14 00:00:00,1.1592139536798807
1995-09-15 00:00:00,1.1592139536798807
1995-09-18 00:00:00,1.1592139536798807
1995-09-19 00:00:00,1.1592139536798807
1995-09-20 00:00:00,1.1592139536798807
1995-09-21 00:00:00,1.1592139536798807
1995-09-22 00:00:00,1.1592139536798807
1995-09-25 00:00:00,1.1592139536798807
1995-09-26 00:00:00,1.1592139536798807
1995-09-27 00:00:00,1.1592139536798807
1995-09-28 00:00:00,1.1592139536798807
1995-09-29 00:00:00,1.1592139536798807
1995-10-02 00:00:00,1.1592139536798807
1995-10-03 00:00:00,1.1592139536798807
1995-10-04 00:00:00,1.1592139536798807
1995-10-05 00:00:00,1.1590857791800202
1995-10-06 00:00:00,1.1590857791800202
1995-10-10 00:00:00,1.1590857791800202
1995-10-11 00:00:00,1.1590857791800202
1995-10-12 00:00:00,1.1590857791800202
1995-10-13 00:00:00,1.1590857791800202
1995-10-16 00:00:00,1.1590857791800202
1995-10-17 00:00:00,1.1590857791800202
1995-10-18 00:00:00,1.1590857791800202
1995-10-19 00:00:00,1.1590857791800202
1995-10-20 00:00:00,1.1590857791800202
1995-10-23 00:00:00,1.1590857791800202
1995-10-24 00:00:00,1.1590857791800202
1995-10-25 00:00:00,1.1590857791800202
1995-10-26 00:00:00,1.1547019839397832
1995-10-27 00:00:00,1.1547019839397832
1995-10-30 00:00:00,1.1547019839397832
1995-10-31 00:00:00,1.1547019839397832
1995-11-01 00:00:00,1.1547019839397832
1995-11-02 00:00:00,1.1547019839397832
1995-11-03 00:00:00,1.1547019839397832
1995-11-06 00:00:00,1.1547019839397832
1995-11-07 00:00:00,1.1547019839397832
1995-11-08 00:00:00,1.1547019839397832
1995-11-09 00:00:00,1.1547019839397832
1995-11-10 00:00:00,1.1547019839397832
1995-11-13 00:00:00,1.1547019839397832
1995-11-14 00:00:00,1.1547019839397832
1995-11-15 00:00:00,1.1547019839397832
1995-11-16 00:00:00,1.1547019839397832
1995-11-17 00:00:00,1.1547019839397832
1995-11-20 00:00:00,1.1547019839397832
1995-11-21 00:00:00,1.1547019839397832
1995-11-22 00:00:00,1.1547019839397832
1995-11-24 00:00:00,1.1547019839397832
1995-11-27 00:00:00,1.1547019839397832
1995-11-28 00:00:00,1.1547019839397832
1995-11-29 00:00:00,1.1547019839397832
1995-11-30 00:00:00,1.1547019839397832
1995-12-01 00:00:00,1.1547019839397832
1995-12-04 00:00:00,1.1547019839397832
1995-12-05 00:00:00,1.1547019839397832
1995-12-06 00:00:00,1.1547019839397832
1995-12-07 00:00:00,1.1547019839397832
1995-12-08 00:00:00,1.1547019839397832
1995-12-11 00:00:00,1.1547019839397832
1995-12-12 00:00:00,1.1547019839397832
1995-12-13 00:00:00,1.1547019839397832
1995-12-14 00:00:00,1.1547019839397832
1995-12-15 00:00:00,1.1547019839397832
1995-12-18 00:00:00,1.1547019839397832
1995-12-19 00:00:00,1.1547019839397832
1995-12-20 00:00:00,1.1547019839397832
1995-12-21 00:00:00,1.1547019839397832
1995-12-22 00:00:00,1.1547019839397832
1995-12-26 00:00:00,1.1547019839397832
1995-12-27 00:00:00,1.1547019839397832
1995-12-28 00:00:00,1.1547019839397832
1995-12-29 00:00:00,1.1547019839397832
1996-01-02 00:00:00,1.1547019839397832
1996-01-03 00:00:00,1.1547019839397832
1996-01-04 00:00:00,1.1547019839397832
1996-01-05 00:00:00,1.1547019839397832
1996-01-08 00:00:00,1.1547019839397832
1996-01-09 00:00:00,1.1547019839397832
1996-01-10 00:00:00,1.1547019839397832
1996-01-11 00:00:00,1.1547019839397832
1996-01-12 00:00:00,1.1547019839397832
1996-01-16 00:00:00,1.1547019839397832
1996-01-17 00:00:00,1.1547019839397832
1996-01-18 00:00:00,1.1547019839397832
1996-01-19 00:00:00,1.1547019839397832
1996-01-22 00:00:00,1.1547019839397832
1996-01-23 00:00:00,1.1547019839397832
1996-01-24 00:00:00,1.1547019839397832
1996-01-25 00:00:00,1.1547019839397832
1996-01-26 00:00:00,1.1547019839397832
1996-01-29 00:00:00,1.1547019839397832
1996-01-30 00:00:00,1.1547019839397832
1996-01-31 00:00:00,1.1547019839397832
1996-02-01 00:00:00,1.1547019839397832
1996-02-02 00:00:00,1.1547019839397832
1996-02-05 00:00:00,1.1547019839397832
1996-02-06 00:00:00,1.1547019839397832
1996-02-07 00:00:00,1.1547019839397832
1996-02-08 00:00:00,1.1547019839397832
1996-02-09 00:00:00,1.1547019839397832
1996-02-12 00:00:00,1.1547019839397832
1996-02-13 00:00:00,1.1547019839397832
1996-02-14 00:00:00,1.1547019839397832
1996-02-15 00:00:00,1.1547019839397832
1996-02-16 00:00:00,1.1547019839397832
1996-02-20 00:00:00,1.1547019839397832
1996-02-21 00:00:00,1.1547019839397832
1996-02-22 00:00:00,1.1547019839397832
1996-02-23 00:00:00,1.1547019839397832
1996-02-26 00:00:00,1.1547019839397832
1996-02-27 00:00:00,1.1547019839397832
1996-02-28 00:00:00,1.1547019839397832
1996-02-29 00:00:00,1.1547019839397832
1996-03-01 00:00:00,1.1547019839397832
1996-03-04 00:00:00,1.1547019839397832
1996-03-05 00:00:00,1.1547019839397832
1996-03-06 00:00:00,1.1547019839397832
1996-03-07 00:00:00,1.1547019839397832
1996-03-08 00:00:00,1.1547019839397832
1996-03-11 00:00:00,1.1547019839397832
1996-03-12 00:00:00,1.1547019839397832
1996-03-13 00:00:00,1.1547019839397832
1996-03-14 00:00:00,1.1547019839397832
1996-03-15 00:00:00,1.1547019839397832
1996-03-18 00:00:00,1.1547019839397832
1996-03-19 00:00:00,1.1547019839397832
1996-03-20 00:00:00,1.1547019839397832
1996-03-21 00:00:00,1.1547019839397832
1996-03-22 00:00:00,1.1547019839397832
1996-03-25 00:00:00,1.1547019839397832
1996-03-26 00:00:00,1.1547019839397832
1996-03-27 00:00:00,1.1547019839397832
1996-03-28 00:00:00,1.1547019839397832
1996-03-29 00:00:00,1.1547019839397832
1996-04-01 00:00:00,1.1547019839397832
1996-04-02 00:00:00,1.1547019839397832
1996-04-03 00:00:00,1.1547019839397832
1996-04-04 00:00:00,1.1547019839397832
1996-04-05 00:00:00,1.1547019839397832
1996-04-08 00:00:00,1.1547019839397832
1996-04-09 00:00:00,1.1547019839397832
1996-04-10 00:00:00,1.1547019839397832
1996-04-11 00:00:00,1.1547019839397832
1996-04-12 00:00:00,1.1547019839397832
1996-04-15 00:00:00,1.1547019839397832
1996-04-16 00:00:00,1.1547019839397832
1996-04-17 00:00:00,1.1547019839397832
1996-04-18 00:00:00,1.1547019839397832
1996-04-19 00:00:00,1.1547019839397832
1996-04-22 00:00:00,1.1547019839397832
1996-04-23 00:00:00,1.1547019839397832
1996-04-24 00:00:00,1.1547019839397832
1996-04-25 00:00:00,1.1547019839397832
1996-04-26 00:00:00,1.1547019839397832
1996-04-29 00:00:00,1.1547019839397832
1996-04-30 00:00:00,1.1547019839397832
1996-05-01 00:00:00,1.1547019839397832
1996-05-02 00:00:00,1.1547019839397832
1996-05-03 00:00:00,1.1547019839397832
1996-05-06 00:00:00,1.1547019839397832
1996-05-07 00:00:00,1.1547019839397832
1996-05-08 00:00:00,1.1547019839397832
1996-05-09 00:00:00,1.1547019839397832
1996-05-10 00:00:00,1.1547019839397832
1996-05-13 00:00:00,1.1547019839397832
1996-05-14 00:00:00,1.1547019839397832
1996-05-15 00:00:00,1.1547019839397832
1996-05-16 00:00:00,1.1547019839397832
1996-05-17 00:00:00,1.1547019839397832
1996-05-20 00:00:00,1.1547019839397832
1996-05-21 00:00:00,1.1547019839397832
1996-05-22 00:00:00,1.1547019839397832
1996-05-23 00:00:00,1.1547019839397832
1996-05-24 00:00:00,1.1547019839397832
1996-05-28 00:00:00,1.1547019839397832
1996-05-29 00:00:00,1.1547019839397832
1996-05-30 00:00:00,1.1547019839397832
1996-05-31 00:00:00,1.1547019839397832
1996-06-03 00:00:00,1.1547019839397832
1996-06-04 00:00:00,1.1547019839397832
1996-06-05 00:00:00,1.1535353136207824
1996-06-06 00:00:00,1.1535353136207824
1996-06-07 00:00:00,1.1535353136207824
1996-06-10 00:00:00,1.1535353136207824
1996-06-11 00:00:00,1.1535353136207824
1996-06-12 00:00:00,1.1535353136207824
1996-06-13 00:00:00,1.1535353136207824
1996-06-14 00:00:00,1.1535353136207824
1996-06-17 00:00:00,1.1535353136207824
1996-06-18 00:00:00,1.1535353136207824
1996-06-19 00:00:00,1.1535353136207824
1996-06-20 00:00:00,1.1535353136207824
1996-06-21 00:00:00,1.1535353136207824
1996-06-24 00:00:00,1.1535353136207824
1996-06-25 00:00:00,1.1535353136207824
1996-06-26 00:00:00,1.1535353136207824
1996-06-27 00:00:00,1.1535353136207824
1996-06-28 00:00:00,1.1535353136207824
1996-07-01 00:00:00,1.1535353136207824
1996-07-02 00:00:00,1.1535353136207824
1996-07-03 00:00:00,1.1535353136207824
1996-07-05 00:00:00,1.1535353136207824
1996-07-08 00:00:00,1.1535353136207824
1996-07-09 00:00:00,1.1535353136207824
1996-07-10 00:00:00,1.1535353136207824
1996-07-11 00:00:00,1.1535353136207824
1996-07-12 00:00:00,1.1535353136207824
1996-07-15 00:00:00,1.1535353136207824
1996-07-16 00:00:00,1.1535353136207824
1996-07-17 00:00:00,1.1535353136207824
1996-07-18 00:00:00,1.1535353136207824
1996-07-19 00:00:00,1.1535353136207824
1996-07-22 00:00:00,1.1535353136207824
1996-07-23 00:00:00,1.1535353136207824
1996-07-24 00:00:00,1.1535353136207824
1996-07-25 00:00:00,1.1535353136207824
1996-07-26 00:00:00,1.1535353136207824
1996-07-29 00:00:00,1.1535353136207824
1996-07-30 00:00:00,1.1535353136207824
1996-07-31 00:00:00,1.1535353136207824
1996-08-01 00:00:00,1.1535353136207824
1996-08-02 00:00:00,1.1535353136207824
1996-08-05 00:00:00,1.1535353136207824
1996-08-06 00:00:00,1.1535353136207824
1996-08-07 00:00:00,1.1535353136207824
1996-08-08 00:00:00,1.1535353136207824
1996-08-09 00:00:00,1.1535353136207824
1996-08-12 00:00:00,1.1535353136207824
1996-08-13 00:00:00,1.1535353136207824
1996-08-14 00:00:00,1.1535353136207824
1996-08-15 00:00:00,1.1535353136207824
1996-08-16 00:00:00,1.1535353136207824
1996-08-19 00:00:00,1.1535353136207824
1996-08-20 00:00:00,1.1535353136207824
1996-08-21 00:00:00,1.1535353136207824
1996-08-22 00:00:00,1.1535353136207824
1996-08-23 00:00:00,1.1535353136207824
1996-08-26 00:00:00,1.1535353136207824
1996-08-27 00:00:00,1.1535353136207824
1996-08-28 00:00:00,1.1535353136207824
1996-08-29 00:00:00,1.1535353136207824
1996-08-30 00:00:00,1.1535353136207824
1996-09-03 00:00:00,1.1535353136207824
1996-09-04 00:00:00,1.1535353136207824
1996-09-05 00:00:00,1.1535353136207824
1996-09-06 00:00:00,1.1535353136207824
1996-09-09 00:00:00,1.1535353136207824
1996-09-10 00:00:00,1.1535353136207824
1996-09-11 00:00:00,1.1535353136207824
1996-09-12 00:00:00,1.1535353136207824
1996-09-13 00:00:00,1.1535353136207824
1996-09-16 00:00:00,1.1535353136207824
1996-09-17 00:00:00,1.1535353136207824
1996-09-18 00:00:00,1.1535353136207824
1996-09-19 00:00:00,1.1535353136207824
1996-09-20 00:00:00,1.1535353136207824
1996-09-23 00:00:00,1.1535353136207824
1996-09-24 00:00:00,1.1535353136207824
1996-09-25 00:00:00,1.1535353136207824
1996-09-26 00:00:00,1.1535353136207824
1996-09-27 00:00:00,1.1535353136207824
1996-09-30 00:00:00,1.1535353136207824
1996-10-01 00:00:00,1.1535353136207824
1996-10-02 00:00:00,1.1535353136207824
1996-10-03 00:00:00,1.1535353136207824
1996-10-04 00:00:00,1.1535353136207824
1996-10-07 00:00:00,1.1535353136207824
1996-10-08 00:00:00,1.1535353136207824
1996-10-09 00:00:00,1.1535353136207824
1996-10-10 00:00:00,1.1535353136207824
1996-10-11 00:00:00,1.1535353136207824
1996-10-15 00:00:00,1.1535353136207824
1996-10-16 00:00:00,1.1535353136207824
1996-10-17 00:00:00,1.1535353136207824
1996-10-18 00:00:00,1.1535353136207824
1996-10-21 00:00:00,1.1535353136207824
1996-10-22 00:00:00,1.1535353136207824
1996-10-23 00:00:00,1.1535353136207824
1996-10-24 00:00:00,1.1535353136207824
1996-10-25 00:00:00,1.1535353136207824
1996-10-28 00:00:00,1.1535353136207824
1996-10-29 00:00:00,1.1535353136207824
1996-10-30 00:00:00,1.1535353136207824
1996-10-31 00:00:00,1.1535353136207824
1996-11-01 00:00:00,1.1535353136207824
1996-11-04 00:00:00,1.1535353136207824
1996-11-05 00:00:00,1.1535353136207824
1996-11-06 00:00:00,1.1535353136207824
1996-11-07 00:00:00,1.1535353136207824
1996-11-08 00:00:00,1.1535353136207824
1996-11-12 00:00:00,1.1535353136207824
1996-11-13 00:00:00,1.1535353136207824
1996-11-14 00:00:00,1.1535353136207824
1996-11-15 00:00:00,1.1535353136207824
1996-11-18 00:00:00,1.1535353136207824
1996-11-19 00:00:00,1.1535353136207824
1996-11-20 00:00:00,1.1535353136207824
1996-11-21 00:00:00,1.1535353136207824
1996-11-22 00:00:00,1.1535353136207824
1996-11-25 00:00:00,1.1535353136207824
1996-11-26 00:00:00,1.1535353136207824
1996-11-27 00:00:00,1.1535353136207824
1996-11-29 00:00:00,1.1535353136207824
1996-12-02 00:00:00,1.1535353136207824
1996-12-03 00:00:00,1.1535353136207824
1996-12-04 00:00:00,1.1535353136207824
1996-12-05 00:00:00,1.1535353136207824
1996-12-06 00:00:00,1.1535353136207824
1996-12-09 00:00:00,1.1535353136207824
1996-12-10 00:00:00,1.1535353136207824
1996-12-11 00:00:00,1.1535353136207824
1996-12-12 00:00:00,1.1535353136207824
1996-12-13 00:00:00,1.1535353136207824
1996-12-16 00:00:00,1.1535353136207824
1996-12-17 00:00:00,1.1535353136207824
1996-12-18 00:00:00,1.1535353136207824
1996-12-19 00:00:00,1.1535353136207824
1996-12-20 00:00:00,1.1535353136207824
1996-12-23 00:00:00,1.1535353136207824
1996-12-24 00:00:00,1.1535353136207824
1996-12-26 00:00:00,1.1535353136207824
1996-12-27 00:00:00,1.1535353136207824
1996-12-30 00:00:00,1.1535353136207824
1996-12-31 00:00:00,1.1535353136207824
1997-01-02 00:00:00,1.1535353136207824
1997-01-03 00:00:00,1.1535353136207824
1997-01-06 00:00:00,1.1535353136207824
1997-01-07 00:00:00,1.1535353136207824
1997-01-08 00:00:00,1.1535353136207824
1997-01-09 00:00:00,1.1535353136207824
1997-01-10 00:00:00,1.1535353136207824
1997-01-13 00:00:00,1.1535353136207824
1997-01-14 00:00:00,1.1535353136207824
1997-01-15 00:00:00,1.1535353136207824
1997-01-16 00:00:00,1.1535353136207824
1997-01-17 00:00:00,1.1535353136207824
1997-01-21 00:00:00,1.1535353136207824
1997-01-22 00:00:00,1.1535353136207824
1997-01-23 00:00:00,1.1535353136207824
1997-01-24 00:00:00,1.1535353136207824
1997-01-27 00:00:00,1.1535353136207824
1997-01-28 00:00:00,1.1535353136207824
1997-01-29 00:00:00,1.1535353136207824
1997-01-30 00:00:00,1.1535353136207824
1997-01-31 00:00:00,1.1535353136207824
1997-02-03 00:00:00,1.1535353136207824
1997-02-04 00:00:00,1.1535353136207824
1997-02-05 00:00:00,1.1535353136207824
1997-02-06 00:00:00,1.1535353136207824
1997-02-07 00:00:00,1.1535353136207824
1997-02-10 00:00:00,1.1535353136207824
1997-02-11 00:00:00,1.1535353136207824
1997-02-12 00:00:00,1.1535353136207824
1997-02-13 00:00:00,1.1535353136207824
1997-02-14 00:00:00,1.1535353136207824
1997-02-18 00:00:00,1.1535353136207824
1997-02-19 00:00:00,1.1535353136207824
1997-02-20 00:00:00,1.1535353136207824
1997-02-21 00:00:00,1.1535353136207824
1997-02-24 00:00:00,1.1535353136207824
1997-02-25 00:00:00,1.1535353136207824
1997-02-26 00:00:00,1.1535353136207824
1997-02-27 00:00:00,1.1535353136207824
1997-02-28 00:00:00,1.1535353136207824
1997-03-03 00:00:00,1.1535353136207824
1997-03-04 00:00:00,1.1535353136207824
1997-03-05 00:00:00,1.1535353136207824
1997-03-06 00:00:00,1.1535353136207824
1997-03-07 00:00:00,1.1535353136207824
1997-03-10 00:00:00,1.1535353136207824
1997-03-11 00:00:00,1.1535353136207824
1997-03-12 00:00:00,1.1535353136207824
1997-03-13 00:00:00,1.1535353136207824
1997-03-14 00:00:00,1.1535353136207824
1997-03-17 00:00:00,1.1535353136207824
1997-03-18 00:00:00,1.1535353136207824
1997-03-19 00:00:00,1.1535353136207824
1997-03-20 00:00:00,1.1535353136207824
1997-03-21 00:00:00,1.1535353136207824
1997-03-24 00:00:00,1.1535353136207824
1997-03-25 00:00:00,1.1535353136207824
1997-03-26 00:00:00,1.1535353136207824
1997-03-27 00:00:00,1.1535353136207824
1997-03-28 00:00:00,1.1535353136207824
1997-03-31 00:00:00,1.1535353136207824
1997-04-01 00:00:00,1.1535353136207824
1997-04-02 00:00:00,1.1535353136207824
1997-04-03 00:00:00,1.1535353136207824
1997-04-04 00:00:00,1.1535353136207824
1997-04-07 00:00:00,1.1535353136207824
1997-04-08 00:00:00,1.1535353136207824
1997-04-09 00:00:00,1.1535353136207824
1997-04-10 00:00:00,1.1535353136207824
1997-04-11 00:00:00,1.1535353136207824
1997-04-14 00:00:00,1.1535353136207824
1997-04-15 00:00:00,1.1535353136207824
1997-04-16 00:00:00,1.1535353136207824
1997-04-17 00:00:00,1.1535353136207824
1997-04-18 00:00:00,1.1535353136207824
1997-04-21 00:00:00,1.1535353136207824
1997-04-22 00:00:00,1.1535353136207824
1997-04-23 00:00:00,1.1535353136207824
1997-04-24 00:00:00,1.1535353136207824
1997-04-25 00:00:00,1.1535353136207824
1997-04-28 00:00:00,1.1535353136207824
1997-04-29 00:00:00,1.1535353136207824
1997-04-30 00:00:00,1.1535353136207824
1997-05-01 00:00:00,1.1535353136207824
1997-05-02 00:00:00,1.1535353136207824
1997-05-05 00:00:00,1.1535353136207824
1997-05-06 00:00:00,1.1535353136207824
1997-05-07 00:00:00,1.1535353136207824
1997-05-08 00:00:00,1.1535353136207824
1997-05-09 00:00:00,1.1535353136207824
1997-05-12 00:00:00,1.1535353136207824
1997-05-13 00:00:00,1.1535353136207824
1997-05-14 00:00:00,1.1535353136207824
1997-05-15 00:00:00,1.1535353136207824
1997-05-16 00:00:00,1.1535353136207824
1997-05-19 00:00:00,1.1535353136207824
1997-05-20 00:00:00,1.1535353136207824
1997-05-21 00:00:00,1.1535353136207824
1997-05-22 00:00:00,1.1535353136207824
1997-05-23 00:00:00,1.1535353136207824
1997-05-27 00:00:00,1.1535353136207824
1997-05-28 00:00:00,1.1535353136207824
1997-05-29 00:00:00,1.1535353136207824
1997-05-30 00:00:00,1.1535353136207824
1997-06-02 00:00:00,1.1535353136207824
1997-06-03 00:00:00,1.1535353136207824
1997-06-04 00:00:00,1.1535353136207824
1997-06-05 00:00:00,1.1535353136207824
1997-06-06 00:00:00,1.1535353136207824
1997-06-09 00:00:00,1.1535353136207824
1997-06-10 00:00:00,1.1535353136207824
1997-06-11 00:00:00,1.1535353136207824
1997-06-12 00:00:00,1.1535353136207824
1997-06-13 00:00:00,1.1535353136207824
1997-06-16 00:00:00,1.1535353136207824
1997-06-17 00:00:00,1.1535353136207824
1997-06-18 00:00:00,1.1535353136207824
1997-06-19 00:00:00,1.1535353136207824
1997-06-20 00:00:00,1.1535353136207824
1997-06-23 00:00:00,1.1535353136207824
1997-06-24 00:00:00,1.1535353136207824
1997-06-25 00:00:00,1.1535353136207824
1997-06-26 00:00:00,1.1535353136207824
1997-06-27 00:00:00,1.1535353136207824
1997-06-30 00:00:00,1.1535353136207824
1997-07-01 00:00:00,1.1535353136207824
1997-07-02 00:00:00,1.1535353136207824
1997-07-03 00:00:00,1.1535353136207824
1997-07-07 00:00:00,1.1535353136207824
1997-07-08 00:00:00,1.1535353136207824
1997-07-09 00:00:00,1.1535353136207824
1997-07-10 00:00:00,1.1535353136207824
1997-07-11 00:00:00,1.1535353136207824
1997-07-14 00:00:00,1.1535353136207824
1997-07-15 00:00:00,1.1535353136207824
1997-07-16 00:00:00,1.1535353136207824
1997-07-17 00:00:00,1.1535353136207824
1997-07-18 00:00:00,1.1535353136207824
1997-07-21 00:00:00,1.1535353136207824
1997-07-22 00:00:00,1.1535353136207824
1997-07-23 00:00:00,1.1535353136207824
1997-07-24 00:00:00,1.1535353136207824
1997-07-25 00:00:00,1.1535353136207824
1997-07-28 00:00:00,1.1535353136207824
1997-07-29 00:00:00,1.1535353136207824
1997-07-30 00:00:00,1.1535353136207824
1997-07-31 00:00:00,1.1535353136207824
1997-08-01 00:00:00,1.1535353136207824
1997-08-04 00:00:00,1.1535353136207824
1997-08-05 00:00:00,1.1535353136207824
1997-08-06 00:00:00,1.1535353136207824
1997-08-07 00:00:00,1.1535353136207824
1997-08-08 00:00:00,1.1535353136207824
1997-08-11 00:00:00,1.1535353136207824
1997-08-12 00:00:00,1.1535353136207824
1997-08-13 00:00:00,1.1535353136207824
1997-08-14 00:00:00,1.1535353136207824
1997-08-15 00:00:00,1.1535353136207824
1997-08-18 00:00:00,1.1535353136207824
1997-08-19 00:00:00,1.1535353136207824
1997-08-20 00:00:00,1.1535353136207824
1997-08-21 00:00:00,1.1535353136207824
1997-08-22 00:00:00,1.1535353136207824
1997-08-25 00:00:00,1.1535353136207824
1997-08-26 00:00:00,1.1535353136207824
1997-08-27 00:00:00,1.1535353136207824
1997-08-28 00:00:00,1.1535353136207824
1997-08-29 00:00:00,1.1535353136207824
1997-09-02 00:00:00,1.1535353136207824
1997-09-03 00:00:00,1.1535353136207824
1997-09-04 00:00:00,1.1535353136207824
1997-09-05 00:00:00,1.1535353136207824
1997-09-08 00:00:00,1.1535353136207824
1997-09-09 00:00:00,1.1535353136207824
1997-09-10 00:00:00,1.1535353136207824
1997-09-11 00:00:00,1.1535353136207824
1997-09-12 00:00:00,1.1535353136207824
1997-09-15 00:00:00,1.1535353136207824
1997-09-16 00:00:00,1.1535353136207824
1997-09-17 00:00:00,1.1535353136207824
1997-09-18 00:00:00,1.1535353136207824
1997-09-19 00:00:00,1.1535353136207824
1997-09-22 00:00:00,1.1535353136207824
1997-09-23 00:00:00,1.1535353136207824
1997-09-24 00:00:00,1.1535353136207824
1997-09-25 00:00:00,1.1535353136207824
1997-09-26 00:00:00,1.1535353136207824
1997-09-29 00:00:00,1.1535353136207824
1997-09-30 00:00:00,1.1535353136207824
1997-10-01 00:00:00,1.1535353136207824
1997-10-02 00:00:00,1.1535353136207824
1997-10-03 00:00:00,1.1535353136207824
1997-10-06 00:00:00,1.1535353136207824
1997-10-07 00:00:00,1.1535353136207824
1997-10-08 00:00:00,1.1535353136207824
1997-10-09 00:00:00,1.1535353136207824
1997-10-10 00:00:00,1.1535353136207824
1997-10-14 00:00:00,1.1535353136207824
1997-10-15 00:00:00,1.1535353136207824
1997-10-16 00:00:00,1.1535353136207824
1997-10-17 00:00:00,1.1535353136207824
1997-10-20 00:00:00,1.1535353136207824
1997-10-21 00:00:00,1.1535353136207824
1997-10-22 00:00:00,1.1535353136207824
1997-10-23 00:00:00,1.1535353136207824
1997-10-24 00:00:00,1.1535353136207824
1997-10-27 00:00:00,1.1673729318691615
1997-10-28 00:00:00,1.1673729318691615
1997-10-29 00:00:00,1.1673729318691615
1997-10-30 00:00:00,1.1673729318691615
1997-10-31 00:00:00,1.1673729318691615
1997-11-03 00:00:00,1.1673729318691615
1997-11-04 00:00:00,1.1673729318691615
1997-11-05 00:00:00,1.1673729318691615
1997-11-06 00:00:00,1.1673729318691615
1997-11-07 00:00:00,1.1673729318691615
1997-11-10 00:00:00,1.1673729318691615
1997-11-12 00:00:00,1.1673729318691615
1997-11-13 00:00:00,1.1673729318691615
1997-11-14 00:00:00,1.1673729318691615
1997-11-17 00:00:00,1.1673729318691615
1997-11-18 00:00:00,1.1673729318691615
1997-11-19 00:00:00,1.1673729318691615
1997-11-20 00:00:00,1.1673729318691615
1997-11-21 00:00:00,1.1673729318691615
1997-11-24 00:00:00,1.1673729318691615
1997-11-25 00:00:00,1.1673729318691615
1997-11-26 00:00:00,1.1673729318691615
1997-11-28 00:00:00,1.1673729318691615
1997-12-01 00:00:00,1.1673729318691615
1997-12-02 00:00:00,1.1673729318691615
1997-12-03 00:00:00,1.1673729318691615
1997-12-04 00:00:00,1.1673729318691615
1997-12-05 00:00:00,1.1673729318691615
1997-12-08 00:00:00,1.1673729318691615
1997-12-09 00:00:00,1.1673729318691615
1997-12-10 00:00:00,1.1673729318691615
1997-12-11 00:00:00,1.1673729318691615
1997-12-12 00:00:00,1.1673729318691615
1997-12-15 00:00:00,1.1673729318691615
1997-12-16 00:00:00,1.1673729318691615
1997-12-17 00:00:00,1.1673729318691615
1997-12-18 00:00:00,1.1673729318691615
1997-12-19 00:00:00,1.1673729318691615
1997-12-22 00:00:00,1.1673729318691615
1997-12-23 00:00:00,1.1673729318691615
1997-12-24 00:00:00,1.1673729318691615
1997-12-26 00:00:00,1.1673729318691615
1997-12-29 00:00:00,1.1673729318691615
1997-12-30 00:00:00,1.1673729318691615
1997-12-31 00:00:00,1.1673729318691615
1998-01-02 00:00:00,1.1673729318691615
1998-01-05 00:00:00,1.1673729318691615
1998-01-06 00:00:00,1.1673729318691615
1998-01-07 00:00:00,1.1673729318691615
1998-01-08 00:00:00,1.1673729318691615
1998-01-09 00:00:00,1.1673729318691615
1998-01-12 00:00:00,1.1673729318691615
1998-01-13 00:00:00,1.1673729318691615
1998-01-14 00:00:00,1.1673729318691615
1998-01-15 00:00:00,1.1673729318691615
1998-01-16 00:00:00,1.1673729318691615
1998-01-20 00:00:00,1.1673729318691615
1998-01-21 00:00:00,1.1673729318691615
1998-01-22 00:00:00,1.1673729318691615
1998-01-23 00:00:00,1.1673729318691615
1998-01-26 00:00:00,1.1673729318691615
1998-01-27 00:00:00,1.1673729318691615
1998-01-28 00:00:00,1.1673729318691615
1998-01-29 00:00:00,1.1673729318691615
1998-01-30 00:00:00,1.1673729318691615
1998-02-02 00:00:00,1.1673729318691615
1998-02-03 00:00:00,1.1673729318691615
1998-02-04 00:00:00,1.1673729318691615
1998-02-05 00:00:00,1.1673729318691615
1998-02-06 00:00:00,1.1673729318691615
1998-02-09 00:00:00,1.1673729318691615
1998-02-10 00:00:00,1.1673729318691615
1998-02-11 00:00:00,1.1673729318691615
1998-02-12 00:00:00,1.1673729318691615
1998-02-13 00:00:00,1.1673729318691615
1998-02-17 00:00:00,1.1673729318691615
1998-02-18 00:00:00,1.1673729318691615
1998-02-19 00:00:00,1.1673729318691615
1998-02-20 00:00:00,1.1673729318691615
1998-02-23 00:00:00,1.1673729318691615
1998-02-24 00:00:00,1.1673729318691615
1998-02-25 00:00:00,1.1673729318691615
1998-02-26 00:00:00,1.1673729318691615
1998-02-27 00:00:00,1.1673729318691615
1998-03-02 00:00:00,1.1673729318691615
1998-03-03 00:00:00,1.1673729318691615
1998-03-04 00:00:00,1.1673729318691615
1998-03-05 00:00:00,1.1673729318691615
1998-03-06 00:00:00,1.1673729318691615
1998-03-09 00:00:00,1.1673729318691615
1998-03-10 00:00:00,1.1673729318691615
1998-03-11 00:00:00,1.1673729318691615
1998-03-12 00:00:00,1.1673729318691615
1998-03-13 00:00:00,1.1673729318691615
1998-03-16 00:00:00,1.1673729318691615
1998-03-17 00:00:00,1.1673729318691615
1998-03-18 00:00:00,1.1673729318691615
1998-03-19 00:00:00,1.1650676654726753
1998-03-20 00:00:00,1.1626226859612503
1998-03-23 00:00:00,1.1728915999092349
1998-03-24 00:00:00,1.1701671941679326
1998-03-25 00:00:00,1.1693289154783013
1998-03-26 00:00:00,1.1777815589320844
1998-03-27 00:00:00,1.1753365794206596
1998-03-30 00:00:00,1.1718437515471956
1998-03-31 00:00:00,1.1711451859725028
1998-04-01 00:00:00,1.1693987720357706
1998-04-02 00:00:00,1.1641595302255745
1998-04-03 00:00:00,1.1578724400533391
1998-04-06 00:00:00,1.1620638335014961
1998-04-07 00:00:00,1.1636705343232896
1998-04-08 00:00:00,1.1654169482600214
1998-04-09 00:00:00,1.1683509236737315
1998-04-10 00:00:00,1.1678619277714464
1998-04-13 00:00:00,1.1643690998979823
1998-04-14 00:00:00,1.1763844277826987
1998-04-15 00:00:00,1.175685862208006
1998-04-16 00:00:00,1.1812743868055484
1998-04-17 00:00:00,1.1763844277826987
1998-04-20 00:00:00,1.1705863335127484
1998-04-21 00:00:00,1.1709356163000946
1998-04-22 00:00:00,1.1678619277714464
1998-04-23 00:00:00,1.1641595302255745
1998-04-24 00:00:00,1.1650676654726753
1998-04-27 00:00:00,1.1689097761334857
1998-04-28 00:00:00,1.1647183826853287
1998-04-29 00:00:00,1.1667442228519378
1998-04-30 00:00:00,1.16849063678867
1998-05-01 00:00:00,1.1648580958002672
1998-05-04 00:00:00,1.1638102474382281
1998-05-05 00:00:00,1.1599681367774177
1998-05-06 00:00:00,1.160317419564764
1998-05-07 00:00:00,1.151585349881104
1998-05-08 00:00:00,1.1439001994672684
1998-05-11 00:00:00,1.1439001994672684
1998-05-12 00:00:00,1.1439001994672684
1998-05-13 00:00:00,1.1439001994672684
1998-05-14 00:00:00,1.1439001994672684
1998-05-15 00:00:00,1.1439001994672684
1998-05-18 00:00:00,1.1439001994672684
1998-05-19 00:00:00,1.1439001994672684
1998-05-20 00:00:00,1.1439001994672684
1998-05-21 00:00:00,1.1439001994672684
1998-05-22 00:00:00,1.1439001994672684
1998-05-26 00:00:00,1.1439001994672684
1998-05-27 00:00:00,1.1439001994672684
1998-05-28 00:00:00,1.1439001994672684
1998-05-29 00:00:00,1.1439001994672684
1998-06-01 00:00:00,1.1439001994672684
1998-06-02 00:00:00,1.1439001994672684
1998-06-03 00:00:00,1.1439001994672684
1998-06-04 00:00:00,1.1439001994672684
1998-06-05 00:00:00,1.1439001994672684
1998-06-08 00:00:00,1.1439001994672684
1998-06-09 00:00:00,1.1439001994672684
1998-06-10 00:00:00,1.1439001994672684
1998-06-11 00:00:00,1.1439001994672684
1998-06-12 00:00:00,1.1439001994672684
1998-06-15 00:00:00,1.1439001994672684
1998-06-16 00:00:00,1.1439001994672684
1998-06-17 00:00:00,1.1439001994672684
1998-06-18 00:00:00,1.1439001994672684
1998-06-19 00:00:00,1.1439001994672684
1998-06-22 00:00:00,1.1439001994672684
1998-06-23 00:00:00,1.1439001994672684
1998-06-24 00:00:00,1.1439001994672684
1998-06-25 00:00:00,1.1462311352504555
1998-06-26 00:00:00,1.1462311352504555
1998-06-29 00:00:00,1.1462311352504555
1998-06-30 00:00:00,1.1462311352504555
1998-07-01 00:00:00,1.1462311352504555
1998-07-02 00:00:00,1.1462311352504555
1998-07-03 00:00:00,1.1462311352504555
1998-07-06 00:00:00,1.1462311352504555
1998-07-07 00:00:00,1.1462311352504555
1998-07-08 00:00:00,1.1462311352504555
1998-07-09 00:00:00,1.1462311352504555
1998-07-10 00:00:00,1.1462311352504555
1998-07-13 00:00:00,1.1462311352504555
1998-07-14 00:00:00,1.1462311352504555
1998-07-15 00:00:00,1.1462311352504555
1998-07-16 00:00:00,1.1462311352504555
1998-07-17 00:00:00,1.1462311352504555
1998-07-20 00:00:00,1.1462311352504555
1998-07-21 00:00:00,1.1462311352504555
1998-07-22 00:00:00,1.1462311352504555
1998-07-23 00:00:00,1.1462311352504555
1998-07-24 00:00:00,1.1462311352504555
1998-07-27 00:00:00,1.1462311352504555
1998-07-28 00:00:00,1.1462311352504555
1998-07-29 00:00:00,1.1462311352504555
1998-07-30 00:00:00,1.1462311352504555
1998-07-31 00:00:00,1.1462311352504555
1998-08-03 00:00:00,1.1462311352504555
1998-08-04 00:00:00,1.1462311352504555
1998-08-05 00:00:00,1.1462311352504555
1998-08-06 00:00:00,1.1462311352504555
1998-08-07 00:00:00,1.1462311352504555
1998-08-10 00:00:00,1.1462311352504555
1998-08-11 00:00:00,1.1462311352504555
1998-08-12 00:00:00,1.1462311352504555
1998-08-13 00:00:00,1.1462311352504555
1998-08-14 00:00:00,1.1462311352504555
1998-08-17 00:00:00,1.1462311352504555
1998-08-18 00:00:00,1.1462311352504555
1998-08-19 00:00:00,1.1462311352504555
1998-08-20 00:00:00,1.1462311352504555
1998-08-21 00:00:00,1.1462311352504555
1998-08-24 00:00:00,1.1462311352504555
1998-08-25 00:00:00,1.1462311352504555
1998-08-26 00:00:00,1.1462311352504555
1998-08-27 00:00:00,1.1462311352504555
1998-08-28 00:00:00,1.1462311352504555
1998-08-31 00:00:00,1.1462311352504555
1998-09-01 00:00:00,1.1462311352504555
1998-09-02 00:00:00,1.14218974611875
1998-09-03 00:00:00,1.14218974611875
1998-09-04 00:00:00,1.14218974611875
1998-09-08 00:00:00,1.14218974611875
1998-09-09 00:00:00,1.14218974611875
1998-09-10 00:00:00,1.14218974611875
1998-09-11 00:00:00,1.14218974611875
1998-09-14 00:00:00,1.14218974611875
1998-09-15 00:00:00,1.14218974611875
1998-09-16 00:00:00,1.14218974611875
1998-09-17 00:00:00,1.14218974611875
1998-09-18 00:00:00,1.14218974611875
1998-09-21 00:00:00,1.14218974611875
1998-09-22 00:00:00,1.14218974611875
1998-09-23 00:00:00,1.14218974611875
1998-09-24 00:00:00,1.14218974611875
1998-09-25 00:00:00,1.14218974611875
1998-09-28 00:00:00,1.14218974611875
1998-09-29 00:00:00,1.14218974611875
1998-09-30 00:00:00,1.14218974611875
1998-10-01 00:00:00,1.14218974611875
1998-10-02 00:00:00,1.14218974611875
1998-10-05 00:00:00,1.14218974611875
1998-10-06 00:00:00,1.14218974611875
1998-10-07 00:00:00,1.14218974611875
1998-10-08 00:00:00,1.14218974611875
1998-10-09 00:00:00,1.14218974611875
1998-10-13 00:00:00,1.14218974611875
1998-10-14 00:00:00,1.14218974611875
1998-10-15 00:00:00,1.14218974611875
1998-10-16 00:00:00,1.14218974611875
1998-10-19 00:00:00,1.14218974611875
1998-10-20 00:00:00,1.14218974611875
1998-10-21 00:00:00,1.14218974611875
1998-10-22 00:00:00,1.14218974611875
1998-10-23 00:00:00,1.14218974611875
1998-10-26 00:00:00,1.14218974611875
1998-10-27 00:00:00,1.14218974611875
1998-10-28 00:00:00,1.14218974611875
1998-10-29 00:00:00,1.14218974611875
1998-10-30 00:00:00,1.14218974611875
1998-11-02 00:00:00,1.14218974611875
1998-11-03 00:00:00,1.14218974611875
1998-11-04 00:00:00,1.14218974611875
1998-11-05 00:00:00,1.14218974611875
1998-11-06 00:00:00,1.14218974611875
1998-11-09 00:00:00,1.14218974611875
1998-11-10 00:00:00,1.14218974611875
1998-11-12 00:00:00,1.14218974611875
1998-11-13 00:00:00,1.14218974611875
1998-11-16 00:00:00,1.14218974611875
1998-11-17 00:00:00,1.14218974611875
1998-11-18 00:00:00,1.14218974611875
1998-11-19 00:00:00,1.14218974611875
1998-11-20 00:00:00,1.14218974611875
1998-11-23 00:00:00,1.14218974611875
1998-11-24 00:00:00,1.14218974611875
1998-11-25 00:00:00,1.14218974611875
1998-11-27 00:00:00,1.14218974611875
1998-11-30 00:00:00,1.14218974611875
1998-12-01 00:00:00,1.14218974611875
1998-12-02 00:00:00,1.14218974611875
1998-12-03 00:00:00,1.14218974611875
1998-12-04 00:00:00,1.14218974611875
1998-12-07 00:00:00,1.14218974611875
1998-12-08 00:00:00,1.14218974611875
1998-12-09 00:00:00,1.14218974611875
1998-12-10 00:00:00,1.14218974611875
1998-12-11 00:00:00,1.14218974611875
1998-12-14 00:00:00,1.14218974611875
1998-12-15 00:00:00,1.14218974611875
1998-12-16 00:00:00,1.14218974611875
1998-12-17 00:00:00,1.14218974611875
1998-12-18 00:00:00,1.14218974611875
1998-12-21 00:00:00,1.14218974611875
1998-12-22 00:00:00,1.1404900589965494
1998-12-23 00:00:00,1.1399461591174453
1998-12-24 00:00:00,1.1366120528585368
1998-12-28 00:00:00,1.1366120528585368
1998-12-29 00:00:00,1.1366120528585368
1998-12-30 00:00:00,1.1366120528585368
1998-12-31 00:00:00,1.1366120528585368
1999-01-04 00:00:00,1.1366120528585368
1999-01-05 00:00:00,1.1366120528585368
1999-01-06 00:00:00,1.1366120528585368
1999-01-07 00:00:00,1.1366120528585368
1999-01-08 00:00:00,1.1366120528585368
1999-01-11 00:00:00,1.1366120528585368
1999-01-12 00:00:00,1.1366120528585368
1999-01-13 00:00:00,1.1366120528585368
1999-01-14 00:00:00,1.1366120528585368
1999-01-15 00:00:00,1.1366120528585368
1999-01-19 00:00:00,1.1366120528585368
1999-01-20 00:00:00,1.1366120528585368
1999-01-21 00:00:00,1.1366120528585368
1999-01-22 00:00:00,1.1366120528585368
1999-01-25 00:00:00,1.1366120528585368
1999-01-26 00:00:00,1.1366120528585368
1999-01-27 00:00:00,1.1366120528585368
1999-01-28 00:00:00,1.1366120528585368
1999-01-29 00:00:00,1.1366120528585368
1999-02-01 00:00:00,1.1366120528585368
1999-02-02 00:00:00,1.1366120528585368
1999-02-03 00:00:00,1.1366120528585368
1999-02-04 00:00:00,1.1366120528585368
1999-02-05 00:00:00,1.1366120528585368
1999-02-08 00:00:00,1.1366120528585368
1999-02-09 00:00:00,1.1366120528585368
1999-02-10 00:00:00,1.1366120528585368
1999-02-11 00:00:00,1.1366120528585368
1999-02-12 00:00:00,1.1366120528585368
1999-02-16 00:00:00,1.1366120528585368
1999-02-17 00:00:00,1.1366120528585368
1999-02-18 00:00:00,1.1366120528585368
1999-02-19 00:00:00,1.1366120528585368
1999-02-22 00:00:00,1.1366120528585368
1999-02-23 00:00:00,1.1366120528585368
1999-02-24 00:00:00,1.1366120528585368
1999-02-25 00:00:00,1.1366120528585368
1999-02-26 00:00:00,1.1366120528585368
1999-03-01 00:00:00,1.1366120528585368
1999-03-02 00:00:00,1.1366120528585368
1999-03-03 00:00:00,1.1366120528585368
1999-03-04 00:00:00,1.1366120528585368
1999-03-05 00:00:00,1.1366120528585368
1999-03-08 00:00:00,1.1366120528585368
1999-03-09 00:00:00,1.1366120528585368
1999-03-10 00:00:00,1.1366120528585368
1999-03-11 00:00:00,1.1366120528585368
1999-03-12 00:00:00,1.1366120528585368
1999-03-15 00:00:00,1.1366120528585368
1999-03-16 00:00:00,1.1366120528585368
1999-03-17 00:00:00,1.1366120528585368
1999-03-18 00:00:00,1.1366120528585368
1999-03-19 00:00:00,1.1366120528585368
1999-03-22 00:00:00,1.1366120528585368
1999-03-23 00:00:00,1.1366120528585368
1999-03-24 00:00:00,1.1366120528585368
1999-03-25 00:00:00,1.1366120528585368
1999-03-26 00:00:00,1.1366120528585368
1999-03-29 00:00:00,1.1366120528585368
1999-03-30 00:00:00,1.1366120528585368
1999-03-31 00:00:00,1.1366120528585368
1999-04-01 00:00:00,1.1366120528585368
1999-04-02 00:00:00,1.1366120528585368
1999-04-05 00:00:00,1.1366120528585368
1999-04-06 00:00:00,1.1366120528585368
1999-04-07 00:00:00,1.1366120528585368
1999-04-08 00:00:00,1.1366120528585368
1999-04-09 00:00:00,1.1366120528585368
1999-04-12 00:00:00,1.1366120528585368
1999-04-13 00:00:00,1.1366120528585368
1999-04-14 00:00:00,1.1366120528585368
1999-04-15 00:00:00,1.1366120528585368
1999-04-16 00:00:00,1.1366120528585368
1999-04-19 00:00:00,1.1366120528585368
1999-04-20 00:00:00,1.1366120528585368
1999-04-21 00:00:00,1.1366120528585368
1999-04-22 00:00:00,1.1366120528585368
1999-04-23 00:00:00,1.1366120528585368
1999-04-26 00:00:00,1.1366120528585368
1999-04-27 00:00:00,1.1366120528585368
1999-04-28 00:00:00,1.1366120528585368
1999-04-29 00:00:00,1.1366120528585368
1999-04-30 00:00:00,1.1366120528585368
1999-05-03 00:00:00,1.1366120528585368
1999-05-04 00:00:00,1.1366120528585368
1999-05-05 00:00:00,1.1366120528585368
1999-05-06 00:00:00,1.1366120528585368
1999-05-07 00:00:00,1.1366120528585368
1999-05-10 00:00:00,1.1366120528585368
1999-05-11 00:00:00,1.1366120528585368
1999-05-12 00:00:00,1.1366120528585368
1999-05-13 00:00:00,1.136060494540118
1999-05-14 00:00:00,1.136060494540118
1999-05-17 00:00:00,1.136060494540118
1999-05-18 00:00:00,1.136060494540118
1999-05-19 00:00:00,1.136060494540118
1999-05-20 00:00:00,1.136060494540118
1999-05-21 00:00:00,1.136060494540118
1999-05-24 00:00:00,1.136060494540118
1999-05-25 00:00:00,1.136060494540118
1999-05-26 00:00:00,1.136060494540118
1999-05-27 00:00:00,1.136060494540118
1999-05-28 00:00:00,1.136060494540118
1999-06-01 00:00:00,1.136060494540118
1999-06-02 00:00:00,1.136060494540118
1999-06-03 00:00:00,1.136060494540118
1999-06-04 00:00:00,1.136060494540118
1999-06-07 00:00:00,1.136060494540118
1999-06-08 00:00:00,1.136060494540118
1999-06-09 00:00:00,1.136060494540118
1999-06-10 00:00:00,1.136060494540118
1999-06-11 00:00:00,1.136060494540118
1999-06-14 00:00:00,1.136060494540118
1999-06-15 00:00:00,1.136060494540118
1999-06-16 00:00:00,1.136060494540118
1999-06-17 00:00:00,1.136060494540118
1999-06-18 00:00:00,1.136060494540118
1999-06-21 00:00:00,1.136060494540118
1999-06-22 00:00:00,1.136060494540118
1999-06-23 00:00:00,1.136060494540118
1999-06-24 00:00:00,1.136060494540118
1999-06-25 00:00:00,1.136060494540118
1999-06-28 00:00:00,1.136060494540118
1999-06-29 00:00:00,1.136060494540118
1999-06-30 00:00:00,1.136060494540118
1999-07-01 00:00:00,1.136060494540118
1999-07-02 00:00:00,1.136060494540118
1999-07-06 00:00:00,1.136060494540118
1999-07-07 00:00:00,1.136060494540118
1999-07-08 00:00:00,1.136060494540118
1999-07-09 00:00:00,1.136060494540118
1999-07-12 00:00:00,1.136060494540118
1999-07-13 00:00:00,1.136060494540118
1999-07-14 00:00:00,1.136060494540118
1999-07-15 00:00:00,1.136060494540118
1999-07-16 00:00:00,1.136060494540118
1999-07-19 00:00:00,1.136060494540118
1999-07-20 00:00:00,1.136060494540118
1999-07-21 00:00:00,1.136060494540118
1999-07-22 00:00:00,1.136060494540118
1999-07-23 00:00:00,1.136060494540118
1999-07-26 00:00:00,1.136060494540118
1999-07-27 00:00:00,1.136060494540118
1999-07-28 00:00:00,1.136060494540118
1999-07-29 00:00:00,1.136060494540118
1999-07-30 00:00:00,1.136060494540118
1999-08-02 00:00:00,1.136060494540118
1999-08-03 00:00:00,1.136060494540118
1999-08-04 00:00:00,1.136060494540118
1999-08-05 00:00:00,1.135579422009714
1999-08-06 00:00:00,1.135579422009714
1999-08-09 00:00:00,1.135579422009714
1999-08-10 00:00:00,1.135579422009714
1999-08-11 00:00:00,1.135579422009714
1999-08-12 00:00:00,1.135579422009714
1999-08-13 00:00:00,1.135579422009714
1999-08-16 00:00:00,1.135579422009714
1999-08-17 00:00:00,1.135579422009714
1999-08-18 00:00:00,1.135579422009714
1999-08-19 00:00:00,1.135579422009714
1999-08-20 00:00:00,1.135579422009714
1999-08-23 00:00:00,1.135579422009714
1999-08-24 00:00:00,1.135579422009714
1999-08-25 00:00:00,1.135579422009714
1999-08-26 00:00:00,1.135579422009714
1999-08-27 00:00:00,1.135579422009714
1999-08-30 00:00:00,1.135579422009714
1999-08-31 00:00:00,1.135579422009714
1999-09-01 00:00:00,1.135579422009714
1999-09-02 00:00:00,1.135579422009714
1999-09-03 00:00:00,1.135579422009714
1999-09-07 00:00:00,1.1372933902618658
1999-09-08 00:00:00,1.1372933902618658
1999-09-09 00:00:00,1.1372933902618658
1999-09-10 00:00:00,1.1372933902618658
1999-09-13 00:00:00,1.1372933902618658
1999-09-14 00:00:00,1.1372933902618658
1999-09-15 00:00:00,1.1372933902618658
1999-09-16 00:00:00,1.1372933902618658
1999-09-17 00:00:00,1.1372933902618658
1999-09-20 00:00:00,1.1372933902618658
1999-09-21 00:00:00,1.1372933902618658
1999-09-22 00:00:00,1.1372933902618658
1999-09-23 00:00:00,1.1372933902618658
1999-09-24 00:00:00,1.1372933902618658
1999-09-27 00:00:00,1.1372933902618658
1999-09-28 00:00:00,1.1372933902618658
1999-09-29 00:00:00,1.1372933902618658
1999-09-30 00:00:00,1.1372933902618658
1999-10-01 00:00:00,1.1372933902618658
1999-10-04 00:00:00,1.1372933902618658
1999-10-05 00:00:00,1.1372933902618658
1999-10-06 00:00:00,1.1372933902618658
1999-10-07 00:00:00,1.1372933902618658
1999-10-08 00:00:00,1.1372933902618658
1999-10-12 00:00:00,1.1372933902618658
1999-10-13 00:00:00,1.1372933902618658
1999-10-14 00:00:00,1.1372933902618658
1999-10-15 00:00:00,1.1372933902618658
1999-10-18 00:00:00,1.1372933902618658
1999-10-19 00:00:00,1.1372933902618658
1999-10-20 00:00:00,1.1372933902618658
1999-10-21 00:00:00,1.1372933902618658
1999-10-22 00:00:00,1.1372933902618658
1999-10-25 00:00:00,1.1372933902618658
1999-10-26 00:00:00,1.1372933902618658
1999-10-27 00:00:00,1.1372933902618658
1999-10-28 00:00:00,1.1372933902618658
1999-10-29 00:00:00,1.1372933902618658
1999-11-01 00:00:00,1.1372933902618658
1999-11-02 00:00:00,1.1372933902618658
1999-11-03 00:00:00,1.1372933902618658
1999-11-04 00:00:00,1.1372933902618658
1999-11-05 00:00:00,1.1372933902618658
1999-11-08 00:00:00,1.1372933902618658
1999-11-09 00:00:00,1.1372933902618658
1999-11-10 00:00:00,1.1372933902618658
1999-11-12 00:00:00,1.1372933902618658
1999-11-15 00:00:00,1.1372933902618658
1999-11-16 00:00:00,1.1372933902618658
1999-11-17 00:00:00,1.1372933902618658
1999-11-18 00:00:00,1.1372933902618658
1999-11-19 00:00:00,1.1372933902618658
1999-11-22 00:00:00,1.1372933902618658
1999-11-23 00:00:00,1.1372933902618658
1999-11-24 00:00:00,1.1372933902618658
1999-11-26 00:00:00,1.1372933902618658
1999-11-29 00:00:00,1.1372933902618658
1999-11-30 00:00:00,1.1372933902618658
1999-12-01 00:00:00,1.1372933902618658
1999-12-02 00:00:00,1.1372933902618658
1999-12-03 00:00:00,1.1372933902618658
1999-12-06 00:00:00,1.1372933902618658
1999-12-07 00:00:00,1.1372933902618658
1999-12-08 00:00:00,1.1372933902618658
1999-12-09 00:00:00,1.1372933902618658
1999-12-10 00:00:00,1.1372933902618658
1999-12-13 00:00:00,1.1372933902618658
1999-12-14 00:00:00,1.1372933902618658
1999-12-15 00:00:00,1.1372933902618658
1999-12-16 00:00:00,1.1372933902618658
1999-12-17 00:00:00,1.1372933902618658
1999-12-20 00:00:00,1.1372933902618658
1999-12-21 00:00:00,1.1372933902618658
1999-12-22 00:00:00,1.1372933902618658
1999-12-23 00:00:00,1.1372933902618658
1999-12-24 00:00:00,1.1372933902618658
1999-12-27 00:00:00,1.1372933902618658
1999-12-28 00:00:00,1.1372933902618658
1999-12-29 00:00:00,1.1372933902618658
1999-12-30 00:00:00,1.1372933902618658
1999-12-31 00:00:00,1.1372933902618658
2000-01-03 00:00:00,1.1372933902618658
2000-01-04 00:00:00,1.1372933902618658
2000-01-05 00:00:00,1.1372933902618658
2000-01-06 00:00:00,1.1372933902618658
2000-01-07 00:00:00,1.1372933902618658
2000-01-10 00:00:00,1.1372933902618658
2000-01-11 00:00:00,1.1372933902618658
2000-01-12 00:00:00,1.1362582324430597
2000-01-13 00:00:00,1.1374314113043735
2000-01-14 00:00:00,1.1285290540626391
2000-01-18 00:00:00,1.1303923381364904
2000-01-19 00:00:00,1.1343949483692082
2000-01-20 00:00:00,1.1412960004945836
2000-01-21 00:00:00,1.138949642771956
2000-01-24 00:00:00,1.1400538111120162
2000-01-25 00:00:00,1.1374314113043735
2000-01-26 00:00:00,1.1314274959552968
2000-01-27 00:00:00,1.1292191592751768
2000-01-28 00:00:00,1.1186605495233524
2000-01-31 00:00:00,1.1163870669111686
2000-02-01 00:00:00,1.1163870669111686
2000-02-02 00:00:00,1.1163870669111686
2000-02-03 00:00:00,1.1163870669111686
2000-02-04 00:00:00,1.1163870669111686
2000-02-07 00:00:00,1.1163870669111686
2000-02-08 00:00:00,1.1163870669111686
2000-02-09 00:00:00,1.1163870669111686
2000-02-10 00:00:00,1.1163870669111686
2000-02-11 00:00:00,1.1163870669111686
2000-02-14 00:00:00,1.1163870669111686
2000-02-15 00:00:00,1.1163870669111686
2000-02-16 00:00:00,1.1163870669111686
2000-02-17 00:00:00,1.1163870669111686
2000-02-18 00:00:00,1.1163870669111686
2000-02-22 00:00:00,1.1163870669111686
2000-02-23 00:00:00,1.1163870669111686
2000-02-24 00:00:00,1.1163870669111686
2000-02-25 00:00:00,1.1163870669111686
2000-02-28 00:00:00,1.1163870669111686
2000-02-29 00:00:00,1.1163870669111686
2000-03-01 00:00:00,1.1163870669111686
2000-03-02 00:00:00,1.1163870669111686
2000-03-03 00:00:00,1.1163870669111686
2000-03-06 00:00:00,1.1163870669111686
2000-03-07 00:00:00,1.1163870669111686
2000-03-08 00:00:00,1.1163870669111686
2000-03-09 00:00:00,1.1163870669111686
2000-03-10 00:00:00,1.1163870669111686
2000-03-13 00:00:00,1.1163870669111686
2000-03-14 00:00:00,1.1163870669111686
2000-03-15 00:00:00,1.1163870669111686
2000-03-16 00:00:00,1.1163870669111686
2000-03-17 00:00:00,1.1163870669111686
2000-03-20 00:00:00,1.1163870669111686
2000-03-21 00:00:00,1.1163870669111686
2000-03-22 00:00:00,1.1163870669111686
2000-03-23 00:00:00,1.1163870669111686
2000-03-24 00:00:00,1.1163870669111686
2000-03-27 00:00:00,1.1163870669111686
2000-03-28 00:00:00,1.1163870669111686
2000-03-29 00:00:00,1.1163870669111686
2000-03-30 00:00:00,1.1163870669111686
2000-03-31 00:00:00,1.1163870669111686
2000-04-03 00:00:00,1.1163870669111686
2000-04-04 00:00:00,1.1163870669111686
2000-04-05 00:00:00,1.1163870669111686
2000-04-06 00:00:00,1.1163870669111686
2000-04-07 00:00:00,1.1163870669111686
2000-04-10 00:00:00,1.1163870669111686
2000-04-11 00:00:00,1.1163870669111686
2000-04-12 00:00:00,1.1163870669111686
2000-04-13 00:00:00,1.1163870669111686
2000-04-14 00:00:00,1.1163870669111686
2000-04-17 00:00:00,1.1163870669111686
2000-04-18 00:00:00,1.1163870669111686
2000-04-19 00:00:00,1.1163870669111686
2000-04-20 00:00:00,1.1163870669111686
2000-04-21 00:00:00,1.1163870669111686
2000-04-24 00:00:00,1.1163870669111686
2000-04-25 00:00:00,1.1163870669111686
2000-04-26 00:00:00,1.1163870669111686
2000-04-27 00:00:00,1.1163870669111686
2000-04-28 00:00:00,1.1163870669111686
2000-05-01 00:00:00,1.1163870669111686
2000-05-02 00:00:00,1.1163870669111686
2000-05-03 00:00:00,1.1163870669111686
2000-05-04 00:00:00,1.1163870669111686
2000-05-05 00:00:00,1.1163870669111686
2000-05-08 00:00:00,1.1163870669111686
2000-05-09 00:00:00,1.1163870669111686
2000-05-10 00:00:00,1.1163870669111686
2000-05-11 00:00:00,1.1163870669111686
2000-05-12 00:00:00,1.1163870669111686
2000-05-15 00:00:00,1.1163870669111686
2000-05-16 00:00:00,1.1163870669111686
2000-05-17 00:00:00,1.1163870669111686
2000-05-18 00:00:00,1.1163870669111686
2000-05-19 00:00:00,1.1163870669111686
2000-05-22 00:00:00,1.1163870669111686
2000-05-23 00:00:00,1.1163870669111686
2000-05-24 00:00:00,1.1163870669111686
2000-05-25 00:00:00,1.1163870669111686
2000-05-26 00:00:00,1.1163870669111686
2000-05-30 00:00:00,1.1163870669111686
2000-05-31 00:00:00,1.1163870669111686
2000-06-01 00:00:00,1.1163870669111686
2000-06-02 00:00:00,1.1163870669111686
2000-06-05 00:00:00,1.1163870669111686
2000-06-06 00:00:00,1.1163870669111686
2000-06-07 00:00:00,1.1163870669111686
2000-06-08 00:00:00,1.1163870669111686
2000-06-09 00:00:00,1.1163870669111686
2000-06-12 00:00:00,1.1163870669111686
2000-06-13 00:00:00,1.1163870669111686
2000-06-14 00:00:00,1.1163870669111686
2000-06-15 00:00:00,1.1163870669111686
2000-06-16 00:00:00,1.1163870669111686
2000-06-19 00:00:00,1.1163870669111686
2000-06-20 00:00:00,1.1163870669111686
2000-06-21 00:00:00,1.1163870669111686
2000-06-22 00:00:00,1.1163870669111686
2000-06-23 00:00:00,1.1163870669111686
2000-06-26 00:00:00,1.1163870669111686
2000-06-27 00:00:00,1.1163870669111686
2000-06-28 00:00:00,1.1163870669111686
2000-06-29 00:00:00,1.1163870669111686
2000-06-30 00:00:00,1.1163870669111686
2000-07-03 00:00:00,1.1163870669111686
2000-07-05 00:00:00,1.1163870669111686
2000-07-06 00:00:00,1.1163870669111686
2000-07-07 00:00:00,1.1163870669111686
2000-07-10 00:00:00,1.1163870669111686
2000-07-11 00:00:00,1.1163870669111686
2000-07-12 00:00:00,1.1163870669111686
2000-07-13 00:00:00,1.1163870669111686
2000-07-14 00:00:00,1.1163870669111686
2000-07-17 00:00:00,1.1163870669111686
2000-07-18 00:00:00,1.1163870669111686
2000-07-19 00:00:00,1.1163870669111686
2000-07-20 00:00:00,1.1163870669111686
2000-07-21 00:00:00,1.1163870669111686
2000-07-24 00:00:00,1.1163870669111686
2000-07-25 00:00:00,1.1163870669111686
2000-07-26 00:00:00,1.1163870669111686
2000-07-27 00:00:00,1.1163870669111686
2000-07-28 00:00:00,1.1163870669111686
2000-07-31 00:00:00,1.1163870669111686
2000-08-01 00:00:00,1.1163870669111686
2000-08-02 00:00:00,1.1163870669111686
2000-08-03 00:00:00,1.1163870669111686
2000-08-04 00:00:00,1.1163870669111686
2000-08-07 00:00:00,1.1163870669111686
2000-08-08 00:00:00,1.1163870669111686
2000-08-09 00:00:00,1.1163870669111686
2000-08-10 00:00:00,1.1163870669111686
2000-08-11 00:00:00,1.1163870669111686
2000-08-14 00:00:00,1.1163870669111686
2000-08-15 00:00:00,1.1163870669111686
2000-08-16 00:00:00,1.1163870669111686
2000-08-17 00:00:00,1.1163870669111686
2000-08-18 00:00:00,1.1163870669111686
2000-08-21 00:00:00,1.1163870669111686
2000-08-22 00:00:00,1.1163870669111686
2000-08-23 00:00:00,1.1163870669111686
2000-08-24 00:00:00,1.1163870669111686
2000-08-25 00:00:00,1.1163870669111686
2000-08-28 00:00:00,1.1163870669111686
2000-08-29 00:00:00,1.1163870669111686
2000-08-30 00:00:00,1.1163870669111686
2000-08-31 00:00:00,1.1163870669111686
2000-09-01 00:00:00,1.1163870669111686
2000-09-05 00:00:00,1.1163870669111686
2000-09-06 00:00:00,1.1163870669111686
2000-09-07 00:00:00,1.1163870669111686
2000-09-08 00:00:00,1.1163870669111686
2000-09-11 00:00:00,1.1163870669111686
2000-09-12 00:00:00,1.1163870669111686
2000-09-13 00:00:00,1.1163870669111686
2000-09-14 00:00:00,1.1163870669111686
2000-09-15 00:00:00,1.1163870669111686
2000-09-18 00:00:00,1.1163870669111686
2000-09-19 00:00:00,1.1163870669111686
2000-09-20 00:00:00,1.1163870669111686
2000-09-21 00:00:00,1.1163870669111686
2000-09-22 00:00:00,1.1163870669111686
2000-09-25 00:00:00,1.1163870669111686
2000-09-26 00:00:00,1.1163870669111686
2000-09-27 00:00:00,1.1163870669111686
2000-09-28 00:00:00,1.1163870669111686
2000-09-29 00:00:00,1.1163870669111686
2000-10-02 00:00:00,1.1163870669111686
2000-10-03 00:00:00,1.1163870669111686
2000-10-04 00:00:00,1.1163870669111686
2000-10-05 00:00:00,1.1163870669111686
2000-10-06 00:00:00,1.1163870669111686
2000-10-10 00:00:00,1.1163870669111686
2000-10-11 00:00:00,1.1163870669111686
2000-10-12 00:00:00,1.1163870669111686
2000-10-13 00:00:00,1.1163870669111686
2000-10-16 00:00:00,1.1163870669111686
2000-10-17 00:00:00,1.1163870669111686
2000-10-18 00:00:00,1.1163870669111686
2000-10-19 00:00:00,1.1163870669111686
2000-10-20 00:00:00,1.1163870669111686
2000-10-23 00:00:00,1.1163870669111686
2000-10-24 00:00:00,1.1163870669111686
2000-10-25 00:00:00,1.1163870669111686
2000-10-26 00:00:00,1.1163870669111686
2000-10-27 00:00:00,1.1163870669111686
2000-10-30 00:00:00,1.1163870669111686
2000-10-31 00:00:00,1.1163870669111686
2000-11-01 00:00:00,1.1163870669111686
2000-11-02 00:00:00,1.1163870669111686
2000-11-03 00:00:00,1.1163870669111686
2000-11-06 00:00:00,1.1163870669111686
2000-11-07 00:00:00,1.1163870669111686
2000-11-08 00:00:00,1.1163870669111686
2000-11-09 00:00:00,1.1163870669111686
2000-11-10 00:00:00,1.1163870669111686
2000-11-13 00:00:00,1.1163870669111686
2000-11-14 00:00:00,1.1163870669111686
2000-11-15 00:00:00,1.1163870669111686
2000-11-16 00:00:00,1.1163870669111686
2000-11-17 00:00:00,1.1163870669111686
2000-11-20 00:00:00,1.1163870669111686
2000-11-21 00:00:00,1.1163870669111686
2000-11-22 00:00:00,1.1163870669111686
2000-11-24 00:00:00,1.1163870669111686
2000-11-27 00:00:00,1.1163870669111686
2000-11-28 00:00:00,1.1163870669111686
2000-11-29 00:00:00,1.1163870669111686
2000-11-30 00:00:00,1.1163870669111686
2000-12-01 00:00:00,1.1163870669111686
2000-12-04 00:00:00,1.1163870669111686
2000-12-05 00:00:00,1.1163870669111686
2000-12-06 00:00:00,1.1163870669111686
2000-12-07 00:00:00,1.1163870669111686
2000-12-08 00:00:00,1.1163870669111686
2000-12-11 00:00:00,1.1163870669111686
2000-12-12 00:00:00,1.1163870669111686
2000-12-13 00:00:00,1.1163870669111686
2000-12-14 00:00:00,1.1279777190454874
2000-12-15 00:00:00,1.1279777190454874
2000-12-18 00:00:00,1.1279777190454874
2000-12-19 00:00:00,1.1279777190454874
2000-12-20 00:00:00,1.1279777190454874
2000-12-21 00:00:00,1.1279777190454874
2000-12-22 00:00:00,1.1279777190454874
2000-12-26 00:00:00,1.1279777190454874
2000-12-27 00:00:00,1.1279777190454874
2000-12-28 00:00:00,1.1279777190454874
2000-12-29 00:00:00,1.1279777190454874
2001-01-02 00:00:00,1.1279777190454874
2001-01-03 00:00:00,1.1279777190454874
2001-01-04 00:00:00,1.1279777190454874
2001-01-05 00:00:00,1.1279777190454874
2001-01-08 00:00:00,1.1279777190454874
2001-01-09 00:00:00,1.1279777190454874
2001-01-10 00:00:00,1.1279777190454874
2001-01-11 00:00:00,1.1279777190454874
2001-01-12 00:00:00,1.1279777190454874
2001-01-16 00:00:00,1.1279777190454874
2001-01-17 00:00:00,1.1279777190454874
2001-01-18 00:00:00,1.1279777190454874
2001-01-19 00:00:00,1.1279777190454874
2001-01-22 00:00:00,1.1279777190454874
2001-01-23 00:00:00,1.1279777190454874
2001-01-24 00:00:00,1.1279777190454874
2001-01-25 00:00:00,1.1279777190454874
2001-01-26 00:00:00,1.1279777190454874
2001-01-29 00:00:00,1.1279777190454874
2001-01-30 00:00:00,1.1279777190454874
2001-01-31 00:00:00,1.1279777190454874
2001-02-01 00:00:00,1.1279777190454874
2001-02-02 00:00:00,1.1279777190454874
2001-02-05 00:00:00,1.1279777190454874
2001-02-06 00:00:00,1.1279777190454874
2001-02-07 00:00:00,1.1279777190454874
2001-02-08 00:00:00,1.1279777190454874
2001-02-09 00:00:00,1.1279777190454874
2001-02-12 00:00:00,1.1279777190454874
2001-02-13 00:00:00,1.1279777190454874
2001-02-14 00:00:00,1.1279777190454874
2001-02-15 00:00:00,1.1279777190454874
2001-02-16 00:00:00,1.1279777190454874
2001-02-20 00:00:00,1.1279777190454874
2001-02-21 00:00:00,1.1279777190454874
2001-02-22 00:00:00,1.1279777190454874
2001-02-23 00:00:00,1.1279777190454874
2001-02-26 00:00:00,1.1279777190454874
2001-02-27 00:00:00,1.1279777190454874
2001-02-28 00:00:00,1.1279777190454874
2001-03-01 00:00:00,1.1279777190454874
2001-03-02 00:00:00,1.1279777190454874
2001-03-05 00:00:00,1.1279777190454874
2001-03-06 00:00:00,1.1279777190454874
2001-03-07 00:00:00,1.1279777190454874
2001-03-08 00:00:00,1.1279777190454874
2001-03-09 00:00:00,1.1279777190454874
2001-03-12 00:00:00,1.127255006234358
2001-03-13 00:00:00,1.127255006234358
2001-03-14 00:00:00,1.127255006234358
2001-03-15 00:00:00,1.127255006234358
2001-03-16 00:00:00,1.127255006234358
2001-03-19 00:00:00,1.127255006234358
2001-03-20 00:00:00,1.127255006234358
2001-03-21 00:00:00,1.127255006234358
2001-03-22 00:00:00,1.127255006234358
2001-03-23 00:00:00,1.127255006234358
2001-03-26 00:00:00,1.127255006234358
2001-03-27 00:00:00,1.127255006234358
2001-03-28 00:00:00,1.127255006234358
2001-03-29 00:00:00,1.127255006234358
2001-03-30 00:00:00,1.127255006234358
2001-04-02 00:00:00,1.127255006234358
2001-04-03 00:00:00,1.127255006234358
2001-04-04 00:00:00,1.127255006234358
2001-04-05 00:00:00,1.127255006234358
2001-04-06 00:00:00,1.127255006234358
2001-04-09 00:00:00,1.127255006234358
2001-04-10 00:00:00,1.127255006234358
2001-04-11 00:00:00,1.127255006234358
2001-04-12 00:00:00,1.127255006234358
2001-04-13 00:00:00,1.127255006234358
2001-04-16 00:00:00,1.127255006234358
2001-04-17 00:00:00,1.127255006234358
2001-04-18 00:00:00,1.127255006234358
2001-04-19 00:00:00,1.127255006234358
2001-04-20 00:00:00,1.127255006234358
2001-04-23 00:00:00,1.127255006234358
2001-04-24 00:00:00,1.127255006234358
2001-04-25 00:00:00,1.127255006234358
2001-04-26 00:00:00,1.127255006234358
2001-04-27 00:00:00,1.127255006234358
2001-04-30 00:00:00,1.127255006234358
2001-05-01 00:00:00,1.127255006234358
2001-05-02 00:00:00,1.127255006234358
2001-05-03 00:00:00,1.127255006234358
2001-05-04 00:00:00,1.127255006234358
2001-05-07 00:00:00,1.127255006234358
2001-05-08 00:00:00,1.127255006234358
2001-05-09 00:00:00,1.127255006234358
2001-05-10 00:00:00,1.127255006234358
2001-05-11 00:00:00,1.127255006234358
2001-05-14 00:00:00,1.127255006234358
2001-05-15 00:00:00,1.127255006234358
2001-05-16 00:00:00,1.127255006234358
2001-05-17 00:00:00,1.127255006234358
2001-05-18 00:00:00,1.127255006234358
2001-05-21 00:00:00,1.127255006234358
2001-05-22 00:00:00,1.127255006234358
2001-05-23 00:00:00,1.127255006234358
2001-05-24 00:00:00,1.127255006234358
2001-05-25 00:00:00,1.127255006234358
2001-05-29 00:00:00,1.127255006234358
2001-05-30 00:00:00,1.127255006234358
2001-05-31 00:00:00,1.127255006234358
2001-06-01 00:00:00,1.127255006234358
2001-06-04 00:00:00,1.127255006234358
2001-06-05 00:00:00,1.127255006234358
2001-06-06 00:00:00,1.127255006234358
2001-06-07 00:00:00,1.127255006234358
2001-06-08 00:00:00,1.127255006234358
2001-06-11 00:00:00,1.127255006234358
2001-06-12 00:00:00,1.127255006234358
2001-06-13 00:00:00,1.127255006234358
2001-06-14 00:00:00,1.127255006234358
2001-06-15 00:00:00,1.127255006234358
2001-06-18 00:00:00,1.127255006234358
2001-06-19 00:00:00,1.127255006234358
2001-06-20 00:00:00,1.127255006234358
2001-06-21 00:00:00,1.127255006234358
2001-06-22 00:00:00,1.127255006234358
2001-06-25 00:00:00,1.127255006234358
2001-06-26 00:00:00,1.127255006234358
2001-06-27 00:00:00,1.127255006234358
2001-06-28 00:00:00,1.127255006234358
2001-06-29 00:00:00,1.127255006234358
2001-07-02 00:00:00,1.127255006234358
2001-07-03 00:00:00,1.127255006234358
2001-07-05 00:00:00,1.127255006234358
2001-07-06 00:00:00,1.127255006234358
2001-07-09 00:00:00,1.127255006234358
2001-07-10 00:00:00,1.127255006234358
2001-07-11 00:00:00,1.127255006234358
2001-07-12 00:00:00,1.127255006234358
2001-07-13 00:00:00,1.127255006234358
2001-07-16 00:00:00,1.127255006234358
2001-07-17 00:00:00,1.127255006234358
2001-07-18 00:00:00,1.127255006234358
2001-07-19 00:00:00,1.127255006234358
2001-07-20 00:00:00,1.127255006234358
2001-07-23 00:00:00,1.127255006234358
2001-07-24 00:00:00,1.127255006234358
2001-07-25 00:00:00,1.127255006234358
2001-07-26 00:00:00,1.127255006234358
2001-07-27 00:00:00,1.127255006234358
2001-07-30 00:00:00,1.1272331190159428
2001-07-31 00:00:00,1.1272331190159428
2001-08-01 00:00:00,1.1272331190159428
2001-08-02 00:00:00,1.1272331190159428
2001-08-03 00:00:00,1.1272331190159428
2001-08-06 00:00:00,1.1272331190159428
2001-08-07 00:00:00,1.1272331190159428
2001-08-08 00:00:00,1.1272331190159428
2001-08-09 00:00:00,1.1272331190159428
2001-08-10 00:00:00,1.1272331190159428
2001-08-13 00:00:00,1.1272331190159428
2001-08-14 00:00:00,1.1272331190159428
2001-08-15 00:00:00,1.1272331190159428
2001-08-16 00:00:00,1.1272331190159428
2001-08-17 00:00:00,1.1272331190159428
2001-08-20 00:00:00,1.1272331190159428
2001-08-21 00:00:00,1.1272331190159428
2001-08-22 00:00:00,1.1272331190159428
2001-08-23 00:00:00,1.1272331190159428
2001-08-24 00:00:00,1.1272331190159428
2001-08-27 00:00:00,1.1272331190159428
2001-08-28 00:00:00,1.1272331190159428
2001-08-29 00:00:00,1.1272331190159428
2001-08-30 00:00:00,1.1272331190159428
2001-08-31 00:00:00,1.1272331190159428
2001-09-04 00:00:00,1.1272331190159428
2001-09-05 00:00:00,1.1272331190159428
2001-09-06 00:00:00,1.1272331190159428
2001-09-07 00:00:00,1.1272331190159428
2001-09-10 00:00:00,1.1272331190159428
2001-09-12 00:00:00,1.1272331190159428
2001-09-13 00:00:00,1.1272331190159428
2001-09-14 00:00:00,1.1272331190159428
2001-09-17 00:00:00,1.1272331190159428
2001-09-18 00:00:00,1.1272331190159428
2001-09-19 00:00:00,1.1272331190159428
2001-09-20 00:00:00,1.1272331190159428
2001-09-21 00:00:00,1.1272331190159428
2001-09-24 00:00:00,1.1272331190159428
2001-09-25 00:00:00,1.1272331190159428
2001-09-26 00:00:00,1.1272331190159428
2001-09-27 00:00:00,1.1272331190159428
2001-09-28 00:00:00,1.1272331190159428
2001-10-01 00:00:00,1.1272331190159428
2001-10-02 00:00:00,1.1272331190159428
2001-10-03 00:00:00,1.1272331190159428
2001-10-04 00:00:00,1.1272331190159428
2001-10-05 00:00:00,1.1272331190159428
2001-10-09 00:00:00,1.1272331190159428
2001-10-10 00:00:00,1.1272331190159428
2001-10-11 00:00:00,1.1272331190159428
2001-10-12 00:00:00,1.1272331190159428
2001-10-15 00:00:00,1.1272331190159428
2001-10-16 00:00:00,1.1272331190159428
2001-10-17 00:00:00,1.1272331190159428
2001-10-18 00:00:00,1.1272331190159428
2001-10-19 00:00:00,1.1272331190159428
2001-10-22 00:00:00,1.1272331190159428
2001-10-23 00:00:00,1.1272331190159428
2001-10-24 00:00:00,1.1272331190159428
2001-10-25 00:00:00,1.1272331190159428
2001-10-26 00:00:00,1.1272331190159428
2001-10-29 00:00:00,1.1272331190159428
2001-10-30 00:00:00,1.1272331190159428
2001-10-31 00:00:00,1.1272331190159428
2001-11-01 00:00:00,1.1272331190159428
2001-11-02 00:00:00,1.1272331190159428
2001-11-05 00:00:00,1.1272331190159428
2001-11-06 00:00:00,1.1288578201483612
2001-11-07 00:00:00,1.1334224566632505
2001-11-08 00:00:00,1.1245739474624974
2001-11-09 00:00:00,1.1245739474624974
2001-11-13 00:00:00,1.1245739474624974
2001-11-14 00:00:00,1.1245739474624974
2001-11-15 00:00:00,1.1245739474624974
2001-11-16 00:00:00,1.1245739474624974
2001-11-19 00:00:00,1.1245739474624974
2001-11-20 00:00:00,1.1245739474624974
2001-11-21 00:00:00,1.1245739474624974
2001-11-23 00:00:00,1.1245739474624974
2001-11-26 00:00:00,1.1245739474624974
2001-11-27 00:00:00,1.1245739474624974
2001-11-28 00:00:00,1.1245739474624974
2001-11-29 00:00:00,1.1245739474624974
2001-11-30 00:00:00,1.1245739474624974
2001-12-03 00:00:00,1.1245739474624974
2001-12-04 00:00:00,1.1245739474624974
2001-12-05 00:00:00,1.1245739474624974
2001-12-06 00:00:00,1.1245739474624974
2001-12-07 00:00:00,1.1245739474624974
2001-12-10 00:00:00,1.1245739474624974
2001-12-11 00:00:00,1.1245739474624974
2001-12-12 00:00:00,1.1245739474624974
2001-12-13 00:00:00,1.1245739474624974
2001-12-14 00:00:00,1.1245739474624974
2001-12-17 00:00:00,1.1245739474624974
2001-12-18 00:00:00,1.1245739474624974
2001-12-19 00:00:00,1.1245739474624974
2001-12-20 00:00:00,1.1245739474624974
2001-12-21 00:00:00,1.1180943364888825
2001-12-24 00:00:00,1.1180943364888825
2001-12-26 00:00:00,1.1180943364888825
2001-12-27 00:00:00,1.1180943364888825
2001-12-28 00:00:00,1.1180943364888825
2001-12-31 00:00:00,1.1180943364888825
2002-01-02 00:00:00,1.1180943364888825
2002-01-03 00:00:00,1.1180943364888825
2002-01-04 00:00:00,1.1180943364888825
2002-01-07 00:00:00,1.1180943364888825
2002-01-08 00:00:00,1.1180943364888825
2002-01-09 00:00:00,1.1180943364888825
2002-01-10 00:00:00,1.1180943364888825
2002-01-11 00:00:00,1.1180943364888825
2002-01-14 00:00:00,1.1180943364888825
2002-01-15 00:00:00,1.1180943364888825
2002-01-16 00:00:00,1.1180943364888825
2002-01-17 00:00:00,1.1180943364888825
2002-01-18 00:00:00,1.1180943364888825
2002-01-22 00:00:00,1.1180943364888825
2002-01-23 00:00:00,1.1180943364888825
2002-01-24 00:00:00,1.1180943364888825
2002-01-25 00:00:00,1.1180943364888825
2002-01-28 00:00:00,1.1180943364888825
2002-01-29 00:00:00,1.1180943364888825
2002-01-30 00:00:00,1.1180943364888825
2002-01-31 00:00:00,1.1180943364888825
2002-02-01 00:00:00,1.1180943364888825
2002-02-04 00:00:00,1.1180943364888825
2002-02-05 00:00:00,1.1180943364888825
2002-02-06 00:00:00,1.1180943364888825
2002-02-07 00:00:00,1.1180943364888825
2002-02-08 00:00:00,1.1180943364888825
2002-02-11 00:00:00,1.1180943364888825
2002-02-12 00:00:00,1.1180943364888825
2002-02-13 00:00:00,1.1180943364888825
2002-02-14 00:00:00,1.1180943364888825
2002-02-15 00:00:00,1.1180943364888825
2002-02-19 00:00:00,1.1180943364888825
2002-02-20 00:00:00,1.1180943364888825
2002-02-21 00:00:00,1.1180943364888825
2002-02-22 00:00:00,1.1180943364888825
2002-02-25 00:00:00,1.1180943364888825
2002-02-26 00:00:00,1.1180943364888825
2002-02-27 00:00:00,1.1180943364888825
2002-02-28 00:00:00,1.1180943364888825
2002-03-01 00:00:00,1.1180943364888825
2002-03-04 00:00:00,1.1180943364888825
2002-03-05 00:00:00,1.1180943364888825
2002-03-06 00:00:00,1.1180943364888825
2002-03-07 00:00:00,1.1180943364888825
2002-03-08 00:00:00,1.1180943364888825
2002-03-11 00:00:00,1.1180943364888825
2002-03-12 00:00:00,1.1180943364888825
2002-03-13 00:00:00,1.1180943364888825
2002-03-14 00:00:00,1.1180943364888825
2002-03-15 00:00:00,1.1180943364888825
2002-03-18 00:00:00,1.1180943364888825
2002-03-19 00:00:00,1.1180943364888825
2002-03-20 00:00:00,1.1180943364888825
2002-03-21 00:00:00,1.1180943364888825
2002-03-22 00:00:00,1.1180943364888825
2002-03-25 00:00:00,1.1180943364888825
2002-03-26 00:00:00,1.1180943364888825
2002-03-27 00:00:00,1.1180943364888825
2002-03-28 00:00:00,1.1180943364888825
2002-03-29 00:00:00,1.1180943364888825
2002-04-01 00:00:00,1.1180943364888825
2002-04-02 00:00:00,1.1180943364888825
2002-04-03 00:00:00,1.1180943364888825
2002-04-04 00:00:00,1.1180943364888825
2002-04-05 00:00:00,1.1180943364888825
2002-04-08 00:00:00,1.1146422689224615
2002-04-09 00:00:00,1.1146422689224615
2002-04-10 00:00:00,1.1146422689224615
2002-04-11 00:00:00,1.1146422689224615
2002-04-12 00:00:00,1.1146422689224615
2002-04-15 00:00:00,1.1146422689224615
2002-04-16 00:00:00,1.1146422689224615
2002-04-17 00:00:00,1.1146422689224615
2002-04-18 00:00:00,1.1146422689224615
2002-04-19 00:00:00,1.1146422689224615
2002-04-22 00:00:00,1.1146422689224615
2002-04-23 00:00:00,1.1146422689224615
2002-04-24 00:00:00,1.1146422689224615
2002-04-25 00:00:00,1.1146422689224615
2002-04-26 00:00:00,1.1146422689224615
2002-04-29 00:00:00,1.1146422689224615
2002-04-30 00:00:00,1.1146422689224615
2002-05-01 00:00:00,1.1146422689224615
2002-05-02 00:00:00,1.1146422689224615
2002-05-03 00:00:00,1.1146422689224615
2002-05-06 00:00:00,1.1146422689224615
2002-05-07 00:00:00,1.1146422689224615
2002-05-08 00:00:00,1.1146422689224615
2002-05-09 00:00:00,1.1146422689224615
2002-05-10 00:00:00,1.1146422689224615
2002-05-13 00:00:00,1.1146422689224615
2002-05-14 00:00:00,1.1146422689224615
2002-05-15 00:00:00,1.1146422689224615
2002-05-16 00:00:00,1.1146422689224615
2002-05-17 00:00:00,1.1146422689224615
2002-05-20 00:00:00,1.1146422689224615
2002-05-21 00:00:00,1.1146422689224615
2002-05-22 00:00:00,1.1146422689224615
2002-05-23 00:00:00,1.1146422689224615
2002-05-24 00:00:00,1.1146422689224615
2002-05-28 00:00:00,1.1146422689224615
2002-05-29 00:00:00,1.1146422689224615
2002-05-30 00:00:00,1.1146422689224615
2002-05-31 00:00:00,1.1146422689224615
2002-06-03 00:00:00,1.1146422689224615
2002-06-04 00:00:00,1.1146422689224615
2002-06-05 00:00:00,1.1146422689224615
2002-06-06 00:00:00,1.1146422689224615
2002-06-07 00:00:00,1.1146422689224615
2002-06-10 00:00:00,1.1146422689224615
2002-06-11 00:00:00,1.1146422689224615
2002-06-12 00:00:00,1.1146422689224615
2002-06-13 00:00:00,1.1146422689224615
2002-06-14 00:00:00,1.1146422689224615
2002-06-17 00:00:00,1.1146422689224615
2002-06-18 00:00:00,1.1146422689224615
2002-06-19 00:00:00,1.1146422689224615
2002-06-20 00:00:00,1.1146422689224615
2002-06-21 00:00:00,1.1146422689224615
2002-06-24 00:00:00,1.1146422689224615
2002-06-25 00:00:00,1.1146422689224615
2002-06-26 00:00:00,1.1146422689224615
2002-06-27 00:00:00,1.1146422689224615
2002-06-28 00:00:00,1.1146422689224615
2002-07-01 00:00:00,1.1146422689224615
2002-07-02 00:00:00,1.1146422689224615
2002-07-03 00:00:00,1.1146422689224615
2002-07-05 00:00:00,1.1146422689224615
2002-07-08 00:00:00,1.1146422689224615
2002-07-09 00:00:00,1.1146422689224615
2002-07-10 00:00:00,1.1146422689224615
2002-07-11 00:00:00,1.1146422689224615
2002-07-12 00:00:00,1.1146422689224615
2002-07-15 00:00:00,1.1146422689224615
2002-07-16 00:00:00,1.1146422689224615
2002-07-17 00:00:00,1.1146422689224615
2002-07-18 00:00:00,1.1146422689224615
2002-07-19 00:00:00,1.1146422689224615
2002-07-22 00:00:00,1.1146422689224615
2002-07-23 00:00:00,1.1146422689224615
2002-07-24 00:00:00,1.1146422689224615
2002-07-25 00:00:00,1.1146422689224615
2002-07-26 00:00:00,1.1146422689224615
2002-07-29 00:00:00,1.1146422689224615
2002-07-30 00:00:00,1.1146422689224615
2002-07-31 00:00:00,1.1146422689224615
2002-08-01 00:00:00,1.1146422689224615
2002-08-02 00:00:00,1.1146422689224615
2002-08-05 00:00:00,1.1146422689224615
2002-08-06 00:00:00,1.1146422689224615
2002-08-07 00:00:00,1.1146422689224615
2002-08-08 00:00:00,1.1146422689224615
2002-08-09 00:00:00,1.1146422689224615
2002-08-12 00:00:00,1.1146422689224615
2002-08-13 00:00:00,1.1146422689224615
2002-08-14 00:00:00,1.1146422689224615
2002-08-15 00:00:00,1.1146422689224615
2002-08-16 00:00:00,1.1146422689224615
2002-08-19 00:00:00,1.1146422689224615
2002-08-20 00:00:00,1.1146422689224615
2002-08-21 00:00:00,1.1146422689224615
2002-08-22 00:00:00,1.1146422689224615
2002-08-23 00:00:00,1.1146422689224615
2002-08-26 00:00:00,1.1146422689224615
2002-08-27 00:00:00,1.1146422689224615
2002-08-28 00:00:00,1.1146422689224615
2002-08-29 00:00:00,1.1146422689224615
2002-08-30 00:00:00,1.1146422689224615
2002-09-03 00:00:00,1.1146422689224615
2002-09-04 00:00:00,1.1146422689224615
2002-09-05 00:00:00,1.1146422689224615
2002-09-06 00:00:00,1.1146422689224615
2002-09-09 00:00:00,1.1146422689224615
2002-09-10 00:00:00,1.1146422689224615
2002-09-11 00:00:00,1.1146422689224615
2002-09-12 00:00:00,1.1146422689224615
2002-09-13 00:00:00,1.1146422689224615
2002-09-16 00:00:00,1.1146422689224615
2002-09-17 00:00:00,1.1146422689224615
2002-09-18 00:00:00,1.1146422689224615
2002-09-19 00:00:00,1.1146422689224615
2002-09-20 00:00:00,1.1146422689224615
2002-09-23 00:00:00,1.1146422689224615
2002-09-24 00:00:00,1.1146422689224615
2002-09-25 00:00:00,1.1146422689224615
2002-09-26 00:00:00,1.1146422689224615
2002-09-27 00:00:00,1.1146422689224615
2002-09-30 00:00:00,1.1146422689224615
2002-10-01 00:00:00,1.1146422689224615
2002-10-02 00:00:00,1.1146422689224615
2002-10-03 00:00:00,1.1146422689224615
2002-10-04 00:00:00,1.1146422689224615
2002-10-07 00:00:00,1.1146422689224615
2002-10-08 00:00:00,1.1146422689224615
2002-10-09 00:00:00,1.1146422689224615
2002-10-10 00:00:00,1.1146422689224615
2002-10-11 00:00:00,1.1146422689224615
2002-10-15 00:00:00,1.1146422689224615
2002-10-16 00:00:00,1.1146422689224615
2002-10-17 00:00:00,1.1146422689224615
2002-10-18 00:00:00,1.1146422689224615
2002-10-21 00:00:00,1.1146422689224615
2002-10-22 00:00:00,1.1146422689224615
2002-10-23 00:00:00,1.1146422689224615
2002-10-24 00:00:00,1.1146422689224615
2002-10-25 00:00:00,1.1146422689224615
2002-10-28 00:00:00,1.1146422689224615
2002-10-29 00:00:00,1.1146422689224615
2002-10-30 00:00:00,1.1146422689224615
2002-10-31 00:00:00,1.1146422689224615
2002-11-01 00:00:00,1.1146422689224615
2002-11-04 00:00:00,1.1080134333290488
2002-11-05 00:00:00,1.1137156574954252
2002-11-06 00:00:00,1.1112209344226354
2002-11-07 00:00:00,1.1259041616510552
2002-11-08 00:00:00,1.1343862200985404
2002-11-12 00:00:00,1.131820219223671
2002-11-13 00:00:00,1.1297531629633593
2002-11-14 00:00:00,1.1253339392344175
2002-11-15 00:00:00,1.1254764948385771
2002-11-18 00:00:00,1.1254764948385771
2002-11-19 00:00:00,1.1318914970257508
2002-11-20 00:00:00,1.1226253827553887
2002-11-21 00:00:00,1.1228392161616276
2002-11-22 00:00:00,1.1246211612136208
2002-11-25 00:00:00,1.1167093251827729
2002-11-26 00:00:00,1.1034023725235895
2002-11-27 00:00:00,1.1034023725235895
2002-11-29 00:00:00,1.1034023725235895
2002-12-02 00:00:00,1.1034023725235895
2002-12-03 00:00:00,1.1034023725235895
2002-12-04 00:00:00,1.1034023725235895
2002-12-05 00:00:00,1.1034023725235895
2002-12-06 00:00:00,1.1034023725235895
2002-12-09 00:00:00,1.1034023725235895
2002-12-10 00:00:00,1.1034023725235895
2002-12-11 00:00:00,1.1034023725235895
2002-12-12 00:00:00,1.1034023725235895
2002-12-13 00:00:00,1.1034023725235895
2002-12-16 00:00:00,1.1034023725235895
2002-12-17 00:00:00,1.1034023725235895
2002-12-18 00:00:00,1.1034023725235895
2002-12-19 00:00:00,1.1034023725235895
2002-12-20 00:00:00,1.1034023725235895
2002-12-23 00:00:00,1.1034023725235895
2002-12-24 00:00:00,1.1034023725235895
2002-12-26 00:00:00,1.1034023725235895
2002-12-27 00:00:00,1.1034023725235895
2002-12-30 00:00:00,1.1034023725235895
2002-12-31 00:00:00,1.1034023725235895
2003-01-02 00:00:00,1.1034023725235895
2003-01-03 00:00:00,1.1034023725235895
2003-01-06 00:00:00,1.1034023725235895
2003-01-07 00:00:00,1.1034023725235895
2003-01-08 00:00:00,1.1034023725235895
2003-01-09 00:00:00,1.1034023725235895
2003-01-10 00:00:00,1.1034023725235895
2003-01-13 00:00:00,1.1034023725235895
2003-01-14 00:00:00,1.1034023725235895
2003-01-15 00:00:00,1.1034023725235895
2003-01-16 00:00:00,1.1034023725235895
2003-01-17 00:00:00,1.1034023725235895
2003-01-21 00:00:00,1.1034023725235895
2003-01-22 00:00:00,1.1034023725235895
2003-01-23 00:00:00,1.1034023725235895
2003-01-24 00:00:00,1.1034023725235895
2003-01-27 00:00:00,1.1034023725235895
2003-01-28 00:00:00,1.1034023725235895
2003-01-29 00:00:00,1.1034023725235895
2003-01-30 00:00:00,1.1034023725235895
2003-01-31 00:00:00,1.1034023725235895
2003-02-03 00:00:00,1.1034023725235895
2003-02-04 00:00:00,1.1034023725235895
2003-02-05 00:00:00,1.1034023725235895
2003-02-06 00:00:00,1.1034023725235895
2003-02-07 00:00:00,1.1034023725235895
2003-02-10 00:00:00,1.1034023725235895
2003-02-11 00:00:00,1.1034023725235895
2003-02-12 00:00:00,1.1034023725235895
2003-02-13 00:00:00,1.1034023725235895
2003-02-14 00:00:00,1.1034023725235895
2003-02-18 00:00:00,1.1034023725235895
2003-02-19 00:00:00,1.1034023725235895
2003-02-20 00:00:00,1.1034023725235895
2003-02-21 00:00:00,1.1034023725235895
2003-02-24 00:00:00,1.1034023725235895
2003-02-25 00:00:00,1.1034023725235895
2003-02-26 00:00:00,1.1034023725235895
2003-02-27 00:00:00,1.1034023725235895
2003-02-28 00:00:00,1.1034023725235895
2003-03-03 00:00:00,1.1034023725235895
2003-03-04 00:00:00,1.1034023725235895
2003-03-05 00:00:00,1.1034023725235895
2003-03-06 00:00:00,1.1034023725235895
2003-03-07 00:00:00,1.1034023725235895
2003-03-10 00:00:00,1.1034023725235895
2003-03-11 00:00:00,1.1034023725235895
2003-03-12 00:00:00,1.1034023725235895
2003-03-13 00:00:00,1.1034023725235895
2003-03-14 00:00:00,1.1034023725235895
2003-03-17 00:00:00,1.1034023725235895
2003-03-18 00:00:00,1.1034023725235895
2003-03-19 00:00:00,1.1034023725235895
2003-03-20 00:00:00,1.1034023725235895
2003-03-21 00:00:00,1.1034023725235895
2003-03-24 00:00:00,1.1034023725235895
2003-03-25 00:00:00,1.1034023725235895
2003-03-26 00:00:00,1.1034023725235895
2003-03-27 00:00:00,1.1034023725235895
2003-03-28 00:00:00,1.1034023725235895
2003-03-31 00:00:00,1.1034023725235895
2003-04-01 00:00:00,1.1034023725235895
2003-04-02 00:00:00,1.1034023725235895
2003-04-03 00:00:00,1.1034023725235895
2003-04-04 00:00:00,1.1034023725235895
2003-04-07 00:00:00,1.1034023725235895
2003-04-08 00:00:00,1.1034023725235895
2003-04-09 00:00:00,1.1034023725235895
2003-04-10 00:00:00,1.1034023725235895
2003-04-11 00:00:00,1.1034023725235895
2003-04-14 00:00:00,1.1034023725235895
2003-04-15 00:00:00,1.1034023725235895
2003-04-16 00:00:00,1.1034023725235895
2003-04-17 00:00:00,1.1034023725235895
2003-04-18 00:00:00,1.1034023725235895
2003-04-21 00:00:00,1.1034023725235895
2003-04-22 00:00:00,1.1034023725235895
2003-04-23 00:00:00,1.1034023725235895
2003-04-24 00:00:00,1.1034023725235895
2003-04-25 00:00:00,1.1034023725235895
2003-04-28 00:00:00,1.1034023725235895
2003-04-29 00:00:00,1.1034023725235895
2003-04-30 00:00:00,1.1034023725235895
2003-05-01 00:00:00,1.1034023725235895
2003-05-02 00:00:00,1.1034023725235895
2003-05-05 00:00:00,1.1034023725235895
2003-05-06 00:00:00,1.1085677521730957
2003-05-07 00:00:00,1.1085677521730957
2003-05-08 00:00:00,1.1085677521730957
2003-05-09 00:00:00,1.1085677521730957
2003-05-12 00:00:00,1.1085677521730957
2003-05-13 00:00:00,1.1085677521730957
2003-05-14 00:00:00,1.1085677521730957
2003-05-15 00:00:00,1.1085677521730957
2003-05-16 00:00:00,1.1085677521730957
2003-05-19 00:00:00,1.1085677521730957
2003-05-20 00:00:00,1.1085677521730957
2003-05-21 00:00:00,1.1085677521730957
2003-05-22 00:00:00,1.1085677521730957
2003-05-23 00:00:00,1.1085677521730957
2003-05-27 00:00:00,1.1085677521730957
2003-05-28 00:00:00,1.1085677521730957
2003-05-29 00:00:00,1.1085677521730957
2003-05-30 00:00:00,1.1085677521730957
2003-06-02 00:00:00,1.1085677521730957
2003-06-03 00:00:00,1.1085677521730957
2003-06-04 00:00:00,1.1085677521730957
2003-06-05 00:00:00,1.1085677521730957
2003-06-06 00:00:00,1.1085677521730957
2003-06-09 00:00:00,1.1085677521730957
2003-06-10 00:00:00,1.1085677521730957
2003-06-11 00:00:00,1.1085677521730957
2003-06-12 00:00:00,1.1085677521730957
2003-06-13 00:00:00,1.1085677521730957
2003-06-16 00:00:00,1.1085677521730957
2003-06-17 00:00:00,1.1085677521730957
2003-06-18 00:00:00,1.1085677521730957
2003-06-19 00:00:00,1.1085677521730957
2003-06-20 00:00:00,1.1085677521730957
2003-06-23 00:00:00,1.1085677521730957
2003-06-24 00:00:00,1.1085677521730957
2003-06-25 00:00:00,1.1085677521730957
2003-06-26 00:00:00,1.1085677521730957
2003-06-27 00:00:00,1.1085677521730957
2003-06-30 00:00:00,1.1085677521730957
2003-07-01 00:00:00,1.1085677521730957
2003-07-02 00:00:00,1.1085677521730957
2003-07-03 00:00:00,1.1085677521730957
2003-07-07 00:00:00,1.1085677521730957
2003-07-08 00:00:00,1.1085677521730957
2003-07-09 00:00:00,1.1085677521730957
2003-07-10 00:00:00,1.1085677521730957
2003-07-11 00:00:00,1.1085677521730957
2003-07-14 00:00:00,1.1085677521730957
2003-07-15 00:00:00,1.1085677521730957
2003-07-16 00:00:00,1.1085677521730957
2003-07-17 00:00:00,1.1085677521730957
2003-07-18 00:00:00,1.1085677521730957
2003-07-21 00:00:00,1.1085677521730957
2003-07-22 00:00:00,1.1085677521730957
2003-07-23 00:00:00,1.1085677521730957
2003-07-24 00:00:00,1.1085677521730957
2003-07-25 00:00:00,1.1085677521730957
2003-07-28 00:00:00,1.1085677521730957
2003-07-29 00:00:00,1.1085677521730957
2003-07-30 00:00:00,1.1085677521730957
2003-07-31 00:00:00,1.1085677521730957
2003-08-01 00:00:00,1.1085677521730957
2003-08-04 00:00:00,1.1085677521730957
2003-08-05 00:00:00,1.1085677521730957
2003-08-06 00:00:00,1.1085677521730957
2003-08-07 00:00:00,1.1085677521730957
2003-08-08 00:00:00,1.1085677521730957
2003-08-11 00:00:00,1.1085677521730957
2003-08-12 00:00:00,1.1085677521730957
2003-08-13 00:00:00,1.1085677521730957
2003-08-14 00:00:00,1.1085677521730957
2003-08-15 00:00:00,1.1085677521730957
2003-08-18 00:00:00,1.1085677521730957
2003-08-19 00:00:00,1.1085677521730957
2003-08-20 00:00:00,1.1085677521730957
2003-08-21 00:00:00,1.1085677521730957
2003-08-22 00:00:00,1.1085677521730957
2003-08-25 00:00:00,1.1085677521730957
2003-08-26 00:00:00,1.1085677521730957
2003-08-27 00:00:00,1.1085677521730957
2003-08-28 00:00:00,1.1085677521730957
2003-08-29 00:00:00,1.1085677521730957
2003-09-02 00:00:00,1.1085677521730957
2003-09-03 00:00:00,1.1085677521730957
2003-09-04 00:00:00,1.1085677521730957
2003-09-05 00:00:00,1.1085677521730957
2003-09-08 00:00:00,1.1085677521730957
2003-09-09 00:00:00,1.1085677521730957
2003-09-10 00:00:00,1.1085677521730957
2003-09-11 00:00:00,1.1085677521730957
2003-09-12 00:00:00,1.1085677521730957
2003-09-15 00:00:00,1.1085677521730957
2003-09-16 00:00:00,1.1085677521730957
2003-09-17 00:00:00,1.1085677521730957
2003-09-18 00:00:00,1.1085677521730957
2003-09-19 00:00:00,1.1085677521730957
2003-09-22 00:00:00,1.1085677521730957
2003-09-23 00:00:00,1.1085677521730957
2003-09-24 00:00:00,1.1085677521730957
2003-09-25 00:00:00,1.1085677521730957
2003-09-26 00:00:00,1.1089035171414527
2003-09-29 00:00:00,1.1089035171414527
2003-09-30 00:00:00,1.1089035171414527
2003-10-01 00:00:00,1.1089035171414527
2003-10-02 00:00:00,1.1089035171414527
2003-10-03 00:00:00,1.1089035171414527
2003-10-06 00:00:00,1.1089035171414527
2003-10-07 00:00:00,1.1089035171414527
2003-10-08 00:00:00,1.1089035171414527
2003-10-09 00:00:00,1.1089035171414527
2003-10-10 00:00:00,1.1089035171414527
2003-10-14 00:00:00,1.1089035171414527
2003-10-15 00:00:00,1.1089035171414527
2003-10-16 00:00:00,1.1089035171414527
2003-10-17 00:00:00,1.1089035171414527
2003-10-20 00:00:00,1.1089035171414527
2003-10-21 00:00:00,1.1089035171414527
2003-10-22 00:00:00,1.1089035171414527
2003-10-23 00:00:00,1.1089035171414527
2003-10-24 00:00:00,1.1089035171414527
2003-10-27 00:00:00,1.1089035171414527
2003-10-28 00:00:00,1.1089035171414527
2003-10-29 00:00:00,1.1089035171414527
2003-10-30 00:00:00,1.1089035171414527
2003-10-31 00:00:00,1.1089035171414527
2003-11-03 00:00:00,1.1089035171414527
2003-11-04 00:00:00,1.1089035171414527
2003-11-05 00:00:00,1.1089035171414527
2003-11-06 00:00:00,1.1089035171414527
2003-11-07 00:00:00,1.1089035171414527
2003-11-10 00:00:00,1.1089035171414527
2003-11-12 00:00:00,1.1089035171414527
2003-11-13 00:00:00,1.1089035171414527
2003-11-14 00:00:00,1.1089035171414527
2003-11-17 00:00:00,1.1089035171414527
2003-11-18 00:00:00,1.1089035171414527
2003-11-19 00:00:00,1.1089035171414527
2003-11-20 00:00:00,1.1089035171414527
2003-11-21 00:00:00,1.1089035171414527
2003-11-24 00:00:00,1.1089035171414527
2003-11-25 00:00:00,1.1089035171414527
2003-11-26 00:00:00,1.1089035171414527
2003-11-28 00:00:00,1.1089035171414527
2003-12-01 00:00:00,1.1089035171414527
2003-12-02 00:00:00,1.1089035171414527
2003-12-03 00:00:00,1.1089035171414527
2003-12-04 00:00:00,1.1089035171414527
2003-12-05 00:00:00,1.1089035171414527
2003-12-08 00:00:00,1.1089035171414527
2003-12-09 00:00:00,1.1089035171414527
2003-12-10 00:00:00,1.1089035171414527
2003-12-11 00:00:00,1.1089035171414527
2003-12-12 00:00:00,1.1089035171414527
2003-12-15 00:00:00,1.1089035171414527
2003-12-16 00:00:00,1.1089035171414527
2003-12-17 00:00:00,1.1089035171414527
2003-12-18 00:00:00,1.1089035171414527
2003-12-19 00:00:00,1.1089035171414527
2003-12-22 00:00:00,1.1089035171414527
2003-12-23 00:00:00,1.1089035171414527
2003-12-24 00:00:00,1.1089035171414527
2003-12-26 00:00:00,1.1089035171414527
2003-12-29 00:00:00,1.1089035171414527
2003-12-30 00:00:00,1.1089035171414527
2003-12-31 00:00:00,1.1089035171414527
2004-01-02 00:00:00,1.1089035171414527
2004-01-05 00:00:00,1.1089035171414527
2004-01-06 00:00:00,1.1089035171414527
2004-01-07 00:00:00,1.1089035171414527
2004-01-08 00:00:00,1.1089035171414527
2004-01-09 00:00:00,1.1089035171414527
2004-01-12 00:00:00,1.1089035171414527
2004-01-13 00:00:00,1.1089035171414527
2004-01-14 00:00:00,1.1089035171414527
2004-01-15 00:00:00,1.1089035171414527
2004-01-16 00:00:00,1.1089035171414527
2004-01-20 00:00:00,1.1089035171414527
2004-01-21 00:00:00,1.1089035171414527
2004-01-22 00:00:00,1.1089035171414527
2004-01-23 00:00:00,1.1089035171414527
2004-01-26 00:00:00,1.1089035171414527
2004-01-27 00:00:00,1.1089035171414527
2004-01-28 00:00:00,1.1089035171414527
2004-01-29 00:00:00,1.1089035171414527
2004-01-30 00:00:00,1.1089035171414527
2004-02-02 00:00:00,1.1089035171414527
2004-02-03 00:00:00,1.1089035171414527
2004-02-04 00:00:00,1.1089035171414527
2004-02-05 00:00:00,1.1089035171414527
2004-02-06 00:00:00,1.1089035171414527
2004-02-09 00:00:00,1.1089035171414527
2004-02-10 00:00:00,1.1089035171414527
2004-02-11 00:00:00,1.1089035171414527
2004-02-12 00:00:00,1.1089035171414527
2004-02-13 00:00:00,1.1089035171414527
2004-02-17 00:00:00,1.1089035171414527
2004-02-18 00:00:00,1.1089035171414527
2004-02-19 00:00:00,1.1089035171414527
2004-02-20 00:00:00,1.1089035171414527
2004-02-23 00:00:00,1.1089035171414527
2004-02-24 00:00:00,1.1089035171414527
2004-02-25 00:00:00,1.1089035171414527
2004-02-26 00:00:00,1.1089035171414527
2004-02-27 00:00:00,1.1089035171414527
2004-03-01 00:00:00,1.1089035171414527
2004-03-02 00:00:00,1.1089035171414527
2004-03-03 00:00:00,1.1089035171414527
2004-03-04 00:00:00,1.1089035171414527
2004-03-05 00:00:00,1.1089035171414527
2004-03-08 00:00:00,1.1089035171414527
2004-03-09 00:00:00,1.1089035171414527
2004-03-10 00:00:00,1.1089035171414527
2004-03-11 00:00:00,1.1089035171414527
2004-03-12 00:00:00,1.1089035171414527
2004-03-15 00:00:00,1.1089035171414527
2004-03-16 00:00:00,1.1089035171414527
2004-03-17 00:00:00,1.1089035171414527
2004-03-18 00:00:00,1.1089035171414527
2004-03-19 00:00:00,1.1089035171414527
2004-03-22 00:00:00,1.1089035171414527
2004-03-23 00:00:00,1.1089035171414527
2004-03-24 00:00:00,1.1089035171414527
2004-03-25 00:00:00,1.1089035171414527
2004-03-26 00:00:00,1.1089035171414527
2004-03-29 00:00:00,1.1089035171414527
2004-03-30 00:00:00,1.1089035171414527
2004-03-31 00:00:00,1.1089035171414527
2004-04-01 00:00:00,1.1089035171414527
2004-04-02 00:00:00,1.1089035171414527
2004-04-05 00:00:00,1.1089035171414527
2004-04-06 00:00:00,1.1089035171414527
2004-04-07 00:00:00,1.1089035171414527
2004-04-08 00:00:00,1.1089035171414527
2004-04-09 00:00:00,1.1089035171414527
2004-04-12 00:00:00,1.1089035171414527
2004-04-13 00:00:00,1.1089035171414527
2004-04-14 00:00:00,1.1089035171414527
2004-04-15 00:00:00,1.1089035171414527
2004-04-16 00:00:00,1.1089035171414527
2004-04-19 00:00:00,1.1089035171414527
2004-04-20 00:00:00,1.1089035171414527
2004-04-21 00:00:00,1.1089035171414527
2004-04-22 00:00:00,1.1089035171414527
2004-04-23 00:00:00,1.1089035171414527
2004-04-26 00:00:00,1.1089035171414527
2004-04-27 00:00:00,1.1089035171414527
2004-04-28 00:00:00,1.1089035171414527
2004-04-29 00:00:00,1.1089035171414527
2004-04-30 00:00:00,1.1089035171414527
2004-05-03 00:00:00,1.1089035171414527
2004-05-04 00:00:00,1.1089035171414527
2004-05-05 00:00:00,1.1089035171414527
2004-05-06 00:00:00,1.1089035171414527
2004-05-07 00:00:00,1.1089035171414527
2004-05-10 00:00:00,1.1089035171414527
2004-05-11 00:00:00,1.1089035171414527
2004-05-12 00:00:00,1.1089035171414527
2004-05-13 00:00:00,1.1089035171414527
2004-05-14 00:00:00,1.1089035171414527
2004-05-17 00:00:00,1.1089035171414527
2004-05-18 00:00:00,1.1089035171414527
2004-05-19 00:00:00,1.1089035171414527
2004-05-20 00:00:00,1.1089035171414527
2004-05-21 00:00:00,1.1089035171414527
2004-05-24 00:00:00,1.1089035171414527
2004-05-25 00:00:00,1.1089035171414527
2004-05-26 00:00:00,1.1089035171414527
2004-05-27 00:00:00,1.1089035171414527
2004-05-28 00:00:00,1.1089035171414527
2004-06-01 00:00:00,1.1089035171414527
2004-06-02 00:00:00,1.1089035171414527
2004-06-03 00:00:00,1.1089035171414527
2004-06-04 00:00:00,1.1089035171414527
2004-06-07 00:00:00,1.1097179668368784
2004-06-08 00:00:00,1.1097179668368784
2004-06-09 00:00:00,1.1097179668368784
2004-06-10 00:00:00,1.1097179668368784
2004-06-11 00:00:00,1.1097179668368784
2004-06-14 00:00:00,1.1097179668368784
2004-06-15 00:00:00,1.1097179668368784
2004-06-16 00:00:00,1.1097179668368784
2004-06-17 00:00:00,1.1097179668368784
2004-06-18 00:00:00,1.1097179668368784
2004-06-21 00:00:00,1.1097179668368784
2004-06-22 00:00:00,1.1097179668368784
2004-06-23 00:00:00,1.1097179668368784
2004-06-24 00:00:00,1.1097179668368784
2004-06-25 00:00:00,1.1097179668368784
2004-06-28 00:00:00,1.1097179668368784
2004-06-29 00:00:00,1.1097179668368784
2004-06-30 00:00:00,1.1097179668368784
2004-07-01 00:00:00,1.1097179668368784
2004-07-02 00:00:00,1.1097179668368784
2004-07-06 00:00:00,1.1097179668368784
2004-07-07 00:00:00,1.1097179668368784
2004-07-08 00:00:00,1.1097179668368784
2004-07-09 00:00:00,1.1097179668368784
2004-07-12 00:00:00,1.1097179668368784
2004-07-13 00:00:00,1.1097179668368784
2004-07-14 00:00:00,1.1097179668368784
2004-07-15 00:00:00,1.1097179668368784
2004-07-16 00:00:00,1.1097179668368784
2004-07-19 00:00:00,1.1097179668368784
2004-07-20 00:00:00,1.1097179668368784
2004-07-21 00:00:00,1.1097179668368784
2004-07-22 00:00:00,1.1097179668368784
2004-07-23 00:00:00,1.1097179668368784
2004-07-26 00:00:00,1.1097179668368784
2004-07-27 00:00:00,1.1097179668368784
2004-07-28 00:00:00,1.1097179668368784
2004-07-29 00:00:00,1.1097179668368784
2004-07-30 00:00:00,1.1097179668368784
2004-08-02 00:00:00,1.1097179668368784
2004-08-03 00:00:00,1.1097179668368784
2004-08-04 00:00:00,1.1097179668368784
2004-08-05 00:00:00,1.1097179668368784
2004-08-06 00:00:00,1.1097179668368784
2004-08-09 00:00:00,1.1097179668368784
2004-08-10 00:00:00,1.1097179668368784
2004-08-11 00:00:00,1.1097179668368784
2004-08-12 00:00:00,1.1097179668368784
2004-08-13 00:00:00,1.1097179668368784
2004-08-16 00:00:00,1.1097179668368784
2004-08-17 00:00:00,1.1097179668368784
2004-08-18 00:00:00,1.1097179668368784
2004-08-19 00:00:00,1.1097179668368784
2004-08-20 00:00:00,1.1097179668368784
2004-08-23 00:00:00,1.1097179668368784
2004-08-24 00:00:00,1.1097179668368784
2004-08-25 00:00:00,1.1097179668368784
2004-08-26 00:00:00,1.1097179668368784
2004-08-27 00:00:00,1.1097179668368784
2004-08-30 00:00:00,1.1097179668368784
2004-08-31 00:00:00,1.1097179668368784
2004-09-01 00:00:00,1.1097179668368784
2004-09-02 00:00:00,1.1097179668368784
2004-09-03 00:00:00,1.1097179668368784
2004-09-07 00:00:00,1.1097179668368784
2004-09-08 00:00:00,1.1097179668368784
2004-09-09 00:00:00,1.1097179668368784
2004-09-10 00:00:00,1.1097179668368784
2004-09-13 00:00:00,1.1097179668368784
2004-09-14 00:00:00,1.1097179668368784
2004-09-15 00:00:00,1.1097179668368784
2004-09-16 00:00:00,1.1097179668368784
2004-09-17 00:00:00,1.1097179668368784
2004-09-20 00:00:00,1.1097179668368784
2004-09-21 00:00:00,1.1097179668368784
2004-09-22 00:00:00,1.1097179668368784
2004-09-23 00:00:00,1.1097179668368784
2004-09-24 00:00:00,1.1097179668368784
2004-09-27 00:00:00,1.1097179668368784
2004-09-28 00:00:00,1.1097179668368784
2004-09-29 00:00:00,1.1097179668368784
2004-09-30 00:00:00,1.1097179668368784
2004-10-01 00:00:00,1.1097179668368784
2004-10-04 00:00:00,1.1097179668368784
2004-10-05 00:00:00,1.1097179668368784
2004-10-06 00:00:00,1.1097179668368784
2004-10-07 00:00:00,1.1097179668368784
2004-10-08 00:00:00,1.1097179668368784
2004-10-12 00:00:00,1.1097179668368784
2004-10-13 00:00:00,1.1097179668368784
2004-10-14 00:00:00,1.1097179668368784
2004-10-15 00:00:00,1.1097179668368784
2004-10-18 00:00:00,1.1097179668368784
2004-10-19 00:00:00,1.1097179668368784
2004-10-20 00:00:00,1.1097179668368784
2004-10-21 00:00:00,1.1097179668368784
2004-10-22 00:00:00,1.1097179668368784
2004-10-25 00:00:00,1.1097179668368784
2004-10-26 00:00:00,1.1097179668368784
2004-10-27 00:00:00,1.1097179668368784
2004-10-28 00:00:00,1.109203358825504
2004-10-29 00:00:00,1.109203358825504
2004-11-01 00:00:00,1.109203358825504
2004-11-02 00:00:00,1.109203358825504
2004-11-03 00:00:00,1.109203358825504
2004-11-04 00:00:00,1.109203358825504
2004-11-05 00:00:00,1.109203358825504
2004-11-08 00:00:00,1.109203358825504
2004-11-09 00:00:00,1.109203358825504
2004-11-10 00:00:00,1.109203358825504
2004-11-12 00:00:00,1.109203358825504
2004-11-15 00:00:00,1.109203358825504
2004-11-16 00:00:00,1.109203358825504
2004-11-17 00:00:00,1.109203358825504
2004-11-18 00:00:00,1.109203358825504
2004-11-19 00:00:00,1.109203358825504
2004-11-22 00:00:00,1.109203358825504
2004-11-23 00:00:00,1.109203358825504
2004-11-24 00:00:00,1.109203358825504
2004-11-26 00:00:00,1.109203358825504
2004-11-29 00:00:00,1.109203358825504
2004-11-30 00:00:00,1.109203358825504
2004-12-01 00:00:00,1.109203358825504
2004-12-02 00:00:00,1.109203358825504
2004-12-03 00:00:00,1.109203358825504
2004-12-06 00:00:00,1.109203358825504
2004-12-07 00:00:00,1.109203358825504
2004-12-08 00:00:00,1.109203358825504
2004-12-09 00:00:00,1.109203358825504
2004-12-10 00:00:00,1.109203358825504
2004-12-13 00:00:00,1.109203358825504
2004-12-14 00:00:00,1.109203358825504
2004-12-15 00:00:00,1.109203358825504
2004-12-16 00:00:00,1.109203358825504
2004-12-17 00:00:00,1.109203358825504
2004-12-20 00:00:00,1.109203358825504
2004-12-21 00:00:00,1.109203358825504
2004-12-22 00:00:00,1.109203358825504
2004-12-23 00:00:00,1.109203358825504
2004-12-24 00:00:00,1.109203358825504
2004-12-27 00:00:00,1.109203358825504
2004-12-28 00:00:00,1.109203358825504
2004-12-29 00:00:00,1.109203358825504
2004-12-30 00:00:00,1.109203358825504
2004-12-31 00:00:00,1.109203358825504
2005-01-03 00:00:00,1.109203358825504
2005-01-04 00:00:00,1.109203358825504
2005-01-05 00:00:00,1.109203358825504
2005-01-06 00:00:00,1.109203358825504
2005-01-07 00:00:00,1.109203358825504
2005-01-10 00:00:00,1.109203358825504
2005-01-11 00:00:00,1.109203358825504
2005-01-12 00:00:00,1.109203358825504
2005-01-13 00:00:00,1.109203358825504
2005-01-14 00:00:00,1.109203358825504
2005-01-18 00:00:00,1.109203358825504
2005-01-19 00:00:00,1.109203358825504
2005-01-20 00:00:00,1.109203358825504
2005-01-21 00:00:00,1.109203358825504
2005-01-24 00:00:00,1.109203358825504
2005-01-25 00:00:00,1.109203358825504
2005-01-26 00:00:00,1.109203358825504
2005-01-27 00:00:00,1.109203358825504
2005-01-28 00:00:00,1.109203358825504
2005-01-31 00:00:00,1.109203358825504
2005-02-01 00:00:00,1.109203358825504
2005-02-02 00:00:00,1.109203358825504
2005-02-03 00:00:00,1.109203358825504
2005-02-04 00:00:00,1.109203358825504
2005-02-07 00:00:00,1.109203358825504
2005-02-08 00:00:00,1.109203358825504
2005-02-09 00:00:00,1.109203358825504
2005-02-10 00:00:00,1.109203358825504
2005-02-11 00:00:00,1.109203358825504
2005-02-14 00:00:00,1.109203358825504
2005-02-15 00:00:00,1.109203358825504
2005-02-16 00:00:00,1.109203358825504
2005-02-17 00:00:00,1.109203358825504
2005-02-18 00:00:00,1.109203358825504
2005-02-22 00:00:00,1.109203358825504
2005-02-23 00:00:00,1.109203358825504
2005-02-24 00:00:00,1.109203358825504
2005-02-25 00:00:00,1.1118161179935917
2005-02-28 00:00:00,1.1176222494782309
2005-03-01 00:00:00,1.115125612939836
2005-03-02 00:00:00,1.1103645851224317
2005-03-03 00:00:00,1.1088549909364254
2005-03-04 00:00:00,1.1172738815891525
2005-03-07 00:00:00,1.1123967311420555
2005-03-08 00:00:00,1.1201188860166258
2005-03-09 00:00:00,1.117041636329767
2005-03-10 00:00:00,1.1166932684406887
2005-03-11 00:00:00,1.1183189852563875
2005-03-14 00:00:00,1.1099000946036606
2005-03-15 00:00:00,1.1109451982708958
2005-03-16 00:00:00,1.118493169200927
2005-03-17 00:00:00,1.1170996976446135
2005-03-18 00:00:00,1.1143127545319866
2005-03-21 00:00:00,1.1016553878954727
2005-03-22 00:00:00,1.1029907981369398
2005-03-23 00:00:00,1.08611056239807
2005-03-24 00:00:00,1.08611056239807
2005-03-25 00:00:00,1.08611056239807
2005-03-28 00:00:00,1.08611056239807
2005-03-29 00:00:00,1.08611056239807
2005-03-30 00:00:00,1.08611056239807
2005-03-31 00:00:00,1.08611056239807
2005-04-01 00:00:00,1.08611056239807
2005-04-04 00:00:00,1.08611056239807
2005-04-05 00:00:00,1.08611056239807
2005-04-06 00:00:00,1.08611056239807
2005-04-07 00:00:00,1.08611056239807
2005-04-08 00:00:00,1.08611056239807
2005-04-11 00:00:00,1.08611056239807
2005-04-12 00:00:00,1.08611056239807
2005-04-13 00:00:00,1.08611056239807
2005-04-14 00:00:00,1.08611056239807
2005-04-15 00:00:00,1.08611056239807
2005-04-18 00:00:00,1.08611056239807
2005-04-19 00:00:00,1.08611056239807
2005-04-20 00:00:00,1.08611056239807
2005-04-21 00:00:00,1.0805230590567705
2005-04-22 00:00:00,1.0805230590567705
2005-04-25 00:00:00,1.0805230590567705
2005-04-26 00:00:00,1.0805230590567705
2005-04-27 00:00:00,1.0805230590567705
2005-04-28 00:00:00,1.0805230590567705
2005-04-29 00:00:00,1.0805230590567705
2005-05-02 00:00:00,1.0805230590567705
2005-05-03 00:00:00,1.0805230590567705
2005-05-04 00:00:00,1.0805230590567705
2005-05-05 00:00:00,1.0805230590567705
2005-05-06 00:00:00,1.0805230590567705
2005-05-09 00:00:00,1.0805230590567705
2005-05-10 00:00:00,1.0805230590567705
2005-05-11 00:00:00,1.0805230590567705
2005-05-12 00:00:00,1.0805230590567705
2005-05-13 00:00:00,1.0805230590567705
2005-05-16 00:00:00,1.0805230590567705
2005-05-17 00:00:00,1.0805230590567705
2005-05-18 00:00:00,1.0805230590567705
2005-05-19 00:00:00,1.0805230590567705
2005-05-20 00:00:00,1.0805230590567705
2005-05-23 00:00:00,1.0805230590567705
2005-05-24 00:00:00,1.0805230590567705
2005-05-25 00:00:00,1.0805230590567705
2005-05-26 00:00:00,1.0805230590567705
2005-05-27 00:00:00,1.0805230590567705
2005-05-31 00:00:00,1.0805230590567705
2005-06-01 00:00:00,1.0805230590567705
2005-06-02 00:00:00,1.0805230590567705
2005-06-03 00:00:00,1.0805230590567705
2005-06-06 00:00:00,1.0805230590567705
2005-06-07 00:00:00,1.0805230590567705
2005-06-08 00:00:00,1.0805230590567705
2005-06-09 00:00:00,1.0805230590567705
2005-06-10 00:00:00,1.0805230590567705
2005-06-13 00:00:00,1.0805230590567705
2005-06-14 00:00:00,1.0805230590567705
2005-06-15 00:00:00,1.0805230590567705
2005-06-16 00:00:00,1.0805230590567705
2005-06-17 00:00:00,1.0805230590567705
2005-06-20 00:00:00,1.0805230590567705
2005-06-21 00:00:00,1.0805230590567705
2005-06-22 00:00:00,1.0805230590567705
2005-06-23 00:00:00,1.0805230590567705
2005-06-24 00:00:00,1.0805230590567705
2005-06-27 00:00:00,1.0805230590567705
2005-06-28 00:00:00,1.0805230590567705
2005-06-29 00:00:00,1.0805230590567705
2005-06-30 00:00:00,1.0805230590567705
2005-07-01 00:00:00,1.0805230590567705
2005-07-05 00:00:00,1.0805230590567705
2005-07-06 00:00:00,1.0805230590567705
2005-07-07 00:00:00,1.0805230590567705
2005-07-08 00:00:00,1.0805230590567705
2005-07-11 00:00:00,1.0805230590567705
2005-07-12 00:00:00,1.0805230590567705
2005-07-13 00:00:00,1.0805230590567705
2005-07-14 00:00:00,1.0805230590567705
2005-07-15 00:00:00,1.0805230590567705
2005-07-18 00:00:00,1.0805230590567705
2005-07-19 00:00:00,1.0805230590567705
2005-07-20 00:00:00,1.0805230590567705
2005-07-21 00:00:00,1.0805230590567705
2005-07-22 00:00:00,1.0805230590567705
2005-07-25 00:00:00,1.0805230590567705
2005-07-26 00:00:00,1.0805230590567705
2005-07-27 00:00:00,1.0805230590567705
2005-07-28 00:00:00,1.0805230590567705
2005-07-29 00:00:00,1.0805230590567705
2005-08-01 00:00:00,1.0805230590567705
2005-08-02 00:00:00,1.0805230590567705
2005-08-03 00:00:00,1.0805230590567705
2005-08-04 00:00:00,1.0805230590567705
2005-08-05 00:00:00,1.0805230590567705
2005-08-08 00:00:00,1.0805230590567705
2005-08-09 00:00:00,1.0805230590567705
2005-08-10 00:00:00,1.0805230590567705
2005-08-11 00:00:00,1.0805230590567705
2005-08-12 00:00:00,1.0805230590567705
2005-08-15 00:00:00,1.0805230590567705
2005-08-16 00:00:00,1.0805230590567705
2005-08-17 00:00:00,1.0805230590567705
2005-08-18 00:00:00,1.0805230590567705
2005-08-19 00:00:00,1.0805230590567705
2005-08-22 00:00:00,1.0805230590567705
2005-08-23 00:00:00,1.0805230590567705
2005-08-24 00:00:00,1.0805230590567705
2005-08-25 00:00:00,1.0805230590567705
2005-08-26 00:00:00,1.0805230590567705
2005-08-29 00:00:00,1.0805230590567705
2005-08-30 00:00:00,1.0805230590567705
2005-08-31 00:00:00,1.0805230590567705
2005-09-01 00:00:00,1.0805230590567705
2005-09-02 00:00:00,1.087528890613425
2005-09-06 00:00:00,1.087528890613425
2005-09-07 00:00:00,1.087528890613425
2005-09-08 00:00:00,1.087528890613425
2005-09-09 00:00:00,1.087528890613425
2005-09-12 00:00:00,1.087528890613425
2005-09-13 00:00:00,1.087528890613425
2005-09-14 00:00:00,1.087528890613425
2005-09-15 00:00:00,1.087528890613425
2005-09-16 00:00:00,1.087528890613425
2005-09-19 00:00:00,1.087528890613425
2005-09-20 00:00:00,1.087528890613425
2005-09-21 00:00:00,1.087528890613425
2005-09-22 00:00:00,1.087528890613425
2005-09-23 00:00:00,1.087528890613425
2005-09-26 00:00:00,1.087528890613425
2005-09-27 00:00:00,1.087528890613425
2005-09-28 00:00:00,1.087528890613425
2005-09-29 00:00:00,1.087528890613425
2005-09-30 00:00:00,1.087528890613425
2005-10-03 00:00:00,1.087528890613425
2005-10-04 00:00:00,1.087528890613425
2005-10-05 00:00:00,1.087528890613425
2005-10-06 00:00:00,1.087528890613425
2005-10-07 00:00:00,1.087528890613425
2005-10-11 00:00:00,1.087528890613425
2005-10-12 00:00:00,1.087528890613425
2005-10-13 00:00:00,1.087528890613425
2005-10-14 00:00:00,1.087528890613425
2005-10-17 00:00:00,1.087528890613425
2005-10-18 00:00:00,1.087528890613425
2005-10-19 00:00:00,1.087528890613425
2005-10-20 00:00:00,1.087528890613425
2005-10-21 00:00:00,1.087528890613425
2005-10-24 00:00:00,1.087528890613425
2005-10-25 00:00:00,1.087528890613425
2005-10-26 00:00:00,1.087528890613425
2005-10-27 00:00:00,1.087528890613425
2005-10-28 00:00:00,1.087528890613425
2005-10-31 00:00:00,1.087528890613425
2005-11-01 00:00:00,1.087528890613425
2005-11-02 00:00:00,1.087528890613425
2005-11-03 00:00:00,1.087528890613425
2005-11-04 00:00:00,1.087528890613425
2005-11-07 00:00:00,1.087528890613425
2005-11-08 00:00:00,1.087528890613425
2005-11-09 00:00:00,1.087528890613425
2005-11-10 00:00:00,1.087528890613425
2005-11-14 00:00:00,1.087528890613425
2005-11-15 00:00:00,1.087528890613425
2005-11-16 00:00:00,1.087528890613425
2005-11-17 00:00:00,1.087528890613425
2005-11-18 00:00:00,1.087528890613425
2005-11-21 00:00:00,1.087528890613425
2005-11-22 00:00:00,1.087528890613425
2005-11-23 00:00:00,1.087528890613425
2005-11-25 00:00:00,1.087528890613425
2005-11-28 00:00:00,1.087528890613425
2005-11-29 00:00:00,1.087528890613425
2005-11-30 00:00:00,1.087528890613425
2005-12-01 00:00:00,1.087528890613425
2005-12-02 00:00:00,1.087528890613425
2005-12-05 00:00:00,1.087528890613425
2005-12-06 00:00:00,1.087528890613425
2005-12-07 00:00:00,1.087528890613425
2005-12-08 00:00:00,1.087528890613425
2005-12-09 00:00:00,1.087528890613425
2005-12-12 00:00:00,1.087528890613425
2005-12-13 00:00:00,1.087528890613425
2005-12-14 00:00:00,1.087528890613425
2005-12-15 00:00:00,1.087528890613425
2005-12-16 00:00:00,1.087528890613425
2005-12-19 00:00:00,1.087528890613425
2005-12-20 00:00:00,1.087528890613425
2005-12-21 00:00:00,1.087528890613425
2005-12-22 00:00:00,1.087528890613425
2005-12-23 00:00:00,1.087528890613425
2005-12-27 00:00:00,1.087528890613425
2005-12-28 00:00:00,1.087528890613425
2005-12-29 00:00:00,1.087528890613425
2005-12-30 00:00:00,1.087528890613425
2006-01-03 00:00:00,1.087528890613425
2006-01-04 00:00:00,1.087528890613425
2006-01-05 00:00:00,1.087528890613425
2006-01-06 00:00:00,1.087528890613425
2006-01-09 00:00:00,1.087528890613425
2006-01-10 00:00:00,1.087528890613425
2006-01-11 00:00:00,1.087528890613425
2006-01-12 00:00:00,1.087528890613425
2006-01-13 00:00:00,1.087528890613425
2006-01-17 00:00:00,1.0818616771913232
2006-01-18 00:00:00,1.0818616771913232
2006-01-19 00:00:00,1.0818616771913232
2006-01-20 00:00:00,1.0818616771913232
2006-01-23 00:00:00,1.0818616771913232
2006-01-24 00:00:00,1.0818616771913232
2006-01-25 00:00:00,1.0818616771913232
2006-01-26 00:00:00,1.0818616771913232
2006-01-27 00:00:00,1.0818616771913232
2006-01-30 00:00:00,1.0818616771913232
2006-01-31 00:00:00,1.0818616771913232
2006-02-01 00:00:00,1.0818616771913232
2006-02-02 00:00:00,1.0818616771913232
2006-02-03 00:00:00,1.0818616771913232
2006-02-06 00:00:00,1.0818616771913232
2006-02-07 00:00:00,1.0818616771913232
2006-02-08 00:00:00,1.0818616771913232
2006-02-09 00:00:00,1.0818616771913232
2006-02-10 00:00:00,1.0818616771913232
2006-02-13 00:00:00,1.0818616771913232
2006-02-14 00:00:00,1.0818616771913232
2006-02-15 00:00:00,1.0818616771913232
2006-02-16 00:00:00,1.0818616771913232
2006-02-17 00:00:00,1.0818616771913232
2006-02-21 00:00:00,1.0818616771913232
2006-02-22 00:00:00,1.0818616771913232
2006-02-23 00:00:00,1.0818616771913232
2006-02-24 00:00:00,1.0818616771913232
2006-02-27 00:00:00,1.0818616771913232
2006-02-28 00:00:00,1.0818616771913232
2006-03-01 00:00:00,1.0818616771913232
2006-03-02 00:00:00,1.0818616771913232
2006-03-03 00:00:00,1.0818616771913232
2006-03-06 00:00:00,1.0818616771913232
2006-03-07 00:00:00,1.0818616771913232
2006-03-08 00:00:00,1.0818616771913232
2006-03-09 00:00:00,1.0818616771913232
2006-03-10 00:00:00,1.0818616771913232
2006-03-13 00:00:00,1.0818616771913232
2006-03-14 00:00:00,1.0818616771913232
2006-03-15 00:00:00,1.0818616771913232
2006-03-16 00:00:00,1.0818616771913232
2006-03-17 00:00:00,1.0818616771913232
2006-03-20 00:00:00,1.0818616771913232
2006-03-21 00:00:00,1.0818616771913232
2006-03-22 00:00:00,1.0818616771913232
2006-03-23 00:00:00,1.0818616771913232
2006-03-24 00:00:00,1.0818616771913232
2006-03-27 00:00:00,1.0818616771913232
2006-03-28 00:00:00,1.0818616771913232
2006-03-29 00:00:00,1.0818616771913232
2006-03-30 00:00:00,1.0818616771913232
2006-03-31 00:00:00,1.0818616771913232
2006-04-03 00:00:00,1.0818616771913232
2006-04-04 00:00:00,1.0818616771913232
2006-04-05 00:00:00,1.0818616771913232
2006-04-06 00:00:00,1.0818616771913232
2006-04-07 00:00:00,1.0818616771913232
2006-04-10 00:00:00,1.0818616771913232
2006-04-11 00:00:00,1.0818616771913232
2006-04-12 00:00:00,1.0818616771913232
2006-04-13 00:00:00,1.0818616771913232
2006-04-14 00:00:00,1.0818616771913232
2006-04-17 00:00:00,1.0818616771913232
2006-04-18 00:00:00,1.0818616771913232
2006-04-19 00:00:00,1.0818616771913232
2006-04-20 00:00:00,1.0758542465084515
2006-04-21 00:00:00,1.0758542465084515
2006-04-24 00:00:00,1.0758542465084515
2006-04-25 00:00:00,1.0758542465084515
2006-04-26 00:00:00,1.0758542465084515
2006-04-27 00:00:00,1.0758542465084515
2006-04-28 00:00:00,1.0758542465084515
2006-05-01 00:00:00,1.0758542465084515
2006-05-02 00:00:00,1.0758542465084515
2006-05-03 00:00:00,1.0758542465084515
2006-05-04 00:00:00,1.0758542465084515
2006-05-05 00:00:00,1.0758542465084515
2006-05-08 00:00:00,1.0758542465084515
2006-05-09 00:00:00,1.0758542465084515
2006-05-10 00:00:00,1.0758542465084515
2006-05-11 00:00:00,1.0758542465084515
2006-05-12 00:00:00,1.0758542465084515
2006-05-15 00:00:00,1.0758542465084515
2006-05-16 00:00:00,1.0758542465084515
2006-05-17 00:00:00,1.0758542465084515
2006-05-18 00:00:00,1.0758542465084515
2006-05-19 00:00:00,1.0758542465084515
2006-05-22 00:00:00,1.0758542465084515
2006-05-23 00:00:00,1.0758542465084515
2006-05-24 00:00:00,1.0758542465084515
2006-05-25 00:00:00,1.0758542465084515
2006-05-26 00:00:00,1.0758542465084515
2006-05-30 00:00:00,1.0758542465084515
2006-05-31 00:00:00,1.0758542465084515
2006-06-01 00:00:00,1.0758542465084515
2006-06-02 00:00:00,1.0758542465084515
2006-06-05 00:00:00,1.0758542465084515
2006-06-06 00:00:00,1.0758542465084515
2006-06-07 00:00:00,1.0758542465084515
2006-06-08 00:00:00,1.0758542465084515
2006-06-09 00:00:00,1.0758542465084515
2006-06-12 00:00:00,1.0758542465084515
2006-06-13 00:00:00,1.0758542465084515
2006-06-14 00:00:00,1.0758542465084515
2006-06-15 00:00:00,1.0758542465084515
2006-06-16 00:00:00,1.0758542465084515
2006-06-19 00:00:00,1.0758542465084515
2006-06-20 00:00:00,1.0758542465084515
2006-06-21 00:00:00,1.0758542465084515
2006-06-22 00:00:00,1.0758542465084515
2006-06-23 00:00:00,1.0758542465084515
2006-06-26 00:00:00,1.0758542465084515
2006-06-27 00:00:00,1.0758542465084515
2006-06-28 00:00:00,1.0758542465084515
2006-06-29 00:00:00,1.0758542465084515
2006-06-30 00:00:00,1.0758542465084515
2006-07-03 00:00:00,1.0758542465084515
2006-07-05 00:00:00,1.0758542465084515
2006-07-06 00:00:00,1.0758542465084515
2006-07-07 00:00:00,1.0758542465084515
2006-07-10 00:00:00,1.0758542465084515
2006-07-11 00:00:00,1.0758542465084515
2006-07-12 00:00:00,1.0758542465084515
2006-07-13 00:00:00,1.0758542465084515
2006-07-14 00:00:00,1.0758542465084515
2006-07-17 00:00:00,1.0758542465084515
2006-07-18 00:00:00,1.0758542465084515
2006-07-19 00:00:00,1.0758542465084515
2006-07-20 00:00:00,1.0758542465084515
2006-07-21 00:00:00,1.0758542465084515
2006-07-24 00:00:00,1.0758542465084515
2006-07-25 00:00:00,1.0758542465084515
2006-07-26 00:00:00,1.0758542465084515
2006-07-27 00:00:00,1.0758542465084515
2006-07-28 00:00:00,1.0758542465084515
2006-07-31 00:00:00,1.0758542465084515
2006-08-01 00:00:00,1.0758542465084515
2006-08-02 00:00:00,1.0758542465084515
2006-08-03 00:00:00,1.0758542465084515
2006-08-04 00:00:00,1.0758542465084515
2006-08-07 00:00:00,1.0758542465084515
2006-08-08 00:00:00,1.0758542465084515
2006-08-09 00:00:00,1.0758542465084515
2006-08-10 00:00:00,1.0758542465084515
2006-08-11 00:00:00,1.0758542465084515
2006-08-14 00:00:00,1.0758542465084515
2006-08-15 00:00:00,1.0758542465084515
2006-08-16 00:00:00,1.0758542465084515
2006-08-17 00:00:00,1.0758542465084515
2006-08-18 00:00:00,1.0758542465084515
2006-08-21 00:00:00,1.0758542465084515
2006-08-22 00:00:00,1.0758542465084515
2006-08-23 00:00:00,1.0758542465084515
2006-08-24 00:00:00,1.0758542465084515
2006-08-25 00:00:00,1.0758542465084515
2006-08-28 00:00:00,1.0758542465084515
2006-08-29 00:00:00,1.0758542465084515
2006-08-30 00:00:00,1.0758542465084515
2006-08-31 00:00:00,1.0758542465084515
2006-09-01 00:00:00,1.0758542465084515
2006-09-05 00:00:00,1.0758542465084515
2006-09-06 00:00:00,1.0758542465084515
2006-09-07 00:00:00,1.0758542465084515
2006-09-08 00:00:00,1.0758542465084515
2006-09-11 00:00:00,1.0758542465084515
2006-09-12 00:00:00,1.0758542465084515
2006-09-13 00:00:00,1.0758542465084515
2006-09-14 00:00:00,1.0758542465084515
2006-09-15 00:00:00,1.0758542465084515
2006-09-18 00:00:00,1.0758542465084515
2006-09-19 00:00:00,1.0758542465084515
2006-09-20 00:00:00,1.0758542465084515
2006-09-21 00:00:00,1.0758542465084515
2006-09-22 00:00:00,1.0758542465084515
2006-09-25 00:00:00,1.0758542465084515
2006-09-26 00:00:00,1.0758542465084515
2006-09-27 00:00:00,1.0758542465084515
2006-09-28 00:00:00,1.0758542465084515
2006-09-29 00:00:00,1.0758542465084515
2006-10-02 00:00:00,1.0758542465084515
2006-10-03 00:00:00,1.0758542465084515
2006-10-04 00:00:00,1.0758542465084515
2006-10-05 00:00:00,1.0758542465084515
2006-10-06 00:00:00,1.0758542465084515
2006-10-10 00:00:00,1.0758542465084515
2006-10-11 00:00:00,1.0758542465084515
2006-10-12 00:00:00,1.0758542465084515
2006-10-13 00:00:00,1.0758542465084515
2006-10-16 00:00:00,1.0758542465084515
2006-10-17 00:00:00,1.0758542465084515
2006-10-18 00:00:00,1.0758542465084515
2006-10-19 00:00:00,1.0758542465084515
2006-10-20 00:00:00,1.0758542465084515
2006-10-23 00:00:00,1.0758542465084515
2006-10-24 00:00:00,1.0758542465084515
2006-10-25 00:00:00,1.0758542465084515
2006-10-26 00:00:00,1.0758542465084515
2006-10-27 00:00:00,1.0758542465084515
2006-10-30 00:00:00,1.0790872543137542
2006-10-31 00:00:00,1.0824337009894185
2006-11-01 00:00:00,1.0828307370356836
2006-11-02 00:00:00,1.0826605787301415
2006-11-03 00:00:00,1.0782931822212236
2006-11-06 00:00:00,1.0757975270732707
2006-11-07 00:00:00,1.0832277730819488
2006-11-08 00:00:00,1.0809022762395382
2006-11-09 00:00:00,1.0814694705913457
2006-11-10 00:00:00,1.0844756006559253
2006-11-13 00:00:00,1.0790305348785736
2006-11-14 00:00:00,1.074606418934475
2006-11-15 00:00:00,1.071033094518088
2006-11-16 00:00:00,1.0721107637865221
2006-11-17 00:00:00,1.0740392245826675
2006-11-20 00:00:00,1.0755706493325479
2006-11-21 00:00:00,1.0767617574713437
2006-11-22 00:00:00,1.0858935865354442
2006-11-24 00:00:00,1.0955358905161714
2006-11-27 00:00:00,1.0985420205807512
2006-11-28 00:00:00,1.1048945973209952
2006-11-29 00:00:00,1.105575230543164
2006-11-30 00:00:00,1.1169758370144949
2006-12-01 00:00:00,1.1227044999677505
2006-12-04 00:00:00,1.1223641833566658
2006-12-05 00:00:00,1.1199819670790743
2006-12-06 00:00:00,1.1169191175793138
2006-12-07 00:00:00,1.113289073727746
2006-12-08 00:00:00,1.1096590298761781
2006-12-11 00:00:00,1.108978396654009
2006-12-12 00:00:00,1.1148204984776262
2006-12-13 00:00:00,1.115274253959072
2006-12-14 00:00:00,1.1143100235609993
2006-12-15 00:00:00,1.1081843245614784
2006-12-18 00:00:00,1.1036467697470185
2006-12-19 00:00:00,1.1154444122646143
2006-12-20 00:00:00,1.1144234624313611
2006-12-21 00:00:00,1.1129487571166614
2006-12-22 00:00:00,1.1099993464872626
2006-12-26 00:00:00,1.1098859076169012
2006-12-27 00:00:00,1.1097724687465393
2006-12-28 00:00:00,1.1128920376814806
2006-12-29 00:00:00,1.1109068574501544
2007-01-02 00:00:00,1.119414772727267
2007-01-03 00:00:00,1.1059155471542486
2007-01-04 00:00:00,1.1027959782193073
2007-01-05 00:00:00,1.094968696164364
2007-01-08 00:00:00,1.0995062509788238
2007-01-09 00:00:00,1.1003570425065352
2007-01-10 00:00:00,1.0966135597846056
2007-01-11 00:00:00,1.1025691004785845
2007-01-12 00:00:00,1.1103963825335277
2007-01-16 00:00:00,1.1119845267185888
2007-01-17 00:00:00,1.118507261764375
2007-01-18 00:00:00,1.1182236645884711
2007-01-19 00:00:00,1.1207193197364242
2007-01-22 00:00:00,1.1214566723937738
2007-01-23 00:00:00,1.1257106300323299
2007-01-24 00:00:00,1.1159548871812413
2007-01-25 00:00:00,1.1175430313663022
2007-01-26 00:00:00,1.1115874906723233
2007-01-29 00:00:00,1.111247174061239
2007-01-30 00:00:00,1.1126651599407578
2007-01-31 00:00:00,1.1123248433296733
2007-02-01 00:00:00,1.1165788009682294
2007-02-02 00:00:00,1.1152175345238915
2007-02-05 00:00:00,1.111700929542685
2007-02-06 00:00:00,1.1169758370144949
2007-02-07 00:00:00,1.1173161536255793
2007-02-08 00:00:00,1.1109068574501544
2007-02-09 00:00:00,1.1067096192467791
2007-02-12 00:00:00,1.1045542807099107
2007-02-13 00:00:00,1.1027959782193073
2007-02-14 00:00:00,1.113289073727746
2007-02-15 00:00:00,1.107844007950394
2007-02-16 00:00:00,1.1059722665894294
2007-02-20 00:00:00,1.1086947994781056
2007-02-21 00:00:00,1.1073902524689478
2007-02-22 00:00:00,1.1100560659224434
2007-02-23 00:00:00,1.1139129875147342
2007-02-26 00:00:00,1.1134592320332883
2007-02-27 00:00:00,1.1151608150887107
2007-02-28 00:00:00,1.112438282200035
2007-03-01 00:00:00,1.1105098214038893
2007-03-02 00:00:00,1.1036467697470185
2007-03-05 00:00:00,1.0909983357017115
2007-03-06 00:00:00,1.0929835159330379
2007-03-07 00:00:00,1.0955358905161714
2007-03-08 00:00:00,1.0946850989884602
2007-03-09 00:00:00,1.0957060488217136
2007-03-12 00:00:00,1.0941746240718335
2007-03-13 00:00:00,1.0959329265624367
2007-03-14 00:00:00,1.0967837180901479
2007-03-15 00:00:00,1.098371862275209
2007-03-16 00:00:00,1.1016615895156923
2007-03-19 00:00:00,1.1037602086173801
2007-03-20 00:00:00,1.11056654083907
2007-03-21 00:00:00,1.1114740518019621
2007-03-22 00:00:00,1.115784728875699
2007-03-23 00:00:00,1.113515951468469
2007-03-26 00:00:00,1.1170325564496755
2007-03-27 00:00:00,1.115330973394253
2007-03-28 00:00:00,1.1123248433296733
2007-03-29 00:00:00,1.1132323542925653
2007-03-30 00:00:00,1.1165220815330488
2007-04-02 00:00:00,1.1222507444863044
2007-04-03 00:00:00,1.1219671473104005
2007-04-04 00:00:00,1.120549161430882
2007-04-05 00:00:00,1.117826628542206
2007-04-06 00:00:00,1.1148204984776262
2007-04-09 00:00:00,1.112154685024131
2007-04-10 00:00:00,1.1183938228940133
2007-04-11 00:00:00,1.1222507444863044
2007-04-12 00:00:00,1.1212865140882315
2007-04-13 00:00:00,1.1246896801990767
2007-04-16 00:00:00,1.1291137961431752
2007-04-17 00:00:00,1.1378485891610104
2007-04-18 00:00:00,1.1367142004573954
2007-04-19 00:00:00,1.1360335672352264
2007-04-20 00:00:00,1.13705451706848
2007-04-23 00:00:00,1.1353529340130575
2007-04-24 00:00:00,1.1359768478000458
2007-04-25 00:00:00,1.1367709198925762
2007-04-26 00:00:00,1.128886918402452
2007-04-27 00:00:00,1.1335379120872735
2007-04-30 00:00:00,1.1343887036149847
2007-05-01 00:00:00,1.1339916675687196
2007-05-02 00:00:00,1.1292839544487174
2007-05-03 00:00:00,1.1274689325229332
2007-05-04 00:00:00,1.130475062587513
2007-05-07 00:00:00,1.1312124152448626
2007-05-08 00:00:00,1.1288301989672713
2007-05-09 00:00:00,1.132290084513297
2007-05-10 00:00:00,1.1249165579397997
2007-05-11 00:00:00,1.1244060830231728
2007-05-14 00:00:00,1.1232149748843772
2007-05-15 00:00:00,1.1265614215600412
2007-05-16 00:00:00,1.1215701112641354
2007-05-17 00:00:00,1.120095405949436
2007-05-18 00:00:00,1.1204924419957012
2007-05-21 00:00:00,1.117089275884856
2007-05-22 00:00:00,1.121229794653051
2007-05-23 00:00:00,1.127525651958114
2007-05-24 00:00:00,1.1259942272082337
2007-05-25 00:00:00,1.1255971911619687
2007-05-29 00:00:00,1.1238388886713653
2007-05-30 00:00:00,1.1200386865142553
2007-05-31 00:00:00,1.1228746582732927
2007-06-01 00:00:00,1.1232716943195578
2007-06-04 00:00:00,1.1299645876708864
2007-06-05 00:00:00,1.1310422569393204
2007-06-06 00:00:00,1.129567551624621
2007-06-07 00:00:00,1.1229313777084733
2007-06-08 00:00:00,1.1149339373479876
2007-06-11 00:00:00,1.1165788009682294
2007-06-12 00:00:00,1.1202088448197975
2007-06-13 00:00:00,1.118961017245821
2007-06-14 00:00:00,1.117145995320037
2007-06-15 00:00:00,1.1210596363475087
2007-06-18 00:00:00,1.1242926441528114
2007-06-19 00:00:00,1.1278092491340177
2007-06-20 00:00:00,1.1308153791985975
2007-06-21 00:00:00,1.1300780265412476
2007-06-22 00:00:00,1.132970717735466
2007-06-25 00:00:00,1.1322333650781162
2007-06-26 00:00:00,1.1342185453094424
2007-06-27 00:00:00,1.1324035233836585
2007-06-28 00:00:00,1.1356365311889614
2007-06-29 00:00:00,1.1379620280313718
2007-07-02 00:00:00,1.1435205326790852
2007-07-03 00:00:00,1.1439175687253507
2007-07-05 00:00:00,1.1408547192255902
2007-07-06 00:00:00,1.1411383164014939
2007-07-09 00:00:00,1.143804129854989
2007-07-10 00:00:00,1.1484551235398106
2007-07-11 00:00:00,1.1525389228728244
2007-07-12 00:00:00,1.1507239009470405
2007-07-13 00:00:00,1.1539001893171625
2007-07-16 00:00:00,1.1556017723725849
2007-07-17 00:00:00,1.1601960466222256
2007-07-18 00:00:00,1.1646768820015048
2007-07-19 00:00:00,1.1621812268535516
2007-07-20 00:00:00,1.1664919039272887
2007-07-23 00:00:00,1.167569573195723
2007-07-24 00:00:00,1.1698950700381339
2007-07-25 00:00:00,1.1633723349923475
2007-07-26 00:00:00,1.1620677879831904
2007-07-27 00:00:00,1.1508373398174019
2007-07-30 00:00:00,1.147887929188003
2007-07-31 00:00:00,1.1550345780207774
2007-08-01 00:00:00,1.151915009085836
2007-08-02 00:00:00,1.154013628187524
2007-08-03 00:00:00,1.158551183001984
2007-08-06 00:00:00,1.1510074981229443
2007-08-07 00:00:00,1.145846029521496
2007-08-08 00:00:00,1.1552614557615004
2007-08-09 00:00:00,1.1497596705489677
2007-08-10 00:00:00,1.1468102599195689
2007-08-13 00:00:00,1.141365194142217
2007-08-14 00:00:00,1.1343887036149847
2007-08-15 00:00:00,1.130021307106067
2007-08-16 00:00:00,1.1246896801990767
2007-08-17 00:00:00,1.1246329607638959
2007-08-20 00:00:00,1.1247463996342575
2007-08-21 00:00:00,1.1237821692361847
2007-08-22 00:00:00,1.129624271059802
2007-08-23 00:00:00,1.1363738838463109
2007-08-24 00:00:00,1.140003927697879
2007-08-27 00:00:00,1.141989107929205
2007-08-28 00:00:00,1.1380754669017334
2007-08-29 00:00:00,1.1447116408178812
2007-08-30 00:00:00,1.1434638132439046
2007-08-31 00:00:00,1.1437474104198084
2007-09-03 00:00:00,1.1437474104198084
2007-09-04 00:00:00,1.1405711220496864
2007-09-05 00:00:00,1.1469236987899303
2007-09-06 00:00:00,1.1481148069287261
2007-09-07 00:00:00,1.1504403037711368
2007-09-10 00:00:00,1.1507239009470405
2007-09-11 00:00:00,1.1524822034376436
2007-09-12 00:00:00,1.15219860626174
2007-09-13 00:00:00,1.150156706595233
2007-09-14 00:00:00,1.138188905772095
2007-09-17 00:00:00,1.1298511488005247
2007-09-18 00:00:00,1.1328572788651046
2007-09-19 00:00:00,1.1334244732169119
2007-09-20 00:00:00,1.1418756690588434
2007-09-21 00:00:00,1.1461863461325805
2007-09-24 00:00:00,1.1469804182251113
2007-09-25 00:00:00,1.1439742881605313
2007-09-26 00:00:00,1.1434070938087237
2007-09-27 00:00:00,1.1477177708824606
2007-09-28 00:00:00,1.156452563900296
2007-10-01 00:00:00,1.1591183773537914
2007-10-02 00:00:00,1.1580407080853572
2007-10-03 00:00:00,1.1553181751966812
2007-10-04 00:00:00,1.1566227222058385
2007-10-05 00:00:00,1.1591183773537914
2007-10-08 00:00:00,1.1591183773537914
2007-10-09 00:00:00,1.1531628366598128
2007-10-10 00:00:00,1.1588914996130684
2007-10-11 00:00:00,1.153786750446801
2007-10-12 00:00:00,1.1536733115764393
2007-10-15 00:00:00,1.1581541469557188
2007-10-16 00:00:00,1.1529359589190897
2007-10-17 00:00:00,1.1563391250299346
2007-10-18 00:00:00,1.160309485492587
2007-10-19 00:00:00,1.1618409102424672
2007-10-22 00:00:00,1.1502134260304138
2007-10-23 00:00:00,1.1624648240294555
2007-10-24 00:00:00,1.1622379462887327
2007-10-25 00:00:00,1.1618976296776482
2007-10-26 00:00:00,1.16354249329789
2007-10-29 00:00:00,1.168930839640061
2007-10-30 00:00:00,1.1724474446212674
2007-10-31 00:00:00,1.178459704750427
2007-11-01 00:00:00,1.1807852015928375
2007-11-02 00:00:00,1.180898640463199
2007-11-05 00:00:00,1.1797075323244033
2007-11-06 00:00:00,1.1831106984352484
2007-11-07 00:00:00,1.1936605133788676
2007-11-08 00:00:00,1.1970069600545317
2007-11-09 00:00:00,1.1860601090646472
2007-11-13 00:00:00,1.175737171861751
2007-11-14 00:00:00,1.1676262926309038
2007-11-15 00:00:00,1.1617841908072866
2007-11-16 00:00:00,1.1616140325017443
2007-11-19 00:00:00,1.161500593631383
2007-11-20 00:00:00,1.1713697753528332
2007-11-21 00:00:00,1.167569573195723
2007-11-22 00:00:00,1.167569573195723
2007-11-23 00:00:00,1.166378465056927
2007-11-26 00:00:00,1.1730146389730747
2007-11-27 00:00:00,1.1714264947880142
2007-11-28 00:00:00,1.1734116750193402
2007-11-29 00:00:00,1.1708025810010259
2007-11-30 00:00:00,1.1665486233624696
2007-12-03 00:00:00,1.1717100919639176
2007-12-04 00:00:00,1.167115817714277
2007-12-05 00:00:00,1.1507239009470405
2007-12-06 00:00:00,1.1507806203822213
2007-12-07 00:00:00,1.1507806203822213
2007-12-10 00:00:00,1.160309485492587
2007-12-11 00:00:00,1.1563391250299346
2007-12-12 00:00:00,1.162408104594275
2007-12-13 00:00:00,1.1567928805113805
2007-12-14 00:00:00,1.1455624323455922
2007-12-17 00:00:00,1.1439175687253507
2007-12-18 00:00:00,1.1423294245402895
2007-12-19 00:00:00,1.130475062587513
2007-12-20 00:00:00,1.1242359247176306
2007-12-21 00:00:00,1.1249165579397997
2007-12-24 00:00:00,1.1215701112641354
2007-12-26 00:00:00,1.124593801665847
2007-12-27 00:00:00,1.124593801665847
2007-12-28 00:00:00,1.124593801665847
2007-12-31 00:00:00,1.124593801665847
2008-01-02 00:00:00,1.124593801665847
2008-01-03 00:00:00,1.124593801665847
2008-01-04 00:00:00,1.124593801665847
2008-01-07 00:00:00,1.124593801665847
2008-01-08 00:00:00,1.124593801665847
2008-01-09 00:00:00,1.124593801665847
2008-01-10 00:00:00,1.124593801665847
2008-01-11 00:00:00,1.124593801665847
2008-01-14 00:00:00,1.124593801665847
2008-01-15 00:00:00,1.124593801665847
2008-01-16 00:00:00,1.124593801665847
2008-01-17 00:00:00,1.124593801665847
2008-01-18 00:00:00,1.124593801665847
2008-01-22 00:00:00,1.124593801665847
2008-01-23 00:00:00,1.124593801665847
2008-01-24 00:00:00,1.124593801665847
2008-01-25 00:00:00,1.124593801665847
2008-01-28 00:00:00,1.124593801665847
2008-01-29 00:00:00,1.124593801665847
2008-01-30 00:00:00,1.124593801665847
2008-01-31 00:00:00,1.124593801665847
2008-02-01 00:00:00,1.124593801665847
2008-02-04 00:00:00,1.124593801665847
2008-02-05 00:00:00,1.124593801665847
2008-02-06 00:00:00,1.124593801665847
2008-02-07 00:00:00,1.124593801665847
2008-02-08 00:00:00,1.124593801665847
2008-02-11 00:00:00,1.124593801665847
2008-02-12 00:00:00,1.124593801665847
2008-02-13 00:00:00,1.124593801665847
2008-02-14 00:00:00,1.124593801665847
2008-02-15 00:00:00,1.124593801665847
2008-02-19 00:00:00,1.124593801665847
2008-02-20 00:00:00,1.124593801665847
2008-02-21 00:00:00,1.124593801665847
2008-02-22 00:00:00,1.124593801665847
2008-02-25 00:00:00,1.124593801665847
2008-02-26 00:00:00,1.124593801665847
2008-02-27 00:00:00,1.124593801665847
2008-02-28 00:00:00,1.124593801665847
2008-02-29 00:00:00,1.124593801665847
2008-03-03 00:00:00,1.124593801665847
2008-03-04 00:00:00,1.124593801665847
2008-03-05 00:00:00,1.124593801665847
2008-03-06 00:00:00,1.124593801665847
2008-03-07 00:00:00,1.124593801665847
2008-03-10 00:00:00,1.124593801665847
2008-03-11 00:00:00,1.124593801665847
2008-03-12 00:00:00,1.1337959148822254
2008-03-13 00:00:00,1.1337959148822254
2008-03-14 00:00:00,1.1337959148822254
2008-03-17 00:00:00,1.1337959148822254
2008-03-18 00:00:00,1.1337959148822254
2008-03-19 00:00:00,1.1337959148822254
2008-03-20 00:00:00,1.1337959148822254
2008-03-21 00:00:00,1.1337959148822254
2008-03-24 00:00:00,1.1337959148822254
2008-03-25 00:00:00,1.1337959148822254
2008-03-26 00:00:00,1.1337959148822254
2008-03-27 00:00:00,1.1337959148822254
2008-03-28 00:00:00,1.1337959148822254
2008-03-31 00:00:00,1.1337959148822254
2008-04-01 00:00:00,1.1337959148822254
2008-04-02 00:00:00,1.1337959148822254
2008-04-03 00:00:00,1.1337959148822254
2008-04-04 00:00:00,1.1337959148822254
2008-04-07 00:00:00,1.1337959148822254
2008-04-08 00:00:00,1.1337959148822254
2008-04-09 00:00:00,1.1337959148822254
2008-04-10 00:00:00,1.1337959148822254
2008-04-11 00:00:00,1.1337959148822254
2008-04-14 00:00:00,1.1337959148822254
2008-04-15 00:00:00,1.1337959148822254
2008-04-16 00:00:00,1.1337959148822254
2008-04-17 00:00:00,1.1337959148822254
2008-04-18 00:00:00,1.1337959148822254
2008-04-21 00:00:00,1.1337959148822254
2008-04-22 00:00:00,1.1337959148822254
2008-04-23 00:00:00,1.1337959148822254
2008-04-24 00:00:00,1.1337959148822254
2008-04-25 00:00:00,1.1337959148822254
2008-04-28 00:00:00,1.1337959148822254
2008-04-29 00:00:00,1.1337959148822254
2008-04-30 00:00:00,1.1337959148822254
2008-05-01 00:00:00,1.1337959148822254
2008-05-02 00:00:00,1.1337959148822254
2008-05-05 00:00:00,1.1337959148822254
2008-05-06 00:00:00,1.1337959148822254
2008-05-07 00:00:00,1.1337959148822254
2008-05-08 00:00:00,1.1337959148822254
2008-05-09 00:00:00,1.1337959148822254
2008-05-12 00:00:00,1.1337959148822254
2008-05-13 00:00:00,1.1337959148822254
2008-05-14 00:00:00,1.1337959148822254
2008-05-15 00:00:00,1.1337959148822254
2008-05-16 00:00:00,1.1337959148822254
2008-05-19 00:00:00,1.1337959148822254
2008-05-20 00:00:00,1.1337959148822254
2008-05-21 00:00:00,1.1337959148822254
2008-05-22 00:00:00,1.1337959148822254
2008-05-23 00:00:00,1.1337959148822254
2008-05-27 00:00:00,1.1337959148822254
2008-05-28 00:00:00,1.1337959148822254
2008-05-29 00:00:00,1.1337959148822254
2008-05-30 00:00:00,1.1337959148822254
2008-06-02 00:00:00,1.1337959148822254
2008-06-03 00:00:00,1.1337959148822254
2008-06-04 00:00:00,1.1337959148822254
2008-06-05 00:00:00,1.1337959148822254
2008-06-06 00:00:00,1.1337959148822254
2008-06-09 00:00:00,1.1337959148822254
2008-06-10 00:00:00,1.1337959148822254
2008-06-11 00:00:00,1.1337959148822254
2008-06-12 00:00:00,1.1337959148822254
2008-06-13 00:00:00,1.1337959148822254
2008-06-16 00:00:00,1.1337959148822254
2008-06-17 00:00:00,1.1337959148822254
2008-06-18 00:00:00,1.1337959148822254
2008-06-19 00:00:00,1.1337959148822254
2008-06-20 00:00:00,1.1337959148822254
2008-06-23 00:00:00,1.1337959148822254
2008-06-24 00:00:00,1.1337959148822254
2008-06-25 00:00:00,1.1337959148822254
2008-06-26 00:00:00,1.1337959148822254
2008-06-27 00:00:00,1.1337959148822254
2008-06-30 00:00:00,1.1337959148822254
2008-07-01 00:00:00,1.1337959148822254
2008-07-02 00:00:00,1.1337959148822254
2008-07-03 00:00:00,1.1277654578398448
2008-07-07 00:00:00,1.1277654578398448
2008-07-08 00:00:00,1.1277654578398448
2008-07-09 00:00:00,1.1277654578398448
2008-07-10 00:00:00,1.1277654578398448
2008-07-11 00:00:00,1.1277654578398448
2008-07-14 00:00:00,1.1277654578398448
2008-07-15 00:00:00,1.1277654578398448
2008-07-16 00:00:00,1.1277654578398448
2008-07-17 00:00:00,1.1277654578398448
2008-07-18 00:00:00,1.1277654578398448
2008-07-21 00:00:00,1.1277654578398448
2008-07-22 00:00:00,1.1277654578398448
2008-07-23 00:00:00,1.1277654578398448
2008-07-24 00:00:00,1.1277654578398448
2008-07-25 00:00:00,1.1277654578398448
2008-07-28 00:00:00,1.1277654578398448
2008-07-29 00:00:00,1.1277654578398448
2008-07-30 00:00:00,1.1277654578398448
2008-07-31 00:00:00,1.1277654578398448
2008-08-01 00:00:00,1.1277654578398448
2008-08-04 00:00:00,1.1277654578398448
2008-08-05 00:00:00,1.1277654578398448
2008-08-06 00:00:00,1.1277654578398448
2008-08-07 00:00:00,1.1277654578398448
2008-08-08 00:00:00,1.1277654578398448
2008-08-11 00:00:00,1.1277654578398448
2008-08-12 00:00:00,1.1277654578398448
2008-08-13 00:00:00,1.1277654578398448
2008-08-14 00:00:00,1.1277654578398448
2008-08-15 00:00:00,1.1277654578398448
2008-08-18 00:00:00,1.1277654578398448
2008-08-19 00:00:00,1.1277654578398448
2008-08-20 00:00:00,1.1277654578398448
2008-08-21 00:00:00,1.1277654578398448
2008-08-22 00:00:00,1.1277654578398448
2008-08-25 00:00:00,1.1277654578398448
2008-08-26 00:00:00,1.1277654578398448
2008-08-27 00:00:00,1.1277654578398448
2008-08-28 00:00:00,1.1277654578398448
2008-08-29 00:00:00,1.1277654578398448
2008-09-02 00:00:00,1.1277654578398448
2008-09-03 00:00:00,1.1277654578398448
2008-09-04 00:00:00,1.1277654578398448
2008-09-05 00:00:00,1.1277654578398448
2008-09-08 00:00:00,1.1277654578398448
2008-09-09 00:00:00,1.1277654578398448
2008-09-10 00:00:00,1.1277654578398448
2008-09-11 00:00:00,1.1277654578398448
2008-09-12 00:00:00,1.1277654578398448
2008-09-15 00:00:00,1.1277654578398448
2008-09-16 00:00:00,1.1277654578398448
2008-09-17 00:00:00,1.1277654578398448
2008-09-18 00:00:00,1.1277654578398448
2008-09-19 00:00:00,1.1277654578398448
2008-09-22 00:00:00,1.1277654578398448
2008-09-23 00:00:00,1.1277654578398448
2008-09-24 00:00:00,1.1277654578398448
2008-09-25 00:00:00,1.1277654578398448
2008-09-26 00:00:00,1.1277654578398448
2008-09-29 00:00:00,1.1277654578398448
2008-09-30 00:00:00,1.1277654578398448
2008-10-01 00:00:00,1.1277654578398448
2008-10-02 00:00:00,1.1277654578398448
2008-10-03 00:00:00,1.1277654578398448
2008-10-06 00:00:00,1.1277654578398448
2008-10-07 00:00:00,1.1277654578398448
2008-10-08 00:00:00,1.1277654578398448
2008-10-09 00:00:00,1.1277654578398448
2008-10-10 00:00:00,1.1277654578398448
2008-10-14 00:00:00,1.1277654578398448
2008-10-15 00:00:00,1.1277654578398448
2008-10-16 00:00:00,1.1277654578398448
2008-10-17 00:00:00,1.1277654578398448
2008-10-20 00:00:00,1.1277654578398448
2008-10-21 00:00:00,1.1277654578398448
2008-10-22 00:00:00,1.1277654578398448
2008-10-23 00:00:00,1.1277654578398448
2008-10-24 00:00:00,1.1277654578398448
2008-10-27 00:00:00,1.1277654578398448
2008-10-28 00:00:00,1.1277654578398448
2008-10-29 00:00:00,1.1277654578398448
2008-10-30 00:00:00,1.1277654578398448
2008-10-31 00:00:00,1.1277654578398448
2008-11-03 00:00:00,1.1277654578398448
2008-11-04 00:00:00,1.1277654578398448
2008-11-05 00:00:00,1.1277654578398448
2008-11-06 00:00:00,1.1277654578398448
2008-11-07 00:00:00,1.1277654578398448
2008-11-10 00:00:00,1.1277654578398448
2008-11-12 00:00:00,1.1277654578398448
2008-11-13 00:00:00,1.1277654578398448
2008-11-14 00:00:00,1.1277654578398448
2008-11-17 00:00:00,1.1277654578398448
2008-11-18 00:00:00,1.1277654578398448
2008-11-19 00:00:00,1.1277654578398448
2008-11-20 00:00:00,1.1277654578398448
2008-11-21 00:00:00,1.1277654578398448
2008-11-24 00:00:00,1.1277654578398448
2008-11-25 00:00:00,1.1277654578398448
2008-11-26 00:00:00,1.1277654578398448
2008-11-28 00:00:00,1.1277654578398448
2008-12-01 00:00:00,1.1277654578398448
2008-12-02 00:00:00,1.1277654578398448
2008-12-03 00:00:00,1.1277654578398448
2008-12-04 00:00:00,1.1277654578398448
2008-12-05 00:00:00,1.1277654578398448
2008-12-08 00:00:00,1.1277654578398448
2008-12-09 00:00:00,1.1277654578398448
2008-12-10 00:00:00,1.1277654578398448
2008-12-11 00:00:00,1.1277654578398448
2008-12-12 00:00:00,1.1277654578398448
2008-12-15 00:00:00,1.1277654578398448
2008-12-16 00:00:00,1.1277654578398448
2008-12-17 00:00:00,1.1277654578398448
2008-12-18 00:00:00,1.1277654578398448
2008-12-19 00:00:00,1.1277654578398448
2008-12-22 00:00:00,1.1277654578398448
2008-12-23 00:00:00,1.1277654578398448
2008-12-24 00:00:00,1.1277654578398448
2008-12-26 00:00:00,1.1277654578398448
2008-12-29 00:00:00,1.1277654578398448
2008-12-30 00:00:00,1.1277654578398448
2008-12-31 00:00:00,1.1277654578398448
2009-01-02 00:00:00,1.1277654578398448
2009-01-05 00:00:00,1.1277654578398448
2009-01-06 00:00:00,1.1277654578398448
2009-01-07 00:00:00,1.1277654578398448
2009-01-08 00:00:00,1.1277654578398448
2009-01-09 00:00:00,1.1277654578398448
2009-01-12 00:00:00,1.1277654578398448
2009-01-13 00:00:00,1.1277654578398448
2009-01-14 00:00:00,1.1277654578398448
2009-01-15 00:00:00,1.1277654578398448
2009-01-16 00:00:00,1.1277654578398448
2009-01-20 00:00:00,1.1277654578398448
2009-01-21 00:00:00,1.1277654578398448
2009-01-22 00:00:00,1.1277654578398448
2009-01-23 00:00:00,1.1277654578398448
2009-01-26 00:00:00,1.1277654578398448
2009-01-27 00:00:00,1.1277654578398448
2009-01-28 00:00:00,1.1277654578398448
2009-01-29 00:00:00,1.1277654578398448
2009-01-30 00:00:00,1.1277654578398448
2009-02-02 00:00:00,1.1277654578398448
2009-02-03 00:00:00,1.1277654578398448
2009-02-04 00:00:00,1.1277654578398448
2009-02-05 00:00:00,1.1277654578398448
2009-02-06 00:00:00,1.1277654578398448
2009-02-09 00:00:00,1.1277654578398448
2009-02-10 00:00:00,1.1277654578398448
2009-02-11 00:00:00,1.1277654578398448
2009-02-12 00:00:00,1.1277654578398448
2009-02-13 00:00:00,1.1277654578398448
2009-02-17 00:00:00,1.1277654578398448
2009-02-18 00:00:00,1.1277654578398448
2009-02-19 00:00:00,1.1277654578398448
2009-02-20 00:00:00,1.1277654578398448
2009-02-23 00:00:00,1.1277654578398448
2009-02-24 00:00:00,1.1277654578398448
2009-02-25 00:00:00,1.1277654578398448
2009-02-26 00:00:00,1.1277654578398448
2009-02-27 00:00:00,1.1277654578398448
2009-03-02 00:00:00,1.1277654578398448
2009-03-03 00:00:00,1.1277654578398448
2009-03-04 00:00:00,1.1277654578398448
2009-03-05 00:00:00,1.1277654578398448
2009-03-06 00:00:00,1.1277654578398448
2009-03-09 00:00:00,1.1277654578398448
2009-03-10 00:00:00,1.1277654578398448
2009-03-11 00:00:00,1.1277654578398448
2009-03-12 00:00:00,1.1277654578398448
2009-03-13 00:00:00,1.1277654578398448
2009-03-16 00:00:00,1.1277654578398448
2009-03-17 00:00:00,1.1277654578398448
2009-03-18 00:00:00,1.1277654578398448
2009-03-19 00:00:00,1.1277654578398448
2009-03-20 00:00:00,1.1277654578398448
2009-03-23 00:00:00,1.1277654578398448
2009-03-24 00:00:00,1.1277654578398448
2009-03-25 00:00:00,1.1277654578398448
2009-03-26 00:00:00,1.1277654578398448
2009-03-27 00:00:00,1.1277654578398448
2009-03-30 00:00:00,1.1277654578398448
2009-03-31 00:00:00,1.1277654578398448
2009-04-01 00:00:00,1.1352144551801238
2009-04-02 00:00:00,1.1352144551801238
2009-04-03 00:00:00,1.1352144551801238
2009-04-06 00:00:00,1.1352144551801238
2009-04-07 00:00:00,1.1371929271609673
2009-04-08 00:00:00,1.1371929271609673
2009-04-09 00:00:00,1.1371929271609673
2009-04-10 00:00:00,1.1371929271609673
2009-04-13 00:00:00,1.1371929271609673
2009-04-14 00:00:00,1.1371929271609673
2009-04-15 00:00:00,1.1371929271609673
2009-04-16 00:00:00,1.1371929271609673
2009-04-17 00:00:00,1.1371929271609673
2009-04-20 00:00:00,1.1371929271609673
2009-04-21 00:00:00,1.1371929271609673
2009-04-22 00:00:00,1.1371929271609673
2009-04-23 00:00:00,1.1371929271609673
2009-04-24 00:00:00,1.1371929271609673
2009-04-27 00:00:00,1.1371929271609673
2009-04-28 00:00:00,1.1371929271609673
2009-04-29 00:00:00,1.1371929271609673
2009-04-30 00:00:00,1.1371929271609673
2009-05-01 00:00:00,1.1371929271609673
2009-05-04 00:00:00,1.1371929271609673
2009-05-05 00:00:00,1.1371929271609673
2009-05-06 00:00:00,1.1371929271609673
2009-05-07 00:00:00,1.1371929271609673
2009-05-08 00:00:00,1.1371929271609673
2009-05-11 00:00:00,1.1371929271609673
2009-05-12 00:00:00,1.1371929271609673
2009-05-13 00:00:00,1.1371929271609673
2009-05-14 00:00:00,1.1371929271609673
2009-05-15 00:00:00,1.1371929271609673
2009-05-18 00:00:00,1.1371929271609673
2009-05-19 00:00:00,1.1371929271609673
2009-05-20 00:00:00,1.1371929271609673
2009-05-21 00:00:00,1.1371929271609673
2009-05-22 00:00:00,1.1371929271609673
2009-05-26 00:00:00,1.1371929271609673
2009-05-27 00:00:00,1.1371929271609673
2009-05-28 00:00:00,1.1371929271609673
2009-05-29 00:00:00,1.1371929271609673
2009-06-01 00:00:00,1.1371929271609673
2009-06-02 00:00:00,1.1371929271609673
2009-06-03 00:00:00,1.1371929271609673
2009-06-04 00:00:00,1.1371929271609673
2009-06-05 00:00:00,1.1371929271609673
2009-06-08 00:00:00,1.1371929271609673
2009-06-09 00:00:00,1.1371929271609673
2009-06-10 00:00:00,1.1371929271609673
2009-06-11 00:00:00,1.1371929271609673
2009-06-12 00:00:00,1.1371929271609673
2009-06-15 00:00:00,1.1371929271609673
2009-06-16 00:00:00,1.1371929271609673
2009-06-17 00:00:00,1.1371929271609673
2009-06-18 00:00:00,1.1371929271609673
2009-06-19 00:00:00,1.1371929271609673
2009-06-22 00:00:00,1.1371929271609673
2009-06-23 00:00:00,1.1371929271609673
2009-06-24 00:00:00,1.1371929271609673
2009-06-25 00:00:00,1.1371929271609673
2009-06-26 00:00:00,1.1371929271609673
2009-06-29 00:00:00,1.1371929271609673
2009-06-30 00:00:00,1.1371929271609673
2009-07-01 00:00:00,1.1371929271609673
2009-07-02 00:00:00,1.1371929271609673
2009-07-03 00:00:00,1.1371929271609673
2009-07-06 00:00:00,1.1371929271609673
2009-07-07 00:00:00,1.1371929271609673
2009-07-08 00:00:00,1.1371929271609673
2009-07-09 00:00:00,1.1371929271609673
2009-07-10 00:00:00,1.1371929271609673
2009-07-13 00:00:00,1.1371929271609673
2009-07-14 00:00:00,1.1371929271609673
2009-07-15 00:00:00,1.1371929271609673
2009-07-16 00:00:00,1.1371929271609673
2009-07-17 00:00:00,1.1371929271609673
2009-07-20 00:00:00,1.1371929271609673
2009-07-21 00:00:00,1.1371929271609673
2009-07-22 00:00:00,1.1371929271609673
2009-07-23 00:00:00,1.1371929271609673
2009-07-24 00:00:00,1.1371929271609673
2009-07-27 00:00:00,1.1371929271609673
2009-07-28 00:00:00,1.1371929271609673
2009-07-29 00:00:00,1.1371929271609673
2009-07-30 00:00:00,1.1371929271609673
2009-07-31 00:00:00,1.1371929271609673
2009-08-03 00:00:00,1.1371929271609673
2009-08-04 00:00:00,1.1371929271609673
2009-08-05 00:00:00,1.1371929271609673
2009-08-06 00:00:00,1.1371929271609673
2009-08-07 00:00:00,1.1371929271609673
2009-08-10 00:00:00,1.1371929271609673
2009-08-11 00:00:00,1.1371929271609673
2009-08-12 00:00:00,1.1371929271609673
2009-08-13 00:00:00,1.1371929271609673
2009-08-14 00:00:00,1.1371929271609673
2009-08-17 00:00:00,1.1371929271609673
2009-08-18 00:00:00,1.1371929271609673
2009-08-19 00:00:00,1.1371929271609673
2009-08-20 00:00:00,1.1371929271609673
2009-08-21 00:00:00,1.1371929271609673
2009-08-24 00:00:00,1.1371929271609673
2009-08-25 00:00:00,1.1371929271609673
2009-08-26 00:00:00,1.1371929271609673
2009-08-27 00:00:00,1.1371929271609673
2009-08-28 00:00:00,1.1371929271609673
2009-08-31 00:00:00,1.1371929271609673
2009-09-01 00:00:00,1.1371929271609673
2009-09-02 00:00:00,1.1371929271609673
2009-09-03 00:00:00,1.1371929271609673
2009-09-04 00:00:00,1.1371929271609673
2009-09-08 00:00:00,1.1371929271609673
2009-09-09 00:00:00,1.1371929271609673
2009-09-10 00:00:00,1.1371929271609673
2009-09-11 00:00:00,1.1371929271609673
2009-09-14 00:00:00,1.1299045388287587
2009-09-15 00:00:00,1.1192097825721457
2009-09-16 00:00:00,1.1192097825721457
2009-09-17 00:00:00,1.1192097825721457
2009-09-18 00:00:00,1.1192097825721457
2009-09-21 00:00:00,1.1192097825721457
2009-09-22 00:00:00,1.1192097825721457
2009-09-23 00:00:00,1.1192097825721457
2009-09-24 00:00:00,1.1192097825721457
2009-09-25 00:00:00,1.1192097825721457
2009-09-28 00:00:00,1.1192097825721457
2009-09-29 00:00:00,1.1192097825721457
2009-09-30 00:00:00,1.1192097825721457
2009-10-01 00:00:00,1.1192097825721457
2009-10-02 00:00:00,1.1192097825721457
2009-10-05 00:00:00,1.1192097825721457
2009-10-06 00:00:00,1.1192097825721457
2009-10-07 00:00:00,1.1192097825721457
2009-10-08 00:00:00,1.1192097825721457
2009-10-09 00:00:00,1.1192097825721457
2009-10-13 00:00:00,1.1192097825721457
2009-10-14 00:00:00,1.1192097825721457
2009-10-15 00:00:00,1.1192097825721457
2009-10-16 00:00:00,1.1192097825721457
2009-10-19 00:00:00,1.1192097825721457
2009-10-20 00:00:00,1.1192097825721457
2009-10-21 00:00:00,1.1192097825721457
2009-10-22 00:00:00,1.1192097825721457
2009-10-23 00:00:00,1.1192097825721457
2009-10-26 00:00:00,1.1192097825721457
2009-10-27 00:00:00,1.1177103864465157
2009-10-28 00:00:00,1.1177103864465157
2009-10-29 00:00:00,1.1177103864465157
2009-10-30 00:00:00,1.1177103864465157
2009-11-02 00:00:00,1.1177103864465157
2009-11-03 00:00:00,1.1177103864465157
2009-11-04 00:00:00,1.1177103864465157
2009-11-05 00:00:00,1.1177103864465157
2009-11-06 00:00:00,1.1177103864465157
2009-11-09 00:00:00,1.1177103864465157
2009-11-10 00:00:00,1.1177103864465157
2009-11-12 00:00:00,1.1177103864465157
2009-11-13 00:00:00,1.1177103864465157
2009-11-16 00:00:00,1.1177103864465157
2009-11-17 00:00:00,1.1177103864465157
2009-11-18 00:00:00,1.1177103864465157
2009-11-19 00:00:00,1.1177103864465157
2009-11-20 00:00:00,1.1177103864465157
2009-11-23 00:00:00,1.1177103864465157
2009-11-24 00:00:00,1.1177103864465157
2009-11-25 00:00:00,1.1177103864465157
2009-11-27 00:00:00,1.1177103864465157
2009-11-30 00:00:00,1.1177103864465157
2009-12-01 00:00:00,1.1177103864465157
2009-12-02 00:00:00,1.1177103864465157
2009-12-03 00:00:00,1.1177103864465157
2009-12-04 00:00:00,1.1177103864465157
2009-12-07 00:00:00,1.1177103864465157
2009-12-08 00:00:00,1.1177103864465157
2009-12-09 00:00:00,1.1177103864465157
2009-12-10 00:00:00,1.1177103864465157
2009-12-11 00:00:00,1.1177103864465157
2009-12-14 00:00:00,1.1177103864465157
2009-12-15 00:00:00,1.1177103864465157
2009-12-16 00:00:00,1.1177103864465157
2009-12-17 00:00:00,1.1177103864465157
2009-12-18 00:00:00,1.1177103864465157
2009-12-21 00:00:00,1.1177103864465157
2009-12-22 00:00:00,1.1177103864465157
2009-12-23 00:00:00,1.1177103864465157
2009-12-24 00:00:00,1.1177103864465157
2009-12-28 00:00:00,1.1177103864465157
2009-12-29 00:00:00,1.1177103864465157
2009-12-30 00:00:00,1.1177103864465157
2009-12-31 00:00:00,1.1177103864465157
2010-01-04 00:00:00,1.1177103864465157
2010-01-05 00:00:00,1.1177103864465157
2010-01-06 00:00:00,1.1177103864465157
2010-01-07 00:00:00,1.1177103864465157
2010-01-08 00:00:00,1.1177103864465157
2010-01-11 00:00:00,1.1177103864465157
2010-01-12 00:00:00,1.1177103864465157
2010-01-13 00:00:00,1.1177103864465157
2010-01-14 00:00:00,1.1177103864465157
2010-01-15 00:00:00,1.1177103864465157
2010-01-19 00:00:00,1.1177103864465157
2010-01-20 00:00:00,1.1177103864465157
2010-01-21 00:00:00,1.1177103864465157
2010-01-22 00:00:00,1.1177103864465157
2010-01-25 00:00:00,1.1177103864465157
2010-01-26 00:00:00,1.1177103864465157
2010-01-27 00:00:00,1.1177103864465157
2010-01-28 00:00:00,1.1177103864465157
2010-01-29 00:00:00,1.1177103864465157
2010-02-01 00:00:00,1.1177103864465157
2010-02-02 00:00:00,1.1177103864465157
2010-02-03 00:00:00,1.1177103864465157
2010-02-04 00:00:00,1.1177103864465157
2010-02-05 00:00:00,1.1177103864465157
2010-02-08 00:00:00,1.1177103864465157
2010-02-09 00:00:00,1.1177103864465157
2010-02-10 00:00:00,1.1177103864465157
2010-02-11 00:00:00,1.1177103864465157
2010-02-12 00:00:00,1.1177103864465157
2010-02-16 00:00:00,1.1177103864465157
2010-02-17 00:00:00,1.1177103864465157
2010-02-18 00:00:00,1.1177103864465157
2010-02-19 00:00:00,1.1177103864465157
2010-02-22 00:00:00,1.1177103864465157
2010-02-23 00:00:00,1.1177103864465157
2010-02-24 00:00:00,1.1177103864465157
2010-02-25 00:00:00,1.1177103864465157
2010-02-26 00:00:00,1.1177103864465157
2010-03-01 00:00:00,1.1177103864465157
2010-03-02 00:00:00,1.1177103864465157
2010-03-03 00:00:00,1.1177103864465157
2010-03-04 00:00:00,1.1177103864465157
2010-03-05 00:00:00,1.1177103864465157
2010-03-08 00:00:00,1.1177103864465157
2010-03-09 00:00:00,1.1177103864465157
2010-03-10 00:00:00,1.1177103864465157
2010-03-11 00:00:00,1.1177103864465157
2010-03-12 00:00:00,1.1177103864465157
2010-03-15 00:00:00,1.1177103864465157
2010-03-16 00:00:00,1.1177103864465157
2010-03-17 00:00:00,1.1177103864465157
2010-03-18 00:00:00,1.1177103864465157
2010-03-19 00:00:00,1.1177103864465157
2010-03-22 00:00:00,1.1177103864465157
2010-03-23 00:00:00,1.1177103864465157
2010-03-24 00:00:00,1.1177103864465157
2010-03-25 00:00:00,1.1177103864465157
2010-03-26 00:00:00,1.1177103864465157
2010-03-29 00:00:00,1.1177103864465157
2010-03-30 00:00:00,1.1177103864465157
2010-03-31 00:00:00,1.1177103864465157
2010-04-01 00:00:00,1.1177103864465157
2010-04-02 00:00:00,1.1177103864465157
2010-04-05 00:00:00,1.1177103864465157
2010-04-06 00:00:00,1.1177103864465157
2010-04-07 00:00:00,1.1177103864465157
2010-04-08 00:00:00,1.1177103864465157
2010-04-09 00:00:00,1.1177103864465157
2010-04-12 00:00:00,1.1177103864465157
2010-04-13 00:00:00,1.1177103864465157
2010-04-14 00:00:00,1.1177103864465157
2010-04-15 00:00:00,1.1177103864465157
2010-04-16 00:00:00,1.1177103864465157
2010-04-19 00:00:00,1.1177103864465157
2010-04-20 00:00:00,1.1177103864465157
2010-04-21 00:00:00,1.1177103864465157
2010-04-22 00:00:00,1.1177103864465157
2010-04-23 00:00:00,1.1177103864465157
2010-04-26 00:00:00,1.1177103864465157
2010-04-27 00:00:00,1.1177103864465157
2010-04-28 00:00:00,1.1177103864465157
2010-04-29 00:00:00,1.1177103864465157
2010-04-30 00:00:00,1.1177103864465157
2010-05-03 00:00:00,1.1177103864465157
2010-05-04 00:00:00,1.1177103864465157
2010-05-05 00:00:00,1.1177103864465157
2010-05-06 00:00:00,1.1177103864465157
2010-05-07 00:00:00,1.1177103864465157
2010-05-10 00:00:00,1.1177103864465157
2010-05-11 00:00:00,1.1177103864465157
2010-05-12 00:00:00,1.1177103864465157
2010-05-13 00:00:00,1.1177103864465157
2010-05-14 00:00:00,1.1177103864465157
2010-05-17 00:00:00,1.1177103864465157
2010-05-18 00:00:00,1.1177103864465157
2010-05-19 00:00:00,1.1177103864465157
2010-05-20 00:00:00,1.1177103864465157
2010-05-21 00:00:00,1.1177103864465157
2010-05-24 00:00:00,1.1177103864465157
2010-05-25 00:00:00,1.1177103864465157
2010-05-26 00:00:00,1.1177103864465157
2010-05-27 00:00:00,1.1177103864465157
2010-05-28 00:00:00,1.1177103864465157
2010-06-01 00:00:00,1.1177103864465157
2010-06-02 00:00:00,1.1177103864465157
2010-06-03 00:00:00,1.1177103864465157
2010-06-04 00:00:00,1.1177103864465157
2010-06-07 00:00:00,1.1177103864465157
2010-06-08 00:00:00,1.1177103864465157
2010-06-09 00:00:00,1.1177103864465157
2010-06-10 00:00:00,1.1177103864465157
2010-06-11 00:00:00,1.1177103864465157
2010-06-14 00:00:00,1.1177103864465157
2010-06-15 00:00:00,1.1177103864465157
2010-06-16 00:00:00,1.1177103864465157
2010-06-17 00:00:00,1.1177103864465157
2010-06-18 00:00:00,1.1177103864465157
2010-06-21 00:00:00,1.1177103864465157
2010-06-22 00:00:00,1.1177103864465157
2010-06-23 00:00:00,1.1177103864465157
2010-06-24 00:00:00,1.1177103864465157
2010-06-25 00:00:00,1.1177103864465157
2010-06-28 00:00:00,1.1177103864465157
2010-06-29 00:00:00,1.1177103864465157
2010-06-30 00:00:00,1.1177103864465157
2010-07-01 00:00:00,1.1177103864465157
2010-07-02 00:00:00,1.1212914193891343
2010-07-06 00:00:00,1.1212914193891343
2010-07-07 00:00:00,1.1212914193891343
2010-07-08 00:00:00,1.1212914193891343
2010-07-09 00:00:00,1.1212914193891343
2010-07-12 00:00:00,1.1212914193891343
2010-07-13 00:00:00,1.1212914193891343
2010-07-14 00:00:00,1.1212914193891343
2010-07-15 00:00:00,1.1212914193891343
2010-07-16 00:00:00,1.1212914193891343
2010-07-19 00:00:00,1.1212914193891343
2010-07-20 00:00:00,1.1212914193891343
2010-07-21 00:00:00,1.1212914193891343
2010-07-22 00:00:00,1.1212914193891343
2010-07-23 00:00:00,1.1212914193891343
2010-07-26 00:00:00,1.1212914193891343
2010-07-27 00:00:00,1.1212914193891343
2010-07-28 00:00:00,1.1212914193891343
2010-07-29 00:00:00,1.1212914193891343
2010-07-30 00:00:00,1.1212914193891343
2010-08-02 00:00:00,1.1212914193891343
2010-08-03 00:00:00,1.1212914193891343
2010-08-04 00:00:00,1.1212914193891343
2010-08-05 00:00:00,1.1212914193891343
2010-08-06 00:00:00,1.1212914193891343
2010-08-09 00:00:00,1.1212914193891343
2010-08-10 00:00:00,1.1212914193891343
2010-08-11 00:00:00,1.1212914193891343
2010-08-12 00:00:00,1.1212914193891343
2010-08-13 00:00:00,1.1212914193891343
2010-08-16 00:00:00,1.1212914193891343
2010-08-17 00:00:00,1.1212914193891343
2010-08-18 00:00:00,1.1212914193891343
2010-08-19 00:00:00,1.1212914193891343
2010-08-20 00:00:00,1.1212914193891343
2010-08-23 00:00:00,1.1212914193891343
2010-08-24 00:00:00,1.1212914193891343
2010-08-25 00:00:00,1.1212914193891343
2010-08-26 00:00:00,1.1212914193891343
2010-08-27 00:00:00,1.1212914193891343
2010-08-30 00:00:00,1.1212914193891343
2010-08-31 00:00:00,1.1212914193891343
2010-09-01 00:00:00,1.1212914193891343
2010-09-02 00:00:00,1.1212914193891343
2010-09-03 00:00:00,1.1212914193891343
2010-09-07 00:00:00,1.1212914193891343
2010-09-08 00:00:00,1.1212914193891343
2010-09-09 00:00:00,1.1212914193891343
2010-09-10 00:00:00,1.1212914193891343
2010-09-13 00:00:00,1.1212914193891343
2010-09-14 00:00:00,1.1212914193891343
2010-09-15 00:00:00,1.1212914193891343
2010-09-16 00:00:00,1.1212914193891343
2010-09-17 00:00:00,1.1212914193891343
2010-09-20 00:00:00,1.1212914193891343
2010-09-21 00:00:00,1.1212914193891343
2010-09-22 00:00:00,1.1212914193891343
2010-09-23 00:00:00,1.1212914193891343
2010-09-24 00:00:00,1.1212914193891343
2010-09-27 00:00:00,1.1212914193891343
2010-09-28 00:00:00,1.1212914193891343
2010-09-29 00:00:00,1.1212914193891343
2010-09-30 00:00:00,1.1212914193891343
2010-10-01 00:00:00,1.1212914193891343
2010-10-04 00:00:00,1.1212914193891343
2010-10-05 00:00:00,1.1212914193891343
2010-10-06 00:00:00,1.1212914193891343
2010-10-07 00:00:00,1.1212914193891343
2010-10-08 00:00:00,1.1212914193891343
2010-10-12 00:00:00,1.1212914193891343
2010-10-13 00:00:00,1.1212914193891343
2010-10-14 00:00:00,1.1212914193891343
2010-10-15 00:00:00,1.1212914193891343
2010-10-18 00:00:00,1.1212914193891343
2010-10-19 00:00:00,1.1212914193891343
2010-10-20 00:00:00,1.1212914193891343
2010-10-21 00:00:00,1.1212914193891343
2010-10-22 00:00:00,1.1212914193891343
2010-10-25 00:00:00,1.1212914193891343
2010-10-26 00:00:00,1.1212914193891343
2010-10-27 00:00:00,1.1212914193891343
2010-10-28 00:00:00,1.1212914193891343
2010-10-29 00:00:00,1.1212914193891343
2010-11-01 00:00:00,1.1212914193891343
2010-11-02 00:00:00,1.1212914193891343
2010-11-03 00:00:00,1.1212914193891343
2010-11-04 00:00:00,1.1212914193891343
2010-11-05 00:00:00,1.1212914193891343
2010-11-08 00:00:00,1.1212914193891343
2010-11-09 00:00:00,1.1212914193891343
2010-11-10 00:00:00,1.1212914193891343
2010-11-12 00:00:00,1.1212914193891343
2010-11-15 00:00:00,1.1212914193891343
2010-11-16 00:00:00,1.1212914193891343
2010-11-17 00:00:00,1.1212914193891343
2010-11-18 00:00:00,1.1212914193891343
2010-11-19 00:00:00,1.1212914193891343
2010-11-22 00:00:00,1.1212914193891343
2010-11-23 00:00:00,1.1212914193891343
2010-11-24 00:00:00,1.1212914193891343
2010-11-26 00:00:00,1.1212914193891343
2010-11-29 00:00:00,1.1212914193891343
2010-11-30 00:00:00,1.1212914193891343
2010-12-01 00:00:00,1.1212914193891343
2010-12-02 00:00:00,1.1212914193891343
2010-12-03 00:00:00,1.1212914193891343
2010-12-06 00:00:00,1.1212914193891343
2010-12-07 00:00:00,1.1212914193891343
2010-12-08 00:00:00,1.1212914193891343
2010-12-09 00:00:00,1.1212914193891343
2010-12-10 00:00:00,1.1212914193891343
2010-12-13 00:00:00,1.1212914193891343
2010-12-14 00:00:00,1.1212914193891343
2010-12-15 00:00:00,1.1212914193891343
2010-12-16 00:00:00,1.1212914193891343
2010-12-17 00:00:00,1.1212914193891343
2010-12-20 00:00:00,1.1212914193891343
2010-12-21 00:00:00,1.1212914193891343
2010-12-22 00:00:00,1.1212914193891343
2010-12-23 00:00:00,1.1212914193891343
2010-12-27 00:00:00,1.1212914193891343
2010-12-28 00:00:00,1.1212914193891343
2010-12-29 00:00:00,1.1212914193891343
2010-12-30 00:00:00,1.1212914193891343
2011-01-03 00:00:00,1.1212914193891343
2011-01-04 00:00:00,1.1212914193891343
2011-01-05 00:00:00,1.1212914193891343
2011-01-06 00:00:00,1.1212914193891343
2011-01-07 00:00:00,1.1212914193891343
2011-01-10 00:00:00,1.1212914193891343
2011-01-11 00:00:00,1.1212914193891343
2011-01-12 00:00:00,1.1212914193891343
2011-01-13 00:00:00,1.1212914193891343
2011-01-14 00:00:00,1.1212914193891343
2011-01-18 00:00:00,1.1212914193891343
2011-01-19 00:00:00,1.1212914193891343
2011-01-20 00:00:00,1.1212914193891343
2011-01-21 00:00:00,1.1212914193891343
2011-01-24 00:00:00,1.1208148442506978
2011-01-25 00:00:00,1.1208148442506978
2011-01-26 00:00:00,1.1208148442506978
2011-01-27 00:00:00,1.1208148442506978
2011-01-28 00:00:00,1.1208148442506978
2011-01-31 00:00:00,1.1208148442506978
2011-02-01 00:00:00,1.1208148442506978
2011-02-02 00:00:00,1.1208148442506978
2011-02-03 00:00:00,1.1208148442506978
2011-02-04 00:00:00,1.1208148442506978
2011-02-07 00:00:00,1.1208148442506978
2011-02-08 00:00:00,1.1208148442506978
2011-02-09 00:00:00,1.1208148442506978
2011-02-10 00:00:00,1.1208148442506978
2011-02-11 00:00:00,1.1208148442506978
2011-02-14 00:00:00,1.1208148442506978
2011-02-15 00:00:00,1.1208148442506978
2011-02-16 00:00:00,1.1208148442506978
2011-02-17 00:00:00,1.1208148442506978
2011-02-18 00:00:00,1.1208148442506978
2011-02-22 00:00:00,1.1208148442506978
2011-02-23 00:00:00,1.1208148442506978
2011-02-24 00:00:00,1.1208148442506978
2011-02-25 00:00:00,1.1208148442506978
2011-02-28 00:00:00,1.1208148442506978
2011-03-01 00:00:00,1.1208148442506978
2011-03-02 00:00:00,1.1208148442506978
2011-03-03 00:00:00,1.1208148442506978
2011-03-04 00:00:00,1.1208148442506978
2011-03-07 00:00:00,1.1208148442506978
2011-03-08 00:00:00,1.1208148442506978
2011-03-09 00:00:00,1.1208148442506978
2011-03-10 00:00:00,1.1208148442506978
2011-03-11 00:00:00,1.1208148442506978
2011-03-14 00:00:00,1.1208148442506978
2011-03-15 00:00:00,1.1208148442506978
2011-03-16 00:00:00,1.1208148442506978
2011-03-17 00:00:00,1.1208148442506978
2011-03-18 00:00:00,1.1208148442506978
2011-03-21 00:00:00,1.1208148442506978
2011-03-22 00:00:00,1.1208148442506978
2011-03-23 00:00:00,1.1208148442506978
2011-03-24 00:00:00,1.1208148442506978
2011-03-25 00:00:00,1.1208148442506978
2011-03-28 00:00:00,1.1208148442506978
2011-03-29 00:00:00,1.1208148442506978
2011-03-30 00:00:00,1.1208148442506978
2011-03-31 00:00:00,1.1208148442506978
2011-04-01 00:00:00,1.1208148442506978
2011-04-04 00:00:00,1.1208148442506978
2011-04-05 00:00:00,1.1208148442506978
2011-04-06 00:00:00,1.1208148442506978
2011-04-07 00:00:00,1.1208148442506978
2011-04-08 00:00:00,1.1208148442506978
2011-04-11 00:00:00,1.1208148442506978
2011-04-12 00:00:00,1.1208148442506978
2011-04-13 00:00:00,1.1208148442506978
2011-04-14 00:00:00,1.1208148442506978
2011-04-15 00:00:00,1.1208148442506978
2011-04-18 00:00:00,1.1208148442506978
2011-04-19 00:00:00,1.1208148442506978
2011-04-20 00:00:00,1.1208148442506978
2011-04-21 00:00:00,1.1208148442506978
2011-04-22 00:00:00,1.1208148442506978
2011-04-25 00:00:00,1.1208148442506978
2011-04-26 00:00:00,1.1208148442506978
2011-04-27 00:00:00,1.1208148442506978
2011-04-28 00:00:00,1.1208148442506978
2011-04-29 00:00:00,1.1208148442506978
2011-05-02 00:00:00,1.1208148442506978
2011-05-03 00:00:00,1.1208148442506978
2011-05-04 00:00:00,1.1208148442506978
2011-05-05 00:00:00,1.1208148442506978
2011-05-06 00:00:00,1.1208148442506978
2011-05-09 00:00:00,1.1208148442506978
2011-05-10 00:00:00,1.1208148442506978
2011-05-11 00:00:00,1.1208148442506978
2011-05-12 00:00:00,1.1208148442506978
2011-05-13 00:00:00,1.1208148442506978
2011-05-16 00:00:00,1.1208148442506978
2011-05-17 00:00:00,1.1208148442506978
2011-05-18 00:00:00,1.1208148442506978
2011-05-19 00:00:00,1.1208148442506978
2011-05-20 00:00:00,1.1208148442506978
2011-05-23 00:00:00,1.1208148442506978
2011-05-24 00:00:00,1.1208148442506978
2011-05-25 00:00:00,1.1208148442506978
2011-05-26 00:00:00,1.1208148442506978
2011-05-27 00:00:00,1.1208148442506978
2011-05-31 00:00:00,1.1208148442506978
2011-06-01 00:00:00,1.1208148442506978
2011-06-02 00:00:00,1.116301771239866
2011-06-03 00:00:00,1.1212251236153188
2011-06-06 00:00:00,1.118831827321696
2011-06-07 00:00:00,1.124438978638184
2011-06-08 00:00:00,1.1201310453096625
2011-06-09 00:00:00,1.1201994252037661
2011-06-10 00:00:00,1.111110554305241
2011-06-13 00:00:00,1.111110554305241
2011-06-14 00:00:00,1.111110554305241
2011-06-15 00:00:00,1.111110554305241
2011-06-16 00:00:00,1.111110554305241
2011-06-17 00:00:00,1.111110554305241
2011-06-20 00:00:00,1.111110554305241
2011-06-21 00:00:00,1.111110554305241
2011-06-22 00:00:00,1.111110554305241
2011-06-23 00:00:00,1.111110554305241
2011-06-24 00:00:00,1.111110554305241
2011-06-27 00:00:00,1.111110554305241
2011-06-28 00:00:00,1.111110554305241
2011-06-29 00:00:00,1.111110554305241
2011-06-30 00:00:00,1.111110554305241
2011-07-01 00:00:00,1.111110554305241
2011-07-05 00:00:00,1.111110554305241
2011-07-06 00:00:00,1.111110554305241
2011-07-07 00:00:00,1.111110554305241
2011-07-08 00:00:00,1.111110554305241
2011-07-11 00:00:00,1.111110554305241
2011-07-12 00:00:00,1.111110554305241
2011-07-13 00:00:00,1.111110554305241
2011-07-14 00:00:00,1.111110554305241
2011-07-15 00:00:00,1.111110554305241
2011-07-18 00:00:00,1.111110554305241
2011-07-19 00:00:00,1.111110554305241
2011-07-20 00:00:00,1.111110554305241
2011-07-21 00:00:00,1.111110554305241
2011-07-22 00:00:00,1.111110554305241
2011-07-25 00:00:00,1.111110554305241
2011-07-26 00:00:00,1.111110554305241
2011-07-27 00:00:00,1.111110554305241
2011-07-28 00:00:00,1.111110554305241
2011-07-29 00:00:00,1.111110554305241
2011-08-01 00:00:00,1.0988254394244537
2011-08-02 00:00:00,1.0988254394244537
2011-08-03 00:00:00,1.0988254394244537
2011-08-04 00:00:00,1.0988254394244537
2011-08-05 00:00:00,1.0988254394244537
2011-08-08 00:00:00,1.0988254394244537
2011-08-09 00:00:00,1.0988254394244537
2011-08-10 00:00:00,1.0988254394244537
2011-08-11 00:00:00,1.0988254394244537
2011-08-12 00:00:00,1.0988254394244537
2011-08-15 00:00:00,1.0988254394244537
2011-08-16 00:00:00,1.0988254394244537
2011-08-17 00:00:00,1.0988254394244537
2011-08-18 00:00:00,1.0988254394244537
2011-08-19 00:00:00,1.0988254394244537
2011-08-22 00:00:00,1.0988254394244537
2011-08-23 00:00:00,1.0988254394244537
2011-08-24 00:00:00,1.0988254394244537
2011-08-25 00:00:00,1.0988254394244537
2011-08-26 00:00:00,1.0988254394244537
2011-08-29 00:00:00,1.0988254394244537
2011-08-30 00:00:00,1.0988254394244537
2011-08-31 00:00:00,1.0988254394244537
2011-09-01 00:00:00,1.0988254394244537
2011-09-02 00:00:00,1.0988254394244537
2011-09-06 00:00:00,1.0988254394244537
2011-09-07 00:00:00,1.0988254394244537
2011-09-08 00:00:00,1.0988254394244537
2011-09-09 00:00:00,1.0988254394244537
2011-09-12 00:00:00,1.0988254394244537
2011-09-13 00:00:00,1.0988254394244537
2011-09-14 00:00:00,1.0988254394244537
2011-09-15 00:00:00,1.0988254394244537
2011-09-16 00:00:00,1.0988254394244537
2011-09-19 00:00:00,1.0988254394244537
2011-09-20 00:00:00,1.0988254394244537
2011-09-21 00:00:00,1.0988254394244537
2011-09-22 00:00:00,1.0988254394244537
2011-09-23 00:00:00,1.0988254394244537
2011-09-26 00:00:00,1.0988254394244537
2011-09-27 00:00:00,1.0988254394244537
2011-09-28 00:00:00,1.0988254394244537
2011-09-29 00:00:00,1.0988254394244537
2011-09-30 00:00:00,1.0988254394244537
2011-10-03 00:00:00,1.0988254394244537
2011-10-04 00:00:00,1.0988254394244537
2011-10-05 00:00:00,1.0988254394244537
2011-10-06 00:00:00,1.0988254394244537
2011-10-07 00:00:00,1.0988254394244537
2011-10-11 00:00:00,1.0988254394244537
2011-10-12 00:00:00,1.0988254394244537
2011-10-13 00:00:00,1.0988254394244537
2011-10-14 00:00:00,1.0988254394244537
2011-10-17 00:00:00,1.0988254394244537
2011-10-18 00:00:00,1.0988254394244537
2011-10-19 00:00:00,1.0988254394244537
2011-10-20 00:00:00,1.0988254394244537
2011-10-21 00:00:00,1.0988254394244537
2011-10-24 00:00:00,1.0988254394244537
2011-10-25 00:00:00,1.0988254394244537
2011-10-26 00:00:00,1.0988254394244537
2011-10-27 00:00:00,1.0988254394244537
2011-10-28 00:00:00,1.0988254394244537
2011-10-31 00:00:00,1.0988254394244537
2011-11-01 00:00:00,1.0988254394244537
2011-11-02 00:00:00,1.0988254394244537
2011-11-03 00:00:00,1.0988254394244537
2011-11-04 00:00:00,1.0988254394244537
2011-11-07 00:00:00,1.0988254394244537
2011-11-08 00:00:00,1.0988254394244537
2011-11-09 00:00:00,1.0904302654271074
2011-11-10 00:00:00,1.0904302654271074
2011-11-14 00:00:00,1.0904302654271074
2011-11-15 00:00:00,1.0904302654271074
2011-11-16 00:00:00,1.0904302654271074
2011-11-17 00:00:00,1.0904302654271074
2011-11-18 00:00:00,1.0904302654271074
2011-11-21 00:00:00,1.0904302654271074
2011-11-22 00:00:00,1.0904302654271074
2011-11-23 00:00:00,1.0904302654271074
2011-11-25 00:00:00,1.0904302654271074
2011-11-28 00:00:00,1.0904302654271074
2011-11-29 00:00:00,1.0904302654271074
2011-11-30 00:00:00,1.0904302654271074
2011-12-01 00:00:00,1.0904302654271074
2011-12-02 00:00:00,1.0904302654271074
2011-12-05 00:00:00,1.0904302654271074
2011-12-06 00:00:00,1.0904302654271074
2011-12-07 00:00:00,1.0904302654271074
2011-12-08 00:00:00,1.0904302654271074
2011-12-09 00:00:00,1.0904302654271074
2011-12-12 00:00:00,1.0904302654271074
2011-12-13 00:00:00,1.0904302654271074
2011-12-14 00:00:00,1.0904302654271074
2011-12-15 00:00:00,1.0904302654271074
2011-12-16 00:00:00,1.0904302654271074
2011-12-19 00:00:00,1.0904302654271074
2011-12-20 00:00:00,1.0904302654271074
2011-12-21 00:00:00,1.0904302654271074
2011-12-22 00:00:00,1.0904302654271074
2011-12-23 00:00:00,1.0904302654271074
2011-12-27 00:00:00,1.0904302654271074
2011-12-28 00:00:00,1.0904302654271074
2011-12-29 00:00:00,1.0904302654271074
2011-12-30 00:00:00,1.0904302654271074
2012-01-03 00:00:00,1.0904302654271074
2012-01-04 00:00:00,1.0904302654271074
2012-01-05 00:00:00,1.0904302654271074
2012-01-06 00:00:00,1.0904302654271074
2012-01-09 00:00:00,1.0904302654271074
2012-01-10 00:00:00,1.0904302654271074
2012-01-11 00:00:00,1.0904302654271074
2012-01-12 00:00:00,1.0904302654271074
2012-01-13 00:00:00,1.0904302654271074
2012-01-17 00:00:00,1.0904302654271074
2012-01-18 00:00:00,1.0904302654271074
2012-01-19 00:00:00,1.0904302654271074
2012-01-20 00:00:00,1.0904302654271074
2012-01-23 00:00:00,1.0904302654271074
2012-01-24 00:00:00,1.0904302654271074
2012-01-25 00:00:00,1.0904302654271074
2012-01-26 00:00:00,1.0904302654271074
2012-01-27 00:00:00,1.0904302654271074
2012-01-30 00:00:00,1.0904302654271074
2012-01-31 00:00:00,1.0904302654271074
2012-02-01 00:00:00,1.0904302654271074
2012-02-02 00:00:00,1.0904302654271074
2012-02-03 00:00:00,1.0877585699132468
2012-02-06 00:00:00,1.0877585699132468
2012-02-07 00:00:00,1.0877585699132468
2012-02-08 00:00:00,1.0877585699132468
2012-02-09 00:00:00,1.0877585699132468
2012-02-10 00:00:00,1.0877585699132468
2012-02-13 00:00:00,1.0877585699132468
2012-02-14 00:00:00,1.0877585699132468
2012-02-15 00:00:00,1.0877585699132468
2012-02-16 00:00:00,1.0877585699132468
2012-02-17 00:00:00,1.0877585699132468
2012-02-21 00:00:00,1.0877585699132468
2012-02-22 00:00:00,1.0877585699132468
2012-02-23 00:00:00,1.0877585699132468
2012-02-24 00:00:00,1.0877585699132468
2012-02-27 00:00:00,1.0877585699132468
2012-02-28 00:00:00,1.0877585699132468
2012-02-29 00:00:00,1.0877585699132468
2012-03-01 00:00:00,1.0877585699132468
2012-03-02 00:00:00,1.0877585699132468
2012-03-05 00:00:00,1.0877585699132468
2012-03-06 00:00:00,1.0877585699132468
2012-03-07 00:00:00,1.0877585699132468
2012-03-08 00:00:00,1.0877585699132468
2012-03-09 00:00:00,1.0877585699132468
2012-03-12 00:00:00,1.0877585699132468
2012-03-13 00:00:00,1.0877585699132468
2012-03-14 00:00:00,1.0877585699132468
2012-03-15 00:00:00,1.0877585699132468
2012-03-16 00:00:00,1.0877585699132468
2012-03-19 00:00:00,1.0877585699132468
2012-03-20 00:00:00,1.0877585699132468
2012-03-21 00:00:00,1.0877585699132468
2012-03-22 00:00:00,1.0877585699132468
2012-03-23 00:00:00,1.0877585699132468
2012-03-26 00:00:00,1.0877585699132468
2012-03-27 00:00:00,1.0877585699132468
2012-03-28 00:00:00,1.0877585699132468
2012-03-29 00:00:00,1.0877585699132468
2012-03-30 00:00:00,1.0877585699132468
2012-04-02 00:00:00,1.0877585699132468
2012-04-03 00:00:00,1.0877585699132468
2012-04-04 00:00:00,1.0877585699132468
2012-04-05 00:00:00,1.0877585699132468
2012-04-06 00:00:00,1.0877585699132468
2012-04-09 00:00:00,1.0877585699132468
2012-04-10 00:00:00,1.0877585699132468
2012-04-11 00:00:00,1.0877585699132468
2012-04-12 00:00:00,1.0877585699132468
2012-04-13 00:00:00,1.0877585699132468
2012-04-16 00:00:00,1.0877585699132468
2012-04-17 00:00:00,1.0877585699132468
2012-04-18 00:00:00,1.0877585699132468
2012-04-19 00:00:00,1.0877585699132468
2012-04-20 00:00:00,1.0877585699132468
2012-04-23 00:00:00,1.0877585699132468
2012-04-24 00:00:00,1.0877585699132468
2012-04-25 00:00:00,1.0877585699132468
2012-04-26 00:00:00,1.0877585699132468
2012-04-27 00:00:00,1.0877585699132468
2012-04-30 00:00:00,1.0877585699132468
2012-05-01 00:00:00,1.0877585699132468
2012-05-02 00:00:00,1.0877585699132468
2012-05-03 00:00:00,1.0877585699132468
2012-05-04 00:00:00,1.0877585699132468
2012-05-07 00:00:00,1.0877585699132468
2012-05-08 00:00:00,1.0877585699132468
2012-05-09 00:00:00,1.0877585699132468
2012-05-10 00:00:00,1.0877585699132468
2012-05-11 00:00:00,1.0877585699132468
2012-05-14 00:00:00,1.0877585699132468
2012-05-15 00:00:00,1.0877585699132468
2012-05-16 00:00:00,1.0877585699132468
2012-05-17 00:00:00,1.0877585699132468
2012-05-18 00:00:00,1.0877585699132468
2012-05-21 00:00:00,1.0877585699132468
2012-05-22 00:00:00,1.0877585699132468
2012-05-23 00:00:00,1.0877585699132468
2012-05-24 00:00:00,1.0877585699132468
2012-05-25 00:00:00,1.0877585699132468
2012-05-29 00:00:00,1.0877585699132468
2012-05-30 00:00:00,1.0877585699132468
2012-05-31 00:00:00,1.0877585699132468
2012-06-01 00:00:00,1.0877585699132468
2012-06-04 00:00:00,1.0877585699132468
2012-06-05 00:00:00,1.0877585699132468
2012-06-06 00:00:00,1.0877585699132468
2012-06-07 00:00:00,1.0877585699132468
2012-06-08 00:00:00,1.0877585699132468
2012-06-11 00:00:00,1.0877585699132468
2012-06-12 00:00:00,1.0877585699132468
2012-06-13 00:00:00,1.0877585699132468
2012-06-14 00:00:00,1.0877585699132468
2012-06-15 00:00:00,1.0877585699132468
2012-06-18 00:00:00,1.0877585699132468
2012-06-19 00:00:00,1.0877585699132468
2012-06-20 00:00:00,1.0877585699132468
2012-06-21 00:00:00,1.0877585699132468
2012-06-22 00:00:00,1.0877585699132468
2012-06-25 00:00:00,1.0877585699132468
2012-06-26 00:00:00,1.0877585699132468
2012-06-27 00:00:00,1.0877585699132468
2012-06-28 00:00:00,1.0877585699132468
2012-06-29 00:00:00,1.0877585699132468
2012-07-02 00:00:00,1.0877585699132468
2012-07-03 00:00:00,1.0877585699132468
2012-07-05 00:00:00,1.0877585699132468
2012-07-06 00:00:00,1.0877585699132468
2012-07-09 00:00:00,1.0877585699132468
2012-07-10 00:00:00,1.0877585699132468
2012-07-11 00:00:00,1.0877585699132468
2012-07-12 00:00:00,1.0877585699132468
2012-07-13 00:00:00,1.0877585699132468
2012-07-16 00:00:00,1.0877585699132468
2012-07-17 00:00:00,1.0877585699132468
2012-07-18 00:00:00,1.0877585699132468
2012-07-19 00:00:00,1.0877585699132468
2012-07-20 00:00:00,1.0877585699132468
2012-07-23 00:00:00,1.0877585699132468
2012-07-24 00:00:00,1.0877585699132468
2012-07-25 00:00:00,1.0877585699132468
2012-07-26 00:00:00,1.0877585699132468
2012-07-27 00:00:00,1.0877585699132468
2012-07-30 00:00:00,1.0877585699132468
2012-07-31 00:00:00,1.0877585699132468
2012-08-01 00:00:00,1.0877585699132468
2012-08-02 00:00:00,1.0877585699132468
2012-08-03 00:00:00,1.0877585699132468
2012-08-06 00:00:00,1.0877585699132468
2012-08-07 00:00:00,1.0877585699132468
2012-08-08 00:00:00,1.0877585699132468
2012-08-09 00:00:00,1.0877585699132468
2012-08-10 00:00:00,1.0877585699132468
2012-08-13 00:00:00,1.0877585699132468
2012-08-14 00:00:00,1.0877585699132468
2012-08-15 00:00:00,1.0877585699132468
2012-08-16 00:00:00,1.0877585699132468
2012-08-17 00:00:00,1.0877585699132468
2012-08-20 00:00:00,1.0877585699132468
2012-08-21 00:00:00,1.0877585699132468
2012-08-22 00:00:00,1.0877585699132468
2012-08-23 00:00:00,1.0930775716291645
2012-08-24 00:00:00,1.0930775716291645
2012-08-27 00:00:00,1.0930775716291645
2012-08-28 00:00:00,1.0930775716291645
2012-08-29 00:00:00,1.0930775716291645
2012-08-30 00:00:00,1.0930775716291645
2012-08-31 00:00:00,1.0930775716291645
2012-09-04 00:00:00,1.0930775716291645
2012-09-05 00:00:00,1.0930775716291645
2012-09-06 00:00:00,1.0930775716291645
2012-09-07 00:00:00,1.0930775716291645
2012-09-10 00:00:00,1.0930775716291645
2012-09-11 00:00:00,1.0930775716291645
2012-09-12 00:00:00,1.0930775716291645
2012-09-13 00:00:00,1.0930775716291645
2012-09-14 00:00:00,1.0930775716291645
2012-09-17 00:00:00,1.0930775716291645
2012-09-18 00:00:00,1.0930775716291645
2012-09-19 00:00:00,1.0930775716291645
2012-09-20 00:00:00,1.0930775716291645
2012-09-21 00:00:00,1.0930775716291645
2012-09-24 00:00:00,1.0930775716291645
2012-09-25 00:00:00,1.0930775716291645
2012-09-26 00:00:00,1.0930775716291645
2012-09-27 00:00:00,1.0930775716291645
2012-09-28 00:00:00,1.0930775716291645
2012-10-01 00:00:00,1.0930775716291645
2012-10-02 00:00:00,1.0930775716291645
2012-10-03 00:00:00,1.0930775716291645
2012-10-04 00:00:00,1.0930775716291645
2012-10-05 00:00:00,1.0930775716291645
2012-10-09 00:00:00,1.0930775716291645
2012-10-10 00:00:00,1.0930775716291645
2012-10-11 00:00:00,1.0930775716291645
2012-10-12 00:00:00,1.0930775716291645
2012-10-15 00:00:00,1.0930775716291645
2012-10-16 00:00:00,1.0930775716291645
2012-10-17 00:00:00,1.0930775716291645
2012-10-18 00:00:00,1.0930775716291645
2012-10-19 00:00:00,1.0930775716291645
2012-10-22 00:00:00,1.0930775716291645
2012-10-23 00:00:00,1.0930775716291645
2012-10-24 00:00:00,1.0930775716291645
2012-10-25 00:00:00,1.0930775716291645
2012-10-26 00:00:00,1.0930775716291645
2012-10-29 00:00:00,1.0930775716291645
2012-10-30 00:00:00,1.0930775716291645
2012-10-31 00:00:00,1.0930775716291645
2012-11-01 00:00:00,1.0930775716291645
2012-11-02 00:00:00,1.0930775716291645
2012-11-05 00:00:00,1.0930775716291645
2012-11-06 00:00:00,1.0930775716291645
2012-11-07 00:00:00,1.0930775716291645
2012-11-08 00:00:00,1.0930775716291645
2012-11-09 00:00:00,1.0930775716291645
2012-11-13 00:00:00,1.0930775716291645
2012-11-14 00:00:00,1.0930775716291645
2012-11-15 00:00:00,1.0930775716291645
2012-11-16 00:00:00,1.0930775716291645
2012-11-19 00:00:00,1.0930775716291645
2012-11-20 00:00:00,1.0930775716291645
2012-11-21 00:00:00,1.0930775716291645
2012-11-23 00:00:00,1.0930775716291645
2012-11-26 00:00:00,1.0930775716291645
2012-11-27 00:00:00,1.0930775716291645
2012-11-28 00:00:00,1.0930775716291645
2012-11-29 00:00:00,1.0930775716291645
2012-11-30 00:00:00,1.0930775716291645
2012-12-03 00:00:00,1.0930775716291645
2012-12-04 00:00:00,1.0930775716291645
2012-12-05 00:00:00,1.0930775716291645
2012-12-06 00:00:00,1.0930775716291645
2012-12-07 00:00:00,1.0930775716291645
2012-12-10 00:00:00,1.0930775716291645
2012-12-11 00:00:00,1.0930775716291645
2012-12-12 00:00:00,1.0930775716291645
2012-12-13 00:00:00,1.0930775716291645
2012-12-14 00:00:00,1.0930775716291645
2012-12-17 00:00:00,1.0930775716291645
2012-12-18 00:00:00,1.0930775716291645
2012-12-19 00:00:00,1.0930775716291645
2012-12-20 00:00:00,1.0930775716291645
2012-12-21 00:00:00,1.0930775716291645
2012-12-24 00:00:00,1.0930775716291645
2012-12-26 00:00:00,1.0930775716291645
2012-12-27 00:00:00,1.0930775716291645
2012-12-28 00:00:00,1.0930775716291645
2012-12-31 00:00:00,1.0930775716291645
2013-01-02 00:00:00,1.0930775716291645
2013-01-03 00:00:00,1.0930775716291645
2013-01-04 00:00:00,1.0930775716291645
2013-01-07 00:00:00,1.0930775716291645
2013-01-08 00:00:00,1.0930775716291645
2013-01-09 00:00:00,1.0930775716291645
2013-01-10 00:00:00,1.0930775716291645
2013-01-11 00:00:00,1.0930775716291645
2013-01-14 00:00:00,1.0930775716291645
2013-01-15 00:00:00,1.0930775716291645
2013-01-16 00:00:00,1.0930775716291645
2013-01-17 00:00:00,1.0930775716291645
2013-01-18 00:00:00,1.0930775716291645
2013-01-22 00:00:00,1.0930775716291645
2013-01-23 00:00:00,1.0930775716291645
2013-01-24 00:00:00,1.0930775716291645
2013-01-25 00:00:00,1.0930775716291645
2013-01-28 00:00:00,1.0930775716291645
2013-01-29 00:00:00,1.0930775716291645
2013-01-30 00:00:00,1.0930775716291645
2013-01-31 00:00:00,1.0930775716291645
2013-02-01 00:00:00,1.0930775716291645
2013-02-04 00:00:00,1.0930775716291645
2013-02-05 00:00:00,1.0930775716291645
2013-02-06 00:00:00,1.0930775716291645
2013-02-07 00:00:00,1.0930775716291645
2013-02-08 00:00:00,1.0930775716291645
2013-02-11 00:00:00,1.0930775716291645
2013-02-12 00:00:00,1.0930775716291645
2013-02-13 00:00:00,1.0930775716291645
2013-02-14 00:00:00,1.0930775716291645
2013-02-15 00:00:00,1.0930775716291645
2013-02-19 00:00:00,1.0930775716291645
2013-02-20 00:00:00,1.0930775716291645
2013-02-21 00:00:00,1.0930775716291645
2013-02-22 00:00:00,1.0930775716291645
2013-02-25 00:00:00,1.0930775716291645
2013-02-26 00:00:00,1.0930775716291645
2013-02-27 00:00:00,1.0930775716291645
2013-02-28 00:00:00,1.0930775716291645
2013-03-01 00:00:00,1.0930775716291645
2013-03-04 00:00:00,1.0930775716291645
2013-03-05 00:00:00,1.0930775716291645
2013-03-06 00:00:00,1.0930775716291645
2013-03-07 00:00:00,1.0930775716291645
2013-03-08 00:00:00,1.0930775716291645
2013-03-11 00:00:00,1.0930775716291645
2013-03-12 00:00:00,1.0930775716291645
2013-03-13 00:00:00,1.0930775716291645
2013-03-14 00:00:00,1.0930775716291645
2013-03-15 00:00:00,1.0930775716291645
2013-03-18 00:00:00,1.0930775716291645
2013-03-19 00:00:00,1.0930775716291645
2013-03-20 00:00:00,1.0930775716291645
2013-03-21 00:00:00,1.0930775716291645
2013-03-22 00:00:00,1.0930775716291645
2013-03-25 00:00:00,1.0930775716291645
2013-03-26 00:00:00,1.0930775716291645
2013-03-27 00:00:00,1.0930775716291645
2013-03-28 00:00:00,1.0930775716291645
2013-03-29 00:00:00,1.0930775716291645
2013-04-01 00:00:00,1.0930775716291645
2013-04-02 00:00:00,1.0930775716291645
2013-04-03 00:00:00,1.0930775716291645
2013-04-04 00:00:00,1.0930775716291645
2013-04-05 00:00:00,1.0930775716291645
2013-04-08 00:00:00,1.0930775716291645
2013-04-09 00:00:00,1.0930775716291645
2013-04-10 00:00:00,1.0930775716291645
2013-04-11 00:00:00,1.0930775716291645
2013-04-12 00:00:00,1.0930775716291645
2013-04-15 00:00:00,1.0930775716291645
2013-04-16 00:00:00,1.0930775716291645
2013-04-17 00:00:00,1.0930775716291645
2013-04-18 00:00:00,1.0930775716291645
2013-04-19 00:00:00,1.0930775716291645
2013-04-22 00:00:00,1.0930775716291645
2013-04-23 00:00:00,1.0930775716291645
2013-04-24 00:00:00,1.0930775716291645
2013-04-25 00:00:00,1.0930775716291645
2013-04-26 00:00:00,1.0930775716291645
2013-04-29 00:00:00,1.0930775716291645
2013-04-30 00:00:00,1.0930775716291645
2013-05-01 00:00:00,1.0930775716291645
2013-05-02 00:00:00,1.0930775716291645
2013-05-03 00:00:00,1.0930775716291645
2013-05-06 00:00:00,1.0909937568656287
2013-05-07 00:00:00,1.0909937568656287
2013-05-08 00:00:00,1.0909937568656287
2013-05-09 00:00:00,1.0909937568656287
2013-05-10 00:00:00,1.0909937568656287
2013-05-13 00:00:00,1.0909937568656287
2013-05-14 00:00:00,1.0909937568656287
2013-05-15 00:00:00,1.0909937568656287
2013-05-16 00:00:00,1.0909937568656287
2013-05-17 00:00:00,1.0909937568656287
2013-05-20 00:00:00,1.0909937568656287
2013-05-21 00:00:00,1.0909937568656287
2013-05-22 00:00:00,1.0909937568656287
2013-05-23 00:00:00,1.0909937568656287
2013-05-24 00:00:00,1.0909937568656287
2013-05-28 00:00:00,1.0909937568656287
2013-05-29 00:00:00,1.0909937568656287
2013-05-30 00:00:00,1.0909937568656287
2013-05-31 00:00:00,1.0909937568656287
2013-06-03 00:00:00,1.0909937568656287
2013-06-04 00:00:00,1.0909937568656287
2013-06-05 00:00:00,1.0909937568656287
2013-06-06 00:00:00,1.0909937568656287
2013-06-07 00:00:00,1.0909937568656287
2013-06-10 00:00:00,1.0905262101517499
2013-06-11 00:00:00,1.0905262101517499
2013-06-12 00:00:00,1.0905262101517499
2013-06-13 00:00:00,1.0905262101517499
2013-06-14 00:00:00,1.0905262101517499
2013-06-17 00:00:00,1.0905262101517499
2013-06-18 00:00:00,1.0905262101517499
2013-06-19 00:00:00,1.0905262101517499
2013-06-20 00:00:00,1.0905262101517499
2013-06-21 00:00:00,1.0905262101517499
2013-06-24 00:00:00,1.0905262101517499
2013-06-25 00:00:00,1.0905262101517499
2013-06-26 00:00:00,1.0905262101517499
2013-06-27 00:00:00,1.0905262101517499
2013-06-28 00:00:00,1.0905262101517499
2013-07-01 00:00:00,1.0905262101517499
2013-07-02 00:00:00,1.0905262101517499
2013-07-03 00:00:00,1.0905262101517499
2013-07-05 00:00:00,1.0905262101517499
2013-07-08 00:00:00,1.0905262101517499
2013-07-09 00:00:00,1.0905262101517499
2013-07-10 00:00:00,1.0905262101517499
2013-07-11 00:00:00,1.0905262101517499
2013-07-12 00:00:00,1.0905262101517499
2013-07-15 00:00:00,1.0905262101517499
2013-07-16 00:00:00,1.0905262101517499
2013-07-17 00:00:00,1.0905262101517499
2013-07-18 00:00:00,1.0905262101517499
2013-07-19 00:00:00,1.0905262101517499
2013-07-22 00:00:00,1.0905262101517499
2013-07-23 00:00:00,1.0905262101517499
2013-07-24 00:00:00,1.0905262101517499
2013-07-25 00:00:00,1.0905262101517499
2013-07-26 00:00:00,1.0905262101517499
2013-07-29 00:00:00,1.0905262101517499
2013-07-30 00:00:00,1.0905262101517499
2013-07-31 00:00:00,1.0905262101517499
2013-08-01 00:00:00,1.0905262101517499
2013-08-02 00:00:00,1.0905262101517499
2013-08-05 00:00:00,1.0905262101517499
2013-08-06 00:00:00,1.0905262101517499
2013-08-07 00:00:00,1.0905262101517499
2013-08-08 00:00:00,1.0905262101517499
2013-08-09 00:00:00,1.0905262101517499
2013-08-12 00:00:00,1.0882758175081144
2013-08-13 00:00:00,1.0865880230253877
2013-08-14 00:00:00,1.0922140046344766
2013-08-15 00:00:00,1.095167644979248
2013-08-16 00:00:00,1.0985432339447014
2013-08-19 00:00:00,1.1016375238297005
2013-08-20 00:00:00,1.1025517458411773
2013-08-21 00:00:00,1.1025517458411773
2013-08-22 00:00:00,1.0956599183700435
2013-08-23 00:00:00,1.0955192688298163
2013-08-26 00:00:00,1.09481602112868
2013-08-27 00:00:00,1.0920030303241357
2013-08-28 00:00:00,1.091440432163227
2013-08-29 00:00:00,1.0891900395195913
2013-08-30 00:00:00,1.0877835441173191
2013-09-03 00:00:00,1.0931282266459534
2013-09-04 00:00:00,1.100090378887201
2013-09-05 00:00:00,1.0965741403815203
2013-09-06 00:00:00,1.0993871311860648
2013-09-09 00:00:00,1.1057866852664031
2013-09-10 00:00:00,1.1062789586571986
2013-09-11 00:00:00,1.111623641185833
2013-09-12 00:00:00,1.1124675384271963
2013-09-13 00:00:00,1.115421178771968
2013-09-16 00:00:00,1.1200626135994662
2013-09-17 00:00:00,1.1182341695765123
2013-09-18 00:00:00,1.1227349548637833
2013-09-19 00:00:00,1.128220286932645
2013-09-20 00:00:00,1.1266731419901455
2013-09-23 00:00:00,1.129837756645258
2013-09-24 00:00:00,1.1256182704384412
2013-09-25 00:00:00,1.1308223034268485
2013-09-26 00:00:00,1.126040219059123
2013-09-27 00:00:00,1.1346901657830968
2013-09-30 00:00:00,1.1377844556680956
2013-10-01 00:00:00,1.1398238740013906
2013-10-02 00:00:00,1.1409490703232081
2013-10-03 00:00:00,1.1370812079669599
2013-10-04 00:00:00,1.1300487309555987
2013-10-07 00:00:00,1.1309629529670757
2013-10-08 00:00:00,1.131455226357871
2013-10-09 00:00:00,1.1211878099212838
2013-10-10 00:00:00,1.1234382025649192
2013-10-11 00:00:00,1.1213284594615112
2013-10-15 00:00:00,1.1233678777948057
2013-10-16 00:00:00,1.118445143886853
2013-10-17 00:00:00,1.1368702336566188
2013-10-18 00:00:00,1.138136079518664
2013-10-21 00:00:00,1.1356747125646875
2013-10-22 00:00:00,1.1407380960128675
2013-10-23 00:00:00,1.1372218575071869
2013-10-24 00:00:00,1.138276729058891
2013-10-25 00:00:00,1.13630763549571
2013-10-28 00:00:00,1.1344088667026424
2013-10-29 00:00:00,1.1293454832544627
2013-10-30 00:00:00,1.1306816538866211
2013-10-31 00:00:00,1.129978406185485
2013-11-01 00:00:00,1.1197109897488982
2013-11-04 00:00:00,1.1216800833120792
2013-11-05 00:00:00,1.1282906117027587
2013-11-06 00:00:00,1.1308223034268485
2013-11-07 00:00:00,1.1300487309555987
2013-11-08 00:00:00,1.1248446979671916
2013-11-12 00:00:00,1.1192890411282161
2013-11-13 00:00:00,1.1275170392315088
2013-11-14 00:00:00,1.1306113291165074
2013-11-15 00:00:00,1.1327210722199157
2013-11-18 00:00:00,1.1329320465302568
2013-11-19 00:00:00,1.1329320465302568
2013-11-20 00:00:00,1.1357450373348013
2013-11-21 00:00:00,1.1360966611853691
2013-11-22 00:00:00,1.1400348483117313
2013-11-25 00:00:00,1.1354637382543467
2013-11-26 00:00:00,1.1383470538290048
2013-11-27 00:00:00,1.1439730354380937
2013-11-29 00:00:00,1.151427461070136
2013-12-02 00:00:00,1.1508648629092273
2013-12-03 00:00:00,1.1544514261850214
2013-12-04 00:00:00,1.1499506408977505
2013-12-05 00:00:00,1.1482628464150237
2013-12-06 00:00:00,1.14819252164491
2013-12-09 00:00:00,1.1535372041735446
2013-12-10 00:00:00,1.1550140243459301
2013-12-11 00:00:00,1.1525526573919538
2013-12-12 00:00:00,1.1481221968747963
2013-12-13 00:00:00,1.145871804231161
2013-12-16 00:00:00,1.1470673253230923
2013-12-17 00:00:00,1.1430588134266166
2013-12-18 00:00:00,1.1524823326218405
2013-12-19 00:00:00,1.1520603840011587
2013-12-20 00:00:00,1.1501616152080911
2013-12-23 00:00:00,1.1502319399782048
2013-12-24 00:00:00,1.1512868115299089
2013-12-26 00:00:00,1.1550843491160439
2013-12-27 00:00:00,1.159725783943542
2013-12-30 00:00:00,1.161905851817064
2013-12-31 00:00:00,1.1655627398629718
2014-01-02 00:00:00,1.1562095454378616
2014-01-03 00:00:00,1.1550140243459301
2014-01-06 00:00:00,1.1541701271045668
2014-01-07 00:00:00,1.1548030500355893
2014-01-08 00:00:00,1.1576160408401337
2014-01-09 00:00:00,1.1574753912999067
2014-01-10 00:00:00,1.1582489637711564
2014-01-13 00:00:00,1.1518494096908176
2014-01-14 00:00:00,1.1568424683688843
2014-01-15 00:00:00,1.1515681106103632
2014-01-16 00:00:00,1.1487551198058188
2014-01-17 00:00:00,1.1553656481964982
2014-01-21 00:00:00,1.1581786390010427
2014-01-22 00:00:00,1.1653517655526309
2014-01-23 00:00:00,1.1682350811272888
2014-01-24 00:00:00,1.159725783943542
2014-01-27 00:00:00,1.1665472866445623
2014-01-28 00:00:00,1.1660550132537668
2014-01-29 00:00:00,1.164648517851495
2014-01-30 00:00:00,1.1594444848630876
2014-01-31 00:00:00,1.1568424683688843
2014-02-03 00:00:00,1.146786026242638
2014-02-04 00:00:00,1.1462937528518424
2014-02-05 00:00:00,1.1468563510127514
2014-02-06 00:00:00,1.1494583675069552
2014-02-07 00:00:00,1.1529746060126356
2014-02-10 00:00:00,1.1546624004953623
2014-02-11 00:00:00,1.1581083142309292
2014-02-12 00:00:00,1.1658440389434261
2014-02-13 00:00:00,1.1704151490008108
2014-02-14 00:00:00,1.1769553526213767
2014-02-18 00:00:00,1.1741423618168323
2014-02-19 00:00:00,1.1756895067593316
2014-02-20 00:00:00,1.17020417469047
2014-02-21 00:00:00,1.169500926989334
2014-02-24 00:00:00,1.1702744994605836
2014-02-25 00:00:00,1.1741423618168323
2014-02-26 00:00:00,1.1707667728513789
2014-02-27 00:00:00,1.1739313875064914
2014-02-28 00:00:00,1.177939899402967
2014-03-03 00:00:00,1.17526755813865
2014-03-04 00:00:00,1.1719622939433103
2014-03-05 00:00:00,1.1764630792305812
2014-03-06 00:00:00,1.1774476260121718
2014-03-07 00:00:00,1.1761817801501269
2014-03-10 00:00:00,1.1697119012996748
2014-03-11 00:00:00,1.1693602774491068
2014-03-12 00:00:00,1.1677428077364937
2014-03-13 00:00:00,1.1728061911846737
2014-03-14 00:00:00,1.169500926989334
2014-03-17 00:00:00,1.1705557985410382
2014-03-18 00:00:00,1.1655627398629718
2014-03-19 00:00:00,1.1694306022192205
2014-03-20 00:00:00,1.1611322793458143
2014-03-21 00:00:00,1.1602180573343375
2014-03-24 00:00:00,1.159725783943542
2014-03-25 00:00:00,1.16085098026536
2014-03-26 00:00:00,1.165000141702063
2014-03-27 00:00:00,1.169289952678993
2014-03-28 00:00:00,1.1699932003801292
2014-03-31 00:00:00,1.1726655416444463
2014-04-01 00:00:00,1.1701338499203564
2014-04-02 00:00:00,1.1697822260697883
2014-04-03 00:00:00,1.1661956627939944
2014-04-04 00:00:00,1.1669692352652439
2014-04-07 00:00:00,1.1685163802077432
2014-04-08 00:00:00,1.1774476260121718
2014-04-09 00:00:00,1.1780102241730808
2014-04-10 00:00:00,1.1801199672764888
2014-04-11 00:00:00,1.1769553526213767
2014-04-14 00:00:00,1.1773069764719444
2014-04-15 00:00:00,1.1761817801501269
2014-04-16 00:00:00,1.181034189287966
2014-04-17 00:00:00,1.1820890608396701
2014-04-18 00:00:00,1.1808935397477387
2014-04-21 00:00:00,1.1808935397477387
2014-04-22 00:00:00,1.1837768553223968
2014-04-23 00:00:00,1.179205745265012
2014-04-24 00:00:00,1.1812451635983068
2014-04-25 00:00:00,1.1821593856097838
2014-04-28 00:00:00,1.182300035150011
2014-04-29 00:00:00,1.1834955562419425
2014-04-30 00:00:00,1.1872930938280772
2014-05-01 00:00:00,1.1884886149200087
2014-05-02 00:00:00,1.1860272479660323
2014-05-05 00:00:00,1.1863788718166002
2014-05-06 00:00:00,1.193833297448643
2014-05-07 00:00:00,1.1929894002072794
2014-05-08 00:00:00,1.1915829048050075
2014-05-09 00:00:00,1.1849020516442146
2014-05-12 00:00:00,1.1864491965867139
2014-05-13 00:00:00,1.184128479172965
2014-05-14 00:00:00,1.18033094158683
2014-05-15 00:00:00,1.180823214977625
2014-05-16 00:00:00,1.183354906701715
2014-05-19 00:00:00,1.183003282851147
2014-05-20 00:00:00,1.1847614021039874
2014-05-21 00:00:00,1.1863085470464867
2014-05-22 00:00:00,1.1856052993453505
2014-05-23 00:00:00,1.183003282851147
2014-05-27 00:00:00,1.1814561379086475
2014-05-28 00:00:00,1.1750565838283091
2014-05-29 00:00:00,1.175759831529445
2014-05-30 00:00:00,1.1789244461845576
2014-06-02 00:00:00,1.1783618480236489
2014-06-03 00:00:00,1.178150873713308
2014-06-04 00:00:00,1.1777289250926264
2014-06-05 00:00:00,1.181174838828193
2014-06-06 00:00:00,1.181034189287966
2014-06-09 00:00:00,1.1813154883684205
2014-06-10 00:00:00,1.178150873713308
2014-06-11 00:00:00,1.1811045140580796
2014-06-12 00:00:00,1.185183350724669
2014-06-13 00:00:00,1.19221582773603
2014-06-16 00:00:00,1.1946771946900063
2014-06-17 00:00:00,1.193059724977393
2014-06-18 00:00:00,1.1920751781958028
2014-06-19 00:00:00,1.1987560313565957
2014-06-20 00:00:00,1.19650563871296
2014-06-23 00:00:00,1.1962243396325056
2014-06-24 00:00:00,1.1934816735980749
2014-06-25 00:00:00,1.1945365451497794
2014-06-26 00:00:00,1.1967869377934146
2014-06-27 00:00:00,1.1966462882531874
2014-06-30 00:00:00,1.2029051927932985
2014-07-01 00:00:00,1.2058588331380702
2014-07-02 00:00:00,1.207124679000115
2014-07-03 00:00:00,1.2062104569886383
2014-07-07 00:00:00,1.2045226625059118
2014-07-08 00:00:00,1.204452337735798
2014-07-09 00:00:00,1.204663312046139
2014-07-10 00:00:00,1.20410071388523
2014-07-11 00:00:00,1.2031161671036394
2014-07-14 00:00:00,1.2010767487703449
2014-07-15 00:00:00,1.2059994826782976
2014-07-16 00:00:00,1.2047336368162525
2014-07-17 00:00:00,1.202834868023185
2014-07-18 00:00:00,1.2003735010692087
2014-07-21 00:00:00,1.2002328515289815
2014-07-22 00:00:00,1.1995999285979588
2014-07-23 00:00:00,1.1980527836554595
2014-07-24 00:00:00,1.194184921299211
2014-07-25 00:00:00,1.1935519983681886
2014-07-28 00:00:00,1.194888169000347
2014-07-29 00:00:00,1.1912312809544394
2014-07-30 00:00:00,1.1886995892303494
2014-07-31 00:00:00,1.1877150424487588
2014-08-01 00:00:00,1.1837065305522831
2014-08-04 00:00:00,1.1843394534833056
2014-08-05 00:00:00,1.1866601708970548
2014-08-06 00:00:00,1.1837768553223968
2014-08-07 00:00:00,1.1849020516442146
2014-08-08 00:00:00,1.1799089929661482
2014-08-11 00:00:00,1.1805419158971706
2014-08-12 00:00:00,1.1818780865293295
2014-08-13 00:00:00,1.1741423618168323
2014-08-14 00:00:00,1.1740017122766049
2014-08-15 00:00:00,1.1734391141156961
2014-08-18 00:00:00,1.1758301562995588
2014-08-19 00:00:00,1.1687976792881976
2014-08-20 00:00:00,1.1697119012996748
2014-08-21 00:00:00,1.1662904535516303
2014-08-22 00:00:00,1.1662904535516303
2014-08-25 00:00:00,1.1662904535516303
2014-08-26 00:00:00,1.1662904535516303
2014-08-27 00:00:00,1.1662904535516303
2014-08-28 00:00:00,1.1662904535516303
2014-08-29 00:00:00,1.1662904535516303
2014-09-02 00:00:00,1.1662904535516303
2014-09-03 00:00:00,1.1662904535516303
2014-09-04 00:00:00,1.1662904535516303
2014-09-05 00:00:00,1.1662904535516303
2014-09-08 00:00:00,1.1662904535516303
2014-09-09 00:00:00,1.1662904535516303
2014-09-10 00:00:00,1.1662904535516303
2014-09-11 00:00:00,1.1662904535516303
2014-09-12 00:00:00,1.1662904535516303
2014-09-15 00:00:00,1.1662904535516303
2014-09-16 00:00:00,1.1662904535516303
2014-09-17 00:00:00,1.1662904535516303
2014-09-18 00:00:00,1.1662904535516303
2014-09-19 00:00:00,1.1662904535516303
2014-09-22 00:00:00,1.1662904535516303
2014-09-23 00:00:00,1.1662904535516303
2014-09-24 00:00:00,1.1662904535516303
2014-09-25 00:00:00,1.1662904535516303
2014-09-26 00:00:00,1.1662904535516303
2014-09-29 00:00:00,1.1662904535516303
2014-09-30 00:00:00,1.1662904535516303
2014-10-01 00:00:00,1.1662904535516303
2014-10-02 00:00:00,1.1662904535516303
2014-10-03 00:00:00,1.1662904535516303
2014-10-06 00:00:00,1.1662904535516303
2014-10-07 00:00:00,1.1662904535516303
2014-10-08 00:00:00,1.1662904535516303
2014-10-09 00:00:00,1.1662904535516303
2014-10-10 00:00:00,1.1662904535516303
2014-10-14 00:00:00,1.1662904535516303
2014-10-15 00:00:00,1.1662904535516303
2014-10-16 00:00:00,1.1662904535516303
2014-10-17 00:00:00,1.1662904535516303
2014-10-20 00:00:00,1.1662904535516303
2014-10-21 00:00:00,1.1662904535516303
2014-10-22 00:00:00,1.1662904535516303
2014-10-23 00:00:00,1.1662904535516303
2014-10-24 00:00:00,1.1662904535516303
2014-10-27 00:00:00,1.1662904535516303
2014-10-28 00:00:00,1.1662904535516303
2014-10-29 00:00:00,1.1662904535516303
2014-10-30 00:00:00,1.1662904535516303
2014-10-31 00:00:00,1.1662904535516303
2014-11-03 00:00:00,1.1662904535516303
2014-11-04 00:00:00,1.1662904535516303
2014-11-05 00:00:00,1.1662904535516303
2014-11-06 00:00:00,1.1662904535516303
2014-11-07 00:00:00,1.1662904535516303
2014-11-10 00:00:00,1.1662904535516303
2014-11-12 00:00:00,1.1662904535516303
2014-11-13 00:00:00,1.1662904535516303
2014-11-14 00:00:00,1.1662904535516303
2014-11-17 00:00:00,1.1662904535516303
2014-11-18 00:00:00,1.1662904535516303
2014-11-19 00:00:00,1.1662904535516303
2014-11-20 00:00:00,1.1662904535516303
2014-11-21 00:00:00,1.1662904535516303
2014-11-24 00:00:00,1.1662904535516303
2014-11-25 00:00:00,1.1662904535516303
2014-11-26 00:00:00,1.1662904535516303
2014-11-28 00:00:00,1.1662904535516303
2014-12-01 00:00:00,1.1662904535516303
2014-12-02 00:00:00,1.1662904535516303
2014-12-03 00:00:00,1.1662904535516303
2014-12-04 00:00:00,1.1662904535516303
2014-12-05 00:00:00,1.1662904535516303
2014-12-08 00:00:00,1.1662904535516303
2014-12-09 00:00:00,1.1662904535516303
2014-12-10 00:00:00,1.1662904535516303
2014-12-11 00:00:00,1.1662904535516303
2014-12-12 00:00:00,1.1662904535516303
2014-12-15 00:00:00,1.1662904535516303
2014-12-16 00:00:00,1.1662904535516303
2014-12-17 00:00:00,1.1662904535516303
2014-12-18 00:00:00,1.1662904535516303
2014-12-19 00:00:00,1.1662904535516303
2014-12-22 00:00:00,1.1662904535516303
2014-12-23 00:00:00,1.1662904535516303
2014-12-24 00:00:00,1.1662904535516303
2014-12-29 00:00:00,1.1662904535516303
2014-12-30 00:00:00,1.1662904535516303
2014-12-31 00:00:00,1.1662904535516303
2015-01-02 00:00:00,1.1662904535516303
2015-01-05 00:00:00,1.1662904535516303
2015-01-06 00:00:00,1.1662904535516303
2015-01-07 00:00:00,1.1662904535516303
2015-01-08 00:00:00,1.1662904535516303
2015-01-09 00:00:00,1.1662904535516303
2015-01-12 00:00:00,1.1662904535516303
2015-01-13 00:00:00,1.1662904535516303
2015-01-14 00:00:00,1.1662904535516303
2015-01-15 00:00:00,1.1662904535516303
2015-01-16 00:00:00,1.1662904535516303
2015-01-20 00:00:00,1.1662904535516303
2015-01-21 00:00:00,1.1662904535516303
2015-01-22 00:00:00,1.1662904535516303
2015-01-23 00:00:00,1.1662904535516303
2015-01-26 00:00:00,1.1662904535516303
2015-01-27 00:00:00,1.1662904535516303
2015-01-28 00:00:00,1.1662904535516303
2015-01-29 00:00:00,1.1662904535516303
2015-01-30 00:00:00,1.1662904535516303
2015-02-02 00:00:00,1.1662904535516303
2015-02-03 00:00:00,1.1662904535516303
2015-02-04 00:00:00,1.1662904535516303
2015-02-05 00:00:00,1.1662904535516303
2015-02-06 00:00:00,1.1662904535516303
2015-02-09 00:00:00,1.1662904535516303
2015-02-10 00:00:00,1.1662904535516303
2015-02-11 00:00:00,1.1662904535516303
2015-02-12 00:00:00,1.1662904535516303
2015-02-13 00:00:00,1.1662904535516303
2015-02-17 00:00:00,1.1662904535516303
2015-02-18 00:00:00,1.1662904535516303
2015-02-19 00:00:00,1.1662904535516303
2015-02-20 00:00:00,1.1662904535516303
2015-02-23 00:00:00,1.1662904535516303
2015-02-24 00:00:00,1.1662904535516303
2015-02-25 00:00:00,1.1662904535516303
2015-02-26 00:00:00,1.1662904535516303
2015-02-27 00:00:00,1.1662904535516303
2015-03-02 00:00:00,1.1662904535516303
2015-03-03 00:00:00,1.1662904535516303
2015-03-04 00:00:00,1.1662904535516303
2015-03-05 00:00:00,1.1662904535516303
2015-03-06 00:00:00,1.1662904535516303
2015-03-09 00:00:00,1.1662904535516303
2015-03-10 00:00:00,1.1662904535516303
2015-03-11 00:00:00,1.1662904535516303
2015-03-12 00:00:00,1.1662904535516303
2015-03-13 00:00:00,1.1662904535516303
2015-03-16 00:00:00,1.1662904535516303
2015-03-17 00:00:00,1.1662904535516303
2015-03-18 00:00:00,1.1662904535516303
2015-03-19 00:00:00,1.1662904535516303
2015-03-20 00:00:00,1.1662904535516303
2015-03-23 00:00:00,1.1662904535516303
2015-03-24 00:00:00,1.1662904535516303
2015-03-25 00:00:00,1.1662904535516303
2015-03-26 00:00:00,1.1662904535516303
2015-03-27 00:00:00,1.1662904535516303
2015-03-30 00:00:00,1.1662904535516303
2015-03-31 00:00:00,1.1662904535516303
2015-04-01 00:00:00,1.1662904535516303
2015-04-02 00:00:00,1.1662904535516303
2015-04-03 00:00:00,1.1662904535516303
2015-04-06 00:00:00,1.1662904535516303
2015-04-07 00:00:00,1.1662904535516303
2015-04-08 00:00:00,1.1662904535516303
2015-04-09 00:00:00,1.1662904535516303
2015-04-10 00:00:00,1.1662904535516303
2015-04-13 00:00:00,1.1662904535516303
2015-04-14 00:00:00,1.1662904535516303
2015-04-15 00:00:00,1.1662904535516303
2015-04-16 00:00:00,1.1662904535516303
2015-04-17 00:00:00,1.1662904535516303
2015-04-20 00:00:00,1.1662904535516303
2015-04-21 00:00:00,1.1662904535516303
2015-04-22 00:00:00,1.1662904535516303
2015-04-23 00:00:00,1.1662904535516303
2015-04-24 00:00:00,1.1662904535516303
2015-04-27 00:00:00,1.1662904535516303
2015-04-28 00:00:00,1.1662904535516303
2015-04-29 00:00:00,1.1662904535516303
2015-04-30 00:00:00,1.1662904535516303
2015-05-01 00:00:00,1.1514075890781197
2015-05-04 00:00:00,1.1514075890781197
2015-05-05 00:00:00,1.1514075890781197
2015-05-06 00:00:00,1.1514075890781197
2015-05-07 00:00:00,1.1514075890781197
2015-05-08 00:00:00,1.1514075890781197
2015-05-11 00:00:00,1.1514075890781197
2015-05-12 00:00:00,1.1514075890781197
2015-05-13 00:00:00,1.1514075890781197
2015-05-14 00:00:00,1.1514075890781197
2015-05-15 00:00:00,1.1514075890781197
2015-05-18 00:00:00,1.1514075890781197
2015-05-19 00:00:00,1.1514075890781197
2015-05-20 00:00:00,1.1514075890781197
2015-05-21 00:00:00,1.1514075890781197
2015-05-22 00:00:00,1.1514075890781197
2015-05-26 00:00:00,1.1514075890781197
2015-05-27 00:00:00,1.1514075890781197
2015-05-28 00:00:00,1.1514075890781197
2015-05-29 00:00:00,1.1514075890781197
2015-06-01 00:00:00,1.1514075890781197
2015-06-02 00:00:00,1.1514075890781197
2015-06-03 00:00:00,1.1514075890781197
2015-06-04 00:00:00,1.1514075890781197
2015-06-05 00:00:00,1.1514075890781197
2015-06-08 00:00:00,1.1514075890781197
2015-06-09 00:00:00,1.1514075890781197
2015-06-10 00:00:00,1.1514075890781197
2015-06-11 00:00:00,1.1514075890781197
2015-06-12 00:00:00,1.1514075890781197
2015-06-15 00:00:00,1.1514075890781197
2015-06-16 00:00:00,1.1514075890781197
2015-06-17 00:00:00,1.1514075890781197
2015-06-18 00:00:00,1.1514075890781197
2015-06-19 00:00:00,1.1514075890781197
2015-06-22 00:00:00,1.1514075890781197
2015-06-23 00:00:00,1.1514075890781197
2015-06-24 00:00:00,1.1514075890781197
2015-06-25 00:00:00,1.1514075890781197
2015-06-26 00:00:00,1.1514075890781197
2015-06-29 00:00:00,1.1514075890781197
2015-06-30 00:00:00,1.1514075890781197
2015-07-01 00:00:00,1.1514075890781197
2015-07-02 00:00:00,1.1514075890781197
2015-07-06 00:00:00,1.1514075890781197
2015-07-07 00:00:00,1.1514075890781197
2015-07-08 00:00:00,1.1514075890781197
2015-07-09 00:00:00,1.1514075890781197
2015-07-10 00:00:00,1.1514075890781197
2015-07-13 00:00:00,1.1514075890781197
2015-07-14 00:00:00,1.1514075890781197
2015-07-15 00:00:00,1.1514075890781197
2015-07-16 00:00:00,1.1514075890781197
2015-07-17 00:00:00,1.1514075890781197
2015-07-20 00:00:00,1.1514075890781197
2015-07-21 00:00:00,1.1514075890781197
2015-07-22 00:00:00,1.1514075890781197
2015-07-23 00:00:00,1.1514075890781197
2015-07-24 00:00:00,1.1514075890781197
2015-07-27 00:00:00,1.1514075890781197
2015-07-28 00:00:00,1.1514075890781197
2015-07-29 00:00:00,1.1514075890781197
2015-07-30 00:00:00,1.1514075890781197
2015-07-31 00:00:00,1.1514075890781197
2015-08-03 00:00:00,1.1514075890781197
2015-08-04 00:00:00,1.1514075890781197
2015-08-05 00:00:00,1.1514075890781197
2015-08-06 00:00:00,1.1514075890781197
2015-08-07 00:00:00,1.1514075890781197
2015-08-10 00:00:00,1.1514075890781197
2015-08-11 00:00:00,1.1514075890781197
2015-08-12 00:00:00,1.1514075890781197
2015-08-13 00:00:00,1.1514075890781197
2015-08-14 00:00:00,1.1514075890781197
2015-08-17 00:00:00,1.1514075890781197
2015-08-18 00:00:00,1.1514075890781197
2015-08-19 00:00:00,1.1514075890781197
2015-08-20 00:00:00,1.1514075890781197
2015-08-21 00:00:00,1.1514075890781197
2015-08-24 00:00:00,1.1514075890781197
2015-08-25 00:00:00,1.1514075890781197
2015-08-26 00:00:00,1.1514075890781197
2015-08-27 00:00:00,1.1514075890781197
2015-08-28 00:00:00,1.1514075890781197
2015-08-31 00:00:00,1.1514075890781197
2015-09-01 00:00:00,1.1514075890781197
2015-09-02 00:00:00,1.1514075890781197
2015-09-03 00:00:00,1.1514075890781197
2015-09-04 00:00:00,1.1514075890781197
2015-09-08 00:00:00,1.1514075890781197
2015-09-09 00:00:00,1.1514075890781197
2015-09-10 00:00:00,1.1514075890781197
2015-09-11 00:00:00,1.1514075890781197
2015-09-14 00:00:00,1.1514075890781197
2015-09-15 00:00:00,1.1514075890781197
2015-09-16 00:00:00,1.1514075890781197
2015-09-17 00:00:00,1.1514075890781197
2015-09-18 00:00:00,1.1514075890781197
2015-09-21 00:00:00,1.1514075890781197
2015-09-22 00:00:00,1.1514075890781197
2015-09-23 00:00:00,1.1514075890781197
2015-09-24 00:00:00,1.1514075890781197
2015-09-25 00:00:00,1.1514075890781197
2015-09-28 00:00:00,1.1514075890781197
2015-09-29 00:00:00,1.1514075890781197
2015-09-30 00:00:00,1.1514075890781197
2015-10-01 00:00:00,1.1514075890781197
2015-10-02 00:00:00,1.1514075890781197
2015-10-05 00:00:00,1.1514075890781197
2015-10-06 00:00:00,1.1514075890781197
2015-10-07 00:00:00,1.1514075890781197
2015-10-08 00:00:00,1.1514075890781197
2015-10-09 00:00:00,1.1514075890781197
2015-10-13 00:00:00,1.1514075890781197
2015-10-14 00:00:00,1.1514075890781197
2015-10-15 00:00:00,1.1514075890781197
2015-10-16 00:00:00,1.1514075890781197
2015-10-19 00:00:00,1.1514075890781197
2015-10-20 00:00:00,1.1514075890781197
2015-10-21 00:00:00,1.1514075890781197
2015-10-22 00:00:00,1.1514075890781197
2015-10-23 00:00:00,1.1514075890781197
2015-10-26 00:00:00,1.1514075890781197
2015-10-27 00:00:00,1.1514075890781197
2015-10-28 00:00:00,1.1514075890781197
2015-10-29 00:00:00,1.1514075890781197
2015-10-30 00:00:00,1.1514075890781197
2015-11-02 00:00:00,1.1514075890781197
2015-11-03 00:00:00,1.1514075890781197
2015-11-04 00:00:00,1.1514075890781197
2015-11-05 00:00:00,1.1514075890781197
2015-11-06 00:00:00,1.1514075890781197
2015-11-09 00:00:00,1.1514075890781197
2015-11-10 00:00:00,1.1514075890781197
2015-11-12 00:00:00,1.1514075890781197
2015-11-13 00:00:00,1.1514075890781197
2015-11-16 00:00:00,1.1514075890781197
2015-11-17 00:00:00,1.1514075890781197
2015-11-18 00:00:00,1.1514075890781197
2015-11-19 00:00:00,1.1514075890781197
2015-11-20 00:00:00,1.1514075890781197
2015-11-23 00:00:00,1.1514075890781197
2015-11-24 00:00:00,1.1514075890781197
2015-11-25 00:00:00,1.1514075890781197
2015-11-27 00:00:00,1.1514075890781197
2015-11-30 00:00:00,1.1514075890781197
2015-12-01 00:00:00,1.1514075890781197
2015-12-02 00:00:00,1.1514075890781197
2015-12-03 00:00:00,1.1514075890781197
2015-12-04 00:00:00,1.1514075890781197
2015-12-07 00:00:00,1.1514075890781197
2015-12-08 00:00:00,1.1514075890781197
2015-12-09 00:00:00,1.1514075890781197
2015-12-10 00:00:00,1.1514075890781197
2015-12-11 00:00:00,1.1514075890781197
2015-12-14 00:00:00,1.1514075890781197
2015-12-15 00:00:00,1.1514075890781197
2015-12-16 00:00:00,1.1514075890781197
2015-12-17 00:00:00,1.1514075890781197
2015-12-18 00:00:00,1.1514075890781197
2015-12-21 00:00:00,1.1514075890781197
2015-12-22 00:00:00,1.1514075890781197
2015-12-23 00:00:00,1.1514075890781197
2015-12-24 00:00:00,1.1514075890781197
2015-12-28 00:00:00,1.1514075890781197
2015-12-29 00:00:00,1.1514075890781197
2015-12-30 00:00:00,1.1514075890781197
2015-12-31 00:00:00,1.1514075890781197
2016-01-04 00:00:00,1.1514075890781197
2016-01-05 00:00:00,1.1514075890781197
2016-01-06 00:00:00,1.1514075890781197
2016-01-07 00:00:00,1.1514075890781197
2016-01-08 00:00:00,1.1514075890781197
2016-01-11 00:00:00,1.1514075890781197
2016-01-12 00:00:00,1.1514075890781197
2016-01-13 00:00:00,1.1514075890781197
2016-01-14 00:00:00,1.1514075890781197
2016-01-15 00:00:00,1.1514075890781197
2016-01-19 00:00:00,1.1514075890781197
2016-01-20 00:00:00,1.1514075890781197
2016-01-21 00:00:00,1.1514075890781197
2016-01-22 00:00:00,1.1514075890781197
2016-01-25 00:00:00,1.1514075890781197
2016-01-26 00:00:00,1.1514075890781197
2016-01-27 00:00:00,1.1514075890781197
2016-01-28 00:00:00,1.1514075890781197
2016-01-29 00:00:00,1.1514075890781197
2016-02-01 00:00:00,1.1514075890781197
2016-02-02 00:00:00,1.1514075890781197
2016-02-03 00:00:00,1.1514075890781197
2016-02-04 00:00:00,1.1514075890781197
2016-02-05 00:00:00,1.1514075890781197
2016-02-08 00:00:00,1.1514075890781197
2016-02-09 00:00:00,1.1514075890781197
2016-02-10 00:00:00,1.1514075890781197
2016-02-11 00:00:00,1.1514075890781197
2016-02-12 00:00:00,1.1514075890781197
2016-02-16 00:00:00,1.1514075890781197
2016-02-17 00:00:00,1.1514075890781197
2016-02-18 00:00:00,1.1514075890781197
2016-02-19 00:00:00,1.1514075890781197
2016-02-22 00:00:00,1.1514075890781197
2016-02-23 00:00:00,1.1514075890781197
2016-02-24 00:00:00,1.1514075890781197
2016-02-25 00:00:00,1.1514075890781197
2016-02-26 00:00:00,1.1514075890781197
2016-02-29 00:00:00,1.1514075890781197
2016-03-01 00:00:00,1.1514075890781197
2016-03-02 00:00:00,1.1514075890781197
2016-03-03 00:00:00,1.1514075890781197
2016-03-04 00:00:00,1.1514075890781197
2016-03-07 00:00:00,1.1514075890781197
2016-03-08 00:00:00,1.1514075890781197
2016-03-09 00:00:00,1.1514075890781197
2016-03-10 00:00:00,1.1514075890781197
2016-03-11 00:00:00,1.1514075890781197
2016-03-14 00:00:00,1.1514075890781197
2016-03-15 00:00:00,1.1514075890781197
2016-03-16 00:00:00,1.1514075890781197
2016-03-17 00:00:00,1.1514075890781197
2016-03-18 00:00:00,1.1514075890781197
2016-03-21 00:00:00,1.1514075890781197
2016-03-22 00:00:00,1.1514075890781197
2016-03-23 00:00:00,1.1514075890781197
2016-03-24 00:00:00,1.1514075890781197
2016-03-25 00:00:00,1.1514075890781197
2016-03-28 00:00:00,1.1514075890781197
2016-03-29 00:00:00,1.1514075890781197
2016-03-30 00:00:00,1.1514075890781197
2016-03-31 00:00:00,1.1514075890781197
2016-04-01 00:00:00,1.1514075890781197
2016-04-04 00:00:00,1.1514075890781197
2016-04-05 00:00:00,1.1514075890781197
2016-04-06 00:00:00,1.1514075890781197
2016-04-07 00:00:00,1.1514075890781197
2016-04-08 00:00:00,1.1514075890781197
2016-04-11 00:00:00,1.1514075890781197
2016-04-12 00:00:00,1.1514075890781197
2016-04-13 00:00:00,1.1514075890781197
2016-04-14 00:00:00,1.1514075890781197
2016-04-15 00:00:00,1.1514075890781197
2016-04-18 00:00:00,1.1514075890781197
2016-04-19 00:00:00,1.1514075890781197
2016-04-20 00:00:00,1.1514075890781197
2016-04-21 00:00:00,1.1514075890781197
2016-04-22 00:00:00,1.1514075890781197
2016-04-25 00:00:00,1.1514075890781197
2016-04-26 00:00:00,1.1514075890781197
2016-04-27 00:00:00,1.1465703296528469
2016-04-28 00:00:00,1.1465703296528469
2016-04-29 00:00:00,1.1465703296528469
2016-05-02 00:00:00,1.1465703296528469
2016-05-03 00:00:00,1.1465703296528469
2016-05-04 00:00:00,1.1465703296528469
2016-05-05 00:00:00,1.1465703296528469
2016-05-06 00:00:00,1.1465703296528469
2016-05-09 00:00:00,1.1465703296528469
2016-05-10 00:00:00,1.1465703296528469
2016-05-11 00:00:00,1.1465703296528469
2016-05-12 00:00:00,1.1465703296528469
2016-05-13 00:00:00,1.1465703296528469
2016-05-16 00:00:00,1.1465703296528469
2016-05-17 00:00:00,1.1465703296528469
2016-05-18 00:00:00,1.1465703296528469
2016-05-19 00:00:00,1.1465703296528469
2016-05-20 00:00:00,1.1465703296528469
2016-05-23 00:00:00,1.1465703296528469
2016-05-24 00:00:00,1.1465703296528469
2016-05-25 00:00:00,1.1465703296528469
2016-05-26 00:00:00,1.1465703296528469
2016-05-27 00:00:00,1.1465703296528469
2016-05-31 00:00:00,1.1465703296528469
2016-06-01 00:00:00,1.1465703296528469
2016-06-02 00:00:00,1.1465703296528469
2016-06-03 00:00:00,1.1465703296528469
2016-06-06 00:00:00,1.1465703296528469
2016-06-07 00:00:00,1.1465703296528469
2016-06-08 00:00:00,1.1465703296528469
2016-06-09 00:00:00,1.1465703296528469
2016-06-10 00:00:00,1.1465703296528469
2016-06-13 00:00:00,1.1465703296528469
2016-06-14 00:00:00,1.1465703296528469
2016-06-15 00:00:00,1.1465703296528469
2016-06-16 00:00:00,1.1465703296528469
2016-06-17 00:00:00,1.1465703296528469
2016-06-20 00:00:00,1.1465703296528469
2016-06-21 00:00:00,1.1465703296528469
2016-06-22 00:00:00,1.1465703296528469
2016-06-23 00:00:00,1.1465703296528469
2016-06-24 00:00:00,1.1465703296528469
2016-06-27 00:00:00,1.1465703296528469
2016-06-28 00:00:00,1.1465703296528469
2016-06-29 00:00:00,1.1465703296528469
2016-06-30 00:00:00,1.1465703296528469
2016-07-01 00:00:00,1.1465703296528469
2016-07-05 00:00:00,1.1465703296528469
2016-07-06 00:00:00,1.1465703296528469
2016-07-07 00:00:00,1.1465703296528469
2016-07-08 00:00:00,1.1465703296528469
2016-07-11 00:00:00,1.1465703296528469
2016-07-12 00:00:00,1.1465703296528469
2016-07-13 00:00:00,1.1465703296528469
2016-07-14 00:00:00,1.1465703296528469
2016-07-15 00:00:00,1.1465703296528469
2016-07-18 00:00:00,1.1465703296528469
2016-07-19 00:00:00,1.1465703296528469
2016-07-20 00:00:00,1.1465703296528469
2016-07-21 00:00:00,1.1465703296528469
2016-07-22 00:00:00,1.1465703296528469
2016-07-25 00:00:00,1.1465703296528469
2016-07-26 00:00:00,1.1465703296528469
2016-07-27 00:00:00,1.1465703296528469
2016-07-28 00:00:00,1.1465703296528469
2016-07-29 00:00:00,1.1465703296528469
2016-08-01 00:00:00,1.1465703296528469
2016-08-02 00:00:00,1.1465703296528469
2016-08-03 00:00:00,1.1465703296528469
2016-08-04 00:00:00,1.1465703296528469
2016-08-05 00:00:00,1.1465703296528469
2016-08-08 00:00:00,1.1465703296528469
2016-08-09 00:00:00,1.1465703296528469
2016-08-10 00:00:00,1.1465703296528469
2016-08-11 00:00:00,1.1465703296528469
2016-08-12 00:00:00,1.1465703296528469
2016-08-15 00:00:00,1.1465703296528469
2016-08-16 00:00:00,1.1465703296528469
2016-08-17 00:00:00,1.1465703296528469
2016-08-18 00:00:00,1.1465703296528469
2016-08-19 00:00:00,1.1465703296528469
2016-08-22 00:00:00,1.1465703296528469
2016-08-23 00:00:00,1.1465703296528469
2016-08-24 00:00:00,1.1465703296528469
2016-08-25 00:00:00,1.1465703296528469
2016-08-26 00:00:00,1.1465703296528469
2016-08-29 00:00:00,1.1465703296528469
2016-08-30 00:00:00,1.1465703296528469
2016-08-31 00:00:00,1.1465703296528469
2016-09-01 00:00:00,1.1465703296528469
2016-09-02 00:00:00,1.1465703296528469
2016-09-06 00:00:00,1.1465703296528469
2016-09-07 00:00:00,1.1465703296528469
2016-09-08 00:00:00,1.1465703296528469
2016-09-09 00:00:00,1.1465703296528469
2016-09-12 00:00:00,1.1465703296528469
2016-09-13 00:00:00,1.1465703296528469
2016-09-14 00:00:00,1.1465703296528469
2016-09-15 00:00:00,1.1465703296528469
2016-09-16 00:00:00,1.1465703296528469
2016-09-19 00:00:00,1.1465703296528469
2016-09-20 00:00:00,1.1465703296528469
2016-09-21 00:00:00,1.1465703296528469
2016-09-22 00:00:00,1.1465703296528469
2016-09-23 00:00:00,1.1465703296528469
2016-09-26 00:00:00,1.1465703296528469
2016-09-27 00:00:00,1.1465703296528469
2016-09-28 00:00:00,1.1465703296528469
2016-09-29 00:00:00,1.1465703296528469
2016-09-30 00:00:00,1.1465703296528469
2016-10-03 00:00:00,1.1465703296528469
2016-10-04 00:00:00,1.1465703296528469
2016-10-05 00:00:00,1.1465703296528469
2016-10-06 00:00:00,1.1465703296528469
2016-10-07 00:00:00,1.1465703296528469
2016-10-11 00:00:00,1.1465703296528469
2016-10-12 00:00:00,1.1465703296528469
2016-10-13 00:00:00,1.1465703296528469
2016-10-14 00:00:00,1.1465703296528469
2016-10-17 00:00:00,1.1465703296528469
2016-10-18 00:00:00,1.1465703296528469
2016-10-19 00:00:00,1.1465703296528469
2016-10-20 00:00:00,1.1465703296528469
2016-10-21 00:00:00,1.1465703296528469
2016-10-24 00:00:00,1.1465703296528469
2016-10-25 00:00:00,1.1465703296528469
2016-10-26 00:00:00,1.1465703296528469
2016-10-27 00:00:00,1.1465703296528469
2016-10-28 00:00:00,1.1465703296528469
2016-10-31 00:00:00,1.1465703296528469
2016-11-01 00:00:00,1.1465703296528469
2016-11-02 00:00:00,1.1465703296528469
2016-11-03 00:00:00,1.1465703296528469
2016-11-04 00:00:00,1.1465703296528469
2016-11-07 00:00:00,1.1465703296528469
2016-11-08 00:00:00,1.1465703296528469
2016-11-09 00:00:00,1.1465703296528469
2016-11-10 00:00:00,1.1465703296528469
2016-11-14 00:00:00,1.1465703296528469
2016-11-15 00:00:00,1.1465703296528469
2016-11-16 00:00:00,1.1465703296528469
2016-11-17 00:00:00,1.1465703296528469
2016-11-18 00:00:00,1.1465703296528469
2016-11-21 00:00:00,1.1465703296528469
2016-11-22 00:00:00,1.1465703296528469
2016-11-23 00:00:00,1.1465703296528469
2016-11-25 00:00:00,1.1465703296528469
2016-11-28 00:00:00,1.1465703296528469
2016-11-29 00:00:00,1.1465703296528469
2016-11-30 00:00:00,1.1465703296528469
2016-12-01 00:00:00,1.1465703296528469
2016-12-02 00:00:00,1.1465703296528469
2016-12-05 00:00:00,1.1465703296528469
2016-12-06 00:00:00,1.1465703296528469
2016-12-07 00:00:00,1.1465703296528469
2016-12-08 00:00:00,1.1465703296528469
2016-12-09 00:00:00,1.1465703296528469
2016-12-12 00:00:00,1.1465703296528469
2016-12-13 00:00:00,1.1465703296528469
2016-12-14 00:00:00,1.1465703296528469
2016-12-15 00:00:00,1.1465703296528469
2016-12-16 00:00:00,1.1465703296528469
2016-12-19 00:00:00,1.1465703296528469
2016-12-20 00:00:00,1.1465703296528469
2016-12-21 00:00:00,1.1465703296528469
2016-12-22 00:00:00,1.1465703296528469
2016-12-23 00:00:00,1.1465703296528469
2016-12-27 00:00:00,1.1465703296528469
2016-12-28 00:00:00,1.1465703296528469
2016-12-29 00:00:00,1.1465703296528469
2016-12-30 00:00:00,1.1465703296528469
2017-01-03 00:00:00,1.1465703296528469
2017-01-04 00:00:00,1.1465703296528469
2017-01-05 00:00:00,1.1465703296528469
2017-01-06 00:00:00,1.1465703296528469
2017-01-09 00:00:00,1.1465703296528469
2017-01-10 00:00:00,1.1465703296528469
2017-01-11 00:00:00,1.1465703296528469
2017-01-12 00:00:00,1.1465703296528469
2017-01-13 00:00:00,1.1465703296528469
2017-01-17 00:00:00,1.1465703296528469
2017-01-18 00:00:00,1.1465703296528469
2017-01-19 00:00:00,1.1465703296528469
2017-01-23 00:00:00,1.1465703296528469
2017-01-24 00:00:00,1.1465703296528469
2017-01-25 00:00:00,1.1465703296528469
2017-01-26 00:00:00,1.1465703296528469
2017-01-27 00:00:00,1.1465703296528469
2017-01-30 00:00:00,1.1413769269466092
2017-01-31 00:00:00,1.1413769269466092
2017-02-01 00:00:00,1.1413769269466092
2017-02-02 00:00:00,1.1413769269466092
2017-02-03 00:00:00,1.1413769269466092
2017-02-06 00:00:00,1.1413769269466092
2017-02-07 00:00:00,1.1413769269466092
2017-02-08 00:00:00,1.1413769269466092
2017-02-09 00:00:00,1.1413769269466092
2017-02-10 00:00:00,1.1413769269466092
2017-02-13 00:00:00,1.1413769269466092
2017-02-14 00:00:00,1.1413769269466092
2017-02-15 00:00:00,1.1413769269466092
2017-02-16 00:00:00,1.1413769269466092
2017-02-17 00:00:00,1.1413769269466092
2017-02-21 00:00:00,1.1413769269466092
2017-02-22 00:00:00,1.1413769269466092
2017-02-23 00:00:00,1.1413769269466092
2017-02-24 00:00:00,1.1413769269466092
2017-02-27 00:00:00,1.1413769269466092
2017-02-28 00:00:00,1.1413769269466092
2017-03-01 00:00:00,1.1413769269466092
2017-03-02 00:00:00,1.1413769269466092
2017-03-03 00:00:00,1.1413769269466092
2017-03-06 00:00:00,1.1413769269466092
2017-03-07 00:00:00,1.1413769269466092
2017-03-08 00:00:00,1.1413769269466092
2017-03-09 00:00:00,1.1413769269466092
2017-03-10 00:00:00,1.1413769269466092
2017-03-13 00:00:00,1.1413769269466092
2017-03-14 00:00:00,1.1413769269466092
2017-03-15 00:00:00,1.1413769269466092
2017-03-16 00:00:00,1.1413769269466092
2017-03-17 00:00:00,1.1413769269466092
2017-03-20 00:00:00,1.1413769269466092
2017-03-21 00:00:00,1.1413769269466092
2017-03-22 00:00:00,1.1413769269466092
2017-03-23 00:00:00,1.1413769269466092
2017-03-24 00:00:00,1.1413769269466092
2017-03-27 00:00:00,1.1413769269466092
2017-03-28 00:00:00,1.1413769269466092
2017-03-29 00:00:00,1.1326359953306473
2017-03-30 00:00:00,1.1326359953306473
2017-03-31 00:00:00,1.1326359953306473
2017-04-03 00:00:00,1.1326359953306473
2017-04-04 00:00:00,1.1326359953306473
2017-04-05 00:00:00,1.1326359953306473
2017-04-06 00:00:00,1.1326359953306473
2017-04-07 00:00:00,1.1326359953306473
2017-04-10 00:00:00,1.1326359953306473
2017-04-11 00:00:00,1.1326359953306473
2017-04-12 00:00:00,1.1326359953306473
2017-04-13 00:00:00,1.1326359953306473
2017-04-14 00:00:00,1.1326359953306473
2017-04-17 00:00:00,1.1326359953306473
2017-04-18 00:00:00,1.1326359953306473
2017-04-19 00:00:00,1.1326359953306473
2017-04-20 00:00:00,1.1326359953306473
2017-04-21 00:00:00,1.1326359953306473
2017-04-24 00:00:00,1.1326359953306473
2017-04-25 00:00:00,1.1326359953306473
2017-04-26 00:00:00,1.1326359953306473
2017-04-27 00:00:00,1.1326359953306473
2017-04-28 00:00:00,1.1326359953306473
2017-05-01 00:00:00,1.1326359953306473
2017-05-02 00:00:00,1.1326359953306473
2017-05-03 00:00:00,1.1326359953306473
2017-05-04 00:00:00,1.1326359953306473
2017-05-05 00:00:00,1.1326359953306473
2017-05-08 00:00:00,1.1326359953306473
2017-05-09 00:00:00,1.1326359953306473
2017-05-10 00:00:00,1.1326359953306473
2017-05-11 00:00:00,1.1326359953306473
2017-05-12 00:00:00,1.1326359953306473
2017-05-15 00:00:00,1.1326359953306473
2017-05-16 00:00:00,1.1326359953306473
2017-05-17 00:00:00,1.1326359953306473
2017-05-18 00:00:00,1.1326359953306473
2017-05-19 00:00:00,1.1326359953306473
2017-05-22 00:00:00,1.1326359953306473
2017-05-23 00:00:00,1.1326359953306473
2017-05-24 00:00:00,1.1326359953306473
2017-05-25 00:00:00,1.1326359953306473
2017-05-26 00:00:00,1.1326359953306473
2017-05-30 00:00:00,1.1326359953306473
2017-05-31 00:00:00,1.1326359953306473
2017-06-01 00:00:00,1.1326359953306473
2017-06-02 00:00:00,1.1326359953306473
2017-06-05 00:00:00,1.1326359953306473
2017-06-06 00:00:00,1.1326359953306473
2017-06-07 00:00:00,1.1326359953306473
2017-06-08 00:00:00,1.1326359953306473
2017-06-09 00:00:00,1.1326359953306473
2017-06-12 00:00:00,1.1326359953306473
2017-06-13 00:00:00,1.1326359953306473
2017-06-14 00:00:00,1.1326359953306473
2017-06-15 00:00:00,1.1326359953306473
2017-06-16 00:00:00,1.1326359953306473
2017-06-19 00:00:00,1.1326359953306473
2017-06-20 00:00:00,1.1326359953306473
2017-06-21 00:00:00,1.1326359953306473
2017-06-22 00:00:00,1.1326359953306473
2017-06-23 00:00:00,1.1326359953306473
2017-06-26 00:00:00,1.1326359953306473
2017-06-27 00:00:00,1.1326359953306473
2017-06-28 00:00:00,1.1326359953306473
2017-06-29 00:00:00,1.1326359953306473
2017-06-30 00:00:00,1.1326359953306473
2017-07-03 00:00:00,1.1326359953306473
2017-07-05 00:00:00,1.1326359953306473
2017-07-06 00:00:00,1.1326359953306473
2017-07-07 00:00:00,1.1326359953306473
2017-07-10 00:00:00,1.1326359953306473
2017-07-11 00:00:00,1.1326359953306473
2017-07-12 00:00:00,1.1326359953306473
2017-07-13 00:00:00,1.1326359953306473
2017-07-14 00:00:00,1.1326359953306473
2017-07-17 00:00:00,1.1326359953306473
2017-07-18 00:00:00,1.1326359953306473
2017-07-19 00:00:00,1.1326359953306473
2017-07-20 00:00:00,1.1326359953306473
2017-07-21 00:00:00,1.1326359953306473
2017-07-24 00:00:00,1.1326359953306473
2017-07-25 00:00:00,1.1326359953306473
2017-07-26 00:00:00,1.1326359953306473
2017-07-27 00:00:00,1.1326359953306473
2017-07-28 00:00:00,1.1326359953306473
2017-07-31 00:00:00,1.1326359953306473
2017-08-01 00:00:00,1.1326359953306473
2017-08-02 00:00:00,1.1326359953306473
2017-08-03 00:00:00,1.1326359953306473
2017-08-04 00:00:00,1.1326359953306473
2017-08-07 00:00:00,1.1326359953306473
2017-08-08 00:00:00,1.1326359953306473
2017-08-09 00:00:00,1.1326359953306473
2017-08-10 00:00:00,1.1326359953306473
2017-08-11 00:00:00,1.1326359953306473
2017-08-14 00:00:00,1.1326359953306473
2017-08-15 00:00:00,1.1326359953306473
2017-08-16 00:00:00,1.1326359953306473
2017-08-17 00:00:00,1.1326359953306473
2017-08-18 00:00:00,1.1326359953306473
2017-08-21 00:00:00,1.1326359953306473
2017-08-22 00:00:00,1.1326359953306473
2017-08-23 00:00:00,1.1326359953306473
2017-08-24 00:00:00,1.1326359953306473
2017-08-25 00:00:00,1.1326359953306473
2017-08-28 00:00:00,1.1326359953306473
2017-08-29 00:00:00,1.1326359953306473
2017-08-30 00:00:00,1.1326359953306473
2017-08-31 00:00:00,1.1326359953306473
2017-09-01 00:00:00,1.1326359953306473
2017-09-05 00:00:00,1.1326359953306473
2017-09-06 00:00:00,1.1326359953306473
2017-09-07 00:00:00,1.1326359953306473
2017-09-08 00:00:00,1.1427565399658761
2017-09-11 00:00:00,1.1394695254689642
2017-09-12 00:00:00,1.1487250662892163
2017-09-13 00:00:00,1.14336204263636
2017-09-14 00:00:00,1.1589321113059428
2017-09-15 00:00:00,1.1745021799755255
2017-09-18 00:00:00,1.166457644496241
2017-09-19 00:00:00,1.1692256567041666
2017-09-20 00:00:00,1.173291174634558
2017-09-21 00:00:00,1.1743291792125299
2017-09-22 00:00:00,1.1704366620451343
2017-09-25 00:00:00,1.1640356338143059
2017-09-26 00:00:00,1.161008120461887
2017-09-27 00:00:00,1.1591916124504358
2017-09-28 00:00:00,1.1621326254213569
2017-09-29 00:00:00,1.1592781128319334
2017-10-02 00:00:00,1.147687061711244
2017-10-03 00:00:00,1.1462165552257833
2017-10-04 00:00:00,1.147687061711244
2017-10-05 00:00:00,1.1359230098275594
2017-10-06 00:00:00,1.1299544835042192
2017-10-10 00:00:00,1.1431025414918667
2017-10-11 00:00:00,1.1426700395843785
2017-10-12 00:00:00,1.1395560258504618
2017-10-13 00:00:00,1.1508010754451607
2017-10-16 00:00:00,1.1491575681967046
2017-10-17 00:00:00,1.1402480289024435
2017-10-18 00:00:00,1.140334529283941
2017-10-19 00:00:00,1.1401615285209459
2017-10-20 00:00:00,1.1399885277579505
2017-10-23 00:00:00,1.1418915361508994
2017-10-24 00:00:00,1.1352310067755778
2017-10-25 00:00:00,1.146303055607281
2017-10-26 00:00:00,1.1401615285209459
2017-10-27 00:00:00,1.1338470006716148
2017-10-30 00:00:00,1.1413725338619132
2017-10-31 00:00:00,1.148811566670714
2017-11-01 00:00:00,1.1467355575147697
2017-11-02 00:00:00,1.1303869854117077
2017-11-03 00:00:00,1.1303004850302099
2017-11-06 00:00:00,1.1370475147870291
2017-11-07 00:00:00,1.137653017457513
2017-11-08 00:00:00,1.1338470006716148
2017-11-09 00:00:00,1.136009510209057
2017-11-13 00:00:00,1.1332414980011314
2017-11-14 00:00:00,1.1355770083015684
2017-11-15 00:00:00,1.138777522416983
2017-11-16 00:00:00,1.1415455346249088
2017-11-17 00:00:00,1.1437080441623506
2017-11-20 00:00:00,1.1453515514108068
2017-11-21 00:00:00,1.1445730479773275
2017-11-22 00:00:00,1.1496765704856906
2017-11-24 00:00:00,1.1535690876530864
2017-11-27 00:00:00,1.1533095865085934
2017-11-28 00:00:00,1.1444865475958297
2017-11-29 00:00:00,1.1622191258028545
2017-11-30 00:00:00,1.1682741525076923
2017-12-01 00:00:00,1.1681876521261947
2017-12-04 00:00:00,1.1647276368662873
2017-12-05 00:00:00,1.163430131143822
2017-12-06 00:00:00,1.1575481052019798
2017-12-07 00:00:00,1.1618731242768638
2017-12-08 00:00:00,1.1562505994795147
2017-12-11 00:00:00,1.1559045979535236
2017-12-12 00:00:00,1.1524445826936165
2017-12-13 00:00:00,1.1560775987165193
2017-12-14 00:00:00,1.1625651273288455
2017-12-15 00:00:00,1.1518390800231326
2017-12-18 00:00:00,1.1589321113059428
2017-12-19 00:00:00,1.15529909528304
2017-12-20 00:00:00,1.1597971151209197
2017-12-21 00:00:00,1.156683101387003
2017-12-22 00:00:00,1.1572886040574868
2017-12-26 00:00:00,1.15642360024251
2017-12-27 00:00:00,1.1593646132134312
2017-12-28 00:00:00,1.163430131143822
2017-12-29 00:00:00,1.1702636612821389
2018-01-02 00:00:00,1.1760591868424837
2018-01-03 00:00:00,1.1696581586116552
2018-01-04 00:00:00,1.171128665097116
2018-01-05 00:00:00,1.1731181738715628
2018-01-08 00:00:00,1.1734641753975534
2018-01-09 00:00:00,1.1693121570856646
2018-01-10 00:00:00,1.168879655178176
2018-01-11 00:00:00,1.1714746666231066
2018-01-12 00:00:00,1.1841037223217683
2018-01-16 00:00:00,1.191456254749071
2018-01-17 00:00:00,1.1957812738239553
2018-01-18 00:00:00,1.2014037986213046
2018-01-19 00:00:00,1.1986357864133788
2018-01-22 00:00:00,1.2061613196036771
2018-01-23 00:00:00,1.2082373287596215
2018-01-24 00:00:00,1.2281324165040883
2018-01-25 00:00:00,1.233841441682935
2018-01-26 00:00:00,1.2264889092556324
2018-01-29 00:00:00,1.2146383569904498
2018-01-30 00:00:00,1.2217313882732599
2018-01-31 00:00:00,1.2274404134521066
2018-02-01 00:00:00,1.2323709351974748
2018-02-02 00:00:00,1.221904389036255
2018-02-05 00:00:00,1.212908349360496
2018-02-06 00:00:00,1.2067668222741608
2018-02-07 00:00:00,1.200711795569323
2018-02-08 00:00:00,1.203652808540244
2018-02-09 00:00:00,1.1931862623790248
2018-02-12 00:00:00,1.1954352722979644
2018-02-13 00:00:00,1.2016632997657977
2018-02-14 00:00:00,1.2071128238001514
2018-02-15 00:00:00,1.2162818642389057
2018-02-16 00:00:00,1.21576286194992
2018-02-20 00:00:00,1.2128218489789984
2018-02-21 00:00:00,1.2063343203666723
2018-02-22 00:00:00,1.2057288176961884
2018-02-23 00:00:00,1.209188832956096
2018-02-26 00:00:00,1.2068533226556586
2018-02-27 00:00:00,1.2028743051067652
2018-02-28 00:00:00,1.1931862623790248
2018-03-01 00:00:00,1.189812747500615
2018-03-02 00:00:00,1.1910237528415828
2018-03-05 00:00:00,1.1985492860318812
2018-03-06 00:00:00,1.2011442974768116
2018-03-07 00:00:00,1.201317298239807
2018-03-08 00:00:00,1.1957812738239553
2018-03-09 00:00:00,1.1991547887023648
2018-03-12 00:00:00,1.2021823020547835
2018-03-13 00:00:00,1.2098808360080773
2018-03-14 00:00:00,1.2063343203666723
2018-03-15 00:00:00,1.2067668222741608
2018-03-16 00:00:00,1.2039988100662349
2018-03-19 00:00:00,1.213773353175473
2018-03-20 00:00:00,1.2121298459270171
2018-03-21 00:00:00,1.216541365383399
2018-03-22 00:00:00,1.2194823783543198
2018-03-23 00:00:00,1.2240668985736973
2018-03-26 00:00:00,1.231419431001
2018-03-27 00:00:00,1.2249319023886738
2018-03-28 00:00:00,1.2205203829322921
2018-03-29 00:00:00,1.21351385203098
2018-03-30 00:00:00,1.2133408512679846
2018-04-02 00:00:00,1.213773353175473
2018-04-03 00:00:00,1.2168873669093898
2018-04-04 00:00:00,1.217579369961371
2018-04-05 00:00:00,1.210226837534068
2018-04-06 00:00:00,1.2186173745393434
2018-04-09 00:00:00,1.222769392851232
2018-04-10 00:00:00,1.2249319023886738
2018-04-11 00:00:00,1.2277864149780977
2018-04-12 00:00:00,1.2321114340529817
2018-04-13 00:00:00,1.2330629382494562
2018-04-16 00:00:00,1.2397234676247777
2018-04-17 00:00:00,1.2370419557983496
2018-04-18 00:00:00,1.2306409275675212
2018-04-19 00:00:00,1.2276999145965997
2018-04-20 00:00:00,1.2138598535569707
2018-04-23 00:00:00,1.2069398230371562
2018-04-24 00:00:00,1.208842831430105
2018-04-25 00:00:00,1.2059018184591839
2018-04-26 00:00:00,1.2046908131182164
2018-04-27 00:00:00,1.1924077589455457
2018-04-30 00:00:00,1.1894667459746244
2018-05-01 00:00:00,1.177356692564949
2018-05-02 00:00:00,1.1772701921834514
2018-05-03 00:00:00,1.1737236765420462
2018-05-04 00:00:00,1.1707826635711251
2018-05-07 00:00:00,1.173550675779051
2018-05-08 00:00:00,1.1695716582301576
2018-05-09 00:00:00,1.173550675779051
2018-05-10 00:00:00,1.1666306452592365
2018-05-11 00:00:00,1.1719936689120927
2018-05-14 00:00:00,1.175972686460986
2018-05-15 00:00:00,1.1687931547966783
2018-05-16 00:00:00,1.1655123510271581
2018-05-17 00:00:00,1.1655123510271581
2018-05-18 00:00:00,1.1655123510271581
2018-05-21 00:00:00,1.1655123510271581
2018-05-22 00:00:00,1.1655123510271581
2018-05-23 00:00:00,1.1655123510271581
2018-05-24 00:00:00,1.1655123510271581
2018-05-25 00:00:00,1.1655123510271581
2018-05-29 00:00:00,1.1655123510271581
2018-05-30 00:00:00,1.1655123510271581
2018-05-31 00:00:00,1.1655123510271581
2018-06-01 00:00:00,1.1655123510271581
2018-06-04 00:00:00,1.1655123510271581
2018-06-05 00:00:00,1.1655123510271581
2018-06-06 00:00:00,1.1655123510271581
2018-06-07 00:00:00,1.1655123510271581
2018-06-08 00:00:00,1.1655123510271581
2018-06-11 00:00:00,1.1655123510271581
2018-06-12 00:00:00,1.1655123510271581
2018-06-13 00:00:00,1.1655123510271581
2018-06-14 00:00:00,1.1655123510271581
2018-06-15 00:00:00,1.1655123510271581
2018-06-18 00:00:00,1.1655123510271581
2018-06-19 00:00:00,1.1655123510271581
2018-06-20 00:00:00,1.1655123510271581
2018-06-21 00:00:00,1.1655123510271581
2018-06-22 00:00:00,1.1655123510271581
2018-06-25 00:00:00,1.1655123510271581
2018-06-26 00:00:00,1.1655123510271581
2018-06-27 00:00:00,1.1655123510271581
2018-06-28 00:00:00,1.1655123510271581
2018-06-29 00:00:00,1.1655123510271581
2018-07-02 00:00:00,1.1655123510271581
2018-07-03 00:00:00,1.1655123510271581
2018-07-05 00:00:00,1.1655123510271581
2018-07-06 00:00:00,1.1655123510271581
2018-07-09 00:00:00,1.1655123510271581
2018-07-10 00:00:00,1.1655123510271581
2018-07-11 00:00:00,1.1655123510271581
2018-07-12 00:00:00,1.1655123510271581
2018-07-13 00:00:00,1.1655123510271581
2018-07-16 00:00:00,1.1655123510271581
2018-07-17 00:00:00,1.1655123510271581
2018-07-18 00:00:00,1.1655123510271581
2018-07-19 00:00:00,1.1655123510271581
2018-07-20 00:00:00,1.1655123510271581
2018-07-23 00:00:00,1.1655123510271581
2018-07-24 00:00:00,1.1655123510271581
2018-07-25 00:00:00,1.1655123510271581
2018-07-26 00:00:00,1.1655123510271581
2018-07-27 00:00:00,1.1655123510271581
2018-07-30 00:00:00,1.1655123510271581
2018-07-31 00:00:00,1.1655123510271581
2018-08-01 00:00:00,1.1655123510271581
2018-08-02 00:00:00,1.1655123510271581
2018-08-03 00:00:00,1.1655123510271581
2018-08-06 00:00:00,1.1655123510271581
2018-08-07 00:00:00,1.1655123510271581
2018-08-08 00:00:00,1.1655123510271581
2018-08-09 00:00:00,1.1655123510271581
2018-08-10 00:00:00,1.1655123510271581
2018-08-13 00:00:00,1.1655123510271581
2018-08-14 00:00:00,1.1655123510271581
2018-08-15 00:00:00,1.1655123510271581
2018-08-16 00:00:00,1.1655123510271581
2018-08-17 00:00:00,1.1655123510271581
2018-08-20 00:00:00,1.1655123510271581
2018-08-21 00:00:00,1.1655123510271581
2018-08-22 00:00:00,1.1655123510271581
2018-08-23 00:00:00,1.1655123510271581
2018-08-24 00:00:00,1.1655123510271581
2018-08-27 00:00:00,1.1655123510271581
2018-08-28 00:00:00,1.1655123510271581
2018-08-29 00:00:00,1.1655123510271581
2018-08-30 00:00:00,1.1655123510271581
2018-08-31 00:00:00,1.1655123510271581
2018-09-04 00:00:00,1.1655123510271581
2018-09-05 00:00:00,1.1655123510271581
2018-09-06 00:00:00,1.1655123510271581
2018-09-07 00:00:00,1.1655123510271581
2018-09-10 00:00:00,1.1655123510271581
2018-09-11 00:00:00,1.1655123510271581
2018-09-12 00:00:00,1.1655123510271581
2018-09-13 00:00:00,1.1655123510271581
2018-09-14 00:00:00,1.1655123510271581
2018-09-17 00:00:00,1.1655123510271581
2018-09-18 00:00:00,1.1655123510271581
2018-09-19 00:00:00,1.1655123510271581
2018-09-20 00:00:00,1.1655123510271581
2018-09-21 00:00:00,1.1655123510271581
2018-09-24 00:00:00,1.170603598325344
2018-09-25 00:00:00,1.170603598325344
2018-09-26 00:00:00,1.170603598325344
2018-09-27 00:00:00,1.170603598325344
2018-09-28 00:00:00,1.170603598325344
2018-10-01 00:00:00,1.170603598325344
2018-10-02 00:00:00,1.170603598325344
2018-10-03 00:00:00,1.170603598325344
2018-10-04 00:00:00,1.170603598325344
2018-10-05 00:00:00,1.170603598325344
2018-10-09 00:00:00,1.170603598325344
2018-10-10 00:00:00,1.170603598325344
2018-10-11 00:00:00,1.170603598325344
2018-10-12 00:00:00,1.1667919806253138
2018-10-15 00:00:00,1.1667919806253138
2018-10-16 00:00:00,1.1667919806253138
2018-10-17 00:00:00,1.1667919806253138
2018-10-18 00:00:00,1.1667919806253138
2018-10-19 00:00:00,1.1667919806253138
2018-10-22 00:00:00,1.1667919806253138
2018-10-23 00:00:00,1.1667919806253138
2018-10-24 00:00:00,1.1667919806253138
2018-10-25 00:00:00,1.1667919806253138
2018-10-26 00:00:00,1.1667919806253138
2018-10-29 00:00:00,1.1667919806253138
2018-10-30 00:00:00,1.1667919806253138
2018-10-31 00:00:00,1.1667919806253138
2018-11-01 00:00:00,1.1667919806253138
2018-11-02 00:00:00,1.1667919806253138
2018-11-05 00:00:00,1.1667919806253138
2018-11-06 00:00:00,1.1667919806253138
2018-11-07 00:00:00,1.1667919806253138
2018-11-08 00:00:00,1.1667919806253138
2018-11-09 00:00:00,1.1667919806253138
2018-11-13 00:00:00,1.1667919806253138
2018-11-14 00:00:00,1.1667919806253138
2018-11-15 00:00:00,1.1667919806253138
2018-11-16 00:00:00,1.1667919806253138
2018-11-19 00:00:00,1.1667919806253138
2018-11-20 00:00:00,1.1667919806253138
2018-11-21 00:00:00,1.1667919806253138
2018-11-23 00:00:00,1.1667919806253138
2018-11-26 00:00:00,1.1667919806253138
2018-11-27 00:00:00,1.1667919806253138
2018-11-28 00:00:00,1.1667919806253138
2018-11-29 00:00:00,1.1667919806253138
2018-11-30 00:00:00,1.1667919806253138
2018-12-03 00:00:00,1.1667919806253138
2018-12-04 00:00:00,1.1667919806253138
2018-12-06 00:00:00,1.1667919806253138
2018-12-07 00:00:00,1.1667919806253138
2018-12-10 00:00:00,1.1667919806253138
2018-12-11 00:00:00,1.1667919806253138
2018-12-12 00:00:00,1.1667919806253138
2018-12-13 00:00:00,1.1667919806253138
2018-12-14 00:00:00,1.1667919806253138
2018-12-17 00:00:00,1.1667919806253138
2018-12-18 00:00:00,1.1667919806253138
2018-12-19 00:00:00,1.1667919806253138
2018-12-20 00:00:00,1.1667919806253138
2018-12-21 00:00:00,1.1667919806253138
2018-12-26 00:00:00,1.1667919806253138
2018-12-27 00:00:00,1.1667919806253138
2018-12-28 00:00:00,1.1667919806253138
2018-12-31 00:00:00,1.1667919806253138
2019-01-02 00:00:00,1.1667919806253138
2019-01-03 00:00:00,1.1667919806253138
2019-01-04 00:00:00,1.1667919806253138
2019-01-07 00:00:00,1.1667919806253138
2019-01-08 00:00:00,1.1667919806253138
2019-01-09 00:00:00,1.1667919806253138
2019-01-10 00:00:00,1.1667919806253138
2019-01-11 00:00:00,1.1667919806253138
2019-01-15 00:00:00,1.1667919806253138
2019-01-16 00:00:00,1.1667919806253138
2019-01-17 00:00:00,1.1667919806253138
2019-01-18 00:00:00,1.1667919806253138
2019-01-22 00:00:00,1.1667919806253138
2019-01-23 00:00:00,1.1667919806253138
2019-01-24 00:00:00,1.1667919806253138
2019-01-25 00:00:00,1.179787456588597
2019-01-28 00:00:00,1.179787456588597
2019-01-29 00:00:00,1.179787456588597
2019-01-30 00:00:00,1.179787456588597
2019-01-31 00:00:00,1.179787456588597
2019-02-01 00:00:00,1.179787456588597
2019-02-04 00:00:00,1.179787456588597
2019-02-05 00:00:00,1.179787456588597
2019-02-06 00:00:00,1.179787456588597
2019-02-07 00:00:00,1.179787456588597
2019-02-08 00:00:00,1.179787456588597
2019-02-11 00:00:00,1.179787456588597
2019-02-12 00:00:00,1.179787456588597
2019-02-13 00:00:00,1.179787456588597
2019-02-14 00:00:00,1.179787456588597
2019-02-15 00:00:00,1.179787456588597
2019-02-19 00:00:00,1.179787456588597
2019-02-21 00:00:00,1.179787456588597
2019-02-22 00:00:00,1.179787456588597
2019-02-25 00:00:00,1.179787456588597
2019-02-26 00:00:00,1.179787456588597
2019-02-27 00:00:00,1.179787456588597
2019-02-28 00:00:00,1.179787456588597
2019-03-01 00:00:00,1.179787456588597
2019-03-04 00:00:00,1.179787456588597
2019-03-05 00:00:00,1.179787456588597
2019-03-06 00:00:00,1.179787456588597
2019-03-07 00:00:00,1.179787456588597
2019-03-08 00:00:00,1.179787456588597
2019-03-11 00:00:00,1.179787456588597
2019-03-12 00:00:00,1.179787456588597
2019-03-13 00:00:00,1.179787456588597
2019-03-14 00:00:00,1.179787456588597
2019-03-15 00:00:00,1.179787456588597
2019-03-18 00:00:00,1.179787456588597
2019-03-19 00:00:00,1.179787456588597
2019-03-20 00:00:00,1.179787456588597
2019-03-21 00:00:00,1.179787456588597
2019-03-22 00:00:00,1.179787456588597
2019-03-25 00:00:00,1.179787456588597
2019-03-26 00:00:00,1.179787456588597
2019-03-27 00:00:00,1.179787456588597
2019-03-28 00:00:00,1.179787456588597
2019-03-29 00:00:00,1.179787456588597
2019-04-01 00:00:00,1.179787456588597
2019-04-02 00:00:00,1.179787456588597
2019-04-03 00:00:00,1.179787456588597
2019-04-04 00:00:00,1.179787456588597
2019-04-05 00:00:00,1.179787456588597
2019-04-08 00:00:00,1.179787456588597
2019-04-09 00:00:00,1.179787456588597
2019-04-10 00:00:00,1.179787456588597
2019-04-11 00:00:00,1.179787456588597
2019-04-12 00:00:00,1.179787456588597
2019-04-15 00:00:00,1.179787456588597
2019-04-16 00:00:00,1.179787456588597
2019-04-17 00:00:00,1.179787456588597
2019-04-18 00:00:00,1.179787456588597
2019-04-19 00:00:00,1.179787456588597
2019-04-22 00:00:00,1.179787456588597
2019-04-23 00:00:00,1.179787456588597
2019-04-24 00:00:00,1.179787456588597
2019-04-25 00:00:00,1.179787456588597
2019-04-26 00:00:00,1.179787456588597
2019-04-29 00:00:00,1.179787456588597
2019-04-30 00:00:00,1.179787456588597
2019-05-01 00:00:00,1.179787456588597
2019-05-02 00:00:00,1.179787456588597
2019-05-03 00:00:00,1.179787456588597
2019-05-06 00:00:00,1.179787456588597
2019-05-07 00:00:00,1.179787456588597
2019-05-08 00:00:00,1.179787456588597
2019-05-09 00:00:00,1.179787456588597
2019-05-10 00:00:00,1.179787456588597
2019-05-13 00:00:00,1.179787456588597
2019-05-14 00:00:00,1.179787456588597
2019-05-15 00:00:00,1.179787456588597
2019-05-16 00:00:00,1.179787456588597
2019-05-17 00:00:00,1.179787456588597
2019-05-20 00:00:00,1.179787456588597
2019-05-21 00:00:00,1.179787456588597
2019-05-22 00:00:00,1.179787456588597
2019-05-23 00:00:00,1.179787456588597
2019-05-24 00:00:00,1.179787456588597
2019-05-28 00:00:00,1.179787456588597
2019-05-29 00:00:00,1.179787456588597
2019-05-30 00:00:00,1.179787456588597
2019-05-31 00:00:00,1.179787456588597
2019-06-03 00:00:00,1.179787456588597
2019-06-04 00:00:00,1.179787456588597
2019-06-05 00:00:00,1.179787456588597
2019-06-06 00:00:00,1.179787456588597
2019-06-07 00:00:00,1.179787456588597
2019-06-10 00:00:00,1.179787456588597
2019-06-11 00:00:00,1.179787456588597
2019-06-12 00:00:00,1.179787456588597
2019-06-13 00:00:00,1.179787456588597
2019-06-14 00:00:00,1.179787456588597
2019-06-17 00:00:00,1.179787456588597
2019-06-18 00:00:00,1.179787456588597
2019-06-19 00:00:00,1.179787456588597
2019-06-20 00:00:00,1.179787456588597
2019-06-21 00:00:00,1.179787456588597
2019-06-24 00:00:00,1.179787456588597
2019-06-25 00:00:00,1.179787456588597
2019-06-26 00:00:00,1.179787456588597
2019-06-27 00:00:00,1.179787456588597
2019-06-28 00:00:00,1.179787456588597
2019-07-01 00:00:00,1.179787456588597
2019-07-02 00:00:00,1.179787456588597
2019-07-03 00:00:00,1.179787456588597
2019-07-05 00:00:00,1.179787456588597
2019-07-08 00:00:00,1.179787456588597
2019-07-09 00:00:00,1.179787456588597
2019-07-10 00:00:00,1.179787456588597
2019-07-11 00:00:00,1.179787456588597
2019-07-12 00:00:00,1.179787456588597
2019-07-15 00:00:00,1.179787456588597
2019-07-16 00:00:00,1.179787456588597
2019-07-17 00:00:00,1.179787456588597
2019-07-18 00:00:00,1.179787456588597
2019-07-19 00:00:00,1.179787456588597
2019-07-22 00:00:00,1.179787456588597
2019-07-23 00:00:00,1.179787456588597
2019-07-24 00:00:00,1.179787456588597
2019-07-25 00:00:00,1.179787456588597
2019-07-26 00:00:00,1.179787456588597
2019-07-29 00:00:00,1.179787456588597
2019-07-30 00:00:00,1.179787456588597
2019-07-31 00:00:00,1.179787456588597
2019-08-01 00:00:00,1.179787456588597
2019-08-02 00:00:00,1.179787456588597
2019-08-05 00:00:00,1.179787456588597
2019-08-06 00:00:00,1.179787456588597
2019-08-07 00:00:00,1.179787456588597
2019-08-08 00:00:00,1.179787456588597
2019-08-09 00:00:00,1.179787456588597
2019-08-12 00:00:00,1.179787456588597
2019-08-13 00:00:00,1.179787456588597
2019-08-14 00:00:00,1.179787456588597
2019-08-15 00:00:00,1.179787456588597
2019-08-16 00:00:00,1.179787456588597
2019-08-19 00:00:00,1.179787456588597
2019-08-20 00:00:00,1.179787456588597
2019-08-21 00:00:00,1.179787456588597
2019-08-22 00:00:00,1.179787456588597
2019-08-23 00:00:00,1.179787456588597
2019-08-26 00:00:00,1.179787456588597
2019-08-27 00:00:00,1.179787456588597
2019-08-28 00:00:00,1.179787456588597
2019-08-29 00:00:00,1.179787456588597
2019-08-30 00:00:00,1.179787456588597
2019-09-03 00:00:00,1.179787456588597
2019-09-04 00:00:00,1.179787456588597
2019-09-05 00:00:00,1.179787456588597
2019-09-06 00:00:00,1.179787456588597
2019-09-09 00:00:00,1.179787456588597
2019-09-10 00:00:00,1.179787456588597
2019-09-11 00:00:00,1.179787456588597
2019-09-12 00:00:00,1.179787456588597
2019-09-13 00:00:00,1.179787456588597
2019-09-16 00:00:00,1.179787456588597
2019-09-17 00:00:00,1.179787456588597
2019-09-18 00:00:00,1.179787456588597
2019-09-19 00:00:00,1.179787456588597
2019-09-20 00:00:00,1.179787456588597
2019-09-23 00:00:00,1.1736710866217859
2019-09-24 00:00:00,1.1736710866217859
2019-09-25 00:00:00,1.1736710866217859
2019-09-26 00:00:00,1.1736710866217859
2019-09-27 00:00:00,1.1736710866217859
2019-09-30 00:00:00,1.1736710866217859
2019-10-01 00:00:00,1.1736710866217859
2019-10-02 00:00:00,1.1736710866217859
2019-10-03 00:00:00,1.1736710866217859
2019-10-04 00:00:00,1.1736710866217859
2019-10-07 00:00:00,1.1736710866217859
2019-10-08 00:00:00,1.1736710866217859
2019-10-09 00:00:00,1.1736710866217859
2019-10-10 00:00:00,1.1736710866217859
2019-10-11 00:00:00,1.1736710866217859
2019-10-15 00:00:00,1.1736710866217859
2019-10-16 00:00:00,1.1736710866217859
2019-10-17 00:00:00,1.1732276774471435
2019-10-18 00:00:00,1.1732276774471435
2019-10-21 00:00:00,1.1732276774471435
2019-10-22 00:00:00,1.1732276774471435
2019-10-23 00:00:00,1.1732276774471435
2019-10-24 00:00:00,1.1732276774471435
2019-10-25 00:00:00,1.1732276774471435
2019-10-28 00:00:00,1.1732276774471435
2019-10-29 00:00:00,1.1732276774471435
2019-10-30 00:00:00,1.1732276774471435
2019-10-31 00:00:00,1.1732276774471435
2019-11-01 00:00:00,1.1732276774471435
2019-11-04 00:00:00,1.1732276774471435
2019-11-05 00:00:00,1.1732276774471435
2019-11-06 00:00:00,1.1732276774471435
2019-11-07 00:00:00,1.1732276774471435
2019-11-08 00:00:00,1.1732276774471435
2019-11-12 00:00:00,1.1732276774471435
2019-11-13 00:00:00,1.1732276774471435
2019-11-14 00:00:00,1.1732276774471435
2019-11-15 00:00:00,1.1732276774471435
2019-11-18 00:00:00,1.1732276774471435
2019-11-19 00:00:00,1.1732276774471435
2019-11-20 00:00:00,1.1732276774471435
2019-11-21 00:00:00,1.1732276774471435
2019-11-22 00:00:00,1.1732276774471435
2019-11-25 00:00:00,1.1732276774471435
2019-11-26 00:00:00,1.1732276774471435
2019-11-27 00:00:00,1.1732276774471435
2019-11-29 00:00:00,1.1732276774471435
2019-12-02 00:00:00,1.1732276774471435
2019-12-03 00:00:00,1.1732276774471435
2019-12-04 00:00:00,1.1732276774471435
2019-12-05 00:00:00,1.1732276774471435
2019-12-06 00:00:00,1.1732276774471435
2019-12-09 00:00:00,1.1732276774471435
2019-12-10 00:00:00,1.1732276774471435
2019-12-11 00:00:00,1.1732276774471435
2019-12-12 00:00:00,1.1732276774471435
2019-12-13 00:00:00,1.1732276774471435
2019-12-16 00:00:00,1.1732276774471435
2019-12-17 00:00:00,1.1732276774471435
2019-12-18 00:00:00,1.1732276774471435
2019-12-19 00:00:00,1.1732276774471435
2019-12-20 00:00:00,1.1732276774471435
2019-12-23 00:00:00,1.1732276774471435
2019-12-24 00:00:00,1.1732276774471435
2019-12-26 00:00:00,1.1732276774471435
2019-12-27 00:00:00,1.1732276774471435
2019-12-30 00:00:00,1.1732276774471435
2019-12-31 00:00:00,1.1732276774471435
2020-01-02 00:00:00,1.1732276774471435
2020-01-03 00:00:00,1.1732276774471435
2020-01-06 00:00:00,1.1732276774471435
2020-01-07 00:00:00,1.1732276774471435
2020-01-08 00:00:00,1.1732276774471435
2020-01-09 00:00:00,1.1732276774471435
2020-01-10 00:00:00,1.1732276774471435
2020-01-13 00:00:00,1.1732276774471435
2020-01-14 00:00:00,1.1732276774471435
2020-01-15 00:00:00,1.1732276774471435
2020-01-16 00:00:00,1.1732276774471435
2020-01-17 00:00:00,1.1732276774471435
2020-01-21 00:00:00,1.1732276774471435
2020-01-22 00:00:00,1.1732276774471435
2020-01-23 00:00:00,1.1732276774471435
2020-01-24 00:00:00,1.1732276774471435
2020-01-27 00:00:00,1.1732276774471435
2020-01-28 00:00:00,1.1732276774471435
2020-01-29 00:00:00,1.1732276774471435
2020-01-30 00:00:00,1.1732276774471435
2020-01-31 00:00:00,1.1732276774471435
2020-02-03 00:00:00,1.1732276774471435
2020-02-04 00:00:00,1.1732276774471435
2020-02-05 00:00:00,1.1732276774471435
2020-02-06 00:00:00,1.1732276774471435
2020-02-07 00:00:00,1.1732276774471435
2020-02-10 00:00:00,1.1732276774471435
2020-02-11 00:00:00,1.1732276774471435
2020-02-12 00:00:00,1.1732276774471435
2020-02-13 00:00:00,1.1732276774471435
2020-02-14 00:00:00,1.1732276774471435
2020-02-18 00:00:00,1.1732276774471435
2020-02-19 00:00:00,1.1732276774471435
2020-02-20 00:00:00,1.1732276774471435
2020-02-21 00:00:00,1.1732276774471435
2020-02-24 00:00:00,1.1732276774471435
2020-02-25 00:00:00,1.1732276774471435
2020-02-26 00:00:00,1.1732276774471435
2020-02-27 00:00:00,1.1732276774471435
2020-02-28 00:00:00,1.1732276774471435
2020-03-02 00:00:00,1.1732276774471435
2020-03-03 00:00:00,1.1732276774471435
2020-03-04 00:00:00,1.1732276774471435
2020-03-05 00:00:00,1.1732276774471435
2020-03-06 00:00:00,1.1732276774471435
2020-03-09 00:00:00,1.1732276774471435
2020-03-10 00:00:00,1.1732276774471435
2020-03-11 00:00:00,1.1732276774471435
2020-03-12 00:00:00,1.1732276774471435
2020-03-13 00:00:00,1.1732276774471435
2020-03-16 00:00:00,1.1732276774471435
2020-03-17 00:00:00,1.1732276774471435
2020-03-18 00:00:00,1.1732276774471435
2020-03-19 00:00:00,1.1732276774471435
2020-03-20 00:00:00,1.1732276774471435
2020-03-23 00:00:00,1.1732276774471435
2020-03-24 00:00:00,1.1732276774471435
2020-03-25 00:00:00,1.1732276774471435
2020-03-26 00:00:00,1.1732276774471435
2020-03-27 00:00:00,1.1732276774471435
2020-03-30 00:00:00,1.1732276774471435
2020-03-31 00:00:00,1.1732276774471435
2020-04-01 00:00:00,1.1732276774471435
2020-04-02 00:00:00,1.1732276774471435
2020-04-03 00:00:00,1.1732276774471435
2020-04-06 00:00:00,1.1732276774471435
2020-04-07 00:00:00,1.1732276774471435
2020-04-08 00:00:00,1.1732276774471435
2020-04-09 00:00:00,1.1732276774471435
2020-04-10 00:00:00,1.1732276774471435
2020-04-13 00:00:00,1.1732276774471435
2020-04-14 00:00:00,1.1732276774471435
2020-04-15 00:00:00,1.1732276774471435
2020-04-16 00:00:00,1.1732276774471435
2020-04-17 00:00:00,1.1732276774471435
2020-04-20 00:00:00,1.1732276774471435
2020-04-21 00:00:00,1.1732276774471435
2020-04-22 00:00:00,1.1732276774471435
2020-04-23 00:00:00,1.1732276774471435
2020-04-24 00:00:00,1.1732276774471435
2020-04-27 00:00:00,1.1732276774471435
2020-04-28 00:00:00,1.1732276774471435
2020-04-29 00:00:00,1.1732276774471435
2020-04-30 00:00:00,1.1732276774471435
2020-05-01 00:00:00,1.1732276774471435
2020-05-04 00:00:00,1.1732276774471435
2020-05-05 00:00:00,1.1732276774471435
2020-05-06 00:00:00,1.1732276774471435
2020-05-07 00:00:00,1.1732276774471435
2020-05-08 00:00:00,1.1732276774471435
2020-05-11 00:00:00,1.1732276774471435
2020-05-12 00:00:00,1.1732276774471435
2020-05-13 00:00:00,1.1732276774471435
2020-05-14 00:00:00,1.1732276774471435
2020-05-15 00:00:00,1.1732276774471435
2020-05-18 00:00:00,1.1732276774471435
2020-05-19 00:00:00,1.1732276774471435
2020-05-20 00:00:00,1.1732276774471435
2020-05-21 00:00:00,1.1732276774471435
2020-05-22 00:00:00,1.1732276774471435
2020-05-26 00:00:00,1.1732276774471435
2020-05-27 00:00:00,1.1732276774471435
2020-05-28 00:00:00,1.1732276774471435
2020-05-29 00:00:00,1.1732276774471435
2020-06-01 00:00:00,1.1732276774471435
2020-06-02 00:00:00,1.1732276774471435
2020-06-03 00:00:00,1.1732276774471435
2020-06-04 00:00:00,1.1732276774471435
2020-06-05 00:00:00,1.1732276774471435
2020-06-08 00:00:00,1.1732276774471435
2020-06-09 00:00:00,1.1767575086123812
2020-06-10 00:00:00,1.1767575086123812
2020-06-11 00:00:00,1.1767575086123812
2020-06-12 00:00:00,1.1767575086123812
2020-06-15 00:00:00,1.1767575086123812
2020-06-16 00:00:00,1.1767575086123812
2020-06-17 00:00:00,1.1767575086123812
2020-06-18 00:00:00,1.1767575086123812
2020-06-19 00:00:00,1.1767575086123812
2020-06-22 00:00:00,1.1767575086123812
2020-06-23 00:00:00,1.1767575086123812
2020-06-24 00:00:00,1.1767575086123812
2020-06-25 00:00:00,1.1767575086123812
2020-06-26 00:00:00,1.1767575086123812
2020-06-29 00:00:00,1.1767575086123812
2020-06-30 00:00:00,1.1767575086123812
2020-07-01 00:00:00,1.1767575086123812
2020-07-02 00:00:00,1.1767575086123812
2020-07-06 00:00:00,1.1767575086123812
2020-07-07 00:00:00,1.1767575086123812
2020-07-08 00:00:00,1.1767575086123812
2020-07-09 00:00:00,1.1767575086123812
2020-07-10 00:00:00,1.1767575086123812
2020-07-13 00:00:00,1.1767575086123812
2020-07-14 00:00:00,1.1767575086123812
2020-07-15 00:00:00,1.1767575086123812
2020-07-16 00:00:00,1.1767575086123812
2020-07-17 00:00:00,1.1767575086123812
2020-07-20 00:00:00,1.1767575086123812
2020-07-21 00:00:00,1.1767575086123812
2020-07-22 00:00:00,1.1767575086123812
2020-07-23 00:00:00,1.1767575086123812
2020-07-24 00:00:00,1.1767575086123812
2020-07-27 00:00:00,1.1767575086123812
2020-07-28 00:00:00,1.1767575086123812
2020-07-29 00:00:00,1.1767575086123812
2020-07-30 00:00:00,1.1767575086123812
2020-07-31 00:00:00,1.1767575086123812
2020-08-03 00:00:00,1.1767575086123812
2020-08-04 00:00:00,1.1767575086123812
2020-08-05 00:00:00,1.1767575086123812
2020-08-06 00:00:00,1.1767575086123812
2020-08-07 00:00:00,1.1767575086123812
2020-08-10 00:00:00,1.1767575086123812
2020-08-11 00:00:00,1.1767575086123812
2020-08-12 00:00:00,1.1767575086123812
2020-08-13 00:00:00,1.1767575086123812
2020-08-14 00:00:00,1.1767575086123812
2020-08-17 00:00:00,1.1767575086123812
2020-08-18 00:00:00,1.1767575086123812
2020-08-19 00:00:00,1.1767575086123812
2020-08-20 00:00:00,1.1767575086123812
2020-08-21 00:00:00,1.1767575086123812
2020-08-24 00:00:00,1.1767575086123812
2020-08-25 00:00:00,1.1767575086123812
2020-08-26 00:00:00,1.1767575086123812
2020-08-27 00:00:00,1.1767575086123812
2020-08-28 00:00:00,1.1767575086123812
2020-08-31 00:00:00,1.1767575086123812
2020-09-01 00:00:00,1.1767575086123812
2020-09-02 00:00:00,1.1767575086123812
2020-09-03 00:00:00,1.1767575086123812
2020-09-04 00:00:00,1.1767575086123812
2020-09-08 00:00:00,1.1767575086123812
2020-09-09 00:00:00,1.1767575086123812
2020-09-10 00:00:00,1.1767575086123812
2020-09-11 00:00:00,1.1767575086123812
2020-09-14 00:00:00,1.1767575086123812
2020-09-15 00:00:00,1.1767575086123812
2020-09-16 00:00:00,1.1767575086123812
2020-09-17 00:00:00,1.1767575086123812
2020-09-18 00:00:00,1.1767575086123812
2020-09-21 00:00:00,1.1767575086123812
2020-09-22 00:00:00,1.1767575086123812
2020-09-23 00:00:00,1.1767575086123812
2020-09-24 00:00:00,1.1767575086123812
2020-09-25 00:00:00,1.1767575086123812
2020-09-28 00:00:00,1.1767575086123812
2020-09-29 00:00:00,1.1767575086123812
2020-09-30 00:00:00,1.1767575086123812
2020-10-01 00:00:00,1.1767575086123812
2020-10-02 00:00:00,1.1767575086123812
2020-10-05 00:00:00,1.1767575086123812
2020-10-06 00:00:00,1.1767575086123812
2020-10-07 00:00:00,1.1767575086123812
2020-10-08 00:00:00,1.1767575086123812
2020-10-09 00:00:00,1.1767575086123812
2020-10-13 00:00:00,1.1767575086123812
2020-10-14 00:00:00,1.1767575086123812
2020-10-15 00:00:00,1.1767575086123812
2020-10-16 00:00:00,1.1767575086123812
2020-10-19 00:00:00,1.1767575086123812
2020-10-20 00:00:00,1.1767575086123812
2020-10-21 00:00:00,1.1767575086123812
2020-10-22 00:00:00,1.1767575086123812
2020-10-23 00:00:00,1.1767575086123812
2020-10-26 00:00:00,1.1767575086123812
2020-10-27 00:00:00,1.1767575086123812
2020-10-28 00:00:00,1.1767575086123812
2020-10-29 00:00:00,1.1767575086123812
2020-10-30 00:00:00,1.1767575086123812
2020-11-02 00:00:00,1.1767575086123812
2020-11-03 00:00:00,1.1767575086123812
2020-11-04 00:00:00,1.1767575086123812
2020-11-05 00:00:00,1.1767575086123812
2020-11-06 00:00:00,1.1767575086123812
2020-11-09 00:00:00,1.1767575086123812
2020-11-10 00:00:00,1.1767575086123812
2020-11-12 00:00:00,1.1767575086123812
2020-11-13 00:00:00,1.1767575086123812
2020-11-16 00:00:00,1.1767575086123812
2020-11-17 00:00:00,1.1767575086123812
2020-11-18 00:00:00,1.1767575086123812
2020-11-19 00:00:00,1.1767575086123812
2020-11-20 00:00:00,1.1767575086123812
2020-11-23 00:00:00,1.1767575086123812
2020-11-24 00:00:00,1.1767575086123812
2020-11-25 00:00:00,1.1767575086123812
2020-11-30 00:00:00,1.1767575086123812
2020-12-01 00:00:00,1.1767575086123812
2020-12-02 00:00:00,1.1767575086123812
2020-12-03 00:00:00,1.1767575086123812
2020-12-04 00:00:00,1.1767575086123812
2020-12-07 00:00:00,1.1767575086123812
2020-12-08 00:00:00,1.1767575086123812
2020-12-09 00:00:00,1.1767575086123812
2020-12-10 00:00:00,1.1767575086123812
2020-12-11 00:00:00,1.1767575086123812
2020-12-14 00:00:00,1.1767575086123812
2020-12-15 00:00:00,1.1767575086123812
2020-12-16 00:00:00,1.1767575086123812
2020-12-17 00:00:00,1.1767575086123812
2020-12-18 00:00:00,1.1767575086123812
2020-12-21 00:00:00,1.1767575086123812
2020-12-22 00:00:00,1.1767575086123812
2020-12-23 00:00:00,1.1767575086123812
2020-12-28 00:00:00,1.1767575086123812
2020-12-29 00:00:00,1.1767575086123812
2020-12-30 00:00:00,1.1767575086123812
2020-12-31 00:00:00,1.1767575086123812
2021-01-04 00:00:00,1.1767575086123812
2021-01-05 00:00:00,1.1767575086123812
2021-01-06 00:00:00,1.1767575086123812
2021-01-07 00:00:00,1.1767575086123812
2021-01-08 00:00:00,1.1767575086123812
2021-01-11 00:00:00,1.1767575086123812
2021-01-12 00:00:00,1.1767575086123812
2021-01-13 00:00:00,1.1767575086123812
2021-01-14 00:00:00,1.1767575086123812
2021-01-15 00:00:00,1.1767575086123812
2021-01-19 00:00:00,1.1767575086123812
2021-01-21 00:00:00,1.1767575086123812
2021-01-22 00:00:00,1.1767575086123812
2021-01-25 00:00:00,1.1767575086123812
2021-01-26 00:00:00,1.1767575086123812
2021-01-27 00:00:00,1.1767575086123812
2021-01-28 00:00:00,1.1767575086123812
2021-01-29 00:00:00,1.1767575086123812
2021-02-01 00:00:00,1.1767575086123812
2021-02-02 00:00:00,1.1767575086123812
2021-02-03 00:00:00,1.1767575086123812
2021-02-04 00:00:00,1.1767575086123812
2021-02-05 00:00:00,1.1767575086123812
2021-02-08 00:00:00,1.1767575086123812
2021-02-09 00:00:00,1.1767575086123812
2021-02-10 00:00:00,1.1767575086123812
2021-02-11 00:00:00,1.1767575086123812
2021-02-12 00:00:00,1.1767575086123812
2021-02-16 00:00:00,1.1767575086123812
2021-02-17 00:00:00,1.1767575086123812
2021-02-18 00:00:00,1.1767575086123812
2021-02-19 00:00:00,1.1767575086123812
2021-02-22 00:00:00,1.1767575086123812
2021-02-23 00:00:00,1.1767575086123812
2021-02-24 00:00:00,1.1767575086123812
2021-02-25 00:00:00,1.1767575086123812
2021-02-26 00:00:00,1.1767575086123812
2021-03-01 00:00:00,1.1767575086123812
2021-03-02 00:00:00,1.1767575086123812
2021-03-03 00:00:00,1.1767575086123812
2021-03-04 00:00:00,1.1767575086123812
2021-03-05 00:00:00,1.1767575086123812
2021-03-08 00:00:00,1.1767575086123812
2021-03-09 00:00:00,1.1767575086123812
2021-03-10 00:00:00,1.1767575086123812
2021-03-11 00:00:00,1.1767575086123812
2021-03-12 00:00:00,1.1767575086123812
2021-03-15 00:00:00,1.1767575086123812
2021-03-16 00:00:00,1.1767575086123812
2021-03-17 00:00:00,1.1767575086123812
2021-03-18 00:00:00,1.1767575086123812
2021-03-19 00:00:00,1.1767575086123812
2021-03-22 00:00:00,1.1767575086123812
2021-03-23 00:00:00,1.1767575086123812
2021-03-24 00:00:00,1.1767575086123812
2021-03-25 00:00:00,1.1767575086123812
2021-03-26 00:00:00,1.1767575086123812
2021-03-29 00:00:00,1.1767575086123812
2021-03-30 00:00:00,1.1767575086123812
2021-03-31 00:00:00,1.1767575086123812
2021-04-01 00:00:00,1.1767575086123812
2021-04-02 00:00:00,1.1767575086123812
2021-04-05 00:00:00,1.1767575086123812
2021-04-06 00:00:00,1.1767575086123812
2021-04-07 00:00:00,1.1767575086123812
2021-04-08 00:00:00,1.1767575086123812
2021-04-09 00:00:00,1.1767575086123812
2021-04-12 00:00:00,1.1767575086123812
2021-04-13 00:00:00,1.1767575086123812
2021-04-14 00:00:00,1.1767575086123812
2021-04-15 00:00:00,1.1767575086123812
2021-04-16 00:00:00,1.1767575086123812
2021-04-19 00:00:00,1.1767575086123812
2021-04-20 00:00:00,1.1767575086123812
2021-04-21 00:00:00,1.175155330707427
2021-04-22 00:00:00,1.1676346654589957
2021-04-23 00:00:00,1.1676346654589957
2021-04-26 00:00:00,1.1676346654589957
2021-04-27 00:00:00,1.1676346654589957
2021-04-28 00:00:00,1.1676346654589957
2021-04-29 00:00:00,1.1676346654589957
2021-04-30 00:00:00,1.1676346654589957
2021-05-03 00:00:00,1.1676346654589957
2021-05-04 00:00:00,1.1676346654589957
2021-05-05 00:00:00,1.1676346654589957
2021-05-06 00:00:00,1.1676346654589957
2021-05-07 00:00:00,1.1676346654589957
2021-05-10 00:00:00,1.1676346654589957
2021-05-11 00:00:00,1.1676346654589957
2021-05-12 00:00:00,1.1676346654589957
2021-05-13 00:00:00,1.1676346654589957
2021-05-14 00:00:00,1.1676346654589957
2021-05-17 00:00:00,1.1676346654589957
2021-05-18 00:00:00,1.1676346654589957
2021-05-19 00:00:00,1.1676346654589957
2021-05-20 00:00:00,1.1676346654589957
2021-05-21 00:00:00,1.1676346654589957
2021-05-24 00:00:00,1.1676346654589957
2021-05-25 00:00:00,1.1676346654589957
2021-05-26 00:00:00,1.1676346654589957
2021-05-27 00:00:00,1.1676346654589957
2021-05-28 00:00:00,1.1676346654589957
2021-06-01 00:00:00,1.1676346654589957
2021-06-02 00:00:00,1.1676346654589957
2021-06-03 00:00:00,1.1676346654589957
2021-06-04 00:00:00,1.1676346654589957
2021-06-07 00:00:00,1.1676346654589957
2021-06-08 00:00:00,1.1676346654589957
2021-06-09 00:00:00,1.1676346654589957
2021-06-10 00:00:00,1.1676346654589957
2021-06-11 00:00:00,1.1676346654589957
2021-06-14 00:00:00,1.1676346654589957
2021-06-15 00:00:00,1.1676346654589957
2021-06-16 00:00:00,1.1676346654589957
2021-06-17 00:00:00,1.1676346654589957
2021-06-18 00:00:00,1.1676346654589957
2021-06-21 00:00:00,1.1676346654589957
2021-06-22 00:00:00,1.1676346654589957
2021-06-23 00:00:00,1.1676346654589957
2021-06-24 00:00:00,1.1676346654589957
2021-06-25 00:00:00,1.1676346654589957
2021-06-28 00:00:00,1.1676346654589957
2021-06-29 00:00:00,1.1676346654589957
2021-06-30 00:00:00,1.1676346654589957
2021-07-01 00:00:00,1.1676346654589957
2021-07-02 00:00:00,1.1676346654589957
2021-07-06 00:00:00,1.1676346654589957
2021-07-07 00:00:00,1.1676346654589957
2021-07-08 00:00:00,1.1676346654589957
2021-07-09 00:00:00,1.1676346654589957
2021-07-12 00:00:00,1.1676346654589957
2021-07-13 00:00:00,1.1676346654589957
2021-07-14 00:00:00,1.1676346654589957
2021-07-15 00:00:00,1.1676346654589957
2021-07-16 00:00:00,1.1676346654589957
2021-07-19 00:00:00,1.1676346654589957
2021-07-20 00:00:00,1.1676346654589957
2021-07-21 00:00:00,1.1676346654589957
2021-07-22 00:00:00,1.1676346654589957
2021-07-23 00:00:00,1.1676346654589957
2021-07-26 00:00:00,1.1676346654589957
2021-07-27 00:00:00,1.1676346654589957
2021-07-28 00:00:00,1.1676346654589957
2021-07-29 00:00:00,1.1676346654589957
2021-07-30 00:00:00,1.1676346654589957
2021-08-02 00:00:00,1.1676346654589957
2021-08-03 00:00:00,1.1676346654589957
2021-08-04 00:00:00,1.1676346654589957
2021-08-05 00:00:00,1.1676346654589957
2021-08-06 00:00:00,1.1676346654589957
2021-08-09 00:00:00,1.1676346654589957
2021-08-10 00:00:00,1.1676346654589957
2021-08-11 00:00:00,1.1676346654589957
2021-08-12 00:00:00,1.1676346654589957
2021-08-13 00:00:00,1.1676346654589957
2021-08-16 00:00:00,1.1676346654589957
2021-08-17 00:00:00,1.1676346654589957
2021-08-18 00:00:00,1.1676346654589957
2021-08-19 00:00:00,1.1676346654589957
2021-08-20 00:00:00,1.1676346654589957
2021-08-23 00:00:00,1.1676346654589957
2021-08-24 00:00:00,1.1676346654589957
2021-08-25 00:00:00,1.1676346654589957
2021-08-26 00:00:00,1.1676346654589957
2021-08-27 00:00:00,1.1676346654589957
2021-08-30 00:00:00,1.1676346654589957
2021-08-31 00:00:00,1.1676346654589957
2021-09-01 00:00:00,1.1676346654589957
2021-09-02 00:00:00,1.1676346654589957
2021-09-03 00:00:00,1.1676346654589957
2021-09-07 00:00:00,1.1676346654589957
2021-09-08 00:00:00,1.1676346654589957
2021-09-09 00:00:00,1.1676346654589957
2021-09-10 00:00:00,1.1676346654589957
2021-09-13 00:00:00,1.1676346654589957
2021-09-14 00:00:00,1.1676346654589957
2021-09-15 00:00:00,1.1676346654589957
2021-09-16 00:00:00,1.1676346654589957
2021-09-17 00:00:00,1.1676346654589957
2021-09-20 00:00:00,1.1676346654589957
2021-09-21 00:00:00,1.1676346654589957
2021-09-22 00:00:00,1.1676346654589957
2021-09-23 00:00:00,1.1676346654589957
2021-09-24 00:00:00,1.1676346654589957
2021-09-27 00:00:00,1.1676346654589957
2021-09-28 00:00:00,1.1676346654589957
2021-09-29 00:00:00,1.1676346654589957
2021-09-30 00:00:00,1.1676346654589957
2021-10-01 00:00:00,1.1676346654589957
2021-10-04 00:00:00,1.1676346654589957
2021-10-05 00:00:00,1.1676346654589957
2021-10-06 00:00:00,1.1676346654589957
2021-10-07 00:00:00,1.1676346654589957
2021-10-08 00:00:00,1.1676346654589957
2021-10-12 00:00:00,1.1676346654589957
2021-10-13 00:00:00,1.1676346654589957
2021-10-14 00:00:00,1.1676346654589957
2021-10-15 00:00:00,1.1676346654589957
2021-10-18 00:00:00,1.1676346654589957
2021-10-19 00:00:00,1.1676346654589957
2021-10-20 00:00:00,1.1676346654589957
2021-10-21 00:00:00,1.1676346654589957
2021-10-22 00:00:00,1.1676346654589957
2021-10-25 00:00:00,1.1676346654589957
2021-10-26 00:00:00,1.1676346654589957
2021-10-27 00:00:00,1.1644865284168844
2021-10-28 00:00:00,1.1644865284168844
2021-10-29 00:00:00,1.1644865284168844
2021-11-01 00:00:00,1.1644865284168844
2021-11-02 00:00:00,1.1644865284168844
2021-11-03 00:00:00,1.1644865284168844
2021-11-04 00:00:00,1.1644865284168844
2021-11-05 00:00:00,1.1644865284168844
2021-11-08 00:00:00,1.1644865284168844
2021-11-09 00:00:00,1.1644865284168844
2021-11-10 00:00:00,1.1644865284168844
2021-11-12 00:00:00,1.1644865284168844
2021-11-15 00:00:00,1.1644865284168844
2021-11-16 00:00:00,1.1644865284168844
2021-11-17 00:00:00,1.1644865284168844
2021-11-18 00:00:00,1.1644865284168844
2021-11-19 00:00:00,1.1644865284168844
2021-11-22 00:00:00,1.1644865284168844
2021-11-23 00:00:00,1.1644865284168844
2021-11-24 00:00:00,1.1644865284168844
2021-11-26 00:00:00,1.1644865284168844
2021-11-29 00:00:00,1.1644865284168844
2021-11-30 00:00:00,1.1644865284168844
2021-12-01 00:00:00,1.1644865284168844
2021-12-02 00:00:00,1.1644865284168844
2021-12-03 00:00:00,1.1644865284168844
2021-12-06 00:00:00,1.1644865284168844
2021-12-07 00:00:00,1.1644865284168844
2021-12-08 00:00:00,1.1644865284168844
2021-12-09 00:00:00,1.1644865284168844
2021-12-10 00:00:00,1.1644865284168844
2021-12-13 00:00:00,1.1644865284168844
2021-12-14 00:00:00,1.1644865284168844
2021-12-15 00:00:00,1.1644865284168844
2021-12-16 00:00:00,1.1644865284168844
2021-12-17 00:00:00,1.1644865284168844
2021-12-20 00:00:00,1.1644865284168844
2021-12-21 00:00:00,1.1644865284168844
2021-12-22 00:00:00,1.1644865284168844
2021-12-23 00:00:00,1.1644865284168844
2021-12-27 00:00:00,1.1644865284168844
2021-12-28 00:00:00,1.1644865284168844
2021-12-29 00:00:00,1.1644865284168844
2021-12-30 00:00:00,1.1644865284168844
2022-01-03 00:00:00,1.1644865284168844
2022-01-04 00:00:00,1.1644865284168844
2022-01-05 00:00:00,1.1644865284168844
2022-01-06 00:00:00,1.1644865284168844
2022-01-07 00:00:00,1.1644865284168844
2022-01-10 00:00:00,1.1644865284168844
2022-01-11 00:00:00,1.1644865284168844
2022-01-12 00:00:00,1.1706340974605383
2022-01-13 00:00:00,1.1706340974605383
2022-01-14 00:00:00,1.1706340974605383
2022-01-18 00:00:00,1.1706340974605383
2022-01-19 00:00:00,1.1706340974605383
2022-01-20 00:00:00,1.1706340974605383
2022-01-21 00:00:00,1.1706340974605383
2022-01-24 00:00:00,1.1706340974605383
2022-01-25 00:00:00,1.1706340974605383
2022-01-26 00:00:00,1.1706340974605383
2022-01-27 00:00:00,1.1706340974605383
2022-01-28 00:00:00,1.1706340974605383
2022-01-31 00:00:00,1.1706340974605383
2022-02-01 00:00:00,1.1706340974605383
2022-02-02 00:00:00,1.1706340974605383
2022-02-03 00:00:00,1.1706340974605383
2022-02-04 00:00:00,1.1706340974605383
2022-02-07 00:00:00,1.1706340974605383
2022-02-08 00:00:00,1.1706340974605383
2022-02-09 00:00:00,1.1692463363067482
2022-02-10 00:00:00,1.1692463363067482
2022-02-11 00:00:00,1.1692463363067482
2022-02-14 00:00:00,1.1692463363067482
2022-02-15 00:00:00,1.1692463363067482
2022-02-16 00:00:00,1.1692463363067482
2022-02-17 00:00:00,1.1692463363067482
2022-02-18 00:00:00,1.1692463363067482
2022-02-22 00:00:00,1.1692463363067482
2022-02-23 00:00:00,1.1692463363067482
2022-02-24 00:00:00,1.1692463363067482
2022-02-25 00:00:00,1.1692463363067482
2022-02-28 00:00:00,1.1692463363067482
2022-03-01 00:00:00,1.1692463363067482
2022-03-02 00:00:00,1.1692463363067482
2022-03-03 00:00:00,1.1692463363067482
2022-03-04 00:00:00,1.1692463363067482
2022-03-07 00:00:00,1.1692463363067482
2022-03-08 00:00:00,1.1692463363067482
2022-03-09 00:00:00,1.1692463363067482
2022-03-10 00:00:00,1.1692463363067482
2022-03-11 00:00:00,1.1692463363067482
2022-03-14 00:00:00,1.1692463363067482
2022-03-15 00:00:00,1.1692463363067482
2022-03-16 00:00:00,1.1692463363067482
2022-03-17 00:00:00,1.1692463363067482
2022-03-18 00:00:00,1.1692463363067482
2022-03-21 00:00:00,1.1692463363067482
2022-03-22 00:00:00,1.1692463363067482
2022-03-23 00:00:00,1.1692463363067482
2022-03-24 00:00:00,1.1692463363067482
2022-03-25 00:00:00,1.1692463363067482
2022-03-28 00:00:00,1.1692463363067482
2022-03-29 00:00:00,1.1692463363067482
2022-03-30 00:00:00,1.1692463363067482
2022-03-31 00:00:00,1.1692463363067482
2022-04-01 00:00:00,1.1692463363067482
2022-04-04 00:00:00,1.1692463363067482
2022-04-05 00:00:00,1.1692463363067482
2022-04-06 00:00:00,1.1692463363067482
2022-04-07 00:00:00,1.1692463363067482
2022-04-08 00:00:00,1.1692463363067482
2022-04-11 00:00:00,1.1692463363067482
2022-04-12 00:00:00,1.1692463363067482
2022-04-13 00:00:00,1.1692463363067482
2022-04-14 00:00:00,1.1692463363067482
2022-04-15 00:00:00,1.1692463363067482
2022-04-18 00:00:00,1.1692463363067482
2022-04-19 00:00:00,1.1692463363067482
2022-04-20 00:00:00,1.1692463363067482
2022-04-21 00:00:00,1.1692463363067482
2022-04-22 00:00:00,1.1692463363067482
2022-04-25 00:00:00,1.1692463363067482
2022-04-26 00:00:00,1.1692463363067482
2022-04-27 00:00:00,1.1692463363067482
2022-04-28 00:00:00,1.1692463363067482
2022-04-29 00:00:00,1.1692463363067482
2022-05-02 00:00:00,1.1692463363067482
2022-05-03 00:00:00,1.1692463363067482
2022-05-04 00:00:00,1.1692463363067482
2022-05-05 00:00:00,1.1692463363067482
2022-05-06 00:00:00,1.1692463363067482
2022-05-09 00:00:00,1.1692463363067482
2022-05-10 00:00:00,1.1692463363067482
2022-05-11 00:00:00,1.1692463363067482
2022-05-12 00:00:00,1.1692463363067482
2022-05-13 00:00:00,1.1692463363067482
2022-05-16 00:00:00,1.1692463363067482
2022-05-17 00:00:00,1.1692463363067482
2022-05-18 00:00:00,1.1692463363067482
2022-05-19 00:00:00,1.1692463363067482
2022-05-20 00:00:00,1.1692463363067482
2022-05-23 00:00:00,1.1692463363067482
2022-05-24 00:00:00,1.1692463363067482
2022-05-25 00:00:00,1.1692463363067482
2022-05-26 00:00:00,1.1692463363067482
2022-05-27 00:00:00,1.1692463363067482
2022-05-31 00:00:00,1.1692463363067482
2022-06-01 00:00:00,1.1692463363067482
2022-06-02 00:00:00,1.1692463363067482
2022-06-03 00:00:00,1.1692463363067482
2022-06-06 00:00:00,1.1692463363067482
2022-06-07 00:00:00,1.1692463363067482
2022-06-08 00:00:00,1.1692463363067482
2022-06-09 00:00:00,1.1692463363067482
2022-06-10 00:00:00,1.1692463363067482
2022-06-13 00:00:00,1.1692463363067482
2022-06-14 00:00:00,1.1692463363067482
2022-06-15 00:00:00,1.1692463363067482
2022-06-16 00:00:00,1.1692463363067482
2022-06-17 00:00:00,1.1692463363067482
2022-06-21 00:00:00,1.1692463363067482
2022-06-22 00:00:00,1.1692463363067482
2022-06-23 00:00:00,1.1692463363067482
2022-06-24 00:00:00,1.1692463363067482
2022-06-27 00:00:00,1.1692463363067482
2022-06-28 00:00:00,1.1692463363067482
2022-06-29 00:00:00,1.1692463363067482
2022-06-30 00:00:00,1.1692463363067482
2022-07-01 00:00:00,1.1692463363067482
2022-07-05 00:00:00,1.1692463363067482
2022-07-06 00:00:00,1.1692463363067482
2022-07-07 00:00:00,1.1692463363067482
2022-07-08 00:00:00,1.1692463363067482
2022-07-11 00:00:00,1.1692463363067482
2022-07-12 00:00:00,1.1692463363067482
2022-07-13 00:00:00,1.1692463363067482
2022-07-14 00:00:00,1.1692463363067482
2022-07-15 00:00:00,1.1692463363067482
2022-07-18 00:00:00,1.1692463363067482
2022-07-19 00:00:00,1.1692463363067482
2022-07-20 00:00:00,1.1692463363067482
2022-07-21 00:00:00,1.1692463363067482
2022-07-22 00:00:00,1.1692463363067482
2022-07-25 00:00:00,1.1692463363067482
2022-07-26 00:00:00,1.1692463363067482
2022-07-27 00:00:00,1.1692463363067482
2022-07-28 00:00:00,1.1692463363067482
2022-07-29 00:00:00,1.1692463363067482
2022-08-01 00:00:00,1.1692463363067482
2022-08-02 00:00:00,1.1692463363067482
2022-08-03 00:00:00,1.1692463363067482
2022-08-04 00:00:00,1.1692463363067482
2022-08-05 00:00:00,1.1692463363067482
2022-08-08 00:00:00,1.1692463363067482
2022-08-09 00:00:00,1.1692463363067482
2022-08-10 00:00:00,1.1692463363067482
2022-08-11 00:00:00,1.1692463363067482
2022-08-12 00:00:00,1.1692463363067482
2022-08-15 00:00:00,1.1692463363067482
2022-08-16 00:00:00,1.1692463363067482
2022-08-17 00:00:00,1.1692463363067482
2022-08-18 00:00:00,1.1692463363067482
2022-08-19 00:00:00,1.1692463363067482
2022-08-22 00:00:00,1.1692463363067482
2022-08-23 00:00:00,1.1692463363067482
2022-08-24 00:00:00,1.1692463363067482
2022-08-25 00:00:00,1.1692463363067482
2022-08-26 00:00:00,1.1692463363067482
2022-08-29 00:00:00,1.1692463363067482
2022-08-30 00:00:00,1.1692463363067482
2022-08-31 00:00:00,1.1692463363067482
2022-09-01 00:00:00,1.1692463363067482
2022-09-02 00:00:00,1.1692463363067482
2022-09-06 00:00:00,1.1692463363067482
2022-09-07 00:00:00,1.1692463363067482
2022-09-08 00:00:00,1.1692463363067482
2022-09-09 00:00:00,1.1692463363067482
2022-09-12 00:00:00,1.1692463363067482
2022-09-13 00:00:00,1.1692463363067482
2022-09-14 00:00:00,1.1692463363067482
2022-09-15 00:00:00,1.1692463363067482
2022-09-16 00:00:00,1.1692463363067482
2022-09-19 00:00:00,1.1692463363067482
2022-09-20 00:00:00,1.1692463363067482
2022-09-21 00:00:00,1.1692463363067482
2022-09-22 00:00:00,1.1692463363067482
2022-09-23 00:00:00,1.1692463363067482
2022-09-26 00:00:00,1.1692463363067482
2022-09-27 00:00:00,1.1692463363067482
2022-09-28 00:00:00,1.1692463363067482
2022-09-29 00:00:00,1.1692463363067482
2022-09-30 00:00:00,1.1692463363067482
2022-10-03 00:00:00,1.1692463363067482
2022-10-04 00:00:00,1.1692463363067482
2022-10-05 00:00:00,1.1692463363067482
2022-10-06 00:00:00,1.1692463363067482
2022-10-07 00:00:00,1.1692463363067482
2022-10-11 00:00:00,1.1692463363067482
2022-10-12 00:00:00,1.1692463363067482
2022-10-13 00:00:00,1.1692463363067482
2022-10-14 00:00:00,1.1692463363067482
2022-10-17 00:00:00,1.1692463363067482
2022-10-18 00:00:00,1.1692463363067482
2022-10-19 00:00:00,1.1692463363067482
2022-10-20 00:00:00,1.1692463363067482
2022-10-21 00:00:00,1.1692463363067482
2022-10-24 00:00:00,1.1692463363067482
2022-10-25 00:00:00,1.1692463363067482
2022-10-26 00:00:00,1.1692463363067482
2022-10-27 00:00:00,1.1692463363067482
2022-10-28 00:00:00,1.1692463363067482
2022-10-31 00:00:00,1.1692463363067482
2022-11-01 00:00:00,1.1692463363067482
2022-11-02 00:00:00,1.1692463363067482
2022-11-03 00:00:00,1.1692463363067482
2022-11-04 00:00:00,1.1692463363067482
2022-11-07 00:00:00,1.1692463363067482
2022-11-08 00:00:00,1.1692463363067482
2022-11-09 00:00:00,1.1692463363067482
2022-11-10 00:00:00,1.1692463363067482
2022-11-14 00:00:00,1.1692463363067482
2022-11-15 00:00:00,1.1692463363067482
2022-11-16 00:00:00,1.1692463363067482
2022-11-17 00:00:00,1.1692463363067482
2022-11-18 00:00:00,1.177804483017743
2022-11-21 00:00:00,1.177804483017743
2022-11-22 00:00:00,1.177804483017743
2022-11-23 00:00:00,1.177804483017743
2022-11-25 00:00:00,1.177804483017743
2022-11-28 00:00:00,1.177804483017743
2022-11-29 00:00:00,1.177804483017743
2022-11-30 00:00:00,1.177804483017743
2022-12-01 00:00:00,1.177804483017743
2022-12-02 00:00:00,1.177804483017743
2022-12-05 00:00:00,1.177804483017743
2022-12-06 00:00:00,1.177804483017743
2022-12-07 00:00:00,1.177804483017743
2022-12-08 00:00:00,1.177804483017743
2022-12-09 00:00:00,1.177804483017743
2022-12-12 00:00:00,1.177804483017743
2022-12-13 00:00:00,1.177804483017743
2022-12-14 00:00:00,1.177804483017743
2022-12-15 00:00:00,1.177804483017743
2022-12-16 00:00:00,1.177804483017743
2022-12-19 00:00:00,1.177804483017743
2022-12-20 00:00:00,1.177804483017743
2022-12-21 00:00:00,1.177804483017743
2022-12-22 00:00:00,1.177804483017743
2022-12-23 00:00:00,1.177804483017743
2022-12-27 00:00:00,1.177804483017743
2022-12-28 00:00:00,1.177804483017743
2022-12-29 00:00:00,1.177804483017743
2022-12-30 00:00:00,1.177804483017743
2023-01-03 00:00:00,1.177804483017743
2023-01-04 00:00:00,1.177804483017743
2023-01-05 00:00:00,1.177804483017743
2023-01-06 00:00:00,1.177804483017743
2023-01-09 00:00:00,1.177804483017743
2023-01-10 00:00:00,1.177804483017743
2023-01-11 00:00:00,1.177804483017743
2023-01-12 00:00:00,1.177804483017743
2023-01-13 00:00:00,1.177804483017743
2023-01-17 00:00:00,1.177804483017743
2023-01-18 00:00:00,1.177804483017743
2023-01-19 00:00:00,1.177804483017743
2023-01-20 00:00:00,1.177804483017743
2023-01-23 00:00:00,1.177804483017743
2023-01-24 00:00:00,1.177804483017743
2023-01-25 00:00:00,1.177804483017743
2023-01-26 00:00:00,1.177804483017743
2023-01-27 00:00:00,1.177804483017743
2023-01-30 00:00:00,1.177804483017743
2023-01-31 00:00:00,1.177804483017743
2023-02-01 00:00:00,1.177804483017743
2023-02-02 00:00:00,1.177804483017743
2023-02-03 00:00:00,1.177804483017743
2023-02-06 00:00:00,1.177804483017743
2023-02-07 00:00:00,1.177804483017743
2023-02-08 00:00:00,1.177804483017743
2023-02-09 00:00:00,1.177804483017743
2023-02-10 00:00:00,1.177804483017743
2023-02-13 00:00:00,1.177804483017743
2023-02-14 00:00:00,1.177804483017743
2023-02-15 00:00:00,1.177804483017743
2023-02-16 00:00:00,1.177804483017743
2023-02-17 00:00:00,1.177804483017743
2023-02-21 00:00:00,1.177804483017743
2023-02-22 00:00:00,1.177804483017743
2023-02-23 00:00:00,1.177804483017743
2023-02-24 00:00:00,1.177804483017743
2023-02-27 00:00:00,1.177804483017743
2023-02-28 00:00:00,1.177804483017743
2023-03-01 00:00:00,1.177804483017743
2023-03-02 00:00:00,1.177804483017743
2023-03-03 00:00:00,1.177804483017743
2023-03-06 00:00:00,1.177804483017743
2023-03-07 00:00:00,1.177804483017743
2023-03-08 00:00:00,1.177804483017743
2023-03-09 00:00:00,1.177804483017743
2023-03-10 00:00:00,1.177804483017743
2023-03-13 00:00:00,1.177804483017743
2023-03-14 00:00:00,1.177804483017743
2023-03-15 00:00:00,1.177804483017743
2023-03-16 00:00:00,1.177804483017743
2023-03-17 00:00:00,1.177804483017743
2023-03-20 00:00:00,1.177804483017743
2023-03-21 00:00:00,1.177804483017743
2023-03-22 00:00:00,1.177804483017743
2023-03-23 00:00:00,1.177804483017743
2023-03-24 00:00:00,1.168532689895464
2023-03-27 00:00:00,1.1735987211890804
2023-03-28 00:00:00,1.1796206074437563
2023-03-29 00:00:00,1.1769442135527894
2023-03-30 00:00:00,1.1822014158386176
2023-03-31 00:00:00,1.1822970013347236
2023-04-03 00:00:00,1.1855469082023264
2023-04-04 00:00:00,1.1946275303323934
2023-04-05 00:00:00,1.1918555509453201
2023-04-06 00:00:00,1.1906129394959428
2023-04-07 00:00:00,1.1873630326283398
2023-04-10 00:00:00,1.181245560877558
2023-04-11 00:00:00,1.1861204211789622
2023-04-12 00:00:00,1.1920467219375326
2023-04-13 00:00:00,1.1977818517038905
2023-04-14 00:00:00,1.18688510514781
2023-04-17 00:00:00,1.1813411463736638
2023-04-18 00:00:00,1.187076276140022
2023-04-19 00:00:00,1.189274742550459
2023-04-20 00:00:00,1.189848255527095
2023-04-21 00:00:00,1.187076276140022
2023-04-24 00:00:00,1.1907085249920488
2023-04-25 00:00:00,1.1850689807217967
2023-04-26 00:00:00,1.193480504379122
2023-04-27 00:00:00,1.1920467219375326
2023-04-28 00:00:00,1.2026567120052947
2023-05-01 00:00:00,1.1943407738440757
2023-05-02 00:00:00,1.1924290639219561
2023-05-03 00:00:00,1.1993112196415858
2023-05-04 00:00:00,1.202465541013083
2023-05-05 00:00:00,1.2091565257405006
2023-05-08 00:00:00,1.2075315723066993
2023-05-09 00:00:00,1.2060977898651097
2023-05-10 00:00:00,1.205715447880686
2023-05-11 00:00:00,1.1949142868207114
2023-05-12 00:00:00,1.1913776234647904
2023-05-15 00:00:00,1.1973039242233605
2023-05-16 00:00:00,1.1942451883479694
2023-05-17 00:00:00,1.1924290639219561
2023-05-18 00:00:00,1.1875542036205518
2023-05-19 00:00:00,1.1913776234647904
2023-05-22 00:00:00,1.1876497891166578
2023-05-23 00:00:00,1.1874586181244458
2023-05-24 00:00:00,1.1822014158386176
2023-05-25 00:00:00,1.178091239506061
2023-05-26 00:00:00,1.1797161929398623
2023-05-30 00:00:00,1.1855469082023264
2023-05-31 00:00:00,1.184877809729585
2023-06-01 00:00:00,1.1982597791844203
2023-06-02 00:00:00,1.1917599654492144
2023-06-05 00:00:00,1.1890835715582473
2023-06-06 00:00:00,1.186980690643916
2023-06-07 00:00:00,1.190135012015413
2023-06-08 00:00:00,1.1993112196415858
2023-06-09 00:00:00,1.2023699555169771
2023-06-12 00:00:00,1.1937672608674397
2023-06-13 00:00:00,1.205428691392368
2023-06-14 00:00:00,1.2135534585613752
2023-06-15 00:00:00,1.2198621013043691
2023-06-16 00:00:00,1.2249281325979857
2023-06-20 00:00:00,1.2169945364211903
2023-06-21 00:00:00,1.21747246390172
2023-06-22 00:00:00,1.2187150753510974
2023-06-23 00:00:00,1.214031386041905
2023-06-26 00:00:00,1.2162298524523423
2023-06-27 00:00:00,1.2189062463433094
2023-06-28 00:00:00,1.2079139142911233
2023-06-29 00:00:00,1.206002204369004
2023-06-30 00:00:00,1.2147960700107527
2023-07-03 00:00:00,1.2134578730652692
2023-07-05 00:00:00,1.2148916555068585
2023-07-06 00:00:00,1.2159430959640245
2023-07-07 00:00:00,1.227126599008423
2023-07-10 00:00:00,1.2270310135123168
2023-07-11 00:00:00,1.2331484852630987
2023-07-12 00:00:00,1.241942350904848
2023-07-13 00:00:00,1.2518832424998685
2023-07-14 00:00:00,1.253412610437564
2023-07-17 00:00:00,1.2500671180738552
2023-07-18 00:00:00,1.2477730661673119
2023-07-19 00:00:00,1.2328617287747807
2023-07-20 00:00:00,1.2281780394655883
2023-07-21 00:00:00,1.2286559669461183
2023-07-24 00:00:00,1.2261707440473628
2023-07-25 00:00:00,1.2307588478604496
2023-07-26 00:00:00,1.2359204646501718
2023-07-27 00:00:00,1.2301853348838137
2023-07-28 00:00:00,1.2301853348838137
2023-07-31 00:00:00,1.2289427234344363
2023-08-01 00:00:00,1.2187150753510974
2023-08-02 00:00:00,1.215082826499071
2023-08-03 00:00:00,1.2147960700107527
2023-08-04 00:00:00,1.2211047127537467
2023-08-07 00:00:00,1.2205311997771109
2023-08-08 00:00:00,1.216707779932872
2023-08-09 00:00:00,1.2153695829873885
2023-08-10 00:00:00,1.2164210234445543
2023-08-11 00:00:00,1.2133622875691634
2023-08-14 00:00:00,1.2130755310808452
2023-08-15 00:00:00,1.2182371478705676
2023-08-16 00:00:00,1.2186194898549916
2023-08-17 00:00:00,1.2190018318394154
2023-08-18 00:00:00,1.2175680493978258
2023-08-21 00:00:00,1.21747246390172
2023-08-22 00:00:00,1.217090121917296
2023-08-23 00:00:00,1.2153695829873885
2023-08-24 00:00:00,1.2076271578028053
2023-08-25 00:00:00,1.2015096860520231
2023-08-28 00:00:00,1.2036125669663544
2023-08-29 00:00:00,1.205715447880686
2023-08-30 00:00:00,1.2164210234445543
2023-08-31 00:00:00,1.210781479174302
2023-09-01 00:00:00,1.2038037379585667
2023-09-05 00:00:00,1.2027522975014007
2023-09-06 00:00:00,1.1946275303323934
2023-09-07 00:00:00,1.193384918883016
2023-09-08 00:00:00,1.1925246494180624
2023-09-11 00:00:00,1.1975906807116783
2023-09-12 00:00:00,1.1926202349141681
2023-09-13 00:00:00,1.1936716753713337
2023-09-14 00:00:00,1.1862160066750684
2023-09-15 00:00:00,1.184495467745161
2023-09-18 00:00:00,1.1855469082023264
2023-09-19 00:00:00,1.1842377118963616
2023-09-20 00:00:00,1.1842377118963616
2023-09-21 00:00:00,1.1842377118963616
2023-09-22 00:00:00,1.1842377118963616
2023-09-25 00:00:00,1.1842377118963616
2023-09-26 00:00:00,1.1842377118963616
2023-09-27 00:00:00,1.1842377118963616
2023-09-28 00:00:00,1.1842377118963616
2023-09-29 00:00:00,1.1842377118963616
2023-10-02 00:00:00,1.1842377118963616
2023-10-03 00:00:00,1.1842377118963616
2023-10-04 00:00:00,1.1842377118963616
2023-10-05 00:00:00,1.1842377118963616
2023-10-06 00:00:00,1.1842377118963616
2023-10-10 00:00:00,1.1842377118963616
2023-10-11 00:00:00,1.1842377118963616
2023-10-12 00:00:00,1.1842377118963616
2023-10-13 00:00:00,1.1842377118963616
2023-10-16 00:00:00,1.1842377118963616
2023-10-17 00:00:00,1.1842377118963616
2023-10-18 00:00:00,1.1842377118963616
2023-10-19 00:00:00,1.1842377118963616
2023-10-20 00:00:00,1.1842377118963616
2023-10-23 00:00:00,1.1842377118963616
2023-10-24 00:00:00,1.1842377118963616
2023-10-25 00:00:00,1.1842377118963616
2023-10-26 00:00:00,1.1842377118963616
2023-10-27 00:00:00,1.1842377118963616
2023-10-30 00:00:00,1.1842377118963616
2023-10-31 00:00:00,1.1842377118963616
2023-11-01 00:00:00,1.1842377118963616
2023-11-02 00:00:00,1.1842377118963616
2023-11-03 00:00:00,1.1842377118963616
2023-11-06 00:00:00,1.1842377118963616
2023-11-07 00:00:00,1.1842377118963616
2023-11-08 00:00:00,1.1842377118963616
2023-11-09 00:00:00,1.1842377118963616
2023-11-13 00:00:00,1.1842377118963616
2023-11-14 00:00:00,1.1842377118963616
2023-11-15 00:00:00,1.1842377118963616
2023-11-16 00:00:00,1.1842377118963616
2023-11-17 00:00:00,1.1842377118963616
2023-11-20 00:00:00,1.1842377118963616
2023-11-21 00:00:00,1.1842377118963616
2023-11-22 00:00:00,1.1842377118963616
2023-11-24 00:00:00,1.1842377118963616
2023-11-27 00:00:00,1.1850101965182547
2023-11-28 00:00:00,1.1850101965182547
2023-11-29 00:00:00,1.1850101965182547
2023-11-30 00:00:00,1.1850101965182547
2023-12-01 00:00:00,1.1850101965182547
2023-12-04 00:00:00,1.1850101965182547
2023-12-05 00:00:00,1.1850101965182547
2023-12-06 00:00:00,1.1850101965182547
2023-12-07 00:00:00,1.1850101965182547
2023-12-08 00:00:00,1.1850101965182547
2023-12-11 00:00:00,1.1850101965182547
2023-12-12 00:00:00,1.1850101965182547
2023-12-13 00:00:00,1.1850101965182547
2023-12-14 00:00:00,1.1850101965182547
2023-12-15 00:00:00,1.1850101965182547
2023-12-18 00:00:00,1.1850101965182547
2023-12-19 00:00:00,1.1850101965182547
2023-12-20 00:00:00,1.1850101965182547
2023-12-21 00:00:00,1.1850101965182547
2023-12-22 00:00:00,1.1850101965182547
2023-12-26 00:00:00,1.1850101965182547
2023-12-27 00:00:00,1.1850101965182547
2023-12-28 00:00:00,1.1850101965182547
2023-12-29 00:00:00,1.1850101965182547
