date,combined_equity
2003-04-14 00:00:00,1.0
2003-04-15 00:00:00,1.0
2003-04-16 00:00:00,1.0
2003-04-17 00:00:00,1.0
2003-04-21 00:00:00,1.0
2003-04-22 00:00:00,1.0
2003-04-23 00:00:00,1.0
2003-04-24 00:00:00,1.0
2003-04-25 00:00:00,1.0
2003-04-28 00:00:00,1.0
2003-04-29 00:00:00,1.0
2003-04-30 00:00:00,1.0
2003-05-01 00:00:00,1.0
2003-05-02 00:00:00,1.0
2003-05-05 00:00:00,1.0
2003-05-06 00:00:00,1.0
2003-05-07 00:00:00,1.0
2003-05-08 00:00:00,1.0
2003-05-09 00:00:00,1.0
2003-05-12 00:00:00,1.0
2003-05-13 00:00:00,1.0
2003-05-14 00:00:00,1.0
2003-05-15 00:00:00,1.0
2003-05-16 00:00:00,1.0
2003-05-19 00:00:00,1.0
2003-05-20 00:00:00,1.0
2003-05-21 00:00:00,1.0
2003-05-22 00:00:00,1.0
2003-05-23 00:00:00,1.0
2003-05-27 00:00:00,1.0
2003-05-28 00:00:00,1.0
2003-05-29 00:00:00,1.0
2003-05-30 00:00:00,1.0
2003-06-02 00:00:00,1.0
2003-06-03 00:00:00,1.0
2003-06-04 00:00:00,1.0
2003-06-05 00:00:00,1.0
2003-06-06 00:00:00,1.0
2003-06-09 00:00:00,1.0
2003-06-10 00:00:00,1.0
2003-06-11 00:00:00,1.0
2003-06-12 00:00:00,1.0
2003-06-13 00:00:00,1.0
2003-06-16 00:00:00,1.0
2003-06-17 00:00:00,1.0
2003-06-18 00:00:00,1.0
2003-06-19 00:00:00,1.0
2003-06-20 00:00:00,1.0
2003-06-23 00:00:00,1.0
2003-06-24 00:00:00,1.0
2003-06-25 00:00:00,1.0
2003-06-26 00:00:00,1.0
2003-06-27 00:00:00,1.0
2003-06-30 00:00:00,1.0
2003-07-01 00:00:00,1.0
2003-07-02 00:00:00,1.0
2003-07-03 00:00:00,1.0
2003-07-07 00:00:00,1.0
2003-07-08 00:00:00,1.0
2003-07-09 00:00:00,1.0
2003-07-10 00:00:00,1.0
2003-07-11 00:00:00,1.0
2003-07-14 00:00:00,1.0
2003-07-15 00:00:00,1.0
2003-07-16 00:00:00,1.0
2003-07-17 00:00:00,1.0
2003-07-18 00:00:00,1.0
2003-07-21 00:00:00,1.0
2003-07-22 00:00:00,1.0
2003-07-23 00:00:00,1.0
2003-07-24 00:00:00,1.0
2003-07-25 00:00:00,1.0
2003-07-28 00:00:00,1.0
2003-07-29 00:00:00,1.0
2003-07-30 00:00:00,1.0
2003-07-31 00:00:00,1.0
2003-08-01 00:00:00,1.0
2003-08-04 00:00:00,1.0
2003-08-05 00:00:00,1.0
2003-08-06 00:00:00,1.0
2003-08-07 00:00:00,1.0
2003-08-08 00:00:00,1.0
2003-08-11 00:00:00,1.0
2003-08-12 00:00:00,1.0
2003-08-13 00:00:00,1.0
2003-08-14 00:00:00,1.0
2003-08-15 00:00:00,1.0
2003-08-18 00:00:00,1.0
2003-08-19 00:00:00,1.0
2003-08-20 00:00:00,1.0
2003-08-21 00:00:00,1.0
2003-08-22 00:00:00,1.0
2003-08-25 00:00:00,1.0
2003-08-26 00:00:00,1.0
2003-08-27 00:00:00,1.0
2003-08-28 00:00:00,1.0
2003-08-29 00:00:00,1.0
2003-09-02 00:00:00,1.0
2003-09-03 00:00:00,1.0
2003-09-04 00:00:00,1.0
2003-09-05 00:00:00,1.0
2003-09-08 00:00:00,1.0
2003-09-09 00:00:00,1.0
2003-09-10 00:00:00,1.0
2003-09-11 00:00:00,1.0
2003-09-12 00:00:00,1.0
2003-09-15 00:00:00,1.0
2003-09-16 00:00:00,1.0
2003-09-17 00:00:00,1.0
2003-09-18 00:00:00,1.0
2003-09-19 00:00:00,1.0
2003-09-22 00:00:00,1.0
2003-09-23 00:00:00,1.0
2003-09-24 00:00:00,1.0
2003-09-25 00:00:00,1.0
2003-09-26 00:00:00,1.0
2003-09-29 00:00:00,1.0
2003-09-30 00:00:00,1.0
2003-10-01 00:00:00,1.0
2003-10-02 00:00:00,1.0
2003-10-03 00:00:00,1.0
2003-10-06 00:00:00,1.0
2003-10-07 00:00:00,1.0
2003-10-08 00:00:00,1.0
2003-10-09 00:00:00,1.0
2003-10-10 00:00:00,1.0
2003-10-13 00:00:00,1.0
2003-10-14 00:00:00,1.0
2003-10-15 00:00:00,1.0
2003-10-16 00:00:00,1.0
2003-10-17 00:00:00,1.0
2003-10-20 00:00:00,1.0
2003-10-21 00:00:00,1.0
2003-10-22 00:00:00,1.0
2003-10-23 00:00:00,1.0
2003-10-24 00:00:00,1.0
2003-10-27 00:00:00,1.0
2003-10-28 00:00:00,1.0
2003-10-29 00:00:00,1.0
2003-10-30 00:00:00,1.0
2003-10-31 00:00:00,1.0
2003-11-03 00:00:00,1.0
2003-11-04 00:00:00,1.0
2003-11-05 00:00:00,1.0
2003-11-06 00:00:00,1.0
2003-11-07 00:00:00,1.0
2003-11-10 00:00:00,1.0
2003-11-11 00:00:00,1.0
2003-11-12 00:00:00,1.0
2003-11-13 00:00:00,1.0
2003-11-14 00:00:00,1.0
2003-11-17 00:00:00,1.0
2003-11-18 00:00:00,1.0
2003-11-19 00:00:00,1.0
2003-11-20 00:00:00,1.0
2003-11-21 00:00:00,1.0
2003-11-24 00:00:00,1.0
2003-11-25 00:00:00,1.0
2003-11-26 00:00:00,1.0
2003-11-28 00:00:00,1.0
2003-12-01 00:00:00,1.0
2003-12-02 00:00:00,1.0
2003-12-03 00:00:00,1.0
2003-12-04 00:00:00,1.0
2003-12-05 00:00:00,1.0
2003-12-08 00:00:00,1.0
2003-12-09 00:00:00,1.0
2003-12-10 00:00:00,1.0
2003-12-11 00:00:00,1.0
2003-12-12 00:00:00,1.0
2003-12-15 00:00:00,1.0
2003-12-16 00:00:00,1.0
2003-12-17 00:00:00,1.0
2003-12-18 00:00:00,1.0
2003-12-19 00:00:00,1.0
2003-12-22 00:00:00,1.0
2003-12-23 00:00:00,1.0
2003-12-24 00:00:00,1.0
2003-12-26 00:00:00,1.0
2003-12-29 00:00:00,1.0
2003-12-30 00:00:00,1.0
2003-12-31 00:00:00,1.0
2004-01-02 00:00:00,1.0
2004-01-05 00:00:00,1.0
2004-01-06 00:00:00,1.0
2004-01-07 00:00:00,1.0
2004-01-08 00:00:00,1.0
2004-01-09 00:00:00,1.0
2004-01-12 00:00:00,1.0
2004-01-13 00:00:00,1.0
2004-01-14 00:00:00,1.0
2004-01-15 00:00:00,1.0
2004-01-16 00:00:00,1.0
2004-01-20 00:00:00,1.0
2004-01-21 00:00:00,1.0
2004-01-22 00:00:00,1.0
2004-01-23 00:00:00,1.0
2004-01-26 00:00:00,1.0
2004-01-27 00:00:00,1.0
2004-01-28 00:00:00,1.0
2004-01-29 00:00:00,1.0
2004-01-30 00:00:00,1.0
2004-02-02 00:00:00,1.0
2004-02-03 00:00:00,1.0
2004-02-04 00:00:00,1.0
2004-02-05 00:00:00,1.0
2004-02-06 00:00:00,1.0
2004-02-09 00:00:00,1.0
2004-02-10 00:00:00,1.0
2004-02-11 00:00:00,1.0
2004-02-12 00:00:00,1.0
2004-02-13 00:00:00,1.0
2004-02-17 00:00:00,1.0
2004-02-18 00:00:00,0.9852172446742736
2004-02-19 00:00:00,0.976617390815581
2004-02-20 00:00:00,0.9663809566634816
2004-02-23 00:00:00,0.9663809566634816
2004-02-24 00:00:00,0.9663809566634816
2004-02-25 00:00:00,0.9663809566634816
2004-02-26 00:00:00,0.9663809566634816
2004-02-27 00:00:00,0.9663809566634816
2004-03-01 00:00:00,0.9663809566634816
2004-03-02 00:00:00,0.9576212367116302
2004-03-03 00:00:00,0.9516732787196327
2004-03-04 00:00:00,0.9581619601654482
2004-03-05 00:00:00,0.9616766626152652
2004-03-08 00:00:00,0.9524843639003596
2004-03-09 00:00:00,0.946266044181453
2004-03-10 00:00:00,0.9404304921794417
2004-03-11 00:00:00,0.9404304921794417
2004-03-12 00:00:00,0.9404304921794417
2004-03-15 00:00:00,0.9404304921794417
2004-03-16 00:00:00,0.9404304921794417
2004-03-17 00:00:00,0.9404304921794417
2004-03-18 00:00:00,0.9404304921794417
2004-03-19 00:00:00,0.9404304921794417
2004-03-22 00:00:00,0.9404304921794417
2004-03-23 00:00:00,0.9404304921794417
2004-03-24 00:00:00,0.9404304921794417
2004-03-25 00:00:00,0.9404304921794417
2004-03-26 00:00:00,0.9404304921794417
2004-03-29 00:00:00,0.9404304921794417
2004-03-30 00:00:00,0.9404304921794417
2004-03-31 00:00:00,0.9404304921794417
2004-04-01 00:00:00,0.9404304921794417
2004-04-02 00:00:00,0.9404304921794417
2004-04-05 00:00:00,0.9404304921794417
2004-04-06 00:00:00,0.9452888432389178
2004-04-07 00:00:00,0.9418932215306819
2004-04-08 00:00:00,0.9426768265402747
2004-04-12 00:00:00,0.9499382329625023
2004-04-13 00:00:00,0.9388632821602559
2004-04-14 00:00:00,0.9250195936574478
2004-04-15 00:00:00,0.9172670828864317
2004-04-16 00:00:00,0.9172670828864317
2004-04-19 00:00:00,0.9172670828864317
2004-04-20 00:00:00,0.9172670828864317
2004-04-21 00:00:00,0.9172670828864317
2004-04-22 00:00:00,0.9172670828864317
2004-04-23 00:00:00,0.9172670828864317
2004-04-26 00:00:00,0.9172670828864317
2004-04-27 00:00:00,0.9172670828864317
2004-04-28 00:00:00,0.9172670828864317
2004-04-29 00:00:00,0.9172670828864317
2004-04-30 00:00:00,0.9172670828864317
2004-05-03 00:00:00,0.9172670828864317
2004-05-04 00:00:00,0.9172670828864317
2004-05-05 00:00:00,0.9172670828864317
2004-05-06 00:00:00,0.9172670828864317
2004-05-07 00:00:00,0.9172670828864317
2004-05-10 00:00:00,0.9172670828864317
2004-05-11 00:00:00,0.9172670828864317
2004-05-12 00:00:00,0.9172670828864317
2004-05-13 00:00:00,0.9172670828864317
2004-05-14 00:00:00,0.9172670828864317
2004-05-17 00:00:00,0.9172670828864317
2004-05-18 00:00:00,0.9172670828864317
2004-05-19 00:00:00,0.9172670828864317
2004-05-20 00:00:00,0.9172670828864317
2004-05-21 00:00:00,0.9172670828864317
2004-05-24 00:00:00,0.9172670828864317
2004-05-25 00:00:00,0.9172670828864317
2004-05-26 00:00:00,0.9172670828864317
2004-05-27 00:00:00,0.9172670828864317
2004-05-28 00:00:00,0.9172670828864317
2004-06-01 00:00:00,0.9172670828864317
2004-06-02 00:00:00,0.9172670828864317
2004-06-03 00:00:00,0.9172670828864317
2004-06-04 00:00:00,0.9172670828864317
2004-06-07 00:00:00,0.9172670828864317
2004-06-08 00:00:00,0.9172670828864317
2004-06-09 00:00:00,0.9172670828864317
2004-06-10 00:00:00,0.9172670828864317
2004-06-14 00:00:00,0.9172670828864317
2004-06-15 00:00:00,0.9172670828864317
2004-06-16 00:00:00,0.9172670828864317
2004-06-17 00:00:00,0.9172670828864317
2004-06-18 00:00:00,0.9172670828864317
2004-06-21 00:00:00,0.9172670828864317
2004-06-22 00:00:00,0.9172670828864317
2004-06-23 00:00:00,0.9172670828864317
2004-06-24 00:00:00,0.9172670828864317
2004-06-25 00:00:00,0.9172670828864317
2004-06-28 00:00:00,0.9172670828864317
2004-06-29 00:00:00,0.9172670828864317
2004-06-30 00:00:00,0.9172670828864317
2004-07-01 00:00:00,0.9172670828864317
2004-07-02 00:00:00,0.9172670828864317
2004-07-06 00:00:00,0.9172670828864317
2004-07-07 00:00:00,0.9172670828864317
2004-07-08 00:00:00,0.9172670828864317
2004-07-09 00:00:00,0.9172670828864317
2004-07-12 00:00:00,0.9172670828864317
2004-07-13 00:00:00,0.9172670828864317
2004-07-14 00:00:00,0.9172670828864317
2004-07-15 00:00:00,0.9172670828864317
2004-07-16 00:00:00,0.9172670828864317
2004-07-19 00:00:00,0.9172670828864317
2004-07-20 00:00:00,0.9172670828864317
2004-07-21 00:00:00,0.9172670828864317
2004-07-22 00:00:00,0.9172670828864317
2004-07-23 00:00:00,0.9172670828864317
2004-07-26 00:00:00,0.9172670828864317
2004-07-27 00:00:00,0.9172670828864317
2004-07-28 00:00:00,0.9172670828864317
2004-07-29 00:00:00,0.9172670828864317
2004-07-30 00:00:00,0.9172670828864317
2004-08-02 00:00:00,0.9172670828864317
2004-08-03 00:00:00,0.9172670828864317
2004-08-04 00:00:00,0.9172670828864317
2004-08-05 00:00:00,0.9172670828864317
2004-08-06 00:00:00,0.9172670828864317
2004-08-09 00:00:00,0.9172670828864317
2004-08-10 00:00:00,0.9172670828864317
2004-08-11 00:00:00,0.9172670828864317
2004-08-12 00:00:00,0.9172670828864317
2004-08-13 00:00:00,0.9172670828864317
2004-08-16 00:00:00,0.9172670828864317
2004-08-17 00:00:00,0.9172670828864317
2004-08-18 00:00:00,0.9172670828864317
2004-08-19 00:00:00,0.9172670828864317
2004-08-20 00:00:00,0.9172670828864317
2004-08-23 00:00:00,0.9172670828864317
2004-08-24 00:00:00,0.9172670828864317
2004-08-25 00:00:00,0.9172670828864317
2004-08-26 00:00:00,0.9172670828864317
2004-08-27 00:00:00,0.9172670828864317
2004-08-30 00:00:00,0.9172670828864317
2004-08-31 00:00:00,0.9172670828864317
2004-09-01 00:00:00,0.9172670828864317
2004-09-02 00:00:00,0.9172670828864317
2004-09-03 00:00:00,0.9172670828864317
2004-09-07 00:00:00,0.9172670828864317
2004-09-08 00:00:00,0.9172670828864317
2004-09-09 00:00:00,0.9172670828864317
2004-09-10 00:00:00,0.9172670828864317
2004-09-13 00:00:00,0.9172670828864317
2004-09-14 00:00:00,0.9172670828864317
2004-09-15 00:00:00,0.9172670828864317
2004-09-16 00:00:00,0.9172670828864317
2004-09-17 00:00:00,0.9172670828864317
2004-09-20 00:00:00,0.9172670828864317
2004-09-21 00:00:00,0.9172670828864317
2004-09-22 00:00:00,0.9084162601568259
2004-09-23 00:00:00,0.9124393613975557
2004-09-24 00:00:00,0.9098645766034885
2004-09-27 00:00:00,0.9044468002659724
2004-09-28 00:00:00,0.9156578423901397
2004-09-29 00:00:00,0.9204855638790156
2004-09-30 00:00:00,0.9253132853678916
2004-10-01 00:00:00,0.9430149308271035
2004-10-04 00:00:00,0.9586856916767609
2004-10-05 00:00:00,0.9609597682073394
2004-10-06 00:00:00,0.9720594274637347
2004-10-07 00:00:00,0.9637752915309129
2004-10-08 00:00:00,0.956736483221979
2004-10-11 00:00:00,0.9617177937175322
2004-10-12 00:00:00,0.9465572835136751
2004-10-13 00:00:00,0.9356561053801344
2004-10-14 00:00:00,0.9356561053801344
2004-10-15 00:00:00,0.9356561053801344
2004-10-18 00:00:00,0.9356561053801344
2004-10-19 00:00:00,0.9356561053801344
2004-10-20 00:00:00,0.9356561053801344
2004-10-21 00:00:00,0.9356561053801344
2004-10-22 00:00:00,0.9356561053801344
2004-10-25 00:00:00,0.9356561053801344
2004-10-26 00:00:00,0.9356561053801344
2004-10-27 00:00:00,0.9356561053801344
2004-10-28 00:00:00,0.9356561053801344
2004-10-29 00:00:00,0.9356561053801344
2004-11-01 00:00:00,0.9356561053801344
2004-11-02 00:00:00,0.9356561053801344
2004-11-03 00:00:00,0.9356561053801344
2004-11-04 00:00:00,0.9490299694482398
2004-11-05 00:00:00,0.9526306251588834
2004-11-08 00:00:00,0.9418800959656759
2004-11-09 00:00:00,0.9479497727350465
2004-11-10 00:00:00,0.9490299694482398
2004-11-11 00:00:00,0.9598319365801709
2004-11-12 00:00:00,0.9760348872780676
2004-11-15 00:00:00,0.9769607701750903
2004-11-16 00:00:00,0.9657987374720948
2004-11-17 00:00:00,0.9846622641125249
2004-11-18 00:00:00,0.9922973044587633
2004-11-19 00:00:00,0.978110574085685
2004-11-22 00:00:00,0.9819280942588043
2004-11-23 00:00:00,0.9836305019035737
2004-11-24 00:00:00,0.9941028883244278
2004-11-26 00:00:00,1.0106110836676463
2004-11-29 00:00:00,1.0044205104139392
2004-11-30 00:00:00,1.0062776823900514
2004-12-01 00:00:00,1.0139643108467375
2004-12-02 00:00:00,1.012468255643758
2004-12-03 00:00:00,1.0170595974735908
2004-12-06 00:00:00,1.0156151303810592
2004-12-07 00:00:00,1.0000355210258969
2004-12-08 00:00:00,0.9947735337602461
2004-12-09 00:00:00,0.9785748670797132
2004-12-10 00:00:00,0.9775946929812095
2004-12-13 00:00:00,0.992452068790106
2004-12-14 00:00:00,1.0015831643393238
2004-12-15 00:00:00,1.0154603660497166
2004-12-16 00:00:00,1.0103531431154085
2004-12-17 00:00:00,1.0080316781452685
2004-12-20 00:00:00,1.0211866463093953
2004-12-21 00:00:00,1.0309883872944312
2004-12-22 00:00:00,1.0307304467421936
2004-12-23 00:00:00,1.0252105189243048
2004-12-27 00:00:00,1.0244366972675916
2004-12-28 00:00:00,1.02975027264369
2004-12-29 00:00:00,1.0354249647929215
2004-12-30 00:00:00,1.0378168578514444
2004-12-31 00:00:00,1.0378168578514444
2005-01-03 00:00:00,1.0277834276441549
2005-01-04 00:00:00,1.0164528771429941
2005-01-05 00:00:00,1.0164528771429941
2005-01-06 00:00:00,1.0164528771429941
2005-01-07 00:00:00,1.0164528771429941
2005-01-10 00:00:00,1.0164528771429941
2005-01-11 00:00:00,1.0164528771429941
2005-01-12 00:00:00,1.0164528771429941
2005-01-13 00:00:00,1.0164528771429941
2005-01-14 00:00:00,1.0164528771429941
2005-01-18 00:00:00,1.0164528771429941
2005-01-19 00:00:00,1.0164528771429941
2005-01-20 00:00:00,1.0164528771429941
2005-01-21 00:00:00,1.0164528771429941
2005-01-24 00:00:00,1.0164528771429941
2005-01-25 00:00:00,1.0164528771429941
2005-01-26 00:00:00,1.0164528771429941
2005-01-27 00:00:00,1.0164528771429941
2005-01-28 00:00:00,1.0164528771429941
2005-01-31 00:00:00,1.0164528771429941
2005-02-01 00:00:00,1.0164528771429941
2005-02-02 00:00:00,1.0195646724413778
2005-02-03 00:00:00,1.0164528771429941
2005-02-04 00:00:00,1.0344209854788222
2005-02-07 00:00:00,1.0376833515174504
2005-02-08 00:00:00,1.0396909613873753
2005-02-09 00:00:00,1.036328214855251
2005-02-10 00:00:00,1.0413472395300631
2005-02-11 00:00:00,1.0514856693731842
2005-02-14 00:00:00,1.059014206385403
2005-02-15 00:00:00,1.0661135563266393
2005-02-16 00:00:00,1.0628370844041222
2005-02-17 00:00:00,1.061072830291998
2005-02-18 00:00:00,1.0741283107217188
2005-02-22 00:00:00,1.0701965444146986
2005-02-23 00:00:00,1.0751364559286472
2005-02-24 00:00:00,1.0918212591033098
2005-02-25 00:00:00,1.109924518185692
2005-02-28 00:00:00,1.0985509096397892
2005-03-01 00:00:00,1.1016437330163067
2005-03-02 00:00:00,1.084694177754771
2005-03-03 00:00:00,1.084694177754771
2005-03-04 00:00:00,1.084694177754771
2005-03-07 00:00:00,1.084694177754771
2005-03-08 00:00:00,1.084694177754771
2005-03-09 00:00:00,1.084694177754771
2005-03-10 00:00:00,1.084694177754771
2005-03-11 00:00:00,1.084694177754771
2005-03-14 00:00:00,1.084694177754771
2005-03-15 00:00:00,1.084694177754771
2005-03-16 00:00:00,1.084694177754771
2005-03-17 00:00:00,1.084694177754771
2005-03-18 00:00:00,1.084694177754771
2005-03-21 00:00:00,1.084694177754771
2005-03-22 00:00:00,1.084694177754771
2005-03-23 00:00:00,1.084694177754771
2005-03-24 00:00:00,1.084694177754771
2005-03-28 00:00:00,1.084694177754771
2005-03-29 00:00:00,1.084694177754771
2005-03-30 00:00:00,1.084694177754771
2005-03-31 00:00:00,1.084694177754771
2005-04-01 00:00:00,1.084694177754771
2005-04-04 00:00:00,1.084694177754771
2005-04-05 00:00:00,1.084694177754771
2005-04-06 00:00:00,1.084694177754771
2005-04-07 00:00:00,1.084694177754771
2005-04-08 00:00:00,1.084694177754771
2005-04-11 00:00:00,1.084694177754771
2005-04-12 00:00:00,1.084694177754771
2005-04-13 00:00:00,1.084694177754771
2005-04-14 00:00:00,1.084694177754771
2005-04-15 00:00:00,1.084694177754771
2005-04-18 00:00:00,1.084694177754771
2005-04-19 00:00:00,1.084694177754771
2005-04-20 00:00:00,1.084694177754771
2005-04-21 00:00:00,1.084694177754771
2005-04-22 00:00:00,1.084694177754771
2005-04-25 00:00:00,1.084694177754771
2005-04-26 00:00:00,1.084694177754771
2005-04-27 00:00:00,1.084694177754771
2005-04-28 00:00:00,1.084694177754771
2005-04-29 00:00:00,1.084694177754771
2005-05-02 00:00:00,1.084694177754771
2005-05-03 00:00:00,1.084694177754771
2005-05-04 00:00:00,1.084694177754771
2005-05-05 00:00:00,1.084694177754771
2005-05-06 00:00:00,1.084694177754771
2005-05-09 00:00:00,1.084694177754771
2005-05-10 00:00:00,1.084694177754771
2005-05-11 00:00:00,1.084694177754771
2005-05-12 00:00:00,1.084694177754771
2005-05-13 00:00:00,1.084694177754771
2005-05-16 00:00:00,1.084694177754771
2005-05-17 00:00:00,1.084694177754771
2005-05-18 00:00:00,1.084694177754771
2005-05-19 00:00:00,1.084694177754771
2005-05-20 00:00:00,1.084694177754771
2005-05-23 00:00:00,1.084694177754771
2005-05-24 00:00:00,1.084694177754771
2005-05-25 00:00:00,1.084694177754771
2005-05-26 00:00:00,1.084694177754771
2005-05-27 00:00:00,1.084694177754771
2005-05-31 00:00:00,1.084694177754771
2005-06-01 00:00:00,1.084694177754771
2005-06-02 00:00:00,1.084694177754771
2005-06-03 00:00:00,1.084694177754771
2005-06-06 00:00:00,1.084694177754771
2005-06-07 00:00:00,1.084694177754771
2005-06-08 00:00:00,1.084694177754771
2005-06-09 00:00:00,1.084694177754771
2005-06-10 00:00:00,1.084694177754771
2005-06-13 00:00:00,1.084694177754771
2005-06-14 00:00:00,1.084694177754771
2005-06-15 00:00:00,1.084694177754771
2005-06-16 00:00:00,1.084694177754771
2005-06-17 00:00:00,1.084694177754771
2005-06-20 00:00:00,1.084694177754771
2005-06-21 00:00:00,1.084694177754771
2005-06-22 00:00:00,1.084694177754771
2005-06-23 00:00:00,1.084694177754771
2005-06-24 00:00:00,1.084694177754771
2005-06-27 00:00:00,1.084694177754771
2005-06-28 00:00:00,1.084694177754771
2005-06-29 00:00:00,1.084694177754771
2005-06-30 00:00:00,1.084694177754771
2005-07-01 00:00:00,1.084694177754771
2005-07-05 00:00:00,1.084694177754771
2005-07-06 00:00:00,1.084694177754771
2005-07-07 00:00:00,1.084694177754771
2005-07-08 00:00:00,1.084694177754771
2005-07-11 00:00:00,1.084694177754771
2005-07-12 00:00:00,1.084694177754771
2005-07-13 00:00:00,1.0807892787148539
2005-07-14 00:00:00,1.0870081920006478
2005-07-15 00:00:00,1.0810785304955883
2005-07-18 00:00:00,1.0777521350171404
2005-07-19 00:00:00,1.0900453356983613
2005-07-20 00:00:00,1.0901899615887283
2005-07-21 00:00:00,1.1020492845988472
2005-07-22 00:00:00,1.0994460185722357
2005-07-25 00:00:00,1.0899007098079938
2005-07-26 00:00:00,1.0961196230937877
2005-07-27 00:00:00,1.1020492845988472
2005-07-28 00:00:00,1.1157887441837413
2005-07-29 00:00:00,1.1150656147319045
2005-08-01 00:00:00,1.1332884769181846
2005-08-02 00:00:00,1.147172562393446
2005-08-03 00:00:00,1.143578663388454
2005-08-04 00:00:00,1.1335157461744763
2005-08-05 00:00:00,1.1193612174513725
2005-08-08 00:00:00,1.1193612174513725
2005-08-09 00:00:00,1.1193612174513725
2005-08-10 00:00:00,1.1193612174513725
2005-08-11 00:00:00,1.1103285074409024
2005-08-12 00:00:00,1.0893720281725212
2005-08-15 00:00:00,1.0893720281725212
2005-08-16 00:00:00,1.0893720281725212
2005-08-17 00:00:00,1.0893720281725212
2005-08-18 00:00:00,1.0893720281725212
2005-08-19 00:00:00,1.0893720281725212
2005-08-22 00:00:00,1.0893720281725212
2005-08-23 00:00:00,1.0893720281725212
2005-08-24 00:00:00,1.0893720281725212
2005-08-25 00:00:00,1.0893720281725212
2005-08-26 00:00:00,1.0893720281725212
2005-08-29 00:00:00,1.0893720281725212
2005-08-30 00:00:00,1.0893720281725212
2005-08-31 00:00:00,1.0893720281725212
2005-09-01 00:00:00,1.0893720281725212
2005-09-02 00:00:00,1.0893720281725212
2005-09-06 00:00:00,1.0893720281725212
2005-09-07 00:00:00,1.0853522051903348
2005-09-08 00:00:00,1.083610281898054
2005-09-09 00:00:00,1.0995555797273935
2005-09-12 00:00:00,1.0979476505345187
2005-09-13 00:00:00,1.0856201933891472
2005-09-14 00:00:00,1.081734364506367
2005-09-15 00:00:00,1.088032087178459
2005-09-16 00:00:00,1.1047813496042358
2005-09-19 00:00:00,1.1031734204113612
2005-09-20 00:00:00,1.1061212905982978
2005-09-21 00:00:00,1.1165728303519826
2005-09-22 00:00:00,1.105451320101267
2005-09-23 00:00:00,1.1045133614054237
2005-09-26 00:00:00,1.1142949306620769
2005-09-27 00:00:00,1.1069252551947355
2005-09-28 00:00:00,1.1195207005389194
2005-09-29 00:00:00,1.139217833151633
2005-09-30 00:00:00,1.137341915759946
2005-10-03 00:00:00,1.1445775971278813
2005-10-04 00:00:00,1.1505735650881108
2005-10-05 00:00:00,1.1505735650881108
2005-10-06 00:00:00,1.1505735650881108
2005-10-07 00:00:00,1.1505735650881108
2005-10-10 00:00:00,1.1505735650881108
2005-10-11 00:00:00,1.1505735650881108
2005-10-12 00:00:00,1.1505735650881108
2005-10-13 00:00:00,1.1505735650881108
2005-10-14 00:00:00,1.1505735650881108
2005-10-17 00:00:00,1.1505735650881108
2005-10-18 00:00:00,1.1505735650881108
2005-10-19 00:00:00,1.1505735650881108
2005-10-20 00:00:00,1.1505735650881108
2005-10-21 00:00:00,1.1505735650881108
2005-10-24 00:00:00,1.1505735650881108
2005-10-25 00:00:00,1.1505735650881108
2005-10-26 00:00:00,1.1505735650881108
2005-10-27 00:00:00,1.1505735650881108
2005-10-28 00:00:00,1.1505735650881108
2005-10-31 00:00:00,1.1505735650881108
2005-11-01 00:00:00,1.1505735650881108
2005-11-02 00:00:00,1.1505735650881108
2005-11-03 00:00:00,1.1505735650881108
2005-11-04 00:00:00,1.1505735650881108
2005-11-07 00:00:00,1.1505735650881108
2005-11-08 00:00:00,1.1505735650881108
2005-11-09 00:00:00,1.1505735650881108
2005-11-10 00:00:00,1.1505735650881108
2005-11-11 00:00:00,1.1505735650881108
2005-11-14 00:00:00,1.1505735650881108
2005-11-15 00:00:00,1.1505735650881108
2005-11-16 00:00:00,1.1505735650881108
2005-11-17 00:00:00,1.1505735650881108
2005-11-18 00:00:00,1.1505735650881108
2005-11-21 00:00:00,1.1505735650881108
2005-11-22 00:00:00,1.1505735650881108
2005-11-23 00:00:00,1.1505735650881108
2005-11-25 00:00:00,1.1505735650881108
2005-11-28 00:00:00,1.1505735650881108
2005-11-29 00:00:00,1.1505735650881108
2005-11-30 00:00:00,1.1505735650881108
2005-12-01 00:00:00,1.1505735650881108
2005-12-02 00:00:00,1.1479531286858884
2005-12-05 00:00:00,1.1555960681923707
2005-12-06 00:00:00,1.164330856199779
2005-12-07 00:00:00,1.1552685136420928
2005-12-08 00:00:00,1.1481714983860736
2005-12-09 00:00:00,1.1577797651942225
2005-12-12 00:00:00,1.1632390076988528
2005-12-13 00:00:00,1.175795265459502
2005-12-14 00:00:00,1.1693533593040386
2005-12-15 00:00:00,1.1654227047007046
2005-12-16 00:00:00,1.1621471591979269
2005-12-19 00:00:00,1.1599634621960746
2005-12-20 00:00:00,1.16815232595302
2005-12-21 00:00:00,1.1837657595162623
2005-12-22 00:00:00,1.1839841292164475
2005-12-23 00:00:00,1.1789616261121878
2005-12-27 00:00:00,1.16815232595302
2005-12-28 00:00:00,1.1707727623552426
2005-12-29 00:00:00,1.1708819472053351
2005-12-30 00:00:00,1.170336022954872
2006-01-03 00:00:00,1.206367023485431
2006-01-04 00:00:00,1.2132022588256204
2006-01-05 00:00:00,1.2254768247602137
2006-01-06 00:00:00,1.2510818332689355
2006-01-09 00:00:00,1.2633563992035288
2006-01-10 00:00:00,1.2481781725102146
2006-01-11 00:00:00,1.2628284608837614
2006-01-12 00:00:00,1.2452745117514934
2006-01-13 00:00:00,1.2465943575509122
2006-01-17 00:00:00,1.2248169018605044
2006-01-18 00:00:00,1.216369888744225
2006-01-19 00:00:00,1.2637523529433548
2006-01-20 00:00:00,1.2261367476599232
2006-01-23 00:00:00,1.2617725842442264
2006-01-24 00:00:00,1.2815702712355064
2006-01-25 00:00:00,1.2934915408465115
2006-01-26 00:00:00,1.3125750353955334
2006-01-27 00:00:00,1.3251502861388194
2006-01-30 00:00:00,1.31996575293764
2006-01-31 00:00:00,1.3272461612627002
2006-02-01 00:00:00,1.3266946151774686
2006-02-02 00:00:00,1.298124527962459
2006-02-03 00:00:00,1.2833430928782457
2006-02-06 00:00:00,1.3087142127989104
2006-02-07 00:00:00,1.2800338163668545
2006-02-08 00:00:00,1.2833430928782457
2006-02-09 00:00:00,1.286100823304405
2006-02-10 00:00:00,1.2844461850487094
2006-02-13 00:00:00,1.2580822821746271
2006-02-14 00:00:00,1.2844461850487094
2006-02-15 00:00:00,1.278930724196391
2006-02-16 00:00:00,1.306508028457983
2006-02-17 00:00:00,1.3050740086363801
2006-02-21 00:00:00,1.2954771067533464
2006-02-22 00:00:00,1.3013234952568038
2006-02-23 00:00:00,1.3009925676056648
2006-02-24 00:00:00,1.3030884427295457
2006-02-27 00:00:00,1.3130162722637186
2006-02-28 00:00:00,1.2844461850487094
2006-03-01 00:00:00,1.3140090552171362
2006-03-02 00:00:00,1.3148915289535068
2006-03-03 00:00:00,1.29658019892381
2006-03-06 00:00:00,1.2800338163668545
2006-03-07 00:00:00,1.2506431997105498
2006-03-08 00:00:00,1.2506431997105498
2006-03-09 00:00:00,1.2506431997105498
2006-03-10 00:00:00,1.2506431997105498
2006-03-13 00:00:00,1.2506431997105498
2006-03-14 00:00:00,1.2506431997105498
2006-03-15 00:00:00,1.2506431997105498
2006-03-16 00:00:00,1.2506431997105498
2006-03-17 00:00:00,1.2506431997105498
2006-03-20 00:00:00,1.2506431997105498
2006-03-21 00:00:00,1.2506431997105498
2006-03-22 00:00:00,1.2506431997105498
2006-03-23 00:00:00,1.2506431997105498
2006-03-24 00:00:00,1.2506431997105498
2006-03-27 00:00:00,1.2506431997105498
2006-03-28 00:00:00,1.2506431997105498
2006-03-29 00:00:00,1.2506431997105498
2006-03-30 00:00:00,1.2506431997105498
2006-03-31 00:00:00,1.2506431997105498
2006-04-03 00:00:00,1.2506431997105498
2006-04-04 00:00:00,1.255947858802579
2006-04-05 00:00:00,1.266074935250998
2006-04-06 00:00:00,1.2609631728532242
2006-04-07 00:00:00,1.2458207823541598
2006-04-10 00:00:00,1.242445090204687
2006-04-11 00:00:00,1.2341505323516961
2006-04-12 00:00:00,1.2397445364851085
2006-04-13 00:00:00,1.2443740571472428
2006-04-17 00:00:00,1.255947858802579
2006-04-18 00:00:00,1.2887402968260304
2006-04-19 00:00:00,1.2950094393893374
2006-04-20 00:00:00,1.291344402198481
2006-04-21 00:00:00,1.2993496150100885
2006-04-24 00:00:00,1.2858468464121964
2006-04-25 00:00:00,1.2718618360786655
2006-04-26 00:00:00,1.2916337472398645
2006-04-27 00:00:00,1.275526873269522
2006-04-28 00:00:00,1.2853646046765577
2006-05-01 00:00:00,1.2850752596351742
2006-05-02 00:00:00,1.303014652200945
2006-05-03 00:00:00,1.3041720323664785
2006-05-04 00:00:00,1.3142991088148972
2006-05-05 00:00:00,1.3283187890595902
2006-05-08 00:00:00,1.3376257991355243
2006-05-09 00:00:00,1.338819005555516
2006-05-10 00:00:00,1.3245005285156175
2006-05-11 00:00:00,1.2910907487558534
2006-05-12 00:00:00,1.2802908671170523
2006-05-15 00:00:00,1.2802908671170523
2006-05-16 00:00:00,1.2802908671170523
2006-05-17 00:00:00,1.2802908671170523
2006-05-18 00:00:00,1.2802908671170523
2006-05-19 00:00:00,1.2802908671170523
2006-05-22 00:00:00,1.2802908671170523
2006-05-23 00:00:00,1.2802908671170523
2006-05-24 00:00:00,1.2802908671170523
2006-05-25 00:00:00,1.2802908671170523
2006-05-26 00:00:00,1.2802908671170523
2006-05-30 00:00:00,1.2802908671170523
2006-05-31 00:00:00,1.2802908671170523
2006-06-01 00:00:00,1.2802908671170523
2006-06-02 00:00:00,1.2802908671170523
2006-06-05 00:00:00,1.2802908671170523
2006-06-06 00:00:00,1.2802908671170523
2006-06-07 00:00:00,1.2802908671170523
2006-06-08 00:00:00,1.2802908671170523
2006-06-09 00:00:00,1.2802908671170523
2006-06-12 00:00:00,1.2802908671170523
2006-06-13 00:00:00,1.2802908671170523
2006-06-14 00:00:00,1.2802908671170523
2006-06-15 00:00:00,1.2802908671170523
2006-06-16 00:00:00,1.2802908671170523
2006-06-19 00:00:00,1.2802908671170523
2006-06-20 00:00:00,1.2802908671170523
2006-06-21 00:00:00,1.2802908671170523
2006-06-22 00:00:00,1.2802908671170523
2006-06-23 00:00:00,1.2802908671170523
2006-06-26 00:00:00,1.2802908671170523
2006-06-27 00:00:00,1.2802908671170523
2006-06-28 00:00:00,1.2802908671170523
2006-06-29 00:00:00,1.2802908671170523
2006-06-30 00:00:00,1.2802908671170523
2006-07-03 00:00:00,1.2802908671170523
2006-07-05 00:00:00,1.2802908671170523
2006-07-06 00:00:00,1.2802908671170523
2006-07-07 00:00:00,1.2802908671170523
2006-07-10 00:00:00,1.2802908671170523
2006-07-11 00:00:00,1.2802908671170523
2006-07-12 00:00:00,1.2802908671170523
2006-07-13 00:00:00,1.2802908671170523
2006-07-14 00:00:00,1.2802908671170523
2006-07-17 00:00:00,1.2802908671170523
2006-07-18 00:00:00,1.2802908671170523
2006-07-19 00:00:00,1.2802908671170523
2006-07-20 00:00:00,1.2802908671170523
2006-07-21 00:00:00,1.2802908671170523
2006-07-24 00:00:00,1.2802908671170523
2006-07-25 00:00:00,1.2802908671170523
2006-07-26 00:00:00,1.2802908671170523
2006-07-27 00:00:00,1.2802908671170523
2006-07-28 00:00:00,1.2802908671170523
2006-07-31 00:00:00,1.2802908671170523
2006-08-01 00:00:00,1.2802908671170523
2006-08-02 00:00:00,1.2802908671170523
2006-08-03 00:00:00,1.2802908671170523
2006-08-04 00:00:00,1.2802908671170523
2006-08-07 00:00:00,1.2802908671170523
2006-08-08 00:00:00,1.2802908671170523
2006-08-09 00:00:00,1.2802908671170523
2006-08-10 00:00:00,1.2802908671170523
2006-08-11 00:00:00,1.2802908671170523
2006-08-14 00:00:00,1.2802908671170523
2006-08-15 00:00:00,1.2802908671170523
2006-08-16 00:00:00,1.2802908671170523
2006-08-17 00:00:00,1.2802908671170523
2006-08-18 00:00:00,1.2802908671170523
2006-08-21 00:00:00,1.2802908671170523
2006-08-22 00:00:00,1.2802908671170523
2006-08-23 00:00:00,1.2802908671170523
2006-08-24 00:00:00,1.2802908671170523
2006-08-25 00:00:00,1.2802908671170523
2006-08-28 00:00:00,1.2802908671170523
2006-08-29 00:00:00,1.2802908671170523
2006-08-30 00:00:00,1.2802908671170523
2006-08-31 00:00:00,1.2802908671170523
2006-09-01 00:00:00,1.2802908671170523
2006-09-05 00:00:00,1.2802908671170523
2006-09-06 00:00:00,1.2802908671170523
2006-09-07 00:00:00,1.2802908671170523
2006-09-08 00:00:00,1.2802908671170523
2006-09-11 00:00:00,1.2802908671170523
2006-09-12 00:00:00,1.2802908671170523
2006-09-13 00:00:00,1.2802908671170523
2006-09-14 00:00:00,1.2802908671170523
2006-09-15 00:00:00,1.2802908671170523
2006-09-18 00:00:00,1.2802908671170523
2006-09-19 00:00:00,1.2802908671170523
2006-09-20 00:00:00,1.2802908671170523
2006-09-21 00:00:00,1.2802908671170523
2006-09-22 00:00:00,1.2802908671170523
2006-09-25 00:00:00,1.2802908671170523
2006-09-26 00:00:00,1.2802908671170523
2006-09-27 00:00:00,1.2802908671170523
2006-09-28 00:00:00,1.2802908671170523
2006-09-29 00:00:00,1.2802908671170523
2006-10-02 00:00:00,1.2802908671170523
2006-10-03 00:00:00,1.2802908671170523
2006-10-04 00:00:00,1.2802908671170523
2006-10-05 00:00:00,1.2802908671170523
2006-10-06 00:00:00,1.2802908671170523
2006-10-09 00:00:00,1.2802908671170523
2006-10-10 00:00:00,1.2802908671170523
2006-10-11 00:00:00,1.2802908671170523
2006-10-12 00:00:00,1.2802908671170523
2006-10-13 00:00:00,1.2858275805485988
2006-10-16 00:00:00,1.2889281400702646
2006-10-17 00:00:00,1.2740897480737206
2006-10-18 00:00:00,1.285052440668182
2006-10-19 00:00:00,1.2900354827565739
2006-10-20 00:00:00,1.2847202378622895
2006-10-23 00:00:00,1.283723629444611
2006-10-24 00:00:00,1.2901462170252047
2006-10-25 00:00:00,1.3033235949922855
2006-10-26 00:00:00,1.3060919517080585
2006-10-27 00:00:00,1.2869349232349079
2006-10-30 00:00:00,1.2830592238328258
2006-10-31 00:00:00,1.3046524062158562
2006-11-01 00:00:00,1.2931360422782399
2006-11-02 00:00:00,1.2966795388744294
2006-11-03 00:00:00,1.300223035470619
2006-11-06 00:00:00,1.3273529312851964
2006-11-07 00:00:00,1.3223698891968048
2006-11-08 00:00:00,1.3253597144498397
2006-11-09 00:00:00,1.3293461481205533
2006-11-10 00:00:00,1.331007162150017
2006-11-13 00:00:00,1.3349935958207304
2006-11-14 00:00:00,1.3533586698907787
2006-11-15 00:00:00,1.357121483616147
2006-11-16 00:00:00,1.3434499270806424
2006-11-17 00:00:00,1.341944801590495
2006-11-20 00:00:00,1.3366768623749792
2006-11-21 00:00:00,1.3579994734853993
2006-11-22 00:00:00,1.3675319349229988
2006-11-24 00:00:00,1.367281080674641
2006-11-27 00:00:00,1.3414430930937793
2006-11-28 00:00:00,1.3492195747928732
2006-11-29 00:00:00,1.3710438944000092
2006-11-30 00:00:00,1.3771898234847773
2006-12-01 00:00:00,1.371545602896725
2006-12-04 00:00:00,1.4001429872095237
2006-12-05 00:00:00,1.4246012764244174
2006-12-06 00:00:00,1.41481796073846
2006-12-07 00:00:00,1.4098008757713023
2006-12-08 00:00:00,1.4035295195623552
2006-12-11 00:00:00,1.4041566551832498
2006-12-12 00:00:00,1.3872239934190929
2006-12-13 00:00:00,1.3947496208698293
2006-12-14 00:00:00,1.418580774463828
2006-12-15 00:00:00,1.4248521306727753
2006-12-18 00:00:00,1.430893036039051
2006-12-19 00:00:00,1.430893036039051
2006-12-20 00:00:00,1.430893036039051
2006-12-21 00:00:00,1.430893036039051
2006-12-22 00:00:00,1.430893036039051
2006-12-26 00:00:00,1.430893036039051
2006-12-27 00:00:00,1.430893036039051
2006-12-28 00:00:00,1.4296431294736778
2006-12-29 00:00:00,1.4270183256863946
2007-01-03 00:00:00,1.4391424193705127
2007-01-04 00:00:00,1.4192689049810816
2007-01-05 00:00:00,1.394407220294846
2007-01-08 00:00:00,1.394407220294846
2007-01-09 00:00:00,1.394407220294846
2007-01-10 00:00:00,1.394407220294846
2007-01-11 00:00:00,1.394407220294846
2007-01-12 00:00:00,1.394407220294846
2007-01-16 00:00:00,1.394407220294846
2007-01-17 00:00:00,1.394407220294846
2007-01-18 00:00:00,1.394407220294846
2007-01-19 00:00:00,1.394407220294846
2007-01-22 00:00:00,1.394407220294846
2007-01-23 00:00:00,1.394407220294846
2007-01-24 00:00:00,1.394407220294846
2007-01-25 00:00:00,1.394407220294846
2007-01-26 00:00:00,1.394407220294846
2007-01-29 00:00:00,1.394407220294846
2007-01-30 00:00:00,1.394407220294846
2007-01-31 00:00:00,1.394407220294846
2007-02-01 00:00:00,1.394407220294846
2007-02-02 00:00:00,1.394407220294846
2007-02-05 00:00:00,1.394407220294846
2007-02-06 00:00:00,1.394407220294846
2007-02-07 00:00:00,1.388620905953187
2007-02-08 00:00:00,1.3817218388535166
2007-02-09 00:00:00,1.3663658507929595
2007-02-12 00:00:00,1.354660387120362
2007-02-13 00:00:00,1.354660387120362
2007-02-14 00:00:00,1.354660387120362
2007-02-15 00:00:00,1.3543572918706062
2007-02-16 00:00:00,1.3570851491184084
2007-02-20 00:00:00,1.360217133365885
2007-02-21 00:00:00,1.3635511811131986
2007-02-22 00:00:00,1.362237768364257
2007-02-23 00:00:00,1.3521345933723972
2007-02-26 00:00:00,1.351629434622804
2007-02-27 00:00:00,1.3061944463669104
2007-02-28 00:00:00,1.3061944463669104
2007-03-01 00:00:00,1.3061944463669104
2007-03-02 00:00:00,1.3061944463669104
2007-03-05 00:00:00,1.3061944463669104
2007-03-06 00:00:00,1.3061944463669104
2007-03-07 00:00:00,1.3061944463669104
2007-03-08 00:00:00,1.3061944463669104
2007-03-09 00:00:00,1.3061944463669104
2007-03-12 00:00:00,1.3061944463669104
2007-03-13 00:00:00,1.3061944463669104
2007-03-14 00:00:00,1.3061944463669104
2007-03-15 00:00:00,1.3061944463669104
2007-03-16 00:00:00,1.3061944463669104
2007-03-19 00:00:00,1.3061944463669104
2007-03-20 00:00:00,1.3061944463669104
2007-03-21 00:00:00,1.3061944463669104
2007-03-22 00:00:00,1.3061944463669104
2007-03-23 00:00:00,1.3061944463669104
2007-03-26 00:00:00,1.3061944463669104
2007-03-27 00:00:00,1.3061944463669104
2007-03-28 00:00:00,1.3061944463669104
2007-03-29 00:00:00,1.3061944463669104
2007-03-30 00:00:00,1.3061944463669104
2007-04-02 00:00:00,1.3061944463669104
2007-04-03 00:00:00,1.3061944463669104
2007-04-04 00:00:00,1.3061944463669104
2007-04-05 00:00:00,1.3090067188580061
2007-04-09 00:00:00,1.311880127707604
2007-04-10 00:00:00,1.3153649001422227
2007-04-11 00:00:00,1.3085176279899895
2007-04-12 00:00:00,1.3208060360489082
2007-04-13 00:00:00,1.3253301265780622
2007-04-16 00:00:00,1.3337669440513495
2007-04-17 00:00:00,1.3293039898806975
2007-04-18 00:00:00,1.3235571721815018
2007-04-19 00:00:00,1.3176269454067997
2007-04-20 00:00:00,1.3264917173896018
2007-04-23 00:00:00,1.3225178540869664
2007-04-24 00:00:00,1.323618308540004
2007-04-25 00:00:00,1.331871716937785
2007-04-26 00:00:00,1.3306489897677434
2007-04-27 00:00:00,1.3271030809746225
2007-04-30 00:00:00,1.3123080822171187
2007-05-01 00:00:00,1.3152426274252185
2007-05-02 00:00:00,1.3299764898242203
2007-05-03 00:00:00,1.3367014892594495
2007-05-04 00:00:00,1.3360901256744289
2007-05-07 00:00:00,1.3410421707130975
2007-05-08 00:00:00,1.331076944277258
2007-05-09 00:00:00,1.3433042159776745
2007-05-10 00:00:00,1.3244742175590332
2007-05-11 00:00:00,1.343548761411683
2007-05-14 00:00:00,1.3359067165989225
2007-05-15 00:00:00,1.33700717105196
2007-05-16 00:00:00,1.3478894428653307
2007-05-17 00:00:00,1.3447714885817246
2007-05-18 00:00:00,1.3490510336768702
2007-05-21 00:00:00,1.3500903517714056
2007-05-22 00:00:00,1.3505794426394224
2007-05-23 00:00:00,1.3493567154693806
2007-05-24 00:00:00,1.3307101261262453
2007-05-25 00:00:00,1.3423260342416412
2007-05-29 00:00:00,1.3396971708260514
2007-05-30 00:00:00,1.347461488355816
2007-05-31 00:00:00,1.3487453518843597
2007-06-01 00:00:00,1.3602678916537017
2007-06-04 00:00:00,1.3662061392911338
2007-06-05 00:00:00,1.361518049051056
2007-06-06 00:00:00,1.3276596195393817
2007-06-07 00:00:00,1.3132655451291955
2007-06-08 00:00:00,1.3132655451291955
2007-06-11 00:00:00,1.3132655451291955
2007-06-12 00:00:00,1.3132655451291955
2007-06-13 00:00:00,1.3132655451291955
2007-06-14 00:00:00,1.3132655451291955
2007-06-15 00:00:00,1.3132655451291955
2007-06-18 00:00:00,1.3110630134619479
2007-06-19 00:00:00,1.312333704808437
2007-06-20 00:00:00,1.309877034871892
2007-06-21 00:00:00,1.316654055386499
2007-06-22 00:00:00,1.301744610254363
2007-06-25 00:00:00,1.2932733346111043
2007-06-26 00:00:00,1.2836160803777892
2007-06-27 00:00:00,1.2988643765356551
2007-06-28 00:00:00,1.2994573658306834
2007-06-29 00:00:00,1.3035235781394476
2007-07-02 00:00:00,1.325972458594084
2007-07-03 00:00:00,1.335036723532371
2007-07-05 00:00:00,1.3401194889183266
2007-07-06 00:00:00,1.3598575611671198
2007-07-09 00:00:00,1.3712090705290867
2007-07-10 00:00:00,1.347828349753692
2007-07-11 00:00:00,1.3574856039870073
2007-07-12 00:00:00,1.383153569186082
2007-07-13 00:00:00,1.3959738081915363
2007-07-16 00:00:00,1.3926142348390775
2007-07-17 00:00:00,1.3923418369996887
2007-07-18 00:00:00,1.3766335615949483
2007-07-19 00:00:00,1.3888006650876377
2007-07-20 00:00:00,1.380447131346388
2007-07-23 00:00:00,1.4172208396638442
2007-07-24 00:00:00,1.3724567947243236
2007-07-25 00:00:00,1.3797207371080187
2007-07-26 00:00:00,1.35314672980834
2007-07-27 00:00:00,1.35314672980834
2007-07-30 00:00:00,1.35314672980834
2007-07-31 00:00:00,1.35314672980834
2007-08-01 00:00:00,1.35314672980834
2007-08-02 00:00:00,1.35314672980834
2007-08-03 00:00:00,1.35314672980834
2007-08-06 00:00:00,1.35314672980834
2007-08-07 00:00:00,1.35314672980834
2007-08-08 00:00:00,1.35314672980834
2007-08-09 00:00:00,1.35314672980834
2007-08-10 00:00:00,1.35314672980834
2007-08-13 00:00:00,1.35314672980834
2007-08-14 00:00:00,1.35314672980834
2007-08-15 00:00:00,1.35314672980834
2007-08-16 00:00:00,1.35314672980834
2007-08-17 00:00:00,1.35314672980834
2007-08-20 00:00:00,1.35314672980834
2007-08-21 00:00:00,1.35314672980834
2007-08-22 00:00:00,1.35314672980834
2007-08-23 00:00:00,1.35314672980834
2007-08-24 00:00:00,1.35314672980834
2007-08-27 00:00:00,1.35314672980834
2007-08-28 00:00:00,1.35314672980834
2007-08-29 00:00:00,1.35314672980834
2007-08-30 00:00:00,1.35314672980834
2007-08-31 00:00:00,1.35314672980834
2007-09-04 00:00:00,1.35314672980834
2007-09-05 00:00:00,1.35314672980834
2007-09-06 00:00:00,1.35314672980834
2007-09-07 00:00:00,1.35314672980834
2007-09-10 00:00:00,1.35314672980834
2007-09-11 00:00:00,1.35314672980834
2007-09-12 00:00:00,1.35314672980834
2007-09-13 00:00:00,1.35314672980834
2007-09-14 00:00:00,1.35314672980834
2007-09-17 00:00:00,1.35314672980834
2007-09-18 00:00:00,1.35314672980834
2007-09-19 00:00:00,1.35314672980834
2007-09-20 00:00:00,1.35314672980834
2007-09-21 00:00:00,1.35314672980834
2007-09-24 00:00:00,1.35314672980834
2007-09-25 00:00:00,1.3566199316286374
2007-09-26 00:00:00,1.3670395370895287
2007-09-27 00:00:00,1.3787949894043812
2007-09-28 00:00:00,1.373718771359331
2007-10-01 00:00:00,1.3988326922137881
2007-10-02 00:00:00,1.4044432490004222
2007-10-03 00:00:00,1.3793293281459653
2007-10-04 00:00:00,1.3873444092697282
2007-10-05 00:00:00,1.4144353834680468
2007-10-08 00:00:00,1.4055119264835907
2007-10-09 00:00:00,1.4184429240299279
2007-10-10 00:00:00,1.4195650353872549
2007-10-11 00:00:00,1.430650125755444
2007-10-12 00:00:00,1.430650125755444
2007-10-15 00:00:00,1.430650125755444
2007-10-16 00:00:00,1.430650125755444
2007-10-17 00:00:00,1.430650125755444
2007-10-18 00:00:00,1.430650125755444
2007-10-19 00:00:00,1.430650125755444
2007-10-22 00:00:00,1.430650125755444
2007-10-23 00:00:00,1.430650125755444
2007-10-24 00:00:00,1.430650125755444
2007-10-25 00:00:00,1.430650125755444
2007-10-26 00:00:00,1.430650125755444
2007-10-29 00:00:00,1.4365923613385774
2007-10-30 00:00:00,1.4187656545891774
2007-10-31 00:00:00,1.4390824410115095
2007-11-01 00:00:00,1.400882355119938
2007-11-02 00:00:00,1.4060322926253204
2007-11-05 00:00:00,1.3752669055244862
2007-11-06 00:00:00,1.3752669055244862
2007-11-07 00:00:00,1.3752669055244862
2007-11-08 00:00:00,1.3752669055244862
2007-11-09 00:00:00,1.3752669055244862
2007-11-12 00:00:00,1.3752669055244862
2007-11-13 00:00:00,1.3752669055244862
2007-11-14 00:00:00,1.3752669055244862
2007-11-15 00:00:00,1.3752669055244862
2007-11-16 00:00:00,1.3752669055244862
2007-11-19 00:00:00,1.3752669055244862
2007-11-20 00:00:00,1.3752669055244862
2007-11-21 00:00:00,1.3752669055244862
2007-11-23 00:00:00,1.3752669055244862
2007-11-26 00:00:00,1.3752669055244862
2007-11-27 00:00:00,1.3752669055244862
2007-11-28 00:00:00,1.3752669055244862
2007-11-29 00:00:00,1.3752669055244862
2007-11-30 00:00:00,1.3752669055244862
2007-12-03 00:00:00,1.3752669055244862
2007-12-04 00:00:00,1.3752669055244862
2007-12-05 00:00:00,1.3752669055244862
2007-12-06 00:00:00,1.3752669055244862
2007-12-07 00:00:00,1.3752669055244862
2007-12-10 00:00:00,1.3752669055244862
2007-12-11 00:00:00,1.3752669055244862
2007-12-12 00:00:00,1.3752669055244862
2007-12-13 00:00:00,1.3752669055244862
2007-12-14 00:00:00,1.3752669055244862
2007-12-17 00:00:00,1.3752669055244862
2007-12-18 00:00:00,1.3752669055244862
2007-12-19 00:00:00,1.3752669055244862
2007-12-20 00:00:00,1.3752669055244862
2007-12-21 00:00:00,1.3752669055244862
2007-12-24 00:00:00,1.3752669055244862
2007-12-26 00:00:00,1.3752669055244862
2007-12-27 00:00:00,1.3752669055244862
2007-12-28 00:00:00,1.3752669055244862
2007-12-31 00:00:00,1.3752669055244862
2008-01-02 00:00:00,1.3752669055244862
2008-01-03 00:00:00,1.3752669055244862
2008-01-04 00:00:00,1.3752669055244862
2008-01-07 00:00:00,1.3752669055244862
2008-01-08 00:00:00,1.3752669055244862
2008-01-09 00:00:00,1.3752669055244862
2008-01-10 00:00:00,1.3752669055244862
2008-01-11 00:00:00,1.3752669055244862
2008-01-14 00:00:00,1.3752669055244862
2008-01-15 00:00:00,1.3752669055244862
2008-01-16 00:00:00,1.3752669055244862
2008-01-17 00:00:00,1.3752669055244862
2008-01-18 00:00:00,1.3752669055244862
2008-01-22 00:00:00,1.3752669055244862
2008-01-23 00:00:00,1.3752669055244862
2008-01-24 00:00:00,1.3752669055244862
2008-01-25 00:00:00,1.3752669055244862
2008-01-28 00:00:00,1.3752669055244862
2008-01-29 00:00:00,1.3752669055244862
2008-01-30 00:00:00,1.3752669055244862
2008-01-31 00:00:00,1.3752669055244862
2008-02-01 00:00:00,1.3752669055244862
2008-02-04 00:00:00,1.3752669055244862
2008-02-05 00:00:00,1.3752669055244862
2008-02-06 00:00:00,1.3752669055244862
2008-02-07 00:00:00,1.3752669055244862
2008-02-08 00:00:00,1.3752669055244862
2008-02-11 00:00:00,1.3752669055244862
2008-02-12 00:00:00,1.3752669055244862
2008-02-13 00:00:00,1.3752669055244862
2008-02-14 00:00:00,1.3752669055244862
2008-02-15 00:00:00,1.3752669055244862
2008-02-19 00:00:00,1.3752669055244862
2008-02-20 00:00:00,1.3752669055244862
2008-02-21 00:00:00,1.3752669055244862
2008-02-22 00:00:00,1.3752669055244862
2008-02-25 00:00:00,1.3752669055244862
2008-02-26 00:00:00,1.3752669055244862
2008-02-27 00:00:00,1.3752669055244862
2008-02-28 00:00:00,1.3752669055244862
2008-02-29 00:00:00,1.3752669055244862
2008-03-03 00:00:00,1.3752669055244862
2008-03-04 00:00:00,1.3752669055244862
2008-03-05 00:00:00,1.3752669055244862
2008-03-06 00:00:00,1.3752669055244862
2008-03-07 00:00:00,1.3752669055244862
2008-03-10 00:00:00,1.3752669055244862
2008-03-11 00:00:00,1.3752669055244862
2008-03-12 00:00:00,1.3752669055244862
2008-03-13 00:00:00,1.3752669055244862
2008-03-14 00:00:00,1.3752669055244862
2008-03-17 00:00:00,1.3752669055244862
2008-03-18 00:00:00,1.3752669055244862
2008-03-19 00:00:00,1.3752669055244862
2008-03-20 00:00:00,1.3752669055244862
2008-03-24 00:00:00,1.3752669055244862
2008-03-25 00:00:00,1.3752669055244862
2008-03-26 00:00:00,1.3752669055244862
2008-03-27 00:00:00,1.3752669055244862
2008-03-28 00:00:00,1.3752669055244862
2008-03-31 00:00:00,1.3752669055244862
2008-04-01 00:00:00,1.3752669055244862
2008-04-02 00:00:00,1.3752669055244862
2008-04-03 00:00:00,1.3752669055244862
2008-04-04 00:00:00,1.3752669055244862
2008-04-07 00:00:00,1.3752669055244862
2008-04-08 00:00:00,1.3752669055244862
2008-04-09 00:00:00,1.3752669055244862
2008-04-10 00:00:00,1.3752669055244862
2008-04-11 00:00:00,1.3752669055244862
2008-04-14 00:00:00,1.3752669055244862
2008-04-15 00:00:00,1.3752669055244862
2008-04-16 00:00:00,1.3752669055244862
2008-04-17 00:00:00,1.3752669055244862
2008-04-18 00:00:00,1.3752669055244862
2008-04-21 00:00:00,1.3752669055244862
2008-04-22 00:00:00,1.3752669055244862
2008-04-23 00:00:00,1.3752669055244862
2008-04-24 00:00:00,1.3752669055244862
2008-04-25 00:00:00,1.3752669055244862
2008-04-28 00:00:00,1.3752669055244862
2008-04-29 00:00:00,1.3752669055244862
2008-04-30 00:00:00,1.3752669055244862
2008-05-01 00:00:00,1.3752669055244862
2008-05-02 00:00:00,1.3752669055244862
2008-05-05 00:00:00,1.3752669055244862
2008-05-06 00:00:00,1.3752669055244862
2008-05-07 00:00:00,1.3752669055244862
2008-05-08 00:00:00,1.3752669055244862
2008-05-09 00:00:00,1.3752669055244862
2008-05-12 00:00:00,1.3752669055244862
2008-05-13 00:00:00,1.3752669055244862
2008-05-14 00:00:00,1.3752669055244862
2008-05-15 00:00:00,1.3752669055244862
2008-05-16 00:00:00,1.3752669055244862
2008-05-19 00:00:00,1.3752669055244862
2008-05-20 00:00:00,1.3752669055244862
2008-05-21 00:00:00,1.3752669055244862
2008-05-22 00:00:00,1.3752669055244862
2008-05-23 00:00:00,1.3752669055244862
2008-05-27 00:00:00,1.3752669055244862
2008-05-28 00:00:00,1.3752669055244862
2008-05-29 00:00:00,1.3752669055244862
2008-05-30 00:00:00,1.3752669055244862
2008-06-02 00:00:00,1.3752669055244862
2008-06-03 00:00:00,1.3752669055244862
2008-06-04 00:00:00,1.3752669055244862
2008-06-05 00:00:00,1.3752669055244862
2008-06-06 00:00:00,1.3752669055244862
2008-06-09 00:00:00,1.3752669055244862
2008-06-10 00:00:00,1.3752669055244862
2008-06-11 00:00:00,1.3752669055244862
2008-06-12 00:00:00,1.3752669055244862
2008-06-13 00:00:00,1.3752669055244862
2008-06-16 00:00:00,1.3752669055244862
2008-06-17 00:00:00,1.3752669055244862
2008-06-18 00:00:00,1.3752669055244862
2008-06-19 00:00:00,1.3752669055244862
2008-06-20 00:00:00,1.3752669055244862
2008-06-23 00:00:00,1.3752669055244862
2008-06-24 00:00:00,1.3752669055244862
2008-06-25 00:00:00,1.3752669055244862
2008-06-26 00:00:00,1.3752669055244862
2008-06-27 00:00:00,1.3752669055244862
2008-06-30 00:00:00,1.3752669055244862
2008-07-01 00:00:00,1.3752669055244862
2008-07-02 00:00:00,1.3752669055244862
2008-07-03 00:00:00,1.3752669055244862
2008-07-07 00:00:00,1.3752669055244862
2008-07-08 00:00:00,1.3752669055244862
2008-07-09 00:00:00,1.3752669055244862
2008-07-10 00:00:00,1.3752669055244862
2008-07-11 00:00:00,1.3752669055244862
2008-07-14 00:00:00,1.3752669055244862
2008-07-15 00:00:00,1.3752669055244862
2008-07-16 00:00:00,1.3752669055244862
2008-07-17 00:00:00,1.3752669055244862
2008-07-18 00:00:00,1.3752669055244862
2008-07-21 00:00:00,1.3752669055244862
2008-07-22 00:00:00,1.3752669055244862
2008-07-23 00:00:00,1.3752669055244862
2008-07-24 00:00:00,1.3752669055244862
2008-07-25 00:00:00,1.3752669055244862
2008-07-28 00:00:00,1.3752669055244862
2008-07-29 00:00:00,1.3752669055244862
2008-07-30 00:00:00,1.3752669055244862
2008-07-31 00:00:00,1.3752669055244862
2008-08-01 00:00:00,1.3752669055244862
2008-08-04 00:00:00,1.3752669055244862
2008-08-05 00:00:00,1.3752669055244862
2008-08-06 00:00:00,1.3752669055244862
2008-08-07 00:00:00,1.3752669055244862
2008-08-08 00:00:00,1.3752669055244862
2008-08-11 00:00:00,1.3752669055244862
2008-08-12 00:00:00,1.3752669055244862
2008-08-13 00:00:00,1.3752669055244862
2008-08-14 00:00:00,1.3752669055244862
2008-08-15 00:00:00,1.3752669055244862
2008-08-18 00:00:00,1.3752669055244862
2008-08-19 00:00:00,1.3752669055244862
2008-08-20 00:00:00,1.3752669055244862
2008-08-21 00:00:00,1.3752669055244862
2008-08-22 00:00:00,1.3752669055244862
2008-08-25 00:00:00,1.3752669055244862
2008-08-26 00:00:00,1.3752669055244862
2008-08-27 00:00:00,1.3752669055244862
2008-08-28 00:00:00,1.3752669055244862
2008-08-29 00:00:00,1.3752669055244862
2008-09-02 00:00:00,1.3752669055244862
2008-09-03 00:00:00,1.3752669055244862
2008-09-04 00:00:00,1.3752669055244862
2008-09-05 00:00:00,1.3752669055244862
2008-09-08 00:00:00,1.3752669055244862
2008-09-09 00:00:00,1.3752669055244862
2008-09-10 00:00:00,1.3752669055244862
2008-09-11 00:00:00,1.3752669055244862
2008-09-12 00:00:00,1.3752669055244862
2008-09-15 00:00:00,1.3752669055244862
2008-09-16 00:00:00,1.3752669055244862
2008-09-17 00:00:00,1.3752669055244862
2008-09-18 00:00:00,1.3752669055244862
2008-09-19 00:00:00,1.3752669055244862
2008-09-22 00:00:00,1.3752669055244862
2008-09-23 00:00:00,1.3752669055244862
2008-09-24 00:00:00,1.3752669055244862
2008-09-25 00:00:00,1.3752669055244862
2008-09-26 00:00:00,1.3752669055244862
2008-09-29 00:00:00,1.3752669055244862
2008-09-30 00:00:00,1.3752669055244862
2008-10-01 00:00:00,1.3752669055244862
2008-10-02 00:00:00,1.3752669055244862
2008-10-03 00:00:00,1.3752669055244862
2008-10-06 00:00:00,1.3752669055244862
2008-10-07 00:00:00,1.3752669055244862
2008-10-08 00:00:00,1.3752669055244862
2008-10-09 00:00:00,1.3752669055244862
2008-10-10 00:00:00,1.3752669055244862
2008-10-13 00:00:00,1.3752669055244862
2008-10-14 00:00:00,1.3752669055244862
2008-10-15 00:00:00,1.3752669055244862
2008-10-16 00:00:00,1.3752669055244862
2008-10-17 00:00:00,1.3752669055244862
2008-10-20 00:00:00,1.3752669055244862
2008-10-21 00:00:00,1.3752669055244862
2008-10-22 00:00:00,1.3752669055244862
2008-10-23 00:00:00,1.3752669055244862
2008-10-24 00:00:00,1.3752669055244862
2008-10-27 00:00:00,1.3752669055244862
2008-10-28 00:00:00,1.3752669055244862
2008-10-29 00:00:00,1.3752669055244862
2008-10-30 00:00:00,1.3752669055244862
2008-10-31 00:00:00,1.3752669055244862
2008-11-03 00:00:00,1.3752669055244862
2008-11-04 00:00:00,1.3752669055244862
2008-11-05 00:00:00,1.3752669055244862
2008-11-06 00:00:00,1.3752669055244862
2008-11-07 00:00:00,1.3752669055244862
2008-11-10 00:00:00,1.3752669055244862
2008-11-11 00:00:00,1.3752669055244862
2008-11-12 00:00:00,1.3752669055244862
2008-11-13 00:00:00,1.3752669055244862
2008-11-14 00:00:00,1.3752669055244862
2008-11-17 00:00:00,1.3752669055244862
2008-11-18 00:00:00,1.3752669055244862
2008-11-19 00:00:00,1.3752669055244862
2008-11-20 00:00:00,1.3752669055244862
2008-11-21 00:00:00,1.3752669055244862
2008-11-24 00:00:00,1.3752669055244862
2008-11-25 00:00:00,1.3752669055244862
2008-11-26 00:00:00,1.3752669055244862
2008-11-28 00:00:00,1.3752669055244862
2008-12-01 00:00:00,1.3752669055244862
2008-12-02 00:00:00,1.3752669055244862
2008-12-03 00:00:00,1.3752669055244862
2008-12-04 00:00:00,1.3752669055244862
2008-12-05 00:00:00,1.3752669055244862
2008-12-08 00:00:00,1.3752669055244862
2008-12-09 00:00:00,1.3752669055244862
2008-12-10 00:00:00,1.3752669055244862
2008-12-11 00:00:00,1.3752669055244862
2008-12-12 00:00:00,1.3752669055244862
2008-12-15 00:00:00,1.3752669055244862
2008-12-16 00:00:00,1.3752669055244862
2008-12-17 00:00:00,1.3752669055244862
2008-12-18 00:00:00,1.3752669055244862
2008-12-19 00:00:00,1.3752669055244862
2008-12-22 00:00:00,1.3752669055244862
2008-12-23 00:00:00,1.3752669055244862
2008-12-24 00:00:00,1.3752669055244862
2008-12-26 00:00:00,1.3752669055244862
2008-12-29 00:00:00,1.3752669055244862
2008-12-30 00:00:00,1.3752669055244862
2008-12-31 00:00:00,1.3752669055244862
2009-01-02 00:00:00,1.3752669055244862
2009-01-05 00:00:00,1.3752669055244862
2009-01-06 00:00:00,1.3752669055244862
2009-01-07 00:00:00,1.3752669055244862
2009-01-08 00:00:00,1.3752669055244862
2009-01-09 00:00:00,1.3752669055244862
2009-01-12 00:00:00,1.3752669055244862
2009-01-13 00:00:00,1.3752669055244862
2009-01-14 00:00:00,1.3752669055244862
2009-01-15 00:00:00,1.3752669055244862
2009-01-16 00:00:00,1.3752669055244862
2009-01-20 00:00:00,1.3752669055244862
2009-01-21 00:00:00,1.3752669055244862
2009-01-22 00:00:00,1.3752669055244862
2009-01-23 00:00:00,1.3752669055244862
2009-01-26 00:00:00,1.3752669055244862
2009-01-27 00:00:00,1.3752669055244862
2009-01-28 00:00:00,1.3752669055244862
2009-01-29 00:00:00,1.3752669055244862
2009-01-30 00:00:00,1.3752669055244862
2009-02-02 00:00:00,1.3752669055244862
2009-02-03 00:00:00,1.3752669055244862
2009-02-04 00:00:00,1.3752669055244862
2009-02-05 00:00:00,1.3752669055244862
2009-02-06 00:00:00,1.3752669055244862
2009-02-09 00:00:00,1.3752669055244862
2009-02-10 00:00:00,1.3752669055244862
2009-02-11 00:00:00,1.3752669055244862
2009-02-12 00:00:00,1.3752669055244862
2009-02-13 00:00:00,1.3752669055244862
2009-02-17 00:00:00,1.3752669055244862
2009-02-18 00:00:00,1.3752669055244862
2009-02-19 00:00:00,1.3752669055244862
2009-02-20 00:00:00,1.3752669055244862
2009-02-23 00:00:00,1.3752669055244862
2009-02-24 00:00:00,1.3752669055244862
2009-02-25 00:00:00,1.3752669055244862
2009-02-26 00:00:00,1.3752669055244862
2009-02-27 00:00:00,1.3752669055244862
2009-03-02 00:00:00,1.3752669055244862
2009-03-03 00:00:00,1.3752669055244862
2009-03-04 00:00:00,1.3752669055244862
2009-03-05 00:00:00,1.3752669055244862
2009-03-06 00:00:00,1.3752669055244862
2009-03-09 00:00:00,1.3752669055244862
2009-03-10 00:00:00,1.3752669055244862
2009-03-11 00:00:00,1.3752669055244862
2009-03-12 00:00:00,1.3752669055244862
2009-03-13 00:00:00,1.3752669055244862
2009-03-16 00:00:00,1.3752669055244862
2009-03-17 00:00:00,1.3752669055244862
2009-03-18 00:00:00,1.3752669055244862
2009-03-19 00:00:00,1.3752669055244862
2009-03-20 00:00:00,1.3752669055244862
2009-03-23 00:00:00,1.3752669055244862
2009-03-24 00:00:00,1.3752669055244862
2009-03-25 00:00:00,1.3752669055244862
2009-03-26 00:00:00,1.3752669055244862
2009-03-27 00:00:00,1.3752669055244862
2009-03-30 00:00:00,1.3752669055244862
2009-03-31 00:00:00,1.3752669055244862
2009-04-01 00:00:00,1.3752669055244862
2009-04-02 00:00:00,1.3752669055244862
2009-04-03 00:00:00,1.3752669055244862
2009-04-06 00:00:00,1.3752669055244862
2009-04-07 00:00:00,1.3752669055244862
2009-04-08 00:00:00,1.3752669055244862
2009-04-09 00:00:00,1.3752669055244862
2009-04-13 00:00:00,1.3752669055244862
2009-04-14 00:00:00,1.3752669055244862
2009-04-15 00:00:00,1.3752669055244862
2009-04-16 00:00:00,1.3752669055244862
2009-04-17 00:00:00,1.3752669055244862
2009-04-20 00:00:00,1.3752669055244862
2009-04-21 00:00:00,1.3752669055244862
2009-04-22 00:00:00,1.3752669055244862
2009-04-23 00:00:00,1.3752669055244862
2009-04-24 00:00:00,1.3752669055244862
2009-04-27 00:00:00,1.3752669055244862
2009-04-28 00:00:00,1.3752669055244862
2009-04-29 00:00:00,1.3752669055244862
2009-04-30 00:00:00,1.3752669055244862
2009-05-01 00:00:00,1.3825886128121994
2009-05-04 00:00:00,1.421316590834051
2009-05-05 00:00:00,1.4159216486220518
2009-05-06 00:00:00,1.426114235872579
2009-05-07 00:00:00,1.4111047359327666
2009-05-08 00:00:00,1.4307577397050495
2009-05-11 00:00:00,1.4164996781447659
2009-05-12 00:00:00,1.4207385613113366
2009-05-13 00:00:00,1.398773439448197
2009-05-14 00:00:00,1.4070585292737674
2009-05-15 00:00:00,1.401663587061768
2009-05-18 00:00:00,1.433840563826192
2009-05-19 00:00:00,1.4434232130314855
2009-05-20 00:00:00,1.4377074633501756
2009-05-21 00:00:00,1.4254594283187976
2009-05-22 00:00:00,1.4283173031594525
2009-05-26 00:00:00,1.4360743920126586
2009-05-27 00:00:00,1.4285214370766421
2009-05-28 00:00:00,1.4485265609612263
2009-05-29 00:00:00,1.458733256820708
2009-06-01 00:00:00,1.487312005227257
2009-06-02 00:00:00,1.4771053093677753
2009-06-03 00:00:00,1.4524051053878293
2009-06-04 00:00:00,1.464857274336397
2009-06-05 00:00:00,1.4662862117567246
2009-06-08 00:00:00,1.4556712480628635
2009-06-09 00:00:00,1.4568960515660012
2009-06-10 00:00:00,1.465428849304528
2009-06-11 00:00:00,1.4801673181256196
2009-06-12 00:00:00,1.4689399526801898
2009-06-15 00:00:00,1.444239748700244
2009-06-16 00:00:00,1.4342371867579518
2009-06-17 00:00:00,1.426888365739125
2009-06-18 00:00:00,1.4250511604844183
2009-06-19 00:00:00,1.4283173031594525
2009-06-22 00:00:00,1.4048419026826444
2009-06-23 00:00:00,1.4016627720421169
2009-06-24 00:00:00,1.4016627720421169
2009-06-25 00:00:00,1.4016627720421169
2009-06-26 00:00:00,1.4016627720421169
2009-06-29 00:00:00,1.4016627720421169
2009-06-30 00:00:00,1.4016627720421169
2009-07-01 00:00:00,1.4016627720421169
2009-07-02 00:00:00,1.4016627720421169
2009-07-06 00:00:00,1.4016627720421169
2009-07-07 00:00:00,1.4016627720421169
2009-07-08 00:00:00,1.4016627720421169
2009-07-09 00:00:00,1.4016627720421169
2009-07-10 00:00:00,1.4016627720421169
2009-07-13 00:00:00,1.4016627720421169
2009-07-14 00:00:00,1.4016627720421169
2009-07-15 00:00:00,1.4016627720421169
2009-07-16 00:00:00,1.4016627720421169
2009-07-17 00:00:00,1.4016627720421169
2009-07-20 00:00:00,1.4016627720421169
2009-07-21 00:00:00,1.4016627720421169
2009-07-22 00:00:00,1.4016627720421169
2009-07-23 00:00:00,1.4016627720421169
2009-07-24 00:00:00,1.4064925072279415
2009-07-27 00:00:00,1.4139785967659697
2009-07-28 00:00:00,1.4101148086173099
2009-07-29 00:00:00,1.3907958678740113
2009-07-30 00:00:00,1.4115637291730574
2009-07-31 00:00:00,1.4156690040810083
2009-08-03 00:00:00,1.4480282298260339
2009-08-04 00:00:00,1.4398176800101319
2009-08-05 00:00:00,1.4323315904721035
2009-08-06 00:00:00,1.4250869876933667
2009-08-07 00:00:00,1.4337805110278512
2009-08-10 00:00:00,1.4238795538969102
2009-08-11 00:00:00,1.4074584542651063
2009-08-12 00:00:00,1.415186030562426
2009-08-13 00:00:00,1.4301582096384824
2009-08-14 00:00:00,1.414220083525261
2009-08-17 00:00:00,1.3804119372244883
2009-08-18 00:00:00,1.3985234441713308
2009-08-19 00:00:00,1.4006968250049519
2009-08-20 00:00:00,1.4154275173217172
2009-08-21 00:00:00,1.4284678023234438
2009-08-24 00:00:00,1.4323315904721035
2009-08-25 00:00:00,1.4303996963977736
2009-08-26 00:00:00,1.42774334204557
2009-08-27 00:00:00,1.4260529347305315
2009-08-28 00:00:00,1.421464686303998
2009-08-31 00:00:00,1.4043191263943204
2009-09-01 00:00:00,1.3881395135218078
2009-09-02 00:00:00,1.3970745236155833
2009-09-03 00:00:00,1.4139785967659697
2009-09-04 00:00:00,1.430641183157065
2009-09-08 00:00:00,1.4487526901039074
2009-09-09 00:00:00,1.4535824252897322
2009-09-10 00:00:00,1.4654152764950028
2009-09-11 00:00:00,1.465898250013585
2009-09-14 00:00:00,1.462517435383508
2009-09-15 00:00:00,1.4733843395516133
2009-09-16 00:00:00,1.4890601529498377
2009-09-17 00:00:00,1.485654158497867
2009-09-18 00:00:00,1.4890601529498377
2009-09-21 00:00:00,1.4785325337346558
2009-09-22 00:00:00,1.496801049431589
2009-09-23 00:00:00,1.4785325337346558
2009-09-24 00:00:00,1.4550002084301314
2009-09-25 00:00:00,1.4599543821784524
2009-09-28 00:00:00,1.4751265392826851
2009-09-29 00:00:00,1.4778822984301885
2009-09-30 00:00:00,1.4853445226385968
2009-10-01 00:00:00,1.452523121555971
2009-10-02 00:00:00,1.452832757415241
2009-10-05 00:00:00,1.480080713031006
2009-10-06 00:00:00,1.4998974080242897
2009-10-07 00:00:00,1.4986588645872096
2009-10-08 00:00:00,1.513521385832172
2009-10-09 00:00:00,1.5144502934099824
2009-10-12 00:00:00,1.5246682767658941
2009-10-13 00:00:00,1.5268357277807847
2009-10-14 00:00:00,1.567088389485892
2009-10-15 00:00:00,1.5599667647226807
2009-10-16 00:00:00,1.5423175207442874
2009-10-19 00:00:00,1.566469117767352
2009-10-20 00:00:00,1.5494391455074987
2009-10-21 00:00:00,1.5426271566035574
2009-10-22 00:00:00,1.5531547758187394
2009-10-23 00:00:00,1.5426271566035574
2009-10-26 00:00:00,1.5268357277807847
2009-10-27 00:00:00,1.5051612176318805
2009-10-28 00:00:00,1.4491171271040004
2009-10-29 00:00:00,1.5008263156020998
2009-10-30 00:00:00,1.4438533174964094
2009-11-02 00:00:00,1.4611929256155327
2009-11-03 00:00:00,1.4630507407711528
2009-11-04 00:00:00,1.4850348867793268
2009-11-05 00:00:00,1.5098057555209317
2009-11-06 00:00:00,1.5082575762245811
2009-11-09 00:00:00,1.5534644116780094
2009-11-10 00:00:00,1.5475813303518784
2009-11-11 00:00:00,1.5584185854263306
2009-11-12 00:00:00,1.5486461061447363
2009-11-13 00:00:00,1.5486461061447363
2009-11-16 00:00:00,1.5486461061447363
2009-11-17 00:00:00,1.5546641048844763
2009-11-18 00:00:00,1.547308773091461
2009-11-19 00:00:00,1.5301463322410918
2009-11-20 00:00:00,1.5263572219234778
2009-11-23 00:00:00,1.5453027735115477
2009-11-24 00:00:00,1.5401763301406581
2009-11-25 00:00:00,1.5508749945668623
2009-11-27 00:00:00,1.5035552557623635
2009-11-30 00:00:00,1.5035552557623635
2009-12-01 00:00:00,1.5035552557623635
2009-12-02 00:00:00,1.5035552557623635
2009-12-03 00:00:00,1.5035552557623635
2009-12-04 00:00:00,1.5035552557623635
2009-12-07 00:00:00,1.5035552557623635
2009-12-08 00:00:00,1.5035552557623635
2009-12-09 00:00:00,1.5035552557623635
2009-12-10 00:00:00,1.5035552557623635
2009-12-11 00:00:00,1.5035552557623635
2009-12-14 00:00:00,1.5035552557623635
2009-12-15 00:00:00,1.5035552557623635
2009-12-16 00:00:00,1.5035552557623635
2009-12-17 00:00:00,1.5035552557623635
2009-12-18 00:00:00,1.5035552557623635
2009-12-21 00:00:00,1.5035552557623635
2009-12-22 00:00:00,1.5035552557623635
2009-12-23 00:00:00,1.5035552557623635
2009-12-24 00:00:00,1.5035552557623635
2009-12-28 00:00:00,1.5035552557623635
2009-12-29 00:00:00,1.5035552557623635
2009-12-30 00:00:00,1.5035552557623635
2009-12-31 00:00:00,1.5035552557623635
2010-01-04 00:00:00,1.5035552557623635
2010-01-05 00:00:00,1.5068729299637496
2010-01-06 00:00:00,1.509587390673974
2010-01-07 00:00:00,1.502047222034461
2010-01-08 00:00:00,1.5123018513841988
2010-01-11 00:00:00,1.509587390673974
2010-01-12 00:00:00,1.488776525228918
2010-01-13 00:00:00,1.4926974129214647
2010-01-14 00:00:00,1.489379738720079
2010-01-15 00:00:00,1.474579895714443
2010-01-19 00:00:00,1.5002375815609776
2010-01-20 00:00:00,1.4641471342470123
2010-01-21 00:00:00,1.4641471342470123
2010-01-22 00:00:00,1.4641471342470123
2010-01-25 00:00:00,1.4641471342470123
2010-01-26 00:00:00,1.4641471342470123
2010-01-27 00:00:00,1.4641471342470123
2010-01-28 00:00:00,1.4641471342470123
2010-01-29 00:00:00,1.4641471342470123
2010-02-01 00:00:00,1.4641471342470123
2010-02-02 00:00:00,1.4641471342470123
2010-02-03 00:00:00,1.4641471342470123
2010-02-04 00:00:00,1.4641471342470123
2010-02-05 00:00:00,1.4641471342470123
2010-02-08 00:00:00,1.4641471342470123
2010-02-09 00:00:00,1.4641471342470123
2010-02-10 00:00:00,1.4641471342470123
2010-02-11 00:00:00,1.4641471342470123
2010-02-12 00:00:00,1.4641471342470123
2010-02-16 00:00:00,1.4641471342470123
2010-02-17 00:00:00,1.4641471342470123
2010-02-18 00:00:00,1.4641471342470123
2010-02-19 00:00:00,1.4641471342470123
2010-02-22 00:00:00,1.4641471342470123
2010-02-23 00:00:00,1.4641471342470123
2010-02-24 00:00:00,1.4641471342470123
2010-02-25 00:00:00,1.4641471342470123
2010-02-26 00:00:00,1.4641471342470123
2010-03-01 00:00:00,1.4641471342470123
2010-03-02 00:00:00,1.4641471342470123
2010-03-03 00:00:00,1.4641471342470123
2010-03-04 00:00:00,1.4641471342470123
2010-03-05 00:00:00,1.4641471342470123
2010-03-08 00:00:00,1.4641471342470123
2010-03-09 00:00:00,1.4641471342470123
2010-03-10 00:00:00,1.4641471342470123
2010-03-11 00:00:00,1.4641471342470123
2010-03-12 00:00:00,1.4641471342470123
2010-03-15 00:00:00,1.4641471342470123
2010-03-16 00:00:00,1.4641471342470123
2010-03-17 00:00:00,1.4641471342470123
2010-03-18 00:00:00,1.4641471342470123
2010-03-19 00:00:00,1.4641471342470123
2010-03-22 00:00:00,1.4641471342470123
2010-03-23 00:00:00,1.4641471342470123
2010-03-24 00:00:00,1.4641471342470123
2010-03-25 00:00:00,1.4641471342470123
2010-03-26 00:00:00,1.4641471342470123
2010-03-29 00:00:00,1.4641471342470123
2010-03-30 00:00:00,1.4641471342470123
2010-03-31 00:00:00,1.4641471342470123
2010-04-01 00:00:00,1.4641471342470123
2010-04-05 00:00:00,1.4641471342470123
2010-04-06 00:00:00,1.474258647605072
2010-04-07 00:00:00,1.461450730684863
2010-04-08 00:00:00,1.46659074997521
2010-04-09 00:00:00,1.5522772656491493
2010-04-12 00:00:00,1.5522772656491493
2010-04-13 00:00:00,1.5522772656491493
2010-04-14 00:00:00,1.5522772656491493
2010-04-15 00:00:00,1.5522772656491493
2010-04-16 00:00:00,1.5522772656491493
2010-04-19 00:00:00,1.5522772656491493
2010-04-20 00:00:00,1.5522772656491493
2010-04-21 00:00:00,1.5522772656491493
2010-04-22 00:00:00,1.5522772656491493
2010-04-23 00:00:00,1.5522772656491493
2010-04-26 00:00:00,1.5522772656491493
2010-04-27 00:00:00,1.5522772656491493
2010-04-28 00:00:00,1.5522772656491493
2010-04-29 00:00:00,1.5522772656491493
2010-04-30 00:00:00,1.5522772656491493
2010-05-03 00:00:00,1.5522772656491493
2010-05-04 00:00:00,1.5522772656491493
2010-05-05 00:00:00,1.5522772656491493
2010-05-06 00:00:00,1.5522772656491493
2010-05-07 00:00:00,1.5522772656491493
2010-05-10 00:00:00,1.5522772656491493
2010-05-11 00:00:00,1.5522772656491493
2010-05-12 00:00:00,1.5522772656491493
2010-05-13 00:00:00,1.5522772656491493
2010-05-14 00:00:00,1.5522772656491493
2010-05-17 00:00:00,1.5522772656491493
2010-05-18 00:00:00,1.5522772656491493
2010-05-19 00:00:00,1.5522772656491493
2010-05-20 00:00:00,1.5522772656491493
2010-05-21 00:00:00,1.5522772656491493
2010-05-24 00:00:00,1.5522772656491493
2010-05-25 00:00:00,1.5522772656491493
2010-05-26 00:00:00,1.5522772656491493
2010-05-27 00:00:00,1.5522772656491493
2010-05-28 00:00:00,1.5522772656491493
2010-06-01 00:00:00,1.5522772656491493
2010-06-02 00:00:00,1.5522772656491493
2010-06-03 00:00:00,1.5522772656491493
2010-06-04 00:00:00,1.5522772656491493
2010-06-07 00:00:00,1.5522772656491493
2010-06-08 00:00:00,1.5522772656491493
2010-06-09 00:00:00,1.5522772656491493
2010-06-10 00:00:00,1.5522772656491493
2010-06-11 00:00:00,1.5522772656491493
2010-06-14 00:00:00,1.5522772656491493
2010-06-15 00:00:00,1.5522772656491493
2010-06-16 00:00:00,1.5522772656491493
2010-06-17 00:00:00,1.5522772656491493
2010-06-18 00:00:00,1.5522772656491493
2010-06-21 00:00:00,1.5522772656491493
2010-06-22 00:00:00,1.5522772656491493
2010-06-23 00:00:00,1.5522772656491493
2010-06-24 00:00:00,1.5522772656491493
2010-06-25 00:00:00,1.5522772656491493
2010-06-28 00:00:00,1.5522772656491493
2010-06-29 00:00:00,1.5522772656491493
2010-06-30 00:00:00,1.5522772656491493
2010-07-01 00:00:00,1.5522772656491493
2010-07-02 00:00:00,1.5522772656491493
2010-07-06 00:00:00,1.5522772656491493
2010-07-07 00:00:00,1.5522772656491493
2010-07-08 00:00:00,1.5522772656491493
2010-07-09 00:00:00,1.5522772656491493
2010-07-12 00:00:00,1.5522772656491493
2010-07-13 00:00:00,1.5522772656491493
2010-07-14 00:00:00,1.5522772656491493
2010-07-15 00:00:00,1.5522772656491493
2010-07-16 00:00:00,1.5522772656491493
2010-07-19 00:00:00,1.5522772656491493
2010-07-20 00:00:00,1.5522772656491493
2010-07-21 00:00:00,1.5522772656491493
2010-07-22 00:00:00,1.5522772656491493
2010-07-23 00:00:00,1.5522772656491493
2010-07-26 00:00:00,1.5522772656491493
2010-07-27 00:00:00,1.5522772656491493
2010-07-28 00:00:00,1.5522772656491493
2010-07-29 00:00:00,1.5522772656491493
2010-07-30 00:00:00,1.5522772656491493
2010-08-02 00:00:00,1.5522772656491493
2010-08-03 00:00:00,1.5522772656491493
2010-08-04 00:00:00,1.5522772656491493
2010-08-05 00:00:00,1.5522772656491493
2010-08-06 00:00:00,1.5522772656491493
2010-08-09 00:00:00,1.5522772656491493
2010-08-10 00:00:00,1.5522772656491493
2010-08-11 00:00:00,1.5522772656491493
2010-08-12 00:00:00,1.5522772656491493
2010-08-13 00:00:00,1.5522772656491493
2010-08-16 00:00:00,1.5522772656491493
2010-08-17 00:00:00,1.5522772656491493
2010-08-18 00:00:00,1.5522772656491493
2010-08-19 00:00:00,1.5522772656491493
2010-08-20 00:00:00,1.5522772656491493
2010-08-23 00:00:00,1.5522772656491493
2010-08-24 00:00:00,1.5522772656491493
2010-08-25 00:00:00,1.5522772656491493
2010-08-26 00:00:00,1.5522772656491493
2010-08-27 00:00:00,1.5522772656491493
2010-08-30 00:00:00,1.5522772656491493
2010-08-31 00:00:00,1.5522772656491493
2010-09-01 00:00:00,1.5522772656491493
2010-09-02 00:00:00,1.5522772656491493
2010-09-03 00:00:00,1.5522772656491493
2010-09-07 00:00:00,1.5522772656491493
2010-09-08 00:00:00,1.5522772656491493
2010-09-09 00:00:00,1.5522772656491493
2010-09-10 00:00:00,1.5522772656491493
2010-09-13 00:00:00,1.5522772656491493
2010-09-14 00:00:00,1.5522772656491493
2010-09-15 00:00:00,1.5522772656491493
2010-09-16 00:00:00,1.5522772656491493
2010-09-17 00:00:00,1.5522772656491493
2010-09-20 00:00:00,1.5522772656491493
2010-09-21 00:00:00,1.5472565032849597
2010-09-22 00:00:00,1.5482606557577976
2010-09-23 00:00:00,1.5388885660113103
2010-09-24 00:00:00,1.5656659652869882
2010-09-27 00:00:00,1.562904545986684
2010-09-28 00:00:00,1.5736991850696918
2010-09-29 00:00:00,1.5787199474338813
2010-09-30 00:00:00,1.587422602198477
2010-10-01 00:00:00,1.6095139566009116
2010-10-04 00:00:00,1.6048279117276678
2010-10-05 00:00:00,1.6322747459852378
2010-10-06 00:00:00,1.6350211933408916
2010-10-07 00:00:00,1.6350211933408916
2010-10-08 00:00:00,1.6350211933408916
2010-10-11 00:00:00,1.6350211933408916
2010-10-12 00:00:00,1.6350211933408916
2010-10-13 00:00:00,1.6350211933408916
2010-10-14 00:00:00,1.6334497291439598
2010-10-15 00:00:00,1.6315290506810434
2010-10-18 00:00:00,1.6322274792130131
2010-10-19 00:00:00,1.591625013178339
2010-10-20 00:00:00,1.591625013178339
2010-10-21 00:00:00,1.591625013178339
2010-10-22 00:00:00,1.591625013178339
2010-10-25 00:00:00,1.591625013178339
2010-10-26 00:00:00,1.591625013178339
2010-10-27 00:00:00,1.591625013178339
2010-10-28 00:00:00,1.591625013178339
2010-10-29 00:00:00,1.591625013178339
2010-11-01 00:00:00,1.591625013178339
2010-11-02 00:00:00,1.591625013178339
2010-11-03 00:00:00,1.5976793771337934
2010-11-04 00:00:00,1.6340055608665196
2010-11-05 00:00:00,1.6309783788887926
2010-11-08 00:00:00,1.6244194846037168
2010-11-09 00:00:00,1.6037337410892476
2010-11-10 00:00:00,1.6155061154470758
2010-11-11 00:00:00,1.5996974984522783
2010-11-12 00:00:00,1.5610168398479862
2010-11-15 00:00:00,1.5603441327418246
2010-11-16 00:00:00,1.543562512188675
2010-11-17 00:00:00,1.543562512188675
2010-11-18 00:00:00,1.543562512188675
2010-11-19 00:00:00,1.543562512188675
2010-11-22 00:00:00,1.543562512188675
2010-11-23 00:00:00,1.543562512188675
2010-11-24 00:00:00,1.543562512188675
2010-11-26 00:00:00,1.543562512188675
2010-11-29 00:00:00,1.543562512188675
2010-11-30 00:00:00,1.543562512188675
2010-12-01 00:00:00,1.543562512188675
2010-12-02 00:00:00,1.543562512188675
2010-12-03 00:00:00,1.543562512188675
2010-12-06 00:00:00,1.543562512188675
2010-12-07 00:00:00,1.543562512188675
2010-12-08 00:00:00,1.543562512188675
2010-12-09 00:00:00,1.543562512188675
2010-12-10 00:00:00,1.543562512188675
2010-12-13 00:00:00,1.543562512188675
2010-12-14 00:00:00,1.543562512188675
2010-12-15 00:00:00,1.543562512188675
2010-12-16 00:00:00,1.543562512188675
2010-12-17 00:00:00,1.543562512188675
2010-12-20 00:00:00,1.543562512188675
2010-12-21 00:00:00,1.543562512188675
2010-12-22 00:00:00,1.543562512188675
2010-12-23 00:00:00,1.543562512188675
2010-12-27 00:00:00,1.543562512188675
2010-12-28 00:00:00,1.543562512188675
2010-12-29 00:00:00,1.543562512188675
2010-12-30 00:00:00,1.543562512188675
2010-12-31 00:00:00,1.543562512188675
2011-01-03 00:00:00,1.543562512188675
2011-01-04 00:00:00,1.543562512188675
2011-01-05 00:00:00,1.543562512188675
2011-01-06 00:00:00,1.543562512188675
2011-01-07 00:00:00,1.543562512188675
2011-01-10 00:00:00,1.543562512188675
2011-01-11 00:00:00,1.543562512188675
2011-01-12 00:00:00,1.543562512188675
2011-01-13 00:00:00,1.543562512188675
2011-01-14 00:00:00,1.543562512188675
2011-01-18 00:00:00,1.543562512188675
2011-01-19 00:00:00,1.543562512188675
2011-01-20 00:00:00,1.543562512188675
2011-01-21 00:00:00,1.543562512188675
2011-01-24 00:00:00,1.543562512188675
2011-01-25 00:00:00,1.543562512188675
2011-01-26 00:00:00,1.543562512188675
2011-01-27 00:00:00,1.543562512188675
2011-01-28 00:00:00,1.543562512188675
2011-01-31 00:00:00,1.543562512188675
2011-02-01 00:00:00,1.543562512188675
2011-02-02 00:00:00,1.543562512188675
2011-02-03 00:00:00,1.543562512188675
2011-02-04 00:00:00,1.543562512188675
2011-02-07 00:00:00,1.543562512188675
2011-02-08 00:00:00,1.543562512188675
2011-02-09 00:00:00,1.543562512188675
2011-02-10 00:00:00,1.543562512188675
2011-02-11 00:00:00,1.543562512188675
2011-02-14 00:00:00,1.543562512188675
2011-02-15 00:00:00,1.543562512188675
2011-02-16 00:00:00,1.543562512188675
2011-02-17 00:00:00,1.543562512188675
2011-02-18 00:00:00,1.543562512188675
2011-02-22 00:00:00,1.543562512188675
2011-02-23 00:00:00,1.543562512188675
2011-02-24 00:00:00,1.543562512188675
2011-02-25 00:00:00,1.543562512188675
2011-02-28 00:00:00,1.543562512188675
2011-03-01 00:00:00,1.543562512188675
2011-03-02 00:00:00,1.543562512188675
2011-03-03 00:00:00,1.543562512188675
2011-03-04 00:00:00,1.543562512188675
2011-03-07 00:00:00,1.543562512188675
2011-03-08 00:00:00,1.543562512188675
2011-03-09 00:00:00,1.543562512188675
2011-03-10 00:00:00,1.543562512188675
2011-03-11 00:00:00,1.543562512188675
2011-03-14 00:00:00,1.543562512188675
2011-03-15 00:00:00,1.543562512188675
2011-03-16 00:00:00,1.543562512188675
2011-03-17 00:00:00,1.543562512188675
2011-03-18 00:00:00,1.543562512188675
2011-03-21 00:00:00,1.543562512188675
2011-03-22 00:00:00,1.543562512188675
2011-03-23 00:00:00,1.543562512188675
2011-03-24 00:00:00,1.543562512188675
2011-03-25 00:00:00,1.543562512188675
2011-03-28 00:00:00,1.543562512188675
2011-03-29 00:00:00,1.543562512188675
2011-03-30 00:00:00,1.543562512188675
2011-03-31 00:00:00,1.543562512188675
2011-04-01 00:00:00,1.5497545540667321
2011-04-04 00:00:00,1.5621386378228468
2011-04-05 00:00:00,1.5591900464523436
2011-04-06 00:00:00,1.5671512431527028
2011-04-07 00:00:00,1.565676947467451
2011-04-08 00:00:00,1.5671512431527028
2011-04-11 00:00:00,1.5497545540667321
2011-04-12 00:00:00,1.52233265432105
2011-04-13 00:00:00,1.5341270198030637
2011-04-14 00:00:00,1.538549906858819
2011-04-15 00:00:00,1.5404664912496462
2011-04-18 00:00:00,1.500241581280748
2011-04-19 00:00:00,1.500241581280748
2011-04-20 00:00:00,1.500241581280748
2011-04-21 00:00:00,1.500241581280748
2011-04-25 00:00:00,1.500241581280748
2011-04-26 00:00:00,1.500241581280748
2011-04-27 00:00:00,1.500241581280748
2011-04-28 00:00:00,1.500241581280748
2011-04-29 00:00:00,1.500241581280748
2011-05-02 00:00:00,1.500241581280748
2011-05-03 00:00:00,1.500241581280748
2011-05-04 00:00:00,1.500241581280748
2011-05-05 00:00:00,1.500241581280748
2011-05-06 00:00:00,1.500241581280748
2011-05-09 00:00:00,1.500241581280748
2011-05-10 00:00:00,1.500241581280748
2011-05-11 00:00:00,1.500241581280748
2011-05-12 00:00:00,1.500241581280748
2011-05-13 00:00:00,1.500241581280748
2011-05-16 00:00:00,1.500241581280748
2011-05-17 00:00:00,1.500241581280748
2011-05-18 00:00:00,1.500241581280748
2011-05-19 00:00:00,1.500241581280748
2011-05-20 00:00:00,1.500241581280748
2011-05-23 00:00:00,1.500241581280748
2011-05-24 00:00:00,1.500241581280748
2011-05-25 00:00:00,1.500241581280748
2011-05-26 00:00:00,1.500241581280748
2011-05-27 00:00:00,1.500241581280748
2011-05-31 00:00:00,1.500241581280748
2011-06-01 00:00:00,1.500241581280748
2011-06-02 00:00:00,1.500241581280748
2011-06-03 00:00:00,1.500241581280748
2011-06-06 00:00:00,1.500241581280748
2011-06-07 00:00:00,1.500241581280748
2011-06-08 00:00:00,1.500241581280748
2011-06-09 00:00:00,1.500241581280748
2011-06-10 00:00:00,1.500241581280748
2011-06-13 00:00:00,1.500241581280748
2011-06-14 00:00:00,1.500241581280748
2011-06-15 00:00:00,1.500241581280748
2011-06-16 00:00:00,1.500241581280748
2011-06-17 00:00:00,1.500241581280748
2011-06-20 00:00:00,1.500241581280748
2011-06-21 00:00:00,1.500241581280748
2011-06-22 00:00:00,1.500241581280748
2011-06-23 00:00:00,1.500241581280748
2011-06-24 00:00:00,1.500241581280748
2011-06-27 00:00:00,1.500241581280748
2011-06-28 00:00:00,1.500241581280748
2011-06-29 00:00:00,1.500241581280748
2011-06-30 00:00:00,1.500241581280748
2011-07-01 00:00:00,1.500241581280748
2011-07-05 00:00:00,1.500241581280748
2011-07-06 00:00:00,1.500241581280748
2011-07-07 00:00:00,1.500241581280748
2011-07-08 00:00:00,1.500241581280748
2011-07-11 00:00:00,1.500241581280748
2011-07-12 00:00:00,1.500241581280748
2011-07-13 00:00:00,1.500241581280748
2011-07-14 00:00:00,1.500241581280748
2011-07-15 00:00:00,1.500241581280748
2011-07-18 00:00:00,1.500241581280748
2011-07-19 00:00:00,1.500241581280748
2011-07-20 00:00:00,1.500241581280748
2011-07-21 00:00:00,1.500241581280748
2011-07-22 00:00:00,1.500241581280748
2011-07-25 00:00:00,1.500241581280748
2011-07-26 00:00:00,1.500241581280748
2011-07-27 00:00:00,1.500241581280748
2011-07-28 00:00:00,1.500241581280748
2011-07-29 00:00:00,1.500241581280748
2011-08-01 00:00:00,1.500241581280748
2011-08-02 00:00:00,1.500241581280748
2011-08-03 00:00:00,1.500241581280748
2011-08-04 00:00:00,1.500241581280748
2011-08-05 00:00:00,1.500241581280748
2011-08-08 00:00:00,1.500241581280748
2011-08-09 00:00:00,1.500241581280748
2011-08-10 00:00:00,1.500241581280748
2011-08-11 00:00:00,1.500241581280748
2011-08-12 00:00:00,1.500241581280748
2011-08-15 00:00:00,1.500241581280748
2011-08-16 00:00:00,1.500241581280748
2011-08-17 00:00:00,1.500241581280748
2011-08-18 00:00:00,1.500241581280748
2011-08-19 00:00:00,1.500241581280748
2011-08-22 00:00:00,1.500241581280748
2011-08-23 00:00:00,1.500241581280748
2011-08-24 00:00:00,1.500241581280748
2011-08-25 00:00:00,1.500241581280748
2011-08-26 00:00:00,1.500241581280748
2011-08-29 00:00:00,1.500241581280748
2011-08-30 00:00:00,1.500241581280748
2011-08-31 00:00:00,1.500241581280748
2011-09-01 00:00:00,1.500241581280748
2011-09-02 00:00:00,1.500241581280748
2011-09-06 00:00:00,1.500241581280748
2011-09-07 00:00:00,1.500241581280748
2011-09-08 00:00:00,1.500241581280748
2011-09-09 00:00:00,1.500241581280748
2011-09-12 00:00:00,1.500241581280748
2011-09-13 00:00:00,1.500241581280748
2011-09-14 00:00:00,1.500241581280748
2011-09-15 00:00:00,1.500241581280748
2011-09-16 00:00:00,1.500241581280748
2011-09-19 00:00:00,1.500241581280748
2011-09-20 00:00:00,1.500241581280748
2011-09-21 00:00:00,1.500241581280748
2011-09-22 00:00:00,1.500241581280748
2011-09-23 00:00:00,1.500241581280748
2011-09-26 00:00:00,1.500241581280748
2011-09-27 00:00:00,1.500241581280748
2011-09-28 00:00:00,1.500241581280748
2011-09-29 00:00:00,1.500241581280748
2011-09-30 00:00:00,1.500241581280748
2011-10-03 00:00:00,1.500241581280748
2011-10-04 00:00:00,1.500241581280748
2011-10-05 00:00:00,1.500241581280748
2011-10-06 00:00:00,1.500241581280748
2011-10-07 00:00:00,1.500241581280748
2011-10-10 00:00:00,1.500241581280748
2011-10-11 00:00:00,1.500241581280748
2011-10-12 00:00:00,1.500241581280748
2011-10-13 00:00:00,1.500241581280748
2011-10-14 00:00:00,1.500241581280748
2011-10-17 00:00:00,1.500241581280748
2011-10-18 00:00:00,1.500241581280748
2011-10-19 00:00:00,1.500241581280748
2011-10-20 00:00:00,1.500241581280748
2011-10-21 00:00:00,1.500241581280748
2011-10-24 00:00:00,1.500241581280748
2011-10-25 00:00:00,1.500241581280748
2011-10-26 00:00:00,1.500241581280748
2011-10-27 00:00:00,1.500241581280748
2011-10-28 00:00:00,1.500241581280748
2011-10-31 00:00:00,1.500241581280748
2011-11-01 00:00:00,1.500241581280748
2011-11-02 00:00:00,1.500241581280748
2011-11-03 00:00:00,1.500241581280748
2011-11-04 00:00:00,1.500241581280748
2011-11-07 00:00:00,1.500241581280748
2011-11-08 00:00:00,1.500241581280748
2011-11-09 00:00:00,1.500241581280748
2011-11-10 00:00:00,1.500241581280748
2011-11-11 00:00:00,1.500241581280748
2011-11-14 00:00:00,1.500241581280748
2011-11-15 00:00:00,1.500241581280748
2011-11-16 00:00:00,1.500241581280748
2011-11-17 00:00:00,1.500241581280748
2011-11-18 00:00:00,1.500241581280748
2011-11-21 00:00:00,1.500241581280748
2011-11-22 00:00:00,1.500241581280748
2011-11-23 00:00:00,1.500241581280748
2011-11-25 00:00:00,1.500241581280748
2011-11-28 00:00:00,1.500241581280748
2011-11-29 00:00:00,1.500241581280748
2011-11-30 00:00:00,1.500241581280748
2011-12-01 00:00:00,1.500241581280748
2011-12-02 00:00:00,1.500241581280748
2011-12-05 00:00:00,1.500241581280748
2011-12-06 00:00:00,1.500241581280748
2011-12-07 00:00:00,1.500241581280748
2011-12-08 00:00:00,1.500241581280748
2011-12-09 00:00:00,1.500241581280748
2011-12-12 00:00:00,1.500241581280748
2011-12-13 00:00:00,1.500241581280748
2011-12-14 00:00:00,1.500241581280748
2011-12-15 00:00:00,1.500241581280748
2011-12-16 00:00:00,1.500241581280748
2011-12-19 00:00:00,1.500241581280748
2011-12-20 00:00:00,1.500241581280748
2011-12-21 00:00:00,1.500241581280748
2011-12-22 00:00:00,1.500241581280748
2011-12-23 00:00:00,1.500241581280748
2011-12-27 00:00:00,1.500241581280748
2011-12-28 00:00:00,1.500241581280748
2011-12-29 00:00:00,1.500241581280748
2011-12-30 00:00:00,1.500241581280748
2012-01-03 00:00:00,1.500241581280748
2012-01-04 00:00:00,1.500241581280748
2012-01-05 00:00:00,1.500241581280748
2012-01-06 00:00:00,1.500241581280748
2012-01-09 00:00:00,1.500241581280748
2012-01-10 00:00:00,1.500241581280748
2012-01-11 00:00:00,1.500241581280748
2012-01-12 00:00:00,1.500241581280748
2012-01-13 00:00:00,1.500241581280748
2012-01-17 00:00:00,1.500241581280748
2012-01-18 00:00:00,1.500241581280748
2012-01-19 00:00:00,1.500241581280748
2012-01-20 00:00:00,1.500241581280748
2012-01-23 00:00:00,1.500241581280748
2012-01-24 00:00:00,1.500241581280748
2012-01-25 00:00:00,1.500241581280748
2012-01-26 00:00:00,1.500241581280748
2012-01-27 00:00:00,1.500241581280748
2012-01-30 00:00:00,1.500241581280748
2012-01-31 00:00:00,1.500241581280748
2012-02-01 00:00:00,1.500241581280748
2012-02-02 00:00:00,1.500241581280748
2012-02-03 00:00:00,1.500241581280748
2012-02-06 00:00:00,1.5076925385451363
2012-02-07 00:00:00,1.5109848219875404
2012-02-08 00:00:00,1.521728062694332
2012-02-09 00:00:00,1.5210349503906682
2012-02-10 00:00:00,1.4872457255870477
2012-02-13 00:00:00,1.511504656215288
2012-02-14 00:00:00,1.4992019128252518
2012-02-15 00:00:00,1.5033605866472362
2012-02-16 00:00:00,1.5194754477074242
2012-02-17 00:00:00,1.5224211749979963
2012-02-21 00:00:00,1.51618316426502
2012-02-22 00:00:00,1.5187823354037602
2012-02-23 00:00:00,1.51618316426502
2012-02-24 00:00:00,1.531431634945628
2012-02-27 00:00:00,1.51618316426502
2012-02-28 00:00:00,1.5373230895267724
2012-02-29 00:00:00,1.5362834210712761
2012-03-01 00:00:00,1.5508387794482206
2012-03-02 00:00:00,1.5470266617780686
2012-03-05 00:00:00,1.5203418380870042
2012-03-06 00:00:00,1.4695713618436157
2012-03-07 00:00:00,1.4870724475111317
2012-03-08 00:00:00,1.5182625011760125
2012-03-09 00:00:00,1.5175693888723483
2012-03-12 00:00:00,1.5009346935844121
2012-03-13 00:00:00,1.5418283195005886
2012-03-14 00:00:00,1.5175693888723483
2012-03-15 00:00:00,1.5296988541864684
2012-03-16 00:00:00,1.5279660734273086
2012-03-19 00:00:00,1.5220746188461642
2012-03-20 00:00:00,1.4957363513069317
2012-03-21 00:00:00,1.498335522445672
2012-03-22 00:00:00,1.4756360945006755
2012-03-23 00:00:00,1.4867258913592998
2012-03-26 00:00:00,1.5128908808226162
2012-03-27 00:00:00,1.504746811254564
2012-03-28 00:00:00,1.4794482121708277
2012-03-29 00:00:00,1.4777154314116676
2012-03-30 00:00:00,1.4882853940425438
2012-04-02 00:00:00,1.509078763152464
2012-04-03 00:00:00,1.5107312815068596
2012-04-04 00:00:00,1.5107312815068596
2012-04-05 00:00:00,1.5107312815068596
2012-04-09 00:00:00,1.5107312815068596
2012-04-10 00:00:00,1.5107312815068596
2012-04-11 00:00:00,1.5107312815068596
2012-04-12 00:00:00,1.5107312815068596
2012-04-13 00:00:00,1.5107312815068596
2012-04-16 00:00:00,1.5107312815068596
2012-04-17 00:00:00,1.5107312815068596
2012-04-18 00:00:00,1.5107312815068596
2012-04-19 00:00:00,1.5107312815068596
2012-04-20 00:00:00,1.5107312815068596
2012-04-23 00:00:00,1.5107312815068596
2012-04-24 00:00:00,1.5107312815068596
2012-04-25 00:00:00,1.5107312815068596
2012-04-26 00:00:00,1.5107312815068596
2012-04-27 00:00:00,1.5107312815068596
2012-04-30 00:00:00,1.5107312815068596
2012-05-01 00:00:00,1.5107312815068596
2012-05-02 00:00:00,1.5107312815068596
2012-05-03 00:00:00,1.5107312815068596
2012-05-04 00:00:00,1.5107312815068596
2012-05-07 00:00:00,1.5107312815068596
2012-05-08 00:00:00,1.5107312815068596
2012-05-09 00:00:00,1.5107312815068596
2012-05-10 00:00:00,1.5107312815068596
2012-05-11 00:00:00,1.5107312815068596
2012-05-14 00:00:00,1.5107312815068596
2012-05-15 00:00:00,1.5107312815068596
2012-05-16 00:00:00,1.5107312815068596
2012-05-17 00:00:00,1.5107312815068596
2012-05-18 00:00:00,1.5107312815068596
2012-05-21 00:00:00,1.5107312815068596
2012-05-22 00:00:00,1.5107312815068596
2012-05-23 00:00:00,1.5107312815068596
2012-05-24 00:00:00,1.5107312815068596
2012-05-25 00:00:00,1.5107312815068596
2012-05-29 00:00:00,1.5107312815068596
2012-05-30 00:00:00,1.5107312815068596
2012-05-31 00:00:00,1.5107312815068596
2012-06-01 00:00:00,1.5107312815068596
2012-06-04 00:00:00,1.5107312815068596
2012-06-05 00:00:00,1.5107312815068596
2012-06-06 00:00:00,1.5107312815068596
2012-06-07 00:00:00,1.5107312815068596
2012-06-08 00:00:00,1.5107312815068596
2012-06-11 00:00:00,1.5107312815068596
2012-06-12 00:00:00,1.5107312815068596
2012-06-13 00:00:00,1.5107312815068596
2012-06-14 00:00:00,1.5107312815068596
2012-06-15 00:00:00,1.5107312815068596
2012-06-18 00:00:00,1.5107312815068596
2012-06-19 00:00:00,1.5107312815068596
2012-06-20 00:00:00,1.5107312815068596
2012-06-21 00:00:00,1.5107312815068596
2012-06-22 00:00:00,1.5107312815068596
2012-06-25 00:00:00,1.5107312815068596
2012-06-26 00:00:00,1.5107312815068596
2012-06-27 00:00:00,1.5107312815068596
2012-06-28 00:00:00,1.5107312815068596
2012-06-29 00:00:00,1.5107312815068596
2012-07-02 00:00:00,1.5107312815068596
2012-07-03 00:00:00,1.5107312815068596
2012-07-05 00:00:00,1.5107312815068596
2012-07-06 00:00:00,1.5107312815068596
2012-07-09 00:00:00,1.5107312815068596
2012-07-10 00:00:00,1.5107312815068596
2012-07-11 00:00:00,1.5107312815068596
2012-07-12 00:00:00,1.5107312815068596
2012-07-13 00:00:00,1.5107312815068596
2012-07-16 00:00:00,1.5107312815068596
2012-07-17 00:00:00,1.5107312815068596
2012-07-18 00:00:00,1.5107312815068596
2012-07-19 00:00:00,1.5107312815068596
2012-07-20 00:00:00,1.5107312815068596
2012-07-23 00:00:00,1.5107312815068596
2012-07-24 00:00:00,1.5107312815068596
2012-07-25 00:00:00,1.5107312815068596
2012-07-26 00:00:00,1.5107312815068596
2012-07-27 00:00:00,1.5107312815068596
2012-07-30 00:00:00,1.5107312815068596
2012-07-31 00:00:00,1.5107312815068596
2012-08-01 00:00:00,1.5107312815068596
2012-08-02 00:00:00,1.5107312815068596
2012-08-03 00:00:00,1.5107312815068596
2012-08-06 00:00:00,1.5107312815068596
2012-08-07 00:00:00,1.5107312815068596
2012-08-08 00:00:00,1.5107312815068596
2012-08-09 00:00:00,1.5107312815068596
2012-08-10 00:00:00,1.5107312815068596
2012-08-13 00:00:00,1.5107312815068596
2012-08-14 00:00:00,1.5107312815068596
2012-08-15 00:00:00,1.5107312815068596
2012-08-16 00:00:00,1.5107312815068596
2012-08-17 00:00:00,1.5107312815068596
2012-08-20 00:00:00,1.5107312815068596
2012-08-21 00:00:00,1.5107312815068596
2012-08-22 00:00:00,1.5107312815068596
2012-08-23 00:00:00,1.5107312815068596
2012-08-24 00:00:00,1.5107312815068596
2012-08-27 00:00:00,1.5107312815068596
2012-08-28 00:00:00,1.5107312815068596
2012-08-29 00:00:00,1.5107312815068596
2012-08-30 00:00:00,1.5107312815068596
2012-08-31 00:00:00,1.5107312815068596
2012-09-04 00:00:00,1.5107312815068596
2012-09-05 00:00:00,1.5107312815068596
2012-09-06 00:00:00,1.5107312815068596
2012-09-07 00:00:00,1.5107312815068596
2012-09-10 00:00:00,1.5107312815068596
2012-09-11 00:00:00,1.5107312815068596
2012-09-12 00:00:00,1.5107312815068596
2012-09-13 00:00:00,1.5107312815068596
2012-09-14 00:00:00,1.5107312815068596
2012-09-17 00:00:00,1.5107312815068596
2012-09-18 00:00:00,1.5107312815068596
2012-09-19 00:00:00,1.5107312815068596
2012-09-20 00:00:00,1.5107312815068596
2012-09-21 00:00:00,1.5107312815068596
2012-09-24 00:00:00,1.5107312815068596
2012-09-25 00:00:00,1.5107312815068596
2012-09-26 00:00:00,1.5107312815068596
2012-09-27 00:00:00,1.5107312815068596
2012-09-28 00:00:00,1.5107312815068596
2012-10-01 00:00:00,1.5107312815068596
2012-10-02 00:00:00,1.5107312815068596
2012-10-03 00:00:00,1.5107312815068596
2012-10-04 00:00:00,1.5107312815068596
2012-10-05 00:00:00,1.5107312815068596
2012-10-08 00:00:00,1.5107312815068596
2012-10-09 00:00:00,1.5107312815068596
2012-10-10 00:00:00,1.5107312815068596
2012-10-11 00:00:00,1.5107312815068596
2012-10-12 00:00:00,1.5107312815068596
2012-10-15 00:00:00,1.5107312815068596
2012-10-16 00:00:00,1.5107312815068596
2012-10-17 00:00:00,1.5107312815068596
2012-10-18 00:00:00,1.5107312815068596
2012-10-19 00:00:00,1.5107312815068596
2012-10-22 00:00:00,1.5107312815068596
2012-10-23 00:00:00,1.5107312815068596
2012-10-24 00:00:00,1.5107312815068596
2012-10-25 00:00:00,1.5107312815068596
2012-10-26 00:00:00,1.5107312815068596
2012-10-31 00:00:00,1.5107312815068596
2012-11-01 00:00:00,1.5107312815068596
2012-11-02 00:00:00,1.5107312815068596
2012-11-05 00:00:00,1.5107312815068596
2012-11-06 00:00:00,1.5107312815068596
2012-11-07 00:00:00,1.5107312815068596
2012-11-08 00:00:00,1.5107312815068596
2012-11-09 00:00:00,1.5107312815068596
2012-11-12 00:00:00,1.5107312815068596
2012-11-13 00:00:00,1.5107312815068596
2012-11-14 00:00:00,1.5107312815068596
2012-11-15 00:00:00,1.5107312815068596
2012-11-16 00:00:00,1.5107312815068596
2012-11-19 00:00:00,1.5107312815068596
2012-11-20 00:00:00,1.5107312815068596
2012-11-21 00:00:00,1.5107312815068596
2012-11-23 00:00:00,1.5107312815068596
2012-11-26 00:00:00,1.5107312815068596
2012-11-27 00:00:00,1.5107312815068596
2012-11-28 00:00:00,1.5107312815068596
2012-11-29 00:00:00,1.5107312815068596
2012-11-30 00:00:00,1.5107312815068596
2012-12-03 00:00:00,1.5107312815068596
2012-12-04 00:00:00,1.5107312815068596
2012-12-05 00:00:00,1.5107312815068596
2012-12-06 00:00:00,1.5107312815068596
2012-12-07 00:00:00,1.5107312815068596
2012-12-10 00:00:00,1.5107312815068596
2012-12-11 00:00:00,1.5170449947799323
2012-12-12 00:00:00,1.5216048988104847
2012-12-13 00:00:00,1.5149404236889081
2012-12-14 00:00:00,1.5216048988104847
2012-12-17 00:00:00,1.525638660068281
2012-12-18 00:00:00,1.526866326538045
2012-12-19 00:00:00,1.526164802841037
2012-12-20 00:00:00,1.535284610902142
2012-12-21 00:00:00,1.5175711375526884
2012-12-24 00:00:00,1.5145896618404038
2012-12-26 00:00:00,1.5189741849467044
2012-12-27 00:00:00,1.5273258245595853
2012-12-28 00:00:00,1.5328292779626136
2012-12-31 00:00:00,1.5556287981153756
2013-01-02 00:00:00,1.5746671691189984
2013-01-03 00:00:00,1.5747513384108889
2013-01-04 00:00:00,1.577823517564894
2013-01-07 00:00:00,1.5658995345470663
2013-01-08 00:00:00,1.551871319231975
2013-01-09 00:00:00,1.5585347215066434
2013-01-10 00:00:00,1.572036878747419
2013-01-11 00:00:00,1.5595868376552753
2013-01-14 00:00:00,1.5662502399299436
2013-01-15 00:00:00,1.5595868376552753
2013-01-16 00:00:00,1.5581840161237661
2013-01-17 00:00:00,1.5668815096191226
2013-01-18 00:00:00,1.5702833518330324
2013-01-22 00:00:00,1.5678284141528915
2013-01-23 00:00:00,1.5595868376552753
2013-01-24 00:00:00,1.5539755515292388
2013-01-25 00:00:00,1.5402213539504341
2013-01-28 00:00:00,1.5402213539504341
2013-01-29 00:00:00,1.5402213539504341
2013-01-30 00:00:00,1.5402213539504341
2013-01-31 00:00:00,1.5402213539504341
2013-02-01 00:00:00,1.5402213539504341
2013-02-04 00:00:00,1.5402213539504341
2013-02-05 00:00:00,1.5402213539504341
2013-02-06 00:00:00,1.5402213539504341
2013-02-07 00:00:00,1.5402213539504341
2013-02-08 00:00:00,1.5402213539504341
2013-02-11 00:00:00,1.5402213539504341
2013-02-12 00:00:00,1.5402213539504341
2013-02-13 00:00:00,1.5402213539504341
2013-02-14 00:00:00,1.5402213539504341
2013-02-15 00:00:00,1.5402213539504341
2013-02-19 00:00:00,1.5402213539504341
2013-02-20 00:00:00,1.5402213539504341
2013-02-21 00:00:00,1.5402213539504341
2013-02-22 00:00:00,1.5402213539504341
2013-02-25 00:00:00,1.5402213539504341
2013-02-26 00:00:00,1.5402213539504341
2013-02-27 00:00:00,1.5402213539504341
2013-02-28 00:00:00,1.5402213539504341
2013-03-01 00:00:00,1.5402213539504341
2013-03-04 00:00:00,1.5402213539504341
2013-03-05 00:00:00,1.5402213539504341
2013-03-06 00:00:00,1.5402213539504341
2013-03-07 00:00:00,1.5402213539504341
2013-03-08 00:00:00,1.5402213539504341
2013-03-11 00:00:00,1.5402213539504341
2013-03-12 00:00:00,1.5402213539504341
2013-03-13 00:00:00,1.5402213539504341
2013-03-14 00:00:00,1.5402213539504341
2013-03-15 00:00:00,1.5402213539504341
2013-03-18 00:00:00,1.5402213539504341
2013-03-19 00:00:00,1.5402213539504341
2013-03-20 00:00:00,1.5402213539504341
2013-03-21 00:00:00,1.5402213539504341
2013-03-22 00:00:00,1.5402213539504341
2013-03-25 00:00:00,1.5402213539504341
2013-03-26 00:00:00,1.5402213539504341
2013-03-27 00:00:00,1.5402213539504341
2013-03-28 00:00:00,1.5402213539504341
2013-04-01 00:00:00,1.5402213539504341
2013-04-02 00:00:00,1.5402213539504341
2013-04-03 00:00:00,1.5402213539504341
2013-04-04 00:00:00,1.5402213539504341
2013-04-05 00:00:00,1.5402213539504341
2013-04-08 00:00:00,1.5402213539504341
2013-04-09 00:00:00,1.5402213539504341
2013-04-10 00:00:00,1.5402213539504341
2013-04-11 00:00:00,1.5402213539504341
2013-04-12 00:00:00,1.5402213539504341
2013-04-15 00:00:00,1.5402213539504341
2013-04-16 00:00:00,1.5402213539504341
2013-04-17 00:00:00,1.5402213539504341
2013-04-18 00:00:00,1.5402213539504341
2013-04-19 00:00:00,1.5402213539504341
2013-04-22 00:00:00,1.5402213539504341
2013-04-23 00:00:00,1.5402213539504341
2013-04-24 00:00:00,1.5402213539504341
2013-04-25 00:00:00,1.5402213539504341
2013-04-26 00:00:00,1.5402213539504341
2013-04-29 00:00:00,1.5402213539504341
2013-04-30 00:00:00,1.5402213539504341
2013-05-01 00:00:00,1.5402213539504341
2013-05-02 00:00:00,1.5402213539504341
2013-05-03 00:00:00,1.5402213539504341
2013-05-06 00:00:00,1.5402213539504341
2013-05-07 00:00:00,1.5402213539504341
2013-05-08 00:00:00,1.5402213539504341
2013-05-09 00:00:00,1.5402213539504341
2013-05-10 00:00:00,1.5402213539504341
2013-05-13 00:00:00,1.5402213539504341
2013-05-14 00:00:00,1.5402213539504341
2013-05-15 00:00:00,1.5402213539504341
2013-05-16 00:00:00,1.5402213539504341
2013-05-17 00:00:00,1.5402213539504341
2013-05-20 00:00:00,1.5402213539504341
2013-05-21 00:00:00,1.5402213539504341
2013-05-22 00:00:00,1.5402213539504341
2013-05-23 00:00:00,1.5402213539504341
2013-05-24 00:00:00,1.5402213539504341
2013-05-28 00:00:00,1.5402213539504341
2013-05-29 00:00:00,1.5402213539504341
2013-05-30 00:00:00,1.5402213539504341
2013-05-31 00:00:00,1.5402213539504341
2013-06-03 00:00:00,1.5402213539504341
2013-06-04 00:00:00,1.5402213539504341
2013-06-05 00:00:00,1.5402213539504341
2013-06-06 00:00:00,1.5402213539504341
2013-06-07 00:00:00,1.5402213539504341
2013-06-10 00:00:00,1.5402213539504341
2013-06-11 00:00:00,1.5402213539504341
2013-06-12 00:00:00,1.5402213539504341
2013-06-13 00:00:00,1.5402213539504341
2013-06-14 00:00:00,1.5402213539504341
2013-06-17 00:00:00,1.5402213539504341
2013-06-18 00:00:00,1.5402213539504341
2013-06-19 00:00:00,1.5402213539504341
2013-06-20 00:00:00,1.5402213539504341
2013-06-21 00:00:00,1.5402213539504341
2013-06-24 00:00:00,1.5402213539504341
2013-06-25 00:00:00,1.5402213539504341
2013-06-26 00:00:00,1.5402213539504341
2013-06-27 00:00:00,1.5402213539504341
2013-06-28 00:00:00,1.5402213539504341
2013-07-01 00:00:00,1.5402213539504341
2013-07-02 00:00:00,1.5402213539504341
2013-07-03 00:00:00,1.5402213539504341
2013-07-05 00:00:00,1.5402213539504341
2013-07-08 00:00:00,1.5402213539504341
2013-07-09 00:00:00,1.5402213539504341
2013-07-10 00:00:00,1.5402213539504341
2013-07-11 00:00:00,1.5402213539504341
2013-07-12 00:00:00,1.5402213539504341
2013-07-15 00:00:00,1.5402213539504341
2013-07-16 00:00:00,1.5402213539504341
2013-07-17 00:00:00,1.5402213539504341
2013-07-18 00:00:00,1.5402213539504341
2013-07-19 00:00:00,1.5402213539504341
2013-07-22 00:00:00,1.5402213539504341
2013-07-23 00:00:00,1.5402213539504341
2013-07-24 00:00:00,1.5402213539504341
2013-07-25 00:00:00,1.5402213539504341
2013-07-26 00:00:00,1.5402213539504341
2013-07-29 00:00:00,1.5402213539504341
2013-07-30 00:00:00,1.5402213539504341
2013-07-31 00:00:00,1.5402213539504341
2013-08-01 00:00:00,1.5402213539504341
2013-08-02 00:00:00,1.5402213539504341
2013-08-05 00:00:00,1.5402213539504341
2013-08-06 00:00:00,1.5402213539504341
2013-08-07 00:00:00,1.5402213539504341
2013-08-08 00:00:00,1.5402213539504341
2013-08-09 00:00:00,1.5402213539504341
2013-08-12 00:00:00,1.5402213539504341
2013-08-13 00:00:00,1.5402213539504341
2013-08-14 00:00:00,1.5402213539504341
2013-08-15 00:00:00,1.5402213539504341
2013-08-16 00:00:00,1.5402213539504341
2013-08-19 00:00:00,1.5402213539504341
2013-08-20 00:00:00,1.5402213539504341
2013-08-21 00:00:00,1.5402213539504341
2013-08-22 00:00:00,1.5402213539504341
2013-08-23 00:00:00,1.5402213539504341
2013-08-26 00:00:00,1.5402213539504341
2013-08-27 00:00:00,1.5402213539504341
2013-08-28 00:00:00,1.5402213539504341
2013-08-29 00:00:00,1.5402213539504341
2013-08-30 00:00:00,1.5402213539504341
2013-09-03 00:00:00,1.5402213539504341
2013-09-04 00:00:00,1.5402213539504341
2013-09-05 00:00:00,1.5402213539504341
2013-09-06 00:00:00,1.5402213539504341
2013-09-09 00:00:00,1.5402213539504341
2013-09-10 00:00:00,1.5402213539504341
2013-09-11 00:00:00,1.5402213539504341
2013-09-12 00:00:00,1.5402213539504341
2013-09-13 00:00:00,1.5402213539504341
2013-09-16 00:00:00,1.5402213539504341
2013-09-17 00:00:00,1.5402213539504341
2013-09-18 00:00:00,1.5402213539504341
2013-09-19 00:00:00,1.5402213539504341
2013-09-20 00:00:00,1.5402213539504341
2013-09-23 00:00:00,1.5402213539504341
2013-09-24 00:00:00,1.5402213539504341
2013-09-25 00:00:00,1.5402213539504341
2013-09-26 00:00:00,1.5402213539504341
2013-09-27 00:00:00,1.5402213539504341
2013-09-30 00:00:00,1.5402213539504341
2013-10-01 00:00:00,1.5402213539504341
2013-10-02 00:00:00,1.5402213539504341
2013-10-03 00:00:00,1.5402213539504341
2013-10-04 00:00:00,1.5402213539504341
2013-10-07 00:00:00,1.5402213539504341
2013-10-08 00:00:00,1.5402213539504341
2013-10-09 00:00:00,1.5402213539504341
2013-10-10 00:00:00,1.5402213539504341
2013-10-11 00:00:00,1.5402213539504341
2013-10-14 00:00:00,1.5402213539504341
2013-10-15 00:00:00,1.5402213539504341
2013-10-16 00:00:00,1.5402213539504341
2013-10-17 00:00:00,1.5402213539504341
2013-10-18 00:00:00,1.5402213539504341
2013-10-21 00:00:00,1.5402213539504341
2013-10-22 00:00:00,1.5402213539504341
2013-10-23 00:00:00,1.529816877066073
2013-10-24 00:00:00,1.526587901481271
2013-10-25 00:00:00,1.5335840152483415
2013-10-28 00:00:00,1.54273277940528
2013-10-29 00:00:00,1.5475762427824824
2013-10-30 00:00:00,1.5391450287555002
2013-10-31 00:00:00,1.5231795383639803
2013-11-01 00:00:00,1.5238970884939365
2013-11-04 00:00:00,1.5334046277158528
2013-11-05 00:00:00,1.502549972127747
2013-11-06 00:00:00,1.5072140479724607
2013-11-07 00:00:00,1.4980427510778094
2013-11-08 00:00:00,1.4980427510778094
2013-11-11 00:00:00,1.4980427510778094
2013-11-12 00:00:00,1.4980427510778094
2013-11-13 00:00:00,1.4980427510778094
2013-11-14 00:00:00,1.4980427510778094
2013-11-15 00:00:00,1.4980427510778094
2013-11-18 00:00:00,1.4980427510778094
2013-11-19 00:00:00,1.4980427510778094
2013-11-20 00:00:00,1.4980427510778094
2013-11-21 00:00:00,1.4980427510778094
2013-11-22 00:00:00,1.4980427510778094
2013-11-25 00:00:00,1.4980427510778094
2013-11-26 00:00:00,1.4980427510778094
2013-11-27 00:00:00,1.4980427510778094
2013-11-29 00:00:00,1.4980427510778094
2013-12-02 00:00:00,1.4980427510778094
2013-12-03 00:00:00,1.4980427510778094
2013-12-04 00:00:00,1.4980427510778094
2013-12-05 00:00:00,1.4980427510778094
2013-12-06 00:00:00,1.4980427510778094
2013-12-09 00:00:00,1.4980427510778094
2013-12-10 00:00:00,1.4980427510778094
2013-12-11 00:00:00,1.4980427510778094
2013-12-12 00:00:00,1.4980427510778094
2013-12-13 00:00:00,1.4980427510778094
2013-12-16 00:00:00,1.4980427510778094
2013-12-17 00:00:00,1.4980427510778094
2013-12-18 00:00:00,1.4980427510778094
2013-12-19 00:00:00,1.4980427510778094
2013-12-20 00:00:00,1.4980427510778094
2013-12-23 00:00:00,1.4980427510778094
2013-12-24 00:00:00,1.4980427510778094
2013-12-26 00:00:00,1.4980427510778094
2013-12-27 00:00:00,1.4980427510778094
2013-12-30 00:00:00,1.4980427510778094
2013-12-31 00:00:00,1.4980427510778094
2014-01-02 00:00:00,1.4980427510778094
2014-01-03 00:00:00,1.4980427510778094
2014-01-06 00:00:00,1.4980427510778094
2014-01-07 00:00:00,1.4980427510778094
2014-01-08 00:00:00,1.4980427510778094
2014-01-09 00:00:00,1.4980427510778094
2014-01-10 00:00:00,1.4980427510778094
2014-01-13 00:00:00,1.4980427510778094
2014-01-14 00:00:00,1.4980427510778094
2014-01-15 00:00:00,1.4980427510778094
2014-01-16 00:00:00,1.4980427510778094
2014-01-17 00:00:00,1.4980427510778094
2014-01-21 00:00:00,1.4980427510778094
2014-01-22 00:00:00,1.4980427510778094
2014-01-23 00:00:00,1.4980427510778094
2014-01-24 00:00:00,1.4980427510778094
2014-01-27 00:00:00,1.4980427510778094
2014-01-28 00:00:00,1.4980427510778094
2014-01-29 00:00:00,1.4980427510778094
2014-01-30 00:00:00,1.4980427510778094
2014-01-31 00:00:00,1.4980427510778094
2014-02-03 00:00:00,1.4980427510778094
2014-02-04 00:00:00,1.4980427510778094
2014-02-05 00:00:00,1.4980427510778094
2014-02-06 00:00:00,1.4980427510778094
2014-02-07 00:00:00,1.4980427510778094
2014-02-10 00:00:00,1.4980427510778094
2014-02-11 00:00:00,1.4980427510778094
2014-02-12 00:00:00,1.4980427510778094
2014-02-13 00:00:00,1.4980427510778094
2014-02-14 00:00:00,1.4980427510778094
2014-02-18 00:00:00,1.4980427510778094
2014-02-19 00:00:00,1.4980427510778094
2014-02-20 00:00:00,1.4980427510778094
2014-02-21 00:00:00,1.4980427510778094
2014-02-24 00:00:00,1.4980427510778094
2014-02-25 00:00:00,1.4980427510778094
2014-02-26 00:00:00,1.4980427510778094
2014-02-27 00:00:00,1.4980427510778094
2014-02-28 00:00:00,1.4980427510778094
2014-03-03 00:00:00,1.4980427510778094
2014-03-04 00:00:00,1.4980427510778094
2014-03-05 00:00:00,1.4980427510778094
2014-03-06 00:00:00,1.4980427510778094
2014-03-07 00:00:00,1.4980427510778094
2014-03-10 00:00:00,1.4980427510778094
2014-03-11 00:00:00,1.4980427510778094
2014-03-12 00:00:00,1.4980427510778094
2014-03-13 00:00:00,1.4980427510778094
2014-03-14 00:00:00,1.4980427510778094
2014-03-17 00:00:00,1.4980427510778094
2014-03-18 00:00:00,1.4980427510778094
2014-03-19 00:00:00,1.4980427510778094
2014-03-20 00:00:00,1.4980427510778094
2014-03-21 00:00:00,1.4980427510778094
2014-03-24 00:00:00,1.4980427510778094
2014-03-25 00:00:00,1.4980427510778094
2014-03-26 00:00:00,1.4980427510778094
2014-03-27 00:00:00,1.4980427510778094
2014-03-28 00:00:00,1.4980427510778094
2014-03-31 00:00:00,1.4980427510778094
2014-04-01 00:00:00,1.4980427510778094
2014-04-02 00:00:00,1.4980427510778094
2014-04-03 00:00:00,1.4980427510778094
2014-04-04 00:00:00,1.4980427510778094
2014-04-07 00:00:00,1.4980427510778094
2014-04-08 00:00:00,1.4980427510778094
2014-04-09 00:00:00,1.4980427510778094
2014-04-10 00:00:00,1.4980427510778094
2014-04-11 00:00:00,1.4980427510778094
2014-04-14 00:00:00,1.4980427510778094
2014-04-15 00:00:00,1.4980427510778094
2014-04-16 00:00:00,1.4980427510778094
2014-04-17 00:00:00,1.4980427510778094
2014-04-21 00:00:00,1.4980427510778094
2014-04-22 00:00:00,1.4980427510778094
2014-04-23 00:00:00,1.4980427510778094
2014-04-24 00:00:00,1.4980427510778094
2014-04-25 00:00:00,1.4980427510778094
2014-04-28 00:00:00,1.4980427510778094
2014-04-29 00:00:00,1.4980427510778094
2014-04-30 00:00:00,1.4980427510778094
2014-05-01 00:00:00,1.4980427510778094
2014-05-02 00:00:00,1.4980427510778094
2014-05-05 00:00:00,1.4980427510778094
2014-05-06 00:00:00,1.4980427510778094
2014-05-07 00:00:00,1.4980427510778094
2014-05-08 00:00:00,1.4980427510778094
2014-05-09 00:00:00,1.4980427510778094
2014-05-12 00:00:00,1.4980427510778094
2014-05-13 00:00:00,1.4980427510778094
2014-05-14 00:00:00,1.5001467437057279
2014-05-15 00:00:00,1.4861201261862726
2014-05-16 00:00:00,1.5057573907135096
2014-05-19 00:00:00,1.5057573907135096
2014-05-20 00:00:00,1.4934841003839865
2014-05-21 00:00:00,1.5050560598375369
2014-05-22 00:00:00,1.5155760229771282
2014-05-23 00:00:00,1.5127706994732375
2014-05-27 00:00:00,1.4997960782677415
2014-05-28 00:00:00,1.5085627142174007
2014-05-29 00:00:00,1.5127706994732375
2014-05-30 00:00:00,1.492081438632041
2014-06-02 00:00:00,1.496640089325864
2014-06-03 00:00:00,1.5050560598375369
2014-06-04 00:00:00,1.496640089325864
2014-06-05 00:00:00,1.5124200340352512
2014-06-06 00:00:00,1.5274986478686652
2014-06-09 00:00:00,1.5331092948764473
2014-06-10 00:00:00,1.541174599950134
2014-06-11 00:00:00,1.535914618380338
2014-06-12 00:00:00,1.5285506441826247
2014-06-13 00:00:00,1.529251975058597
2014-06-16 00:00:00,1.5222386662988694
2014-06-17 00:00:00,1.5225893317368557
2014-06-18 00:00:00,1.5394212727602021
2014-06-19 00:00:00,1.5306546368105427
2014-06-20 00:00:00,1.5274986478686652
2014-06-23 00:00:00,1.5243426589267877
2014-06-24 00:00:00,1.5236413280508152
2014-06-25 00:00:00,1.5148746921011556
2014-06-26 00:00:00,1.5166280192910875
2014-06-27 00:00:00,1.5201346736709513
2014-06-30 00:00:00,1.5159266884151146
2014-07-01 00:00:00,1.5303039713725564
2014-07-02 00:00:00,1.5394212727602021
2014-07-03 00:00:00,1.5485385741478477
2014-07-07 00:00:00,1.5474865778338889
2014-07-08 00:00:00,1.5405609354336578
2014-07-09 00:00:00,1.5492399050238208
2014-07-10 00:00:00,1.5408239345121475
2014-07-11 00:00:00,1.5339127395279615
2014-07-14 00:00:00,1.5339127395279615
2014-07-15 00:00:00,1.5339127395279615
2014-07-16 00:00:00,1.5339127395279615
2014-07-17 00:00:00,1.5339127395279615
2014-07-18 00:00:00,1.5339127395279615
2014-07-21 00:00:00,1.5339127395279615
2014-07-22 00:00:00,1.5339127395279615
2014-07-23 00:00:00,1.5318593088190886
2014-07-24 00:00:00,1.5387040778486647
2014-07-25 00:00:00,1.5325437857220463
2014-07-28 00:00:00,1.543153177717889
2014-07-29 00:00:00,1.5339127395279615
2014-07-30 00:00:00,1.526383493595428
2014-07-31 00:00:00,1.5036116978733085
2014-08-01 00:00:00,1.5036116978733085
2014-08-04 00:00:00,1.5036116978733085
2014-08-05 00:00:00,1.5036116978733085
2014-08-06 00:00:00,1.5036116978733085
2014-08-07 00:00:00,1.5036116978733085
2014-08-08 00:00:00,1.5036116978733085
2014-08-11 00:00:00,1.5036116978733085
2014-08-12 00:00:00,1.5036116978733085
2014-08-13 00:00:00,1.5036116978733085
2014-08-14 00:00:00,1.5036116978733085
2014-08-15 00:00:00,1.5036116978733085
2014-08-18 00:00:00,1.5036116978733085
2014-08-19 00:00:00,1.5036116978733085
2014-08-20 00:00:00,1.5076266823803133
2014-08-21 00:00:00,1.5012696235775556
2014-08-22 00:00:00,1.4972546390705508
2014-08-25 00:00:00,1.5082958464648144
2014-08-26 00:00:00,1.5173295616055753
2014-08-27 00:00:00,1.5250249485773344
2014-08-28 00:00:00,1.5099687566760664
2014-08-29 00:00:00,1.5076266823803133
2014-09-02 00:00:00,1.5052846080845605
2014-09-03 00:00:00,1.5250249485773344
2014-09-04 00:00:00,1.5210099640703296
2014-09-05 00:00:00,1.5340586637180953
2014-09-08 00:00:00,1.5159912334365735
2014-09-09 00:00:00,1.4972546390705508
2014-09-10 00:00:00,1.4908975802677933
2014-09-11 00:00:00,1.480860119000281
2014-09-12 00:00:00,1.4712249591803712
2014-09-15 00:00:00,1.4712249591803712
2014-09-16 00:00:00,1.4712249591803712
2014-09-17 00:00:00,1.4712249591803712
2014-09-18 00:00:00,1.4712249591803712
2014-09-19 00:00:00,1.4712249591803712
2014-09-22 00:00:00,1.4712249591803712
2014-09-23 00:00:00,1.4712249591803712
2014-09-24 00:00:00,1.4712249591803712
2014-09-25 00:00:00,1.4712249591803712
2014-09-26 00:00:00,1.4712249591803712
2014-09-29 00:00:00,1.4712249591803712
2014-09-30 00:00:00,1.4712249591803712
2014-10-01 00:00:00,1.4712249591803712
2014-10-02 00:00:00,1.4712249591803712
2014-10-03 00:00:00,1.4712249591803712
2014-10-06 00:00:00,1.4712249591803712
2014-10-07 00:00:00,1.4712249591803712
2014-10-08 00:00:00,1.4712249591803712
2014-10-09 00:00:00,1.4712249591803712
2014-10-10 00:00:00,1.4712249591803712
2014-10-13 00:00:00,1.4712249591803712
2014-10-14 00:00:00,1.4712249591803712
2014-10-15 00:00:00,1.4712249591803712
2014-10-16 00:00:00,1.4712249591803712
2014-10-17 00:00:00,1.4712249591803712
2014-10-20 00:00:00,1.4712249591803712
2014-10-21 00:00:00,1.4712249591803712
2014-10-22 00:00:00,1.4712249591803712
2014-10-23 00:00:00,1.4712249591803712
2014-10-24 00:00:00,1.4712249591803712
2014-10-27 00:00:00,1.4712249591803712
2014-10-28 00:00:00,1.4712249591803712
2014-10-29 00:00:00,1.4712249591803712
2014-10-30 00:00:00,1.4712249591803712
2014-10-31 00:00:00,1.4712249591803712
2014-11-03 00:00:00,1.4712249591803712
2014-11-04 00:00:00,1.4712249591803712
2014-11-05 00:00:00,1.4712249591803712
2014-11-06 00:00:00,1.4712249591803712
2014-11-07 00:00:00,1.4712249591803712
2014-11-10 00:00:00,1.4712249591803712
2014-11-11 00:00:00,1.4712249591803712
2014-11-12 00:00:00,1.4712249591803712
2014-11-13 00:00:00,1.4712249591803712
2014-11-14 00:00:00,1.4712249591803712
2014-11-17 00:00:00,1.4712249591803712
2014-11-18 00:00:00,1.4712249591803712
2014-11-19 00:00:00,1.4712249591803712
2014-11-20 00:00:00,1.4712249591803712
2014-11-21 00:00:00,1.4712249591803712
2014-11-24 00:00:00,1.4712249591803712
2014-11-25 00:00:00,1.4712249591803712
2014-11-26 00:00:00,1.4712249591803712
2014-11-28 00:00:00,1.4712249591803712
2014-12-01 00:00:00,1.4712249591803712
2014-12-02 00:00:00,1.4712249591803712
2014-12-03 00:00:00,1.4712249591803712
2014-12-04 00:00:00,1.4712249591803712
2014-12-05 00:00:00,1.4712249591803712
2014-12-08 00:00:00,1.4712249591803712
2014-12-09 00:00:00,1.4712249591803712
2014-12-10 00:00:00,1.4712249591803712
2014-12-11 00:00:00,1.4712249591803712
2014-12-12 00:00:00,1.4712249591803712
2014-12-15 00:00:00,1.4712249591803712
2014-12-16 00:00:00,1.4712249591803712
2014-12-17 00:00:00,1.4712249591803712
2014-12-18 00:00:00,1.4712249591803712
2014-12-19 00:00:00,1.4712249591803712
2014-12-22 00:00:00,1.4712249591803712
2014-12-23 00:00:00,1.4712249591803712
2014-12-24 00:00:00,1.4712249591803712
2014-12-26 00:00:00,1.4712249591803712
2014-12-29 00:00:00,1.4712249591803712
2014-12-30 00:00:00,1.4712249591803712
2014-12-31 00:00:00,1.4712249591803712
2015-01-02 00:00:00,1.4712249591803712
2015-01-05 00:00:00,1.4712249591803712
2015-01-06 00:00:00,1.4712249591803712
2015-01-07 00:00:00,1.4712249591803712
2015-01-08 00:00:00,1.4712249591803712
2015-01-09 00:00:00,1.4712249591803712
2015-01-12 00:00:00,1.4712249591803712
2015-01-13 00:00:00,1.4712249591803712
2015-01-14 00:00:00,1.4712249591803712
2015-01-15 00:00:00,1.4712249591803712
2015-01-16 00:00:00,1.4712249591803712
2015-01-20 00:00:00,1.4712249591803712
2015-01-21 00:00:00,1.4712249591803712
2015-01-22 00:00:00,1.4712249591803712
2015-01-23 00:00:00,1.4712249591803712
2015-01-26 00:00:00,1.4712249591803712
2015-01-27 00:00:00,1.4712249591803712
2015-01-28 00:00:00,1.4712249591803712
2015-01-29 00:00:00,1.4712249591803712
2015-01-30 00:00:00,1.4712249591803712
2015-02-02 00:00:00,1.4712249591803712
2015-02-03 00:00:00,1.4712249591803712
2015-02-04 00:00:00,1.4712249591803712
2015-02-05 00:00:00,1.4712249591803712
2015-02-06 00:00:00,1.4712249591803712
2015-02-09 00:00:00,1.4712249591803712
2015-02-10 00:00:00,1.4712249591803712
2015-02-11 00:00:00,1.4712249591803712
2015-02-12 00:00:00,1.4712249591803712
2015-02-13 00:00:00,1.4712249591803712
2015-02-17 00:00:00,1.4712249591803712
2015-02-18 00:00:00,1.4712249591803712
2015-02-19 00:00:00,1.4712249591803712
2015-02-20 00:00:00,1.4712249591803712
2015-02-23 00:00:00,1.4712249591803712
2015-02-24 00:00:00,1.4712249591803712
2015-02-25 00:00:00,1.4712249591803712
2015-02-26 00:00:00,1.4712249591803712
2015-02-27 00:00:00,1.4712249591803712
2015-03-02 00:00:00,1.4712249591803712
2015-03-03 00:00:00,1.4712249591803712
2015-03-04 00:00:00,1.4712249591803712
2015-03-05 00:00:00,1.4712249591803712
2015-03-06 00:00:00,1.4712249591803712
2015-03-09 00:00:00,1.4712249591803712
2015-03-10 00:00:00,1.4712249591803712
2015-03-11 00:00:00,1.4712249591803712
2015-03-12 00:00:00,1.4712249591803712
2015-03-13 00:00:00,1.4712249591803712
2015-03-16 00:00:00,1.4712249591803712
2015-03-17 00:00:00,1.4712249591803712
2015-03-18 00:00:00,1.4712249591803712
2015-03-19 00:00:00,1.4712249591803712
2015-03-20 00:00:00,1.4712249591803712
2015-03-23 00:00:00,1.4712249591803712
2015-03-24 00:00:00,1.4712249591803712
2015-03-25 00:00:00,1.4712249591803712
2015-03-26 00:00:00,1.4712249591803712
2015-03-27 00:00:00,1.4712249591803712
2015-03-30 00:00:00,1.4712249591803712
2015-03-31 00:00:00,1.4712249591803712
2015-04-01 00:00:00,1.4712249591803712
2015-04-02 00:00:00,1.4712249591803712
2015-04-06 00:00:00,1.4712249591803712
2015-04-07 00:00:00,1.4712249591803712
2015-04-08 00:00:00,1.4712249591803712
2015-04-09 00:00:00,1.4712249591803712
2015-04-10 00:00:00,1.478812148374457
2015-04-13 00:00:00,1.4701903424720872
2015-04-14 00:00:00,1.4767429149578881
2015-04-15 00:00:00,1.4870890820407314
2015-04-16 00:00:00,1.4988147380679544
2015-04-17 00:00:00,1.4726044481247504
2015-04-20 00:00:00,1.4712249591803712
2015-04-21 00:00:00,1.479846765082741
2015-04-22 00:00:00,1.4957108879431014
2015-04-23 00:00:00,1.5067467994981347
2015-04-24 00:00:00,1.512092319157604
2015-04-27 00:00:00,1.518127583289263
2015-04-28 00:00:00,1.5205416889419265
2015-04-29 00:00:00,1.5015737159567129
2015-04-30 00:00:00,1.478812148374457
2015-05-01 00:00:00,1.487778826512921
2015-05-04 00:00:00,1.496400632415291
2015-05-05 00:00:00,1.4801916373188357
2015-05-06 00:00:00,1.461913408805812
2015-05-07 00:00:00,1.4598441753892433
2015-05-08 00:00:00,1.4784672761383617
2015-05-11 00:00:00,1.4643275144584755
2015-05-12 00:00:00,1.4594993031531485
2015-05-13 00:00:00,1.462258281041907
2015-05-14 00:00:00,1.4767429149578881
2015-05-15 00:00:00,1.4881236987490158
2015-05-18 00:00:00,1.4729493203608452
2015-05-19 00:00:00,1.475363426013509
2015-05-20 00:00:00,1.4743288093052245
2015-05-21 00:00:00,1.4691557257638028
2015-05-22 00:00:00,1.4739839370691297
2015-05-26 00:00:00,1.450532625014684
2015-05-27 00:00:00,1.4508774972507787
2015-05-28 00:00:00,1.4282171841570401
2015-05-29 00:00:00,1.4282171841570401
2015-06-01 00:00:00,1.4282171841570401
2015-06-02 00:00:00,1.4282171841570401
2015-06-03 00:00:00,1.4282171841570401
2015-06-04 00:00:00,1.4282171841570401
2015-06-05 00:00:00,1.4282171841570401
2015-06-08 00:00:00,1.4282171841570401
2015-06-09 00:00:00,1.4282171841570401
2015-06-10 00:00:00,1.4282171841570401
2015-06-11 00:00:00,1.4282171841570401
2015-06-12 00:00:00,1.4282171841570401
2015-06-15 00:00:00,1.4282171841570401
2015-06-16 00:00:00,1.4282171841570401
2015-06-17 00:00:00,1.4282171841570401
2015-06-18 00:00:00,1.4282171841570401
2015-06-19 00:00:00,1.4282171841570401
2015-06-22 00:00:00,1.4282171841570401
2015-06-23 00:00:00,1.4282171841570401
2015-06-24 00:00:00,1.4282171841570401
2015-06-25 00:00:00,1.4282171841570401
2015-06-26 00:00:00,1.4282171841570401
2015-06-29 00:00:00,1.4282171841570401
2015-06-30 00:00:00,1.4282171841570401
2015-07-01 00:00:00,1.4282171841570401
2015-07-02 00:00:00,1.4282171841570401
2015-07-06 00:00:00,1.4282171841570401
2015-07-07 00:00:00,1.4282171841570401
2015-07-08 00:00:00,1.4282171841570401
2015-07-09 00:00:00,1.4282171841570401
2015-07-10 00:00:00,1.4282171841570401
2015-07-13 00:00:00,1.4282171841570401
2015-07-14 00:00:00,1.4282171841570401
2015-07-15 00:00:00,1.4282171841570401
2015-07-16 00:00:00,1.4282171841570401
2015-07-17 00:00:00,1.4282171841570401
2015-07-20 00:00:00,1.4282171841570401
2015-07-21 00:00:00,1.4282171841570401
2015-07-22 00:00:00,1.4282171841570401
2015-07-23 00:00:00,1.4282171841570401
2015-07-24 00:00:00,1.4282171841570401
2015-07-27 00:00:00,1.4282171841570401
2015-07-28 00:00:00,1.4282171841570401
2015-07-29 00:00:00,1.4282171841570401
2015-07-30 00:00:00,1.4282171841570401
2015-07-31 00:00:00,1.4282171841570401
2015-08-03 00:00:00,1.4282171841570401
2015-08-04 00:00:00,1.4282171841570401
2015-08-05 00:00:00,1.4282171841570401
2015-08-06 00:00:00,1.4282171841570401
2015-08-07 00:00:00,1.4282171841570401
2015-08-10 00:00:00,1.4282171841570401
2015-08-11 00:00:00,1.4282171841570401
2015-08-12 00:00:00,1.4282171841570401
2015-08-13 00:00:00,1.4282171841570401
2015-08-14 00:00:00,1.4282171841570401
2015-08-17 00:00:00,1.4282171841570401
2015-08-18 00:00:00,1.4282171841570401
2015-08-19 00:00:00,1.4282171841570401
2015-08-20 00:00:00,1.4282171841570401
2015-08-21 00:00:00,1.4282171841570401
2015-08-24 00:00:00,1.4282171841570401
2015-08-25 00:00:00,1.4282171841570401
2015-08-26 00:00:00,1.4282171841570401
2015-08-27 00:00:00,1.4282171841570401
2015-08-28 00:00:00,1.4282171841570401
2015-08-31 00:00:00,1.4282171841570401
2015-09-01 00:00:00,1.4282171841570401
2015-09-02 00:00:00,1.4282171841570401
2015-09-03 00:00:00,1.4282171841570401
2015-09-04 00:00:00,1.4282171841570401
2015-09-08 00:00:00,1.4282171841570401
2015-09-09 00:00:00,1.4282171841570401
2015-09-10 00:00:00,1.4282171841570401
2015-09-11 00:00:00,1.4282171841570401
2015-09-14 00:00:00,1.4282171841570401
2015-09-15 00:00:00,1.4282171841570401
2015-09-16 00:00:00,1.4282171841570401
2015-09-17 00:00:00,1.4282171841570401
2015-09-18 00:00:00,1.4282171841570401
2015-09-21 00:00:00,1.4282171841570401
2015-09-22 00:00:00,1.4282171841570401
2015-09-23 00:00:00,1.4282171841570401
2015-09-24 00:00:00,1.4282171841570401
2015-09-25 00:00:00,1.4282171841570401
2015-09-28 00:00:00,1.4282171841570401
2015-09-29 00:00:00,1.4282171841570401
2015-09-30 00:00:00,1.4282171841570401
2015-10-01 00:00:00,1.4282171841570401
2015-10-02 00:00:00,1.4282171841570401
2015-10-05 00:00:00,1.4282171841570401
2015-10-06 00:00:00,1.4282171841570401
2015-10-07 00:00:00,1.4282171841570401
2015-10-08 00:00:00,1.4282171841570401
2015-10-09 00:00:00,1.4282171841570401
2015-10-12 00:00:00,1.4282171841570401
2015-10-13 00:00:00,1.4282171841570401
2015-10-14 00:00:00,1.4282171841570401
2015-10-15 00:00:00,1.4282171841570401
2015-10-16 00:00:00,1.4282171841570401
2015-10-19 00:00:00,1.4282171841570401
2015-10-20 00:00:00,1.4282171841570401
2015-10-21 00:00:00,1.4282171841570401
2015-10-22 00:00:00,1.4282171841570401
2015-10-23 00:00:00,1.4282171841570401
2015-10-26 00:00:00,1.4282171841570401
2015-10-27 00:00:00,1.4282171841570401
2015-10-28 00:00:00,1.4282171841570401
2015-10-29 00:00:00,1.4282171841570401
2015-10-30 00:00:00,1.4282171841570401
2015-11-02 00:00:00,1.4282171841570401
2015-11-03 00:00:00,1.4282171841570401
2015-11-04 00:00:00,1.4282171841570401
2015-11-05 00:00:00,1.4282171841570401
2015-11-06 00:00:00,1.4282171841570401
2015-11-09 00:00:00,1.4282171841570401
2015-11-10 00:00:00,1.4282171841570401
2015-11-11 00:00:00,1.4282171841570401
2015-11-12 00:00:00,1.4282171841570401
2015-11-13 00:00:00,1.4282171841570401
2015-11-16 00:00:00,1.4282171841570401
2015-11-17 00:00:00,1.4282171841570401
2015-11-18 00:00:00,1.4282171841570401
2015-11-19 00:00:00,1.4282171841570401
2015-11-20 00:00:00,1.4282171841570401
2015-11-23 00:00:00,1.4282171841570401
2015-11-24 00:00:00,1.4282171841570401
2015-11-25 00:00:00,1.4282171841570401
2015-11-27 00:00:00,1.4282171841570401
2015-11-30 00:00:00,1.4282171841570401
2015-12-01 00:00:00,1.4282171841570401
2015-12-02 00:00:00,1.4282171841570401
2015-12-03 00:00:00,1.4282171841570401
2015-12-04 00:00:00,1.4282171841570401
2015-12-07 00:00:00,1.4282171841570401
2015-12-08 00:00:00,1.4282171841570401
2015-12-09 00:00:00,1.4282171841570401
2015-12-10 00:00:00,1.4282171841570401
2015-12-11 00:00:00,1.4282171841570401
2015-12-14 00:00:00,1.4282171841570401
2015-12-15 00:00:00,1.4282171841570401
2015-12-16 00:00:00,1.4282171841570401
2015-12-17 00:00:00,1.4282171841570401
2015-12-18 00:00:00,1.4282171841570401
2015-12-21 00:00:00,1.4282171841570401
2015-12-22 00:00:00,1.4282171841570401
2015-12-23 00:00:00,1.4282171841570401
2015-12-24 00:00:00,1.4282171841570401
2015-12-28 00:00:00,1.4282171841570401
2015-12-29 00:00:00,1.4282171841570401
2015-12-30 00:00:00,1.4282171841570401
2015-12-31 00:00:00,1.4282171841570401
2016-01-04 00:00:00,1.4282171841570401
2016-01-05 00:00:00,1.4282171841570401
2016-01-06 00:00:00,1.4282171841570401
2016-01-07 00:00:00,1.4282171841570401
2016-01-08 00:00:00,1.4282171841570401
2016-01-11 00:00:00,1.4282171841570401
2016-01-12 00:00:00,1.4282171841570401
2016-01-13 00:00:00,1.4282171841570401
2016-01-14 00:00:00,1.4282171841570401
2016-01-15 00:00:00,1.4282171841570401
2016-01-19 00:00:00,1.4282171841570401
2016-01-20 00:00:00,1.4282171841570401
2016-01-21 00:00:00,1.4282171841570401
2016-01-22 00:00:00,1.4282171841570401
2016-01-25 00:00:00,1.4282171841570401
2016-01-26 00:00:00,1.4282171841570401
2016-01-27 00:00:00,1.4282171841570401
2016-01-28 00:00:00,1.4282171841570401
2016-01-29 00:00:00,1.4282171841570401
2016-02-01 00:00:00,1.4282171841570401
2016-02-02 00:00:00,1.4282171841570401
2016-02-03 00:00:00,1.4282171841570401
2016-02-04 00:00:00,1.4282171841570401
2016-02-05 00:00:00,1.4282171841570401
2016-02-08 00:00:00,1.4282171841570401
2016-02-09 00:00:00,1.4282171841570401
2016-02-10 00:00:00,1.4282171841570401
2016-02-11 00:00:00,1.4282171841570401
2016-02-12 00:00:00,1.4282171841570401
2016-02-16 00:00:00,1.4282171841570401
2016-02-17 00:00:00,1.4282171841570401
2016-02-18 00:00:00,1.4282171841570401
2016-02-19 00:00:00,1.4282171841570401
2016-02-22 00:00:00,1.4282171841570401
2016-02-23 00:00:00,1.4282171841570401
2016-02-24 00:00:00,1.4282171841570401
2016-02-25 00:00:00,1.4282171841570401
2016-02-26 00:00:00,1.4282171841570401
2016-02-29 00:00:00,1.4282171841570401
2016-03-01 00:00:00,1.4282171841570401
2016-03-02 00:00:00,1.4282171841570401
2016-03-03 00:00:00,1.4282171841570401
2016-03-04 00:00:00,1.4282171841570401
2016-03-07 00:00:00,1.4282171841570401
2016-03-08 00:00:00,1.4282171841570401
2016-03-09 00:00:00,1.4282171841570401
2016-03-10 00:00:00,1.4282171841570401
2016-03-11 00:00:00,1.4282171841570401
2016-03-14 00:00:00,1.4282171841570401
2016-03-15 00:00:00,1.4282171841570401
2016-03-16 00:00:00,1.4282171841570401
2016-03-17 00:00:00,1.4282171841570401
2016-03-18 00:00:00,1.4282171841570401
2016-03-21 00:00:00,1.4282171841570401
2016-03-22 00:00:00,1.4282171841570401
2016-03-23 00:00:00,1.4282171841570401
2016-03-24 00:00:00,1.4282171841570401
2016-03-28 00:00:00,1.4282171841570401
2016-03-29 00:00:00,1.4282171841570401
2016-03-30 00:00:00,1.4282171841570401
2016-03-31 00:00:00,1.4282171841570401
2016-04-01 00:00:00,1.4282171841570401
2016-04-04 00:00:00,1.4282171841570401
2016-04-05 00:00:00,1.4282171841570401
2016-04-06 00:00:00,1.4282171841570401
2016-04-07 00:00:00,1.4282171841570401
2016-04-08 00:00:00,1.4282171841570401
2016-04-11 00:00:00,1.4282171841570401
2016-04-12 00:00:00,1.4282171841570401
2016-04-13 00:00:00,1.4282171841570401
2016-04-14 00:00:00,1.4282171841570401
2016-04-15 00:00:00,1.4282171841570401
2016-04-18 00:00:00,1.4282171841570401
2016-04-19 00:00:00,1.4282171841570401
2016-04-20 00:00:00,1.4330395540495324
2016-04-21 00:00:00,1.4189743085297635
2016-04-22 00:00:00,1.4105351612179022
2016-04-25 00:00:00,1.4016620006157166
2016-04-26 00:00:00,1.4165631235835172
2016-04-27 00:00:00,1.4250022708953787
2016-04-28 00:00:00,1.4105351612179022
2016-04-29 00:00:00,1.4045071988522868
2016-05-02 00:00:00,1.400689489354064
2016-05-03 00:00:00,1.3742069628524536
2016-05-04 00:00:00,1.3742069628524536
2016-05-05 00:00:00,1.3742069628524536
2016-05-06 00:00:00,1.3742069628524536
2016-05-09 00:00:00,1.3742069628524536
2016-05-10 00:00:00,1.3742069628524536
2016-05-11 00:00:00,1.3742069628524536
2016-05-12 00:00:00,1.3742069628524536
2016-05-13 00:00:00,1.3742069628524536
2016-05-16 00:00:00,1.3742069628524536
2016-05-17 00:00:00,1.3742069628524536
2016-05-18 00:00:00,1.3742069628524536
2016-05-19 00:00:00,1.3742069628524536
2016-05-20 00:00:00,1.3742069628524536
2016-05-23 00:00:00,1.3742069628524536
2016-05-24 00:00:00,1.3742069628524536
2016-05-25 00:00:00,1.3742069628524536
2016-05-26 00:00:00,1.3742069628524536
2016-05-27 00:00:00,1.3742069628524536
2016-05-31 00:00:00,1.3742069628524536
2016-06-01 00:00:00,1.3742069628524536
2016-06-02 00:00:00,1.3742069628524536
2016-06-03 00:00:00,1.3742069628524536
2016-06-06 00:00:00,1.3742069628524536
2016-06-07 00:00:00,1.3742069628524536
2016-06-08 00:00:00,1.3742069628524536
2016-06-09 00:00:00,1.3742069628524536
2016-06-10 00:00:00,1.3742069628524536
2016-06-13 00:00:00,1.3742069628524536
2016-06-14 00:00:00,1.3742069628524536
2016-06-15 00:00:00,1.3742069628524536
2016-06-16 00:00:00,1.3742069628524536
2016-06-17 00:00:00,1.3742069628524536
2016-06-20 00:00:00,1.3742069628524536
2016-06-21 00:00:00,1.3742069628524536
2016-06-22 00:00:00,1.3742069628524536
2016-06-23 00:00:00,1.3742069628524536
2016-06-24 00:00:00,1.3742069628524536
2016-06-27 00:00:00,1.3742069628524536
2016-06-28 00:00:00,1.3742069628524536
2016-06-29 00:00:00,1.3742069628524536
2016-06-30 00:00:00,1.3742069628524536
2016-07-01 00:00:00,1.3742069628524536
2016-07-05 00:00:00,1.3742069628524536
2016-07-06 00:00:00,1.3742069628524536
2016-07-07 00:00:00,1.3742069628524536
2016-07-08 00:00:00,1.3742069628524536
2016-07-11 00:00:00,1.3742069628524536
2016-07-12 00:00:00,1.3742069628524536
2016-07-13 00:00:00,1.3742069628524536
2016-07-14 00:00:00,1.3742069628524536
2016-07-15 00:00:00,1.3728790533102249
2016-07-18 00:00:00,1.3812448834262652
2016-07-19 00:00:00,1.3715511437679964
2016-07-20 00:00:00,1.3763316181200194
2016-07-21 00:00:00,1.3732774261728935
2016-07-22 00:00:00,1.380315346746705
2016-07-25 00:00:00,1.370754398042659
2016-07-26 00:00:00,1.3781906914791393
2016-07-27 00:00:00,1.381377674380488
2016-07-28 00:00:00,1.381643256288934
2016-07-29 00:00:00,1.3865565215951796
2016-08-01 00:00:00,1.3848302391902825
2016-08-02 00:00:00,1.3779251095706937
2016-08-03 00:00:00,1.3811120924720424
2016-08-04 00:00:00,1.3864237306409568
2016-08-05 00:00:00,1.3975781707956774
2016-08-08 00:00:00,1.4044833004152661
2016-08-09 00:00:00,1.4111228481264093
2016-08-10 00:00:00,1.411388430034855
2016-08-11 00:00:00,1.4241363616402498
2016-08-12 00:00:00,1.4204182149220097
2016-08-15 00:00:00,1.430775909351393
2016-08-16 00:00:00,1.4262610169078156
2016-08-17 00:00:00,1.4198870511051183
2016-08-18 00:00:00,1.4291824179007186
2016-08-19 00:00:00,1.4236051978233584
2016-08-22 00:00:00,1.410326102401072
2016-08-23 00:00:00,1.4063423737743863
2016-08-24 00:00:00,1.4089981928588435
2016-08-25 00:00:00,1.4097949385841806
2016-08-26 00:00:00,1.4012963175139175
2016-08-29 00:00:00,1.4087326109503977
2016-08-30 00:00:00,1.4060767918659403
2016-08-31 00:00:00,1.3951879336196658
2016-09-01 00:00:00,1.4026242270561462
2016-09-02 00:00:00,1.4185591415628893
2016-09-06 00:00:00,1.4378546390871796
2016-09-07 00:00:00,1.4329639770494682
2016-09-08 00:00:00,1.4292019293281517
2016-09-09 00:00:00,1.4004145358678333
2016-09-12 00:00:00,1.4004145358678333
2016-09-13 00:00:00,1.4004145358678333
2016-09-14 00:00:00,1.4004145358678333
2016-09-15 00:00:00,1.4004145358678333
2016-09-16 00:00:00,1.4004145358678333
2016-09-19 00:00:00,1.4004145358678333
2016-09-20 00:00:00,1.4004145358678333
2016-09-21 00:00:00,1.4004145358678333
2016-09-22 00:00:00,1.4004145358678333
2016-09-23 00:00:00,1.4004145358678333
2016-09-26 00:00:00,1.4004145358678333
2016-09-27 00:00:00,1.4004145358678333
2016-09-28 00:00:00,1.4004145358678333
2016-09-29 00:00:00,1.4004145358678333
2016-09-30 00:00:00,1.4004145358678333
2016-10-03 00:00:00,1.4004145358678333
2016-10-04 00:00:00,1.4004145358678333
2016-10-05 00:00:00,1.4004145358678333
2016-10-06 00:00:00,1.4004145358678333
2016-10-07 00:00:00,1.4004145358678333
2016-10-10 00:00:00,1.4004145358678333
2016-10-11 00:00:00,1.4004145358678333
2016-10-12 00:00:00,1.4004145358678333
2016-10-13 00:00:00,1.4004145358678333
2016-10-14 00:00:00,1.4004145358678333
2016-10-17 00:00:00,1.4004145358678333
2016-10-18 00:00:00,1.4004145358678333
2016-10-19 00:00:00,1.4004145358678333
2016-10-20 00:00:00,1.4004145358678333
2016-10-21 00:00:00,1.4004145358678333
2016-10-24 00:00:00,1.4004145358678333
2016-10-25 00:00:00,1.4004145358678333
2016-10-26 00:00:00,1.4004145358678333
2016-10-27 00:00:00,1.4004145358678333
2016-10-28 00:00:00,1.4004145358678333
2016-10-31 00:00:00,1.4004145358678333
2016-11-01 00:00:00,1.4004145358678333
2016-11-02 00:00:00,1.4004145358678333
2016-11-03 00:00:00,1.4004145358678333
2016-11-04 00:00:00,1.4004145358678333
2016-11-07 00:00:00,1.4004145358678333
2016-11-08 00:00:00,1.4004145358678333
2016-11-09 00:00:00,1.4004145358678333
2016-11-10 00:00:00,1.4004145358678333
2016-11-11 00:00:00,1.4004145358678333
2016-11-14 00:00:00,1.4004145358678333
2016-11-15 00:00:00,1.4004145358678333
2016-11-16 00:00:00,1.4004145358678333
2016-11-17 00:00:00,1.4004145358678333
2016-11-18 00:00:00,1.4004145358678333
2016-11-21 00:00:00,1.4004145358678333
2016-11-22 00:00:00,1.4004145358678333
2016-11-23 00:00:00,1.4004145358678333
2016-11-25 00:00:00,1.4004145358678333
2016-11-28 00:00:00,1.4004145358678333
2016-11-29 00:00:00,1.4004145358678333
2016-11-30 00:00:00,1.4004145358678333
2016-12-01 00:00:00,1.4004145358678333
2016-12-02 00:00:00,1.4004145358678333
2016-12-05 00:00:00,1.4004145358678333
2016-12-06 00:00:00,1.4004145358678333
2016-12-07 00:00:00,1.4004145358678333
2016-12-08 00:00:00,1.4004145358678333
2016-12-09 00:00:00,1.4004145358678333
2016-12-12 00:00:00,1.4004145358678333
2016-12-13 00:00:00,1.4004145358678333
2016-12-14 00:00:00,1.4004145358678333
2016-12-15 00:00:00,1.4004145358678333
2016-12-16 00:00:00,1.4004145358678333
2016-12-19 00:00:00,1.4004145358678333
2016-12-20 00:00:00,1.4004145358678333
2016-12-21 00:00:00,1.4004145358678333
2016-12-22 00:00:00,1.4004145358678333
2016-12-23 00:00:00,1.4004145358678333
2016-12-27 00:00:00,1.4004145358678333
2016-12-28 00:00:00,1.4004145358678333
2016-12-29 00:00:00,1.4004145358678333
2016-12-30 00:00:00,1.4004145358678333
2017-01-03 00:00:00,1.4004145358678333
2017-01-04 00:00:00,1.4004145358678333
2017-01-05 00:00:00,1.4004145358678333
2017-01-06 00:00:00,1.4004145358678333
2017-01-09 00:00:00,1.4004145358678333
2017-01-10 00:00:00,1.4004145358678333
2017-01-11 00:00:00,1.4004145358678333
2017-01-12 00:00:00,1.4004145358678333
2017-01-13 00:00:00,1.4004145358678333
2017-01-17 00:00:00,1.4004145358678333
2017-01-18 00:00:00,1.4004145358678333
2017-01-19 00:00:00,1.4004145358678333
2017-01-20 00:00:00,1.4004145358678333
2017-01-23 00:00:00,1.4004145358678333
2017-01-24 00:00:00,1.4004145358678333
2017-01-25 00:00:00,1.4004145358678333
2017-01-26 00:00:00,1.4004145358678333
2017-01-27 00:00:00,1.4004145358678333
2017-01-30 00:00:00,1.4004145358678333
2017-01-31 00:00:00,1.4004145358678333
2017-02-01 00:00:00,1.4004145358678333
2017-02-02 00:00:00,1.4004145358678333
2017-02-03 00:00:00,1.4004145358678333
2017-02-06 00:00:00,1.4004145358678333
2017-02-07 00:00:00,1.4004145358678333
2017-02-08 00:00:00,1.4004145358678333
2017-02-09 00:00:00,1.4004145358678333
2017-02-10 00:00:00,1.4004145358678333
2017-02-13 00:00:00,1.4004145358678333
2017-02-14 00:00:00,1.4018755838969075
2017-02-15 00:00:00,1.4131987061222344
2017-02-16 00:00:00,1.4080850380204737
2017-02-17 00:00:00,1.402240845904176
2017-02-21 00:00:00,1.4175818502094577
2017-02-22 00:00:00,1.4219649942966808
2017-02-23 00:00:00,1.4223302563039493
2017-02-24 00:00:00,1.4055282039695933
2017-02-27 00:00:00,1.4011450598823705
2017-02-28 00:00:00,1.387630365613432
2017-03-01 00:00:00,1.4091808240422796
2017-03-02 00:00:00,1.3843430075480145
2017-03-03 00:00:00,1.394935605758804
2017-03-06 00:00:00,1.3956661297733415
2017-03-07 00:00:00,1.3971271778024157
2017-03-08 00:00:00,1.383977745540746
2017-03-09 00:00:00,1.3764776015882954
2017-03-10 00:00:00,1.3764776015882954
2017-03-13 00:00:00,1.3764776015882954
2017-03-14 00:00:00,1.3764776015882954
2017-03-15 00:00:00,1.3764776015882954
2017-03-16 00:00:00,1.3750872201725497
2017-03-17 00:00:00,1.3726540526949946
2017-03-20 00:00:00,1.389860022714848
2017-03-21 00:00:00,1.3733492434028673
2017-03-22 00:00:00,1.3799535551276598
2017-03-23 00:00:00,1.380301150481596
2017-03-24 00:00:00,1.3837771040209605
2017-03-27 00:00:00,1.3799535551276598
2017-03-28 00:00:00,1.3837771040209605
2017-03-29 00:00:00,1.3862102714985156
2017-03-30 00:00:00,1.3789107690658506
2017-03-31 00:00:00,1.3691780991556302
2017-04-03 00:00:00,1.3768251969422316
2017-04-04 00:00:00,1.3775203876501045
2017-04-05 00:00:00,1.3733492434028673
2017-04-06 00:00:00,1.370916075925312
2017-04-07 00:00:00,1.3684829084477572
2017-04-10 00:00:00,1.3629213827847741
2017-04-11 00:00:00,1.3597930245993461
2017-04-12 00:00:00,1.3663973363241386
2017-04-13 00:00:00,1.360488215307219
2017-04-17 00:00:00,1.374739624818613
2017-04-18 00:00:00,1.357359857121791
2017-04-19 00:00:00,1.347543151612418
2017-04-20 00:00:00,1.347543151612418
2017-04-21 00:00:00,1.347543151612418
2017-04-24 00:00:00,1.347543151612418
2017-04-25 00:00:00,1.347543151612418
2017-04-26 00:00:00,1.347543151612418
2017-04-27 00:00:00,1.347543151612418
2017-04-28 00:00:00,1.347543151612418
2017-05-01 00:00:00,1.347543151612418
2017-05-02 00:00:00,1.347543151612418
2017-05-03 00:00:00,1.3442084741770994
2017-05-04 00:00:00,1.3292024257181636
2017-05-05 00:00:00,1.3402068612547162
2017-05-08 00:00:00,1.3398733935111844
2017-05-09 00:00:00,1.3568802484313114
2017-05-10 00:00:00,1.365883877506673
2017-05-11 00:00:00,1.3688850871984597
2017-05-12 00:00:00,1.3745540388385022
2017-05-15 00:00:00,1.3885596840668424
2017-05-16 00:00:00,1.38989355504097
2017-05-17 00:00:00,1.3662173452502049
2017-05-18 00:00:00,1.3435415386900353
2017-05-19 00:00:00,1.372219764633779
2017-05-22 00:00:00,1.3735536356079066
2017-05-23 00:00:00,1.3748875065820343
2017-05-24 00:00:00,1.3802229904785446
2017-05-25 00:00:00,1.3868923453491828
2017-05-26 00:00:00,1.3918943615021613
2017-05-30 00:00:00,1.3845580711444594
2017-05-31 00:00:00,1.3738871033514386
2017-06-01 00:00:00,1.385558474375055
2017-06-02 00:00:00,1.3925612969892252
2017-06-05 00:00:00,1.393802465709917
2017-06-06 00:00:00,1.393802465709917
2017-06-07 00:00:00,1.393802465709917
2017-06-08 00:00:00,1.393802465709917
2017-06-09 00:00:00,1.3821763726927943
2017-06-12 00:00:00,1.3706809328702327
2017-06-13 00:00:00,1.3706809328702327
2017-06-14 00:00:00,1.3706809328702327
2017-06-15 00:00:00,1.3706809328702327
2017-06-16 00:00:00,1.3706809328702327
2017-06-19 00:00:00,1.3706809328702327
2017-06-20 00:00:00,1.3706809328702327
2017-06-21 00:00:00,1.3706809328702327
2017-06-22 00:00:00,1.3706809328702327
2017-06-23 00:00:00,1.3706809328702327
2017-06-26 00:00:00,1.3706809328702327
2017-06-27 00:00:00,1.3706809328702327
2017-06-28 00:00:00,1.3706809328702327
2017-06-29 00:00:00,1.3706809328702327
2017-06-30 00:00:00,1.3706809328702327
2017-07-03 00:00:00,1.3706809328702327
2017-07-05 00:00:00,1.3706809328702327
2017-07-06 00:00:00,1.3706809328702327
2017-07-07 00:00:00,1.3706809328702327
2017-07-10 00:00:00,1.3706809328702327
2017-07-11 00:00:00,1.3706809328702327
2017-07-12 00:00:00,1.3706809328702327
2017-07-13 00:00:00,1.3751707627860454
2017-07-14 00:00:00,1.3924886781756083
2017-07-17 00:00:00,1.3860746354387332
2017-07-18 00:00:00,1.390243763217702
2017-07-19 00:00:00,1.4017890401440776
2017-07-20 00:00:00,1.4001855294598584
2017-07-21 00:00:00,1.3992234230493275
2017-07-24 00:00:00,1.4033925508282963
2017-07-25 00:00:00,1.3998648273230148
2017-07-26 00:00:00,1.4114101042493903
2017-07-27 00:00:00,1.4037132529651402
2017-07-28 00:00:00,1.4030718486914526
2017-07-31 00:00:00,1.4046753593756711
2017-08-01 00:00:00,1.4088444871546402
2017-08-02 00:00:00,1.4101272957020152
2017-08-03 00:00:00,1.4043546572388275
2017-08-04 00:00:00,1.409485891428328
2017-08-07 00:00:00,1.4191069555336404
2017-08-08 00:00:00,1.4284991181752442
2017-08-09 00:00:00,1.4284991181752442
2017-08-10 00:00:00,1.4284991181752442
2017-08-11 00:00:00,1.4284991181752442
2017-08-14 00:00:00,1.4284991181752442
2017-08-15 00:00:00,1.4284991181752442
2017-08-16 00:00:00,1.4284991181752442
2017-08-17 00:00:00,1.4284991181752442
2017-08-18 00:00:00,1.4284991181752442
2017-08-21 00:00:00,1.4284991181752442
2017-08-22 00:00:00,1.4284991181752442
2017-08-23 00:00:00,1.4284991181752442
2017-08-24 00:00:00,1.4284991181752442
2017-08-25 00:00:00,1.4288171277741255
2017-08-28 00:00:00,1.4237289741920234
2017-08-29 00:00:00,1.421184897400972
2017-08-30 00:00:00,1.4234109645931416
2017-08-31 00:00:00,1.4256370317853115
2017-09-01 00:00:00,1.4361313485483975
2017-09-05 00:00:00,1.4173687822143952
2017-09-06 00:00:00,1.4265910605819556
2017-09-07 00:00:00,1.4370853773450418
2017-09-08 00:00:00,1.4275450893786001
2017-09-11 00:00:00,1.446625665311484
2017-09-12 00:00:00,1.4450356173170769
2017-09-13 00:00:00,1.4374033869439233
2017-09-14 00:00:00,1.4412195021305
2017-09-15 00:00:00,1.449805761300298
2017-09-18 00:00:00,1.4548939148824
2017-09-19 00:00:00,1.4580740108712142
2017-09-20 00:00:00,1.451395809294705
2017-09-21 00:00:00,1.451395809294705
2017-09-22 00:00:00,1.4431275597237887
2017-09-25 00:00:00,1.4186408206099208
2017-09-26 00:00:00,1.414824705423344
2017-09-27 00:00:00,1.4097365518412415
2017-09-28 00:00:00,1.4087825230445974
2017-09-29 00:00:00,1.4250010125875487
2017-10-02 00:00:00,1.4253190221864303
2017-10-03 00:00:00,1.4478977037070095
2017-10-04 00:00:00,1.4475796941081283
2017-10-05 00:00:00,1.4583920204700955
2017-10-06 00:00:00,1.4510777996958235
2017-10-09 00:00:00,1.4501237708991792
2017-10-10 00:00:00,1.4644342028488422
2017-10-11 00:00:00,1.4711124044253514
2017-10-12 00:00:00,1.4704763852275888
2017-10-13 00:00:00,1.4832613887333375
2017-10-16 00:00:00,1.4786633577046613
2017-10-17 00:00:00,1.4710528235882316
2017-10-18 00:00:00,1.4745409850582618
2017-10-19 00:00:00,1.4576551015592916
2017-10-20 00:00:00,1.4576551015592916
2017-10-23 00:00:00,1.4576551015592916
2017-10-24 00:00:00,1.4576551015592916
2017-10-25 00:00:00,1.4576551015592916
2017-10-26 00:00:00,1.4576551015592916
2017-10-27 00:00:00,1.4576551015592916
2017-10-30 00:00:00,1.4576551015592916
2017-10-31 00:00:00,1.4576551015592916
2017-11-01 00:00:00,1.4576551015592916
2017-11-02 00:00:00,1.4576551015592916
2017-11-03 00:00:00,1.4576551015592916
2017-11-06 00:00:00,1.4576551015592916
2017-11-07 00:00:00,1.4498701458790988
2017-11-08 00:00:00,1.4567209068776685
2017-11-09 00:00:00,1.447690358288645
2017-11-10 00:00:00,1.4414623937444906
2017-11-13 00:00:00,1.4383484114724134
2017-11-14 00:00:00,1.430459285814818
2017-11-15 00:00:00,1.430459285814818
2017-11-16 00:00:00,1.430459285814818
2017-11-17 00:00:00,1.430459285814818
2017-11-20 00:00:00,1.430459285814818
2017-11-21 00:00:00,1.4322612500631673
2017-11-22 00:00:00,1.4358651785598666
2017-11-24 00:00:00,1.4328619048126172
2017-11-27 00:00:00,1.4118389885818725
2017-11-28 00:00:00,1.422350446697245
2017-11-29 00:00:00,1.4030591820903366
2017-11-30 00:00:00,1.4030591820903366
2017-12-01 00:00:00,1.4030591820903366
2017-12-04 00:00:00,1.4030591820903366
2017-12-05 00:00:00,1.4030591820903366
2017-12-06 00:00:00,1.4030591820903366
2017-12-07 00:00:00,1.4030591820903366
2017-12-08 00:00:00,1.4030591820903366
2017-12-11 00:00:00,1.4030591820903366
2017-12-12 00:00:00,1.4030591820903366
2017-12-13 00:00:00,1.4030591820903366
2017-12-14 00:00:00,1.4030591820903366
2017-12-15 00:00:00,1.4030591820903366
2017-12-18 00:00:00,1.4030591820903366
2017-12-19 00:00:00,1.4030591820903366
2017-12-20 00:00:00,1.4030591820903366
2017-12-21 00:00:00,1.4030591820903366
2017-12-22 00:00:00,1.4030591820903366
2017-12-26 00:00:00,1.4030591820903366
2017-12-27 00:00:00,1.4030591820903366
2017-12-28 00:00:00,1.4030591820903366
2017-12-29 00:00:00,1.4030591820903366
2018-01-02 00:00:00,1.4030591820903366
2018-01-03 00:00:00,1.4082890568630901
2018-01-04 00:00:00,1.4152622232267613
2018-01-05 00:00:00,1.4274652643631858
2018-01-08 00:00:00,1.4274652643631858
2018-01-09 00:00:00,1.4251408755752952
2018-01-10 00:00:00,1.41613386902222
2018-01-11 00:00:00,1.424850326976809
2018-01-12 00:00:00,1.4385061111056652
2018-01-16 00:00:00,1.4329856877344256
2018-01-17 00:00:00,1.451871346636035
2018-01-18 00:00:00,1.4536146382269526
2018-01-19 00:00:00,1.4606781807445062
2018-01-22 00:00:00,1.4699504881802976
2018-01-23 00:00:00,1.4769047187571411
2018-01-24 00:00:00,1.489364381873986
2018-01-25 00:00:00,1.48849510305188
2018-01-26 00:00:00,1.509068035175042
2018-01-29 00:00:00,1.4861770261929326
2018-01-30 00:00:00,1.4658938536771389
2018-01-31 00:00:00,1.4786432764013522
2018-02-01 00:00:00,1.458649863492927
2018-02-02 00:00:00,1.4330461154824963
2018-02-05 00:00:00,1.4330461154824963
2018-02-06 00:00:00,1.4330461154824963
2018-02-07 00:00:00,1.4330461154824963
2018-02-08 00:00:00,1.4330461154824963
2018-02-09 00:00:00,1.4330461154824963
2018-02-12 00:00:00,1.4330461154824963
2018-02-13 00:00:00,1.4330461154824963
2018-02-14 00:00:00,1.4330461154824963
2018-02-15 00:00:00,1.4330461154824963
2018-02-16 00:00:00,1.4330461154824963
2018-02-20 00:00:00,1.4330461154824963
2018-02-21 00:00:00,1.4330461154824963
2018-02-22 00:00:00,1.4330461154824963
2018-02-23 00:00:00,1.4330461154824963
2018-02-26 00:00:00,1.4330461154824963
2018-02-27 00:00:00,1.4330461154824963
2018-02-28 00:00:00,1.4330461154824963
2018-03-01 00:00:00,1.4330461154824963
2018-03-02 00:00:00,1.4330461154824963
2018-03-05 00:00:00,1.4330461154824963
2018-03-06 00:00:00,1.4330461154824963
2018-03-07 00:00:00,1.4330461154824963
2018-03-08 00:00:00,1.4330461154824963
2018-03-09 00:00:00,1.4330461154824963
2018-03-12 00:00:00,1.4330461154824963
2018-03-13 00:00:00,1.4330461154824963
2018-03-14 00:00:00,1.4330461154824963
2018-03-15 00:00:00,1.4330461154824963
2018-03-16 00:00:00,1.4330461154824963
2018-03-19 00:00:00,1.4330461154824963
2018-03-20 00:00:00,1.4330461154824963
2018-03-21 00:00:00,1.4330461154824963
2018-03-22 00:00:00,1.4330461154824963
2018-03-23 00:00:00,1.4330461154824963
2018-03-26 00:00:00,1.4330461154824963
2018-03-27 00:00:00,1.4330461154824963
2018-03-28 00:00:00,1.4330461154824963
2018-03-29 00:00:00,1.4330461154824963
2018-04-02 00:00:00,1.4330461154824963
2018-04-03 00:00:00,1.4330461154824963
2018-04-04 00:00:00,1.4330461154824963
2018-04-05 00:00:00,1.4330461154824963
2018-04-06 00:00:00,1.4330461154824963
2018-04-09 00:00:00,1.4330461154824963
2018-04-10 00:00:00,1.4330461154824963
2018-04-11 00:00:00,1.4330461154824963
2018-04-12 00:00:00,1.4330461154824963
2018-04-13 00:00:00,1.4330461154824963
2018-04-16 00:00:00,1.4330461154824963
2018-04-17 00:00:00,1.4330461154824963
2018-04-18 00:00:00,1.4330461154824963
2018-04-19 00:00:00,1.4330461154824963
2018-04-20 00:00:00,1.4330461154824963
2018-04-23 00:00:00,1.4330461154824963
2018-04-24 00:00:00,1.4330461154824963
2018-04-25 00:00:00,1.4330461154824963
2018-04-26 00:00:00,1.4330461154824963
2018-04-27 00:00:00,1.4330461154824963
2018-04-30 00:00:00,1.4330461154824963
2018-05-01 00:00:00,1.4330461154824963
2018-05-02 00:00:00,1.4330461154824963
2018-05-03 00:00:00,1.4330461154824963
2018-05-04 00:00:00,1.4330461154824963
2018-05-07 00:00:00,1.4330461154824963
2018-05-08 00:00:00,1.4330461154824963
2018-05-09 00:00:00,1.4330461154824963
2018-05-10 00:00:00,1.4330461154824963
2018-05-11 00:00:00,1.4330461154824963
2018-05-14 00:00:00,1.4330461154824963
2018-05-15 00:00:00,1.4330461154824963
2018-05-16 00:00:00,1.4330461154824963
2018-05-17 00:00:00,1.4330461154824963
2018-05-18 00:00:00,1.4330461154824963
2018-05-21 00:00:00,1.4330461154824963
2018-05-22 00:00:00,1.4330461154824963
2018-05-23 00:00:00,1.4330461154824963
2018-05-24 00:00:00,1.4330461154824963
2018-05-25 00:00:00,1.4330461154824963
2018-05-29 00:00:00,1.4330461154824963
2018-05-30 00:00:00,1.4330461154824963
2018-05-31 00:00:00,1.4330461154824963
2018-06-01 00:00:00,1.4330461154824963
2018-06-04 00:00:00,1.4330461154824963
2018-06-05 00:00:00,1.4330461154824963
2018-06-06 00:00:00,1.4330461154824963
2018-06-07 00:00:00,1.4330461154824963
2018-06-08 00:00:00,1.4330461154824963
2018-06-11 00:00:00,1.4330461154824963
2018-06-12 00:00:00,1.4330461154824963
2018-06-13 00:00:00,1.4330461154824963
2018-06-14 00:00:00,1.4330461154824963
2018-06-15 00:00:00,1.4330461154824963
2018-06-18 00:00:00,1.4330461154824963
2018-06-19 00:00:00,1.4330461154824963
2018-06-20 00:00:00,1.4330461154824963
2018-06-21 00:00:00,1.4330461154824963
2018-06-22 00:00:00,1.4330461154824963
2018-06-25 00:00:00,1.4330461154824963
2018-06-26 00:00:00,1.4330461154824963
2018-06-27 00:00:00,1.4330461154824963
2018-06-28 00:00:00,1.4330461154824963
2018-06-29 00:00:00,1.4330461154824963
2018-07-02 00:00:00,1.4330461154824963
2018-07-03 00:00:00,1.4330461154824963
2018-07-05 00:00:00,1.4330461154824963
2018-07-06 00:00:00,1.4330461154824963
2018-07-09 00:00:00,1.4330461154824963
2018-07-10 00:00:00,1.4330461154824963
2018-07-11 00:00:00,1.4330461154824963
2018-07-12 00:00:00,1.4330461154824963
2018-07-13 00:00:00,1.4330461154824963
2018-07-16 00:00:00,1.4330461154824963
2018-07-17 00:00:00,1.4330461154824963
2018-07-18 00:00:00,1.4330461154824963
2018-07-19 00:00:00,1.4330461154824963
2018-07-20 00:00:00,1.4330461154824963
2018-07-23 00:00:00,1.4330461154824963
2018-07-24 00:00:00,1.4330461154824963
2018-07-25 00:00:00,1.4330461154824963
2018-07-26 00:00:00,1.4330461154824963
2018-07-27 00:00:00,1.4330461154824963
2018-07-30 00:00:00,1.4330461154824963
2018-07-31 00:00:00,1.4330461154824963
2018-08-01 00:00:00,1.4330461154824963
2018-08-02 00:00:00,1.4330461154824963
2018-08-03 00:00:00,1.4330461154824963
2018-08-06 00:00:00,1.4330461154824963
2018-08-07 00:00:00,1.4330461154824963
2018-08-08 00:00:00,1.4330461154824963
2018-08-09 00:00:00,1.4330461154824963
2018-08-10 00:00:00,1.4330461154824963
2018-08-13 00:00:00,1.4330461154824963
2018-08-14 00:00:00,1.4330461154824963
2018-08-15 00:00:00,1.4330461154824963
2018-08-16 00:00:00,1.4330461154824963
2018-08-17 00:00:00,1.4330461154824963
2018-08-20 00:00:00,1.4330461154824963
2018-08-21 00:00:00,1.4330461154824963
2018-08-22 00:00:00,1.4330461154824963
2018-08-23 00:00:00,1.4330461154824963
2018-08-24 00:00:00,1.4330461154824963
2018-08-27 00:00:00,1.4330461154824963
2018-08-28 00:00:00,1.4330461154824963
2018-08-29 00:00:00,1.4330461154824963
2018-08-30 00:00:00,1.4330461154824963
2018-08-31 00:00:00,1.4330461154824963
2018-09-04 00:00:00,1.4330461154824963
2018-09-05 00:00:00,1.4330461154824963
2018-09-06 00:00:00,1.4330461154824963
2018-09-07 00:00:00,1.4330461154824963
2018-09-10 00:00:00,1.4330461154824963
2018-09-11 00:00:00,1.4330461154824963
2018-09-12 00:00:00,1.4330461154824963
2018-09-13 00:00:00,1.4330461154824963
2018-09-14 00:00:00,1.4330461154824963
2018-09-17 00:00:00,1.4330461154824963
2018-09-18 00:00:00,1.4330461154824963
2018-09-19 00:00:00,1.4330461154824963
2018-09-20 00:00:00,1.4330461154824963
2018-09-21 00:00:00,1.4330461154824963
2018-09-24 00:00:00,1.4330461154824963
2018-09-25 00:00:00,1.4330461154824963
2018-09-26 00:00:00,1.4330461154824963
2018-09-27 00:00:00,1.4330461154824963
2018-09-28 00:00:00,1.4330461154824963
2018-10-01 00:00:00,1.4330461154824963
2018-10-02 00:00:00,1.4330461154824963
2018-10-03 00:00:00,1.4330461154824963
2018-10-04 00:00:00,1.4330461154824963
2018-10-05 00:00:00,1.4330461154824963
2018-10-08 00:00:00,1.4330461154824963
2018-10-09 00:00:00,1.4330461154824963
2018-10-10 00:00:00,1.4330461154824963
2018-10-11 00:00:00,1.4330461154824963
2018-10-12 00:00:00,1.4330461154824963
2018-10-15 00:00:00,1.4330461154824963
2018-10-16 00:00:00,1.4330461154824963
2018-10-17 00:00:00,1.4330461154824963
2018-10-18 00:00:00,1.4330461154824963
2018-10-19 00:00:00,1.4330461154824963
2018-10-22 00:00:00,1.4330461154824963
2018-10-23 00:00:00,1.4330461154824963
2018-10-24 00:00:00,1.4330461154824963
2018-10-25 00:00:00,1.4330461154824963
2018-10-26 00:00:00,1.4330461154824963
2018-10-29 00:00:00,1.4330461154824963
2018-10-30 00:00:00,1.4330461154824963
2018-10-31 00:00:00,1.4330461154824963
2018-11-01 00:00:00,1.4330461154824963
2018-11-02 00:00:00,1.4330461154824963
2018-11-05 00:00:00,1.4330461154824963
2018-11-06 00:00:00,1.4330461154824963
2018-11-07 00:00:00,1.4330461154824963
2018-11-08 00:00:00,1.4330461154824963
2018-11-09 00:00:00,1.4330461154824963
2018-11-12 00:00:00,1.4330461154824963
2018-11-13 00:00:00,1.4330461154824963
2018-11-14 00:00:00,1.4330461154824963
2018-11-15 00:00:00,1.4330461154824963
2018-11-16 00:00:00,1.4330461154824963
2018-11-19 00:00:00,1.4330461154824963
2018-11-20 00:00:00,1.4330461154824963
2018-11-21 00:00:00,1.4330461154824963
2018-11-23 00:00:00,1.4330461154824963
2018-11-26 00:00:00,1.4330461154824963
2018-11-27 00:00:00,1.4330461154824963
2018-11-28 00:00:00,1.4330461154824963
2018-11-29 00:00:00,1.4330461154824963
2018-11-30 00:00:00,1.4330461154824963
2018-12-03 00:00:00,1.4330461154824963
2018-12-04 00:00:00,1.4330461154824963
2018-12-06 00:00:00,1.4330461154824963
2018-12-07 00:00:00,1.4330461154824963
2018-12-10 00:00:00,1.4330461154824963
2018-12-11 00:00:00,1.4330461154824963
2018-12-12 00:00:00,1.4330461154824963
2018-12-13 00:00:00,1.4330461154824963
2018-12-14 00:00:00,1.4330461154824963
2018-12-17 00:00:00,1.4330461154824963
2018-12-18 00:00:00,1.4330461154824963
2018-12-19 00:00:00,1.4330461154824963
2018-12-20 00:00:00,1.4330461154824963
2018-12-21 00:00:00,1.4330461154824963
2018-12-24 00:00:00,1.4330461154824963
2018-12-26 00:00:00,1.4330461154824963
2018-12-27 00:00:00,1.4330461154824963
2018-12-28 00:00:00,1.4330461154824963
2018-12-31 00:00:00,1.4330461154824963
2019-01-02 00:00:00,1.4330461154824963
2019-01-03 00:00:00,1.4330461154824963
2019-01-04 00:00:00,1.4330461154824963
2019-01-07 00:00:00,1.4330461154824963
2019-01-08 00:00:00,1.4330461154824963
2019-01-09 00:00:00,1.4330461154824963
2019-01-10 00:00:00,1.4330461154824963
2019-01-11 00:00:00,1.4330461154824963
2019-01-14 00:00:00,1.4330461154824963
2019-01-15 00:00:00,1.4330461154824963
2019-01-16 00:00:00,1.4330461154824963
2019-01-17 00:00:00,1.4330461154824963
2019-01-18 00:00:00,1.4330461154824963
2019-01-22 00:00:00,1.4330461154824963
2019-01-23 00:00:00,1.4330461154824963
2019-01-24 00:00:00,1.4330461154824963
2019-01-25 00:00:00,1.4330461154824963
2019-01-28 00:00:00,1.4330461154824963
2019-01-29 00:00:00,1.4330461154824963
2019-01-30 00:00:00,1.4330461154824963
2019-01-31 00:00:00,1.4330461154824963
2019-02-01 00:00:00,1.4330461154824963
2019-02-04 00:00:00,1.4330461154824963
2019-02-05 00:00:00,1.4330461154824963
2019-02-06 00:00:00,1.4330461154824963
2019-02-07 00:00:00,1.4330461154824963
2019-02-08 00:00:00,1.4330461154824963
2019-02-11 00:00:00,1.4330461154824963
2019-02-12 00:00:00,1.4330461154824963
2019-02-13 00:00:00,1.4330461154824963
2019-02-14 00:00:00,1.4330461154824963
2019-02-15 00:00:00,1.4330461154824963
2019-02-19 00:00:00,1.4330461154824963
2019-02-20 00:00:00,1.4330461154824963
2019-02-21 00:00:00,1.4330461154824963
2019-02-22 00:00:00,1.4330461154824963
2019-02-25 00:00:00,1.4330461154824963
2019-02-26 00:00:00,1.4380196674797747
2019-02-27 00:00:00,1.4257515725531547
2019-02-28 00:00:00,1.4071836450966484
2019-03-01 00:00:00,1.4088414957624078
2019-03-04 00:00:00,1.410830916561319
2019-03-05 00:00:00,1.424756862153699
2019-03-06 00:00:00,1.4167991789580532
2019-03-07 00:00:00,1.3957299434025898
2019-03-08 00:00:00,1.3957299434025898
2019-03-11 00:00:00,1.3957299434025898
2019-03-12 00:00:00,1.3957299434025898
2019-03-13 00:00:00,1.3957299434025898
2019-03-14 00:00:00,1.3957299434025898
2019-03-15 00:00:00,1.3957299434025898
2019-03-18 00:00:00,1.3957299434025898
2019-03-19 00:00:00,1.3957299434025898
2019-03-20 00:00:00,1.3957299434025898
2019-03-21 00:00:00,1.3957299434025898
2019-03-22 00:00:00,1.3957299434025898
2019-03-25 00:00:00,1.3957299434025898
2019-03-26 00:00:00,1.3957299434025898
2019-03-27 00:00:00,1.3957299434025898
2019-03-28 00:00:00,1.3957299434025898
2019-03-29 00:00:00,1.3957299434025898
2019-04-01 00:00:00,1.3957299434025898
2019-04-02 00:00:00,1.3957299434025898
2019-04-03 00:00:00,1.3957299434025898
2019-04-04 00:00:00,1.3957299434025898
2019-04-05 00:00:00,1.3957299434025898
2019-04-08 00:00:00,1.4026801604136483
2019-04-09 00:00:00,1.3998368898182154
2019-04-10 00:00:00,1.4064711878742258
2019-04-11 00:00:00,1.3913070780319161
2019-04-12 00:00:00,1.4014164845934558
2019-04-15 00:00:00,1.3941503486273494
2019-04-16 00:00:00,1.404575674143937
2019-04-17 00:00:00,1.4086826205595628
2019-04-18 00:00:00,1.4077348636944185
2019-04-22 00:00:00,1.398573213998023
2019-04-23 00:00:00,1.401732403548504
2019-04-24 00:00:00,1.382777266245617
2019-04-25 00:00:00,1.3808817525153283
2019-04-26 00:00:00,1.3862523747511464
2019-04-29 00:00:00,1.3890956453465793
2019-04-30 00:00:00,1.3878319695263868
2019-05-01 00:00:00,1.377406644009799
2019-05-02 00:00:00,1.3805658335602802
2019-05-03 00:00:00,1.3969936192227823
2019-05-06 00:00:00,1.3528385114487809
2019-05-07 00:00:00,1.3528385114487809
2019-05-08 00:00:00,1.3528385114487809
2019-05-09 00:00:00,1.3528385114487809
2019-05-10 00:00:00,1.3528385114487809
2019-05-13 00:00:00,1.3528385114487809
2019-05-14 00:00:00,1.3528385114487809
2019-05-15 00:00:00,1.3528385114487809
2019-05-16 00:00:00,1.3528385114487809
2019-05-17 00:00:00,1.3528385114487809
2019-05-20 00:00:00,1.3528385114487809
2019-05-21 00:00:00,1.3528385114487809
2019-05-22 00:00:00,1.3528385114487809
2019-05-23 00:00:00,1.3528385114487809
2019-05-24 00:00:00,1.3528385114487809
2019-05-28 00:00:00,1.3528385114487809
2019-05-29 00:00:00,1.3528385114487809
2019-05-30 00:00:00,1.3528385114487809
2019-05-31 00:00:00,1.3528385114487809
2019-06-03 00:00:00,1.3528385114487809
2019-06-04 00:00:00,1.3528385114487809
2019-06-05 00:00:00,1.3528385114487809
2019-06-06 00:00:00,1.3528385114487809
2019-06-07 00:00:00,1.3528385114487809
2019-06-10 00:00:00,1.3528385114487809
2019-06-11 00:00:00,1.3528385114487809
2019-06-12 00:00:00,1.3528385114487809
2019-06-13 00:00:00,1.3528385114487809
2019-06-14 00:00:00,1.3528385114487809
2019-06-17 00:00:00,1.3528385114487809
2019-06-18 00:00:00,1.3528385114487809
2019-06-19 00:00:00,1.3528385114487809
2019-06-20 00:00:00,1.3528385114487809
2019-06-21 00:00:00,1.3528385114487809
2019-06-24 00:00:00,1.3528385114487809
2019-06-25 00:00:00,1.3528385114487809
2019-06-26 00:00:00,1.3528385114487809
2019-06-27 00:00:00,1.3528385114487809
2019-06-28 00:00:00,1.3528385114487809
2019-07-01 00:00:00,1.3528385114487809
2019-07-02 00:00:00,1.3528385114487809
2019-07-03 00:00:00,1.3528385114487809
2019-07-05 00:00:00,1.3528385114487809
2019-07-08 00:00:00,1.3528385114487809
2019-07-09 00:00:00,1.3528385114487809
2019-07-10 00:00:00,1.3528385114487809
2019-07-11 00:00:00,1.3528385114487809
2019-07-12 00:00:00,1.3528385114487809
2019-07-15 00:00:00,1.3528385114487809
2019-07-16 00:00:00,1.3528385114487809
2019-07-17 00:00:00,1.3528385114487809
2019-07-18 00:00:00,1.3528385114487809
2019-07-19 00:00:00,1.3528385114487809
2019-07-22 00:00:00,1.3528385114487809
2019-07-23 00:00:00,1.3528385114487809
2019-07-24 00:00:00,1.3528385114487809
2019-07-25 00:00:00,1.3528385114487809
2019-07-26 00:00:00,1.3528385114487809
2019-07-29 00:00:00,1.3528385114487809
2019-07-30 00:00:00,1.3528385114487809
2019-07-31 00:00:00,1.3528385114487809
2019-08-01 00:00:00,1.3528385114487809
2019-08-02 00:00:00,1.3528385114487809
2019-08-05 00:00:00,1.3528385114487809
2019-08-06 00:00:00,1.3528385114487809
2019-08-07 00:00:00,1.3528385114487809
2019-08-08 00:00:00,1.3528385114487809
2019-08-09 00:00:00,1.3528385114487809
2019-08-12 00:00:00,1.3528385114487809
2019-08-13 00:00:00,1.3528385114487809
2019-08-14 00:00:00,1.3528385114487809
2019-08-15 00:00:00,1.3528385114487809
2019-08-16 00:00:00,1.3528385114487809
2019-08-19 00:00:00,1.3528385114487809
2019-08-20 00:00:00,1.3528385114487809
2019-08-21 00:00:00,1.3528385114487809
2019-08-22 00:00:00,1.3528385114487809
2019-08-23 00:00:00,1.3528385114487809
2019-08-26 00:00:00,1.3528385114487809
2019-08-27 00:00:00,1.3528385114487809
2019-08-28 00:00:00,1.3528385114487809
2019-08-29 00:00:00,1.3528385114487809
2019-08-30 00:00:00,1.3528385114487809
2019-09-03 00:00:00,1.3528385114487809
2019-09-04 00:00:00,1.3528385114487809
2019-09-05 00:00:00,1.3528385114487809
2019-09-06 00:00:00,1.3528385114487809
2019-09-09 00:00:00,1.3528385114487809
2019-09-10 00:00:00,1.3528385114487809
2019-09-11 00:00:00,1.3528385114487809
2019-09-12 00:00:00,1.3528385114487809
2019-09-13 00:00:00,1.3528385114487809
2019-09-16 00:00:00,1.3528385114487809
2019-09-17 00:00:00,1.3528385114487809
2019-09-18 00:00:00,1.3528385114487809
2019-09-19 00:00:00,1.3528385114487809
2019-09-20 00:00:00,1.3528385114487809
2019-09-23 00:00:00,1.3528385114487809
2019-09-24 00:00:00,1.3528385114487809
2019-09-25 00:00:00,1.3528385114487809
2019-09-26 00:00:00,1.3528385114487809
2019-09-27 00:00:00,1.3528385114487809
2019-09-30 00:00:00,1.3528385114487809
2019-10-01 00:00:00,1.3528385114487809
2019-10-02 00:00:00,1.3528385114487809
2019-10-03 00:00:00,1.3528385114487809
2019-10-04 00:00:00,1.3528385114487809
2019-10-07 00:00:00,1.3528385114487809
2019-10-08 00:00:00,1.3528385114487809
2019-10-09 00:00:00,1.3528385114487809
2019-10-10 00:00:00,1.3528385114487809
2019-10-11 00:00:00,1.3528385114487809
2019-10-14 00:00:00,1.3528385114487809
2019-10-15 00:00:00,1.3528385114487809
2019-10-16 00:00:00,1.3528385114487809
2019-10-17 00:00:00,1.3528385114487809
2019-10-18 00:00:00,1.3528385114487809
2019-10-21 00:00:00,1.3528385114487809
2019-10-22 00:00:00,1.3528385114487809
2019-10-23 00:00:00,1.3528385114487809
2019-10-24 00:00:00,1.3528385114487809
2019-10-25 00:00:00,1.3528385114487809
2019-10-28 00:00:00,1.3528385114487809
2019-10-29 00:00:00,1.3528385114487809
2019-10-30 00:00:00,1.3528385114487809
2019-10-31 00:00:00,1.3528385114487809
2019-11-01 00:00:00,1.3528385114487809
2019-11-04 00:00:00,1.3528385114487809
2019-11-05 00:00:00,1.3528385114487809
2019-11-06 00:00:00,1.3494463930020206
2019-11-07 00:00:00,1.3593143739380502
2019-11-08 00:00:00,1.3469793977680136
2019-11-11 00:00:00,1.337419791236235
2019-11-12 00:00:00,1.3261379362614105
2019-11-13 00:00:00,1.3261379362614105
2019-11-14 00:00:00,1.3261379362614105
2019-11-15 00:00:00,1.3261379362614105
2019-11-18 00:00:00,1.3261379362614105
2019-11-19 00:00:00,1.3261379362614105
2019-11-20 00:00:00,1.3261379362614105
2019-11-21 00:00:00,1.3261379362614105
2019-11-22 00:00:00,1.3261379362614105
2019-11-25 00:00:00,1.3261379362614105
2019-11-26 00:00:00,1.3261379362614105
2019-11-27 00:00:00,1.3261379362614105
2019-11-29 00:00:00,1.3261379362614105
2019-12-02 00:00:00,1.3261379362614105
2019-12-03 00:00:00,1.3261379362614105
2019-12-04 00:00:00,1.3261379362614105
2019-12-05 00:00:00,1.3261379362614105
2019-12-06 00:00:00,1.3261379362614105
2019-12-09 00:00:00,1.3261379362614105
2019-12-10 00:00:00,1.3261379362614105
2019-12-11 00:00:00,1.3261379362614105
2019-12-12 00:00:00,1.3261379362614105
2019-12-13 00:00:00,1.3222681734844413
2019-12-16 00:00:00,1.3055984261374964
2019-12-17 00:00:00,1.3175053885281713
2019-12-18 00:00:00,1.3246495659625763
2019-12-19 00:00:00,1.32524491408211
2019-12-20 00:00:00,1.3279239806200118
2019-12-23 00:00:00,1.3297100249786131
2019-12-24 00:00:00,1.3267332843809445
2019-12-26 00:00:00,1.3362588542934843
2019-12-27 00:00:00,1.341616987369288
2019-12-30 00:00:00,1.332686765576282
2019-12-31 00:00:00,1.3356635061739504
2020-01-02 00:00:00,1.3627518456127357
2020-01-03 00:00:00,1.3374495505325517
2020-01-06 00:00:00,1.3341751358751162
2020-01-07 00:00:00,1.3332821136958155
2020-01-08 00:00:00,1.341021639249754
2020-01-09 00:00:00,1.3499518610427603
2020-01-10 00:00:00,1.3570960384771655
2020-01-13 00:00:00,1.3757831994607495
2020-01-14 00:00:00,1.3760820878377777
2020-01-15 00:00:00,1.365322106264763
2020-01-16 00:00:00,1.3739898691985801
2020-01-17 00:00:00,1.3817609670013131
2020-01-21 00:00:00,1.348602526727385
2020-01-22 00:00:00,1.348602526727385
2020-01-23 00:00:00,1.348602526727385
2020-01-24 00:00:00,1.348602526727385
2020-01-27 00:00:00,1.348602526727385
2020-01-28 00:00:00,1.348602526727385
2020-01-29 00:00:00,1.348602526727385
2020-01-30 00:00:00,1.348602526727385
2020-01-31 00:00:00,1.348602526727385
2020-02-03 00:00:00,1.348602526727385
2020-02-04 00:00:00,1.348602526727385
2020-02-05 00:00:00,1.348602526727385
2020-02-06 00:00:00,1.348602526727385
2020-02-07 00:00:00,1.348602526727385
2020-02-10 00:00:00,1.348602526727385
2020-02-11 00:00:00,1.348602526727385
2020-02-12 00:00:00,1.348602526727385
2020-02-13 00:00:00,1.348602526727385
2020-02-14 00:00:00,1.348602526727385
2020-02-18 00:00:00,1.348602526727385
2020-02-19 00:00:00,1.348602526727385
2020-02-20 00:00:00,1.348602526727385
2020-02-21 00:00:00,1.348602526727385
2020-02-24 00:00:00,1.348602526727385
2020-02-25 00:00:00,1.348602526727385
2020-02-26 00:00:00,1.348602526727385
2020-02-27 00:00:00,1.348602526727385
2020-02-28 00:00:00,1.348602526727385
2020-03-02 00:00:00,1.348602526727385
2020-03-03 00:00:00,1.348602526727385
2020-03-04 00:00:00,1.348602526727385
2020-03-05 00:00:00,1.348602526727385
2020-03-06 00:00:00,1.348602526727385
2020-03-09 00:00:00,1.348602526727385
2020-03-10 00:00:00,1.348602526727385
2020-03-11 00:00:00,1.348602526727385
2020-03-12 00:00:00,1.348602526727385
2020-03-13 00:00:00,1.348602526727385
2020-03-16 00:00:00,1.348602526727385
2020-03-17 00:00:00,1.348602526727385
2020-03-18 00:00:00,1.348602526727385
2020-03-19 00:00:00,1.348602526727385
2020-03-20 00:00:00,1.348602526727385
2020-03-23 00:00:00,1.348602526727385
2020-03-24 00:00:00,1.348602526727385
2020-03-25 00:00:00,1.348602526727385
2020-03-26 00:00:00,1.348602526727385
2020-03-27 00:00:00,1.348602526727385
2020-03-30 00:00:00,1.348602526727385
2020-03-31 00:00:00,1.348602526727385
2020-04-01 00:00:00,1.348602526727385
2020-04-02 00:00:00,1.348602526727385
2020-04-03 00:00:00,1.348602526727385
2020-04-06 00:00:00,1.348602526727385
2020-04-07 00:00:00,1.348602526727385
2020-04-08 00:00:00,1.348602526727385
2020-04-09 00:00:00,1.348602526727385
2020-04-13 00:00:00,1.348602526727385
2020-04-14 00:00:00,1.348602526727385
2020-04-15 00:00:00,1.348602526727385
2020-04-16 00:00:00,1.348602526727385
2020-04-17 00:00:00,1.348602526727385
2020-04-20 00:00:00,1.348602526727385
2020-04-21 00:00:00,1.348602526727385
2020-04-22 00:00:00,1.348602526727385
2020-04-23 00:00:00,1.348602526727385
2020-04-24 00:00:00,1.348602526727385
2020-04-27 00:00:00,1.348602526727385
2020-04-28 00:00:00,1.348602526727385
2020-04-29 00:00:00,1.348602526727385
2020-04-30 00:00:00,1.348602526727385
2020-05-01 00:00:00,1.348602526727385
2020-05-04 00:00:00,1.348602526727385
2020-05-05 00:00:00,1.348602526727385
2020-05-06 00:00:00,1.348602526727385
2020-05-07 00:00:00,1.348602526727385
2020-05-08 00:00:00,1.348602526727385
2020-05-11 00:00:00,1.348602526727385
2020-05-12 00:00:00,1.348602526727385
2020-05-13 00:00:00,1.348602526727385
2020-05-14 00:00:00,1.348602526727385
2020-05-15 00:00:00,1.348602526727385
2020-05-18 00:00:00,1.348602526727385
2020-05-19 00:00:00,1.348602526727385
2020-05-20 00:00:00,1.348602526727385
2020-05-21 00:00:00,1.348602526727385
2020-05-22 00:00:00,1.348602526727385
2020-05-26 00:00:00,1.348602526727385
2020-05-27 00:00:00,1.348602526727385
2020-05-28 00:00:00,1.348602526727385
2020-05-29 00:00:00,1.348602526727385
2020-06-01 00:00:00,1.348602526727385
2020-06-02 00:00:00,1.348602526727385
2020-06-03 00:00:00,1.348602526727385
2020-06-04 00:00:00,1.348602526727385
2020-06-05 00:00:00,1.348602526727385
2020-06-08 00:00:00,1.348602526727385
2020-06-09 00:00:00,1.348602526727385
2020-06-10 00:00:00,1.348602526727385
2020-06-11 00:00:00,1.348602526727385
2020-06-12 00:00:00,1.348602526727385
2020-06-15 00:00:00,1.348602526727385
2020-06-16 00:00:00,1.348602526727385
2020-06-17 00:00:00,1.348602526727385
2020-06-18 00:00:00,1.348602526727385
2020-06-19 00:00:00,1.348602526727385
2020-06-22 00:00:00,1.348602526727385
2020-06-23 00:00:00,1.348602526727385
2020-06-24 00:00:00,1.348602526727385
2020-06-25 00:00:00,1.348602526727385
2020-06-26 00:00:00,1.348602526727385
2020-06-29 00:00:00,1.348602526727385
2020-06-30 00:00:00,1.348602526727385
2020-07-01 00:00:00,1.348602526727385
2020-07-02 00:00:00,1.348602526727385
2020-07-06 00:00:00,1.348602526727385
2020-07-07 00:00:00,1.348602526727385
2020-07-08 00:00:00,1.348602526727385
2020-07-09 00:00:00,1.348602526727385
2020-07-10 00:00:00,1.348602526727385
2020-07-13 00:00:00,1.348602526727385
2020-07-14 00:00:00,1.348602526727385
2020-07-15 00:00:00,1.348602526727385
2020-07-16 00:00:00,1.348602526727385
2020-07-17 00:00:00,1.348602526727385
2020-07-20 00:00:00,1.348602526727385
2020-07-21 00:00:00,1.348602526727385
2020-07-22 00:00:00,1.348602526727385
2020-07-23 00:00:00,1.348602526727385
2020-07-24 00:00:00,1.348602526727385
2020-07-27 00:00:00,1.348602526727385
2020-07-28 00:00:00,1.348602526727385
2020-07-29 00:00:00,1.348602526727385
2020-07-30 00:00:00,1.347400723319169
2020-07-31 00:00:00,1.3383871977575499
2020-08-03 00:00:00,1.347400723319169
2020-08-04 00:00:00,1.3648268727382995
2020-08-05 00:00:00,1.3792485136368897
2020-08-06 00:00:00,1.3834548255656454
2020-08-07 00:00:00,1.35581334717668
2020-08-10 00:00:00,1.3591183065492738
2020-08-11 00:00:00,1.3555128963246261
2020-08-12 00:00:00,1.3732394965958106
2020-08-13 00:00:00,1.3693336355191088
2020-08-14 00:00:00,1.366930028702677
2020-08-17 00:00:00,1.3837552764176995
2020-08-18 00:00:00,1.3822530221574296
2020-08-19 00:00:00,1.3657282252944611
2020-08-20 00:00:00,1.3615219133657055
2020-08-21 00:00:00,1.368131832110893
2020-08-24 00:00:00,1.3828539238615378
2020-08-25 00:00:00,1.3963742122039664
2020-08-26 00:00:00,1.399979622428614
2020-08-27 00:00:00,1.388562490050563
2020-08-28 00:00:00,1.4062890903217473
2020-08-31 00:00:00,1.3759435542642962
2020-09-01 00:00:00,1.3987778190203979
2020-09-02 00:00:00,1.3951724087957504
2020-09-03 00:00:00,1.3693336355191088
2020-09-04 00:00:00,1.3699345372232168
2020-09-08 00:00:00,1.346799821615061
2020-09-09 00:00:00,1.3663291269985691
2020-09-10 00:00:00,1.344997116502737
2020-09-11 00:00:00,1.3576160522890042
2020-09-14 00:00:00,1.378948062784836
2020-09-15 00:00:00,1.3930692528313726
2020-09-16 00:00:00,1.3912665477190487
2020-09-17 00:00:00,1.3858584323820773
2020-09-18 00:00:00,1.3753426525601884
2020-09-21 00:00:00,1.3630241676259756
2020-09-22 00:00:00,1.3531092895081944
2020-09-23 00:00:00,1.3326786315685244
2020-09-24 00:00:00,1.3266696145274448
2020-09-25 00:00:00,1.3153290370264974
2020-09-28 00:00:00,1.3153290370264974
2020-09-29 00:00:00,1.3153290370264974
2020-09-30 00:00:00,1.3153290370264974
2020-10-01 00:00:00,1.3153290370264974
2020-10-02 00:00:00,1.3153290370264974
2020-10-05 00:00:00,1.3153290370264974
2020-10-06 00:00:00,1.3153290370264974
2020-10-07 00:00:00,1.3153290370264974
2020-10-08 00:00:00,1.3153290370264974
2020-10-09 00:00:00,1.3153290370264974
2020-10-12 00:00:00,1.3196107070689012
2020-10-13 00:00:00,1.314187258348523
2020-10-14 00:00:00,1.3053384735942215
2020-10-15 00:00:00,1.2959187995009327
2020-10-16 00:00:00,1.3004859142128304
2020-10-19 00:00:00,1.2967751335094135
2020-10-20 00:00:00,1.3110473669840936
2020-10-21 00:00:00,1.3147581476875103
2020-10-22 00:00:00,1.3144727030180166
2020-10-23 00:00:00,1.322179709094344
2020-10-26 00:00:00,1.305053028924728
2020-10-27 00:00:00,1.3107619223146
2020-10-28 00:00:00,1.2784821408533238
2020-10-29 00:00:00,1.2784821408533238
2020-10-30 00:00:00,1.2784821408533238
2020-11-02 00:00:00,1.2784821408533238
2020-11-03 00:00:00,1.2784821408533238
2020-11-04 00:00:00,1.2784821408533238
2020-11-05 00:00:00,1.2784821408533238
2020-11-06 00:00:00,1.2843774682687028
2020-11-09 00:00:00,1.293220459391771
2020-11-10 00:00:00,1.2784821408533238
2020-11-11 00:00:00,1.2867891931204487
2020-11-12 00:00:00,1.2771422937134649
2020-11-13 00:00:00,1.2950962453875736
2020-11-16 00:00:00,1.3111744110658798
2020-11-17 00:00:00,1.3098345639260212
2020-11-18 00:00:00,1.305279083650501
2020-11-19 00:00:00,1.3074228390742753
2020-11-20 00:00:00,1.3146580136295132
2020-11-23 00:00:00,1.318141616193146
2020-11-24 00:00:00,1.3358275984392831
2020-11-25 00:00:00,1.3283244544560735
2020-11-27 00:00:00,1.3409190175707464
2020-11-30 00:00:00,1.3058150225064444
2020-12-01 00:00:00,1.3315400875917347
2020-12-02 00:00:00,1.333415873587537
2020-12-03 00:00:00,1.3508816087098712
2020-12-04 00:00:00,1.354344041855224
2020-12-07 00:00:00,1.354344041855224
2020-12-08 00:00:00,1.3548767238775858
2020-12-09 00:00:00,1.343157719385623
2020-12-10 00:00:00,1.360469885112386
2020-12-11 00:00:00,1.3508816087098712
2020-12-14 00:00:00,1.3301070098377556
2020-12-15 00:00:00,1.3444894244415277
2020-12-16 00:00:00,1.3508816087098712
2020-12-17 00:00:00,1.359670862078843
2020-12-18 00:00:00,1.3580728160117574
2020-12-21 00:00:00,1.3380972401731848
2020-12-22 00:00:00,1.3274435997259462
2020-12-23 00:00:00,1.3410269912961754
2020-12-24 00:00:00,1.3351674890501941
2020-12-28 00:00:00,1.3388962632067278
2020-12-29 00:00:00,1.3588718390453003
2020-12-30 00:00:00,1.376983027805606
2020-12-31 00:00:00,1.3761840047720635
2021-01-04 00:00:00,1.3849732581410352
2021-01-05 00:00:00,1.4182658845386562
2021-01-06 00:00:00,1.4062805390355124
2021-01-07 00:00:00,1.419597589594561
2021-01-08 00:00:00,1.4443596330132689
2021-01-11 00:00:00,1.4438245859182461
2021-01-12 00:00:00,1.4580033339363427
2021-01-13 00:00:00,1.461213616506478
2021-01-14 00:00:00,1.474857317429552
2021-01-15 00:00:00,1.4539904807236739
2021-01-19 00:00:00,1.478067599999687
2021-01-20 00:00:00,1.5040173841082787
2021-01-21 00:00:00,1.5066926195833912
2021-01-22 00:00:00,1.49358396575534
2021-01-25 00:00:00,1.5048199547508125
2021-01-26 00:00:00,1.4938514893028512
2021-01-27 00:00:00,1.4523853394386064
2021-01-28 00:00:00,1.4625512342440343
2021-01-29 00:00:00,1.4261680317825036
2021-02-01 00:00:00,1.464691422624124
2021-02-02 00:00:00,1.4836855944974234
2021-02-03 00:00:00,1.4911762538277387
2021-02-04 00:00:00,1.491711300922761
2021-02-05 00:00:00,1.5045524312033014
2021-02-08 00:00:00,1.507227666678414
2021-02-09 00:00:00,1.5238257192061335
2021-02-10 00:00:00,1.5160988975827536
2021-02-11 00:00:00,1.5313032885190818
2021-02-12 00:00:00,1.5325495500712398
2021-02-16 00:00:00,1.536039082417282
2021-02-17 00:00:00,1.5365375870381455
2021-02-18 00:00:00,1.5165974022036168
2021-02-19 00:00:00,1.5258197376895863
2021-02-22 00:00:00,1.4835074731742157
2021-02-23 00:00:00,1.4835074731742157
2021-02-24 00:00:00,1.4835074731742157
2021-02-25 00:00:00,1.4835074731742157
2021-02-26 00:00:00,1.4835074731742157
2021-03-01 00:00:00,1.4835074731742157
2021-03-02 00:00:00,1.4835074731742157
2021-03-03 00:00:00,1.4835074731742157
2021-03-04 00:00:00,1.4835074731742157
2021-03-05 00:00:00,1.4835074731742157
2021-03-08 00:00:00,1.4835074731742157
2021-03-09 00:00:00,1.4835074731742157
2021-03-10 00:00:00,1.4835074731742157
2021-03-11 00:00:00,1.4835074731742157
2021-03-12 00:00:00,1.4835074731742157
2021-03-15 00:00:00,1.4835074731742157
2021-03-16 00:00:00,1.4835074731742157
2021-03-17 00:00:00,1.4835074731742157
2021-03-18 00:00:00,1.4835074731742157
2021-03-19 00:00:00,1.4835074731742157
2021-03-22 00:00:00,1.4835074731742157
2021-03-23 00:00:00,1.4835074731742157
2021-03-24 00:00:00,1.4835074731742157
2021-03-25 00:00:00,1.4835074731742157
2021-03-26 00:00:00,1.4835074731742157
2021-03-29 00:00:00,1.4835074731742157
2021-03-30 00:00:00,1.4835074731742157
2021-03-31 00:00:00,1.4835074731742157
2021-04-01 00:00:00,1.4835074731742157
2021-04-05 00:00:00,1.4835074731742157
2021-04-06 00:00:00,1.4835074731742157
2021-04-07 00:00:00,1.4835074731742157
2021-04-08 00:00:00,1.4835074731742157
2021-04-09 00:00:00,1.4835074731742157
2021-04-12 00:00:00,1.4835074731742157
2021-04-13 00:00:00,1.4835074731742157
2021-04-14 00:00:00,1.4835074731742157
2021-04-15 00:00:00,1.4835074731742157
2021-04-16 00:00:00,1.4835074731742157
2021-04-19 00:00:00,1.4835074731742157
2021-04-20 00:00:00,1.4835074731742157
2021-04-21 00:00:00,1.4835074731742157
2021-04-22 00:00:00,1.4835074731742157
2021-04-23 00:00:00,1.4835074731742157
2021-04-26 00:00:00,1.4835074731742157
2021-04-27 00:00:00,1.4835074731742157
2021-04-28 00:00:00,1.4835074731742157
2021-04-29 00:00:00,1.4835074731742157
2021-04-30 00:00:00,1.4835074731742157
2021-05-03 00:00:00,1.4835074731742157
2021-05-04 00:00:00,1.4835074731742157
2021-05-05 00:00:00,1.4835074731742157
2021-05-06 00:00:00,1.4835074731742157
2021-05-07 00:00:00,1.4835074731742157
2021-05-10 00:00:00,1.4835074731742157
2021-05-11 00:00:00,1.4835074731742157
2021-05-12 00:00:00,1.4835074731742157
2021-05-13 00:00:00,1.4835074731742157
2021-05-14 00:00:00,1.4835074731742157
2021-05-17 00:00:00,1.4835074731742157
2021-05-18 00:00:00,1.4835074731742157
2021-05-19 00:00:00,1.4835074731742157
2021-05-20 00:00:00,1.4835074731742157
2021-05-21 00:00:00,1.4835074731742157
2021-05-24 00:00:00,1.4835074731742157
2021-05-25 00:00:00,1.4835074731742157
2021-05-26 00:00:00,1.4835074731742157
2021-05-27 00:00:00,1.4835074731742157
2021-05-28 00:00:00,1.4835074731742157
2021-06-01 00:00:00,1.4835074731742157
2021-06-02 00:00:00,1.4835074731742157
2021-06-03 00:00:00,1.4835074731742157
2021-06-04 00:00:00,1.4835074731742157
2021-06-07 00:00:00,1.4835074731742157
2021-06-08 00:00:00,1.4835074731742157
2021-06-09 00:00:00,1.4835074731742157
2021-06-10 00:00:00,1.4835074731742157
2021-06-11 00:00:00,1.4835074731742157
2021-06-14 00:00:00,1.4835074731742157
2021-06-15 00:00:00,1.4835074731742157
2021-06-16 00:00:00,1.4835074731742157
2021-06-17 00:00:00,1.4835074731742157
2021-06-18 00:00:00,1.4835074731742157
2021-06-21 00:00:00,1.4835074731742157
2021-06-22 00:00:00,1.4835074731742157
2021-06-23 00:00:00,1.4835074731742157
2021-06-24 00:00:00,1.4835074731742157
2021-06-25 00:00:00,1.4835074731742157
2021-06-28 00:00:00,1.4835074731742157
2021-06-29 00:00:00,1.4835074731742157
2021-06-30 00:00:00,1.4835074731742157
2021-07-01 00:00:00,1.4835074731742157
2021-07-02 00:00:00,1.4835074731742157
2021-07-06 00:00:00,1.4835074731742157
2021-07-07 00:00:00,1.4835074731742157
2021-07-08 00:00:00,1.4835074731742157
2021-07-09 00:00:00,1.4835074731742157
2021-07-12 00:00:00,1.4835074731742157
2021-07-13 00:00:00,1.4835074731742157
2021-07-14 00:00:00,1.4835074731742157
2021-07-15 00:00:00,1.4835074731742157
2021-07-16 00:00:00,1.4835074731742157
2021-07-19 00:00:00,1.4835074731742157
2021-07-20 00:00:00,1.4835074731742157
2021-07-21 00:00:00,1.4835074731742157
2021-07-22 00:00:00,1.4835074731742157
2021-07-23 00:00:00,1.4835074731742157
2021-07-26 00:00:00,1.4835074731742157
2021-07-27 00:00:00,1.4835074731742157
2021-07-28 00:00:00,1.4835074731742157
2021-07-29 00:00:00,1.4835074731742157
2021-07-30 00:00:00,1.4835074731742157
2021-08-02 00:00:00,1.4835074731742157
2021-08-03 00:00:00,1.4835074731742157
2021-08-04 00:00:00,1.4835074731742157
2021-08-05 00:00:00,1.4835074731742157
2021-08-06 00:00:00,1.4835074731742157
2021-08-09 00:00:00,1.4835074731742157
2021-08-10 00:00:00,1.4835074731742157
2021-08-11 00:00:00,1.4835074731742157
2021-08-12 00:00:00,1.4835074731742157
2021-08-13 00:00:00,1.4835074731742157
2021-08-16 00:00:00,1.4835074731742157
2021-08-17 00:00:00,1.4835074731742157
2021-08-18 00:00:00,1.4835074731742157
2021-08-19 00:00:00,1.4835074731742157
2021-08-20 00:00:00,1.4835074731742157
2021-08-23 00:00:00,1.4835074731742157
2021-08-24 00:00:00,1.4835074731742157
2021-08-25 00:00:00,1.4835074731742157
2021-08-26 00:00:00,1.4835074731742157
2021-08-27 00:00:00,1.4835074731742157
2021-08-30 00:00:00,1.4835074731742157
2021-08-31 00:00:00,1.4835074731742157
2021-09-01 00:00:00,1.4835074731742157
2021-09-02 00:00:00,1.4835074731742157
2021-09-03 00:00:00,1.4835074731742157
2021-09-07 00:00:00,1.4835074731742157
2021-09-08 00:00:00,1.4835074731742157
2021-09-09 00:00:00,1.4835074731742157
2021-09-10 00:00:00,1.4835074731742157
2021-09-13 00:00:00,1.4835074731742157
2021-09-14 00:00:00,1.4835074731742157
2021-09-15 00:00:00,1.4835074731742157
2021-09-16 00:00:00,1.4835074731742157
2021-09-17 00:00:00,1.4835074731742157
2021-09-20 00:00:00,1.4835074731742157
2021-09-21 00:00:00,1.4835074731742157
2021-09-22 00:00:00,1.4835074731742157
2021-09-23 00:00:00,1.4835074731742157
2021-09-24 00:00:00,1.4835074731742157
2021-09-27 00:00:00,1.4835074731742157
2021-09-28 00:00:00,1.4835074731742157
2021-09-29 00:00:00,1.4835074731742157
2021-09-30 00:00:00,1.4835074731742157
2021-10-01 00:00:00,1.4835074731742157
2021-10-04 00:00:00,1.4835074731742157
2021-10-05 00:00:00,1.4835074731742157
2021-10-06 00:00:00,1.4835074731742157
2021-10-07 00:00:00,1.4835074731742157
2021-10-08 00:00:00,1.4835074731742157
2021-10-11 00:00:00,1.4835074731742157
2021-10-12 00:00:00,1.4835074731742157
2021-10-13 00:00:00,1.4835074731742157
2021-10-14 00:00:00,1.4835074731742157
2021-10-15 00:00:00,1.4835074731742157
2021-10-18 00:00:00,1.4835074731742157
2021-10-19 00:00:00,1.4835074731742157
2021-10-20 00:00:00,1.4835074731742157
2021-10-21 00:00:00,1.4835074731742157
2021-10-22 00:00:00,1.4835074731742157
2021-10-25 00:00:00,1.4835074731742157
2021-10-26 00:00:00,1.4835074731742157
2021-10-27 00:00:00,1.4835074731742157
2021-10-28 00:00:00,1.4835074731742157
2021-10-29 00:00:00,1.4835074731742157
2021-11-01 00:00:00,1.4835074731742157
2021-11-02 00:00:00,1.4835074731742157
2021-11-03 00:00:00,1.4835074731742157
2021-11-04 00:00:00,1.4835074731742157
2021-11-05 00:00:00,1.4835074731742157
2021-11-08 00:00:00,1.4835074731742157
2021-11-09 00:00:00,1.4835074731742157
2021-11-10 00:00:00,1.4835074731742157
2021-11-11 00:00:00,1.4835074731742157
2021-11-12 00:00:00,1.4835074731742157
2021-11-15 00:00:00,1.4835074731742157
2021-11-16 00:00:00,1.4835074731742157
2021-11-17 00:00:00,1.4835074731742157
2021-11-18 00:00:00,1.4835074731742157
2021-11-19 00:00:00,1.4835074731742157
2021-11-22 00:00:00,1.4835074731742157
2021-11-23 00:00:00,1.4835074731742157
2021-11-24 00:00:00,1.4835074731742157
2021-11-26 00:00:00,1.4835074731742157
2021-11-29 00:00:00,1.4835074731742157
2021-11-30 00:00:00,1.4835074731742157
2021-12-01 00:00:00,1.4835074731742157
2021-12-02 00:00:00,1.4835074731742157
2021-12-03 00:00:00,1.4835074731742157
2021-12-06 00:00:00,1.4835074731742157
2021-12-07 00:00:00,1.4835074731742157
2021-12-08 00:00:00,1.4835074731742157
2021-12-09 00:00:00,1.4835074731742157
2021-12-10 00:00:00,1.4835074731742157
2021-12-13 00:00:00,1.4835074731742157
2021-12-14 00:00:00,1.4835074731742157
2021-12-15 00:00:00,1.4835074731742157
2021-12-16 00:00:00,1.4835074731742157
2021-12-17 00:00:00,1.4835074731742157
2021-12-20 00:00:00,1.4835074731742157
2021-12-21 00:00:00,1.4835074731742157
2021-12-22 00:00:00,1.4835074731742157
2021-12-23 00:00:00,1.4835074731742157
2021-12-27 00:00:00,1.4835074731742157
2021-12-28 00:00:00,1.4835074731742157
2021-12-29 00:00:00,1.4835074731742157
2021-12-30 00:00:00,1.4835074731742157
2021-12-31 00:00:00,1.4835074731742157
2022-01-03 00:00:00,1.4835074731742157
2022-01-04 00:00:00,1.4835074731742157
2022-01-05 00:00:00,1.4835074731742157
2022-01-06 00:00:00,1.4835074731742157
2022-01-07 00:00:00,1.4835074731742157
2022-01-10 00:00:00,1.4835074731742157
2022-01-11 00:00:00,1.4835074731742157
2022-01-12 00:00:00,1.4835074731742157
2022-01-13 00:00:00,1.4835074731742157
2022-01-14 00:00:00,1.4835074731742157
2022-01-18 00:00:00,1.4835074731742157
2022-01-19 00:00:00,1.4835074731742157
2022-01-20 00:00:00,1.4835074731742157
2022-01-21 00:00:00,1.4835074731742157
2022-01-24 00:00:00,1.4835074731742157
2022-01-25 00:00:00,1.4835074731742157
2022-01-26 00:00:00,1.4835074731742157
2022-01-27 00:00:00,1.4835074731742157
2022-01-28 00:00:00,1.4835074731742157
2022-01-31 00:00:00,1.4835074731742157
2022-02-01 00:00:00,1.4835074731742157
2022-02-02 00:00:00,1.4835074731742157
2022-02-03 00:00:00,1.4835074731742157
2022-02-04 00:00:00,1.4835074731742157
2022-02-07 00:00:00,1.4835074731742157
2022-02-08 00:00:00,1.4835074731742157
2022-02-09 00:00:00,1.4835074731742157
2022-02-10 00:00:00,1.4835074731742157
2022-02-11 00:00:00,1.4835074731742157
2022-02-14 00:00:00,1.4835074731742157
2022-02-15 00:00:00,1.4835074731742157
2022-02-16 00:00:00,1.4835074731742157
2022-02-17 00:00:00,1.4835074731742157
2022-02-18 00:00:00,1.4835074731742157
2022-02-22 00:00:00,1.4835074731742157
2022-02-23 00:00:00,1.4835074731742157
2022-02-24 00:00:00,1.4835074731742157
2022-02-25 00:00:00,1.4835074731742157
2022-02-28 00:00:00,1.4835074731742157
2022-03-01 00:00:00,1.4835074731742157
2022-03-02 00:00:00,1.4835074731742157
2022-03-03 00:00:00,1.4835074731742157
2022-03-04 00:00:00,1.4835074731742157
2022-03-07 00:00:00,1.4835074731742157
2022-03-08 00:00:00,1.4835074731742157
2022-03-09 00:00:00,1.4835074731742157
2022-03-10 00:00:00,1.4835074731742157
2022-03-11 00:00:00,1.4835074731742157
2022-03-14 00:00:00,1.4835074731742157
2022-03-15 00:00:00,1.4835074731742157
2022-03-16 00:00:00,1.4835074731742157
2022-03-17 00:00:00,1.4835074731742157
2022-03-18 00:00:00,1.4835074731742157
2022-03-21 00:00:00,1.4835074731742157
2022-03-22 00:00:00,1.4835074731742157
2022-03-23 00:00:00,1.4835074731742157
2022-03-24 00:00:00,1.4835074731742157
2022-03-25 00:00:00,1.4835074731742157
2022-03-28 00:00:00,1.4835074731742157
2022-03-29 00:00:00,1.4835074731742157
2022-03-30 00:00:00,1.4835074731742157
2022-03-31 00:00:00,1.4835074731742157
2022-04-01 00:00:00,1.4835074731742157
2022-04-04 00:00:00,1.4835074731742157
2022-04-05 00:00:00,1.4835074731742157
2022-04-06 00:00:00,1.4835074731742157
2022-04-07 00:00:00,1.4835074731742157
2022-04-08 00:00:00,1.4835074731742157
2022-04-11 00:00:00,1.4835074731742157
2022-04-12 00:00:00,1.4835074731742157
2022-04-13 00:00:00,1.4835074731742157
2022-04-14 00:00:00,1.4835074731742157
2022-04-18 00:00:00,1.4835074731742157
2022-04-19 00:00:00,1.4835074731742157
2022-04-20 00:00:00,1.4835074731742157
2022-04-21 00:00:00,1.4835074731742157
2022-04-22 00:00:00,1.4835074731742157
2022-04-25 00:00:00,1.4835074731742157
2022-04-26 00:00:00,1.4835074731742157
2022-04-27 00:00:00,1.4835074731742157
2022-04-28 00:00:00,1.4835074731742157
2022-04-29 00:00:00,1.4835074731742157
2022-05-02 00:00:00,1.4835074731742157
2022-05-03 00:00:00,1.4835074731742157
2022-05-04 00:00:00,1.4835074731742157
2022-05-05 00:00:00,1.4835074731742157
2022-05-06 00:00:00,1.4835074731742157
2022-05-09 00:00:00,1.4835074731742157
2022-05-10 00:00:00,1.4835074731742157
2022-05-11 00:00:00,1.4835074731742157
2022-05-12 00:00:00,1.4835074731742157
2022-05-13 00:00:00,1.4835074731742157
2022-05-16 00:00:00,1.4835074731742157
2022-05-17 00:00:00,1.4835074731742157
2022-05-18 00:00:00,1.4835074731742157
2022-05-19 00:00:00,1.4835074731742157
2022-05-20 00:00:00,1.4835074731742157
2022-05-23 00:00:00,1.4835074731742157
2022-05-24 00:00:00,1.4835074731742157
2022-05-25 00:00:00,1.4835074731742157
2022-05-26 00:00:00,1.4835074731742157
2022-05-27 00:00:00,1.4835074731742157
2022-05-31 00:00:00,1.4835074731742157
2022-06-01 00:00:00,1.4835074731742157
2022-06-02 00:00:00,1.4835074731742157
2022-06-03 00:00:00,1.4835074731742157
2022-06-06 00:00:00,1.4835074731742157
2022-06-07 00:00:00,1.4835074731742157
2022-06-08 00:00:00,1.4835074731742157
2022-06-09 00:00:00,1.4835074731742157
2022-06-10 00:00:00,1.4835074731742157
2022-06-13 00:00:00,1.4835074731742157
2022-06-14 00:00:00,1.4835074731742157
2022-06-15 00:00:00,1.4835074731742157
2022-06-16 00:00:00,1.4835074731742157
2022-06-17 00:00:00,1.4835074731742157
2022-06-21 00:00:00,1.4835074731742157
2022-06-22 00:00:00,1.4835074731742157
2022-06-23 00:00:00,1.4835074731742157
2022-06-24 00:00:00,1.4835074731742157
2022-06-27 00:00:00,1.4835074731742157
2022-06-28 00:00:00,1.4835074731742157
2022-06-29 00:00:00,1.4835074731742157
2022-06-30 00:00:00,1.4835074731742157
2022-07-01 00:00:00,1.4835074731742157
2022-07-05 00:00:00,1.4835074731742157
2022-07-06 00:00:00,1.4835074731742157
2022-07-07 00:00:00,1.4835074731742157
2022-07-08 00:00:00,1.4835074731742157
2022-07-11 00:00:00,1.4835074731742157
2022-07-12 00:00:00,1.4835074731742157
2022-07-13 00:00:00,1.4835074731742157
2022-07-14 00:00:00,1.4835074731742157
2022-07-15 00:00:00,1.4835074731742157
2022-07-18 00:00:00,1.4835074731742157
2022-07-19 00:00:00,1.4835074731742157
2022-07-20 00:00:00,1.4835074731742157
2022-07-21 00:00:00,1.4835074731742157
2022-07-22 00:00:00,1.4835074731742157
2022-07-25 00:00:00,1.4835074731742157
2022-07-26 00:00:00,1.4835074731742157
2022-07-27 00:00:00,1.4835074731742157
2022-07-28 00:00:00,1.4835074731742157
2022-07-29 00:00:00,1.4835074731742157
2022-08-01 00:00:00,1.4835074731742157
2022-08-02 00:00:00,1.4835074731742157
2022-08-03 00:00:00,1.4835074731742157
2022-08-04 00:00:00,1.4835074731742157
2022-08-05 00:00:00,1.4835074731742157
2022-08-08 00:00:00,1.4835074731742157
2022-08-09 00:00:00,1.4835074731742157
2022-08-10 00:00:00,1.4835074731742157
2022-08-11 00:00:00,1.4835074731742157
2022-08-12 00:00:00,1.4835074731742157
2022-08-15 00:00:00,1.4835074731742157
2022-08-16 00:00:00,1.4835074731742157
2022-08-17 00:00:00,1.4835074731742157
2022-08-18 00:00:00,1.4835074731742157
2022-08-19 00:00:00,1.4835074731742157
2022-08-22 00:00:00,1.4835074731742157
2022-08-23 00:00:00,1.4835074731742157
2022-08-24 00:00:00,1.4835074731742157
2022-08-25 00:00:00,1.4835074731742157
2022-08-26 00:00:00,1.4835074731742157
2022-08-29 00:00:00,1.4835074731742157
2022-08-30 00:00:00,1.4835074731742157
2022-08-31 00:00:00,1.4835074731742157
2022-09-01 00:00:00,1.4835074731742157
2022-09-02 00:00:00,1.4835074731742157
2022-09-06 00:00:00,1.4835074731742157
2022-09-07 00:00:00,1.4835074731742157
2022-09-08 00:00:00,1.4835074731742157
2022-09-09 00:00:00,1.4835074731742157
2022-09-12 00:00:00,1.4835074731742157
2022-09-13 00:00:00,1.4835074731742157
2022-09-14 00:00:00,1.4835074731742157
2022-09-15 00:00:00,1.4835074731742157
2022-09-16 00:00:00,1.4835074731742157
2022-09-19 00:00:00,1.4835074731742157
2022-09-20 00:00:00,1.4835074731742157
2022-09-21 00:00:00,1.4835074731742157
2022-09-22 00:00:00,1.4835074731742157
2022-09-23 00:00:00,1.4835074731742157
2022-09-26 00:00:00,1.4835074731742157
2022-09-27 00:00:00,1.4835074731742157
2022-09-28 00:00:00,1.4835074731742157
2022-09-29 00:00:00,1.4835074731742157
2022-09-30 00:00:00,1.4835074731742157
2022-10-03 00:00:00,1.4835074731742157
2022-10-04 00:00:00,1.4835074731742157
2022-10-05 00:00:00,1.4835074731742157
2022-10-06 00:00:00,1.4835074731742157
2022-10-07 00:00:00,1.4835074731742157
2022-10-10 00:00:00,1.4835074731742157
2022-10-11 00:00:00,1.4835074731742157
2022-10-12 00:00:00,1.4835074731742157
2022-10-13 00:00:00,1.4835074731742157
2022-10-14 00:00:00,1.4835074731742157
2022-10-17 00:00:00,1.4835074731742157
2022-10-18 00:00:00,1.4835074731742157
2022-10-19 00:00:00,1.4835074731742157
2022-10-20 00:00:00,1.4835074731742157
2022-10-21 00:00:00,1.4835074731742157
2022-10-24 00:00:00,1.4835074731742157
2022-10-25 00:00:00,1.4835074731742157
2022-10-26 00:00:00,1.4835074731742157
2022-10-27 00:00:00,1.4835074731742157
2022-10-28 00:00:00,1.4835074731742157
2022-10-31 00:00:00,1.4835074731742157
2022-11-01 00:00:00,1.4835074731742157
2022-11-02 00:00:00,1.4835074731742157
2022-11-03 00:00:00,1.4835074731742157
2022-11-04 00:00:00,1.4835074731742157
2022-11-07 00:00:00,1.4835074731742157
2022-11-08 00:00:00,1.4835074731742157
2022-11-09 00:00:00,1.4835074731742157
2022-11-10 00:00:00,1.4835074731742157
2022-11-11 00:00:00,1.4835074731742157
2022-11-14 00:00:00,1.4835074731742157
2022-11-15 00:00:00,1.4835074731742157
2022-11-16 00:00:00,1.4835074731742157
2022-11-17 00:00:00,1.4835074731742157
2022-11-18 00:00:00,1.4835074731742157
2022-11-21 00:00:00,1.4835074731742157
2022-11-22 00:00:00,1.4835074731742157
2022-11-23 00:00:00,1.4835074731742157
2022-11-25 00:00:00,1.4835074731742157
2022-11-28 00:00:00,1.4835074731742157
2022-11-29 00:00:00,1.4835074731742157
2022-11-30 00:00:00,1.4835074731742157
2022-12-01 00:00:00,1.4835074731742157
2022-12-02 00:00:00,1.4835074731742157
2022-12-05 00:00:00,1.4835074731742157
2022-12-06 00:00:00,1.4835074731742157
2022-12-07 00:00:00,1.4835074731742157
2022-12-08 00:00:00,1.4835074731742157
2022-12-09 00:00:00,1.4835074731742157
2022-12-12 00:00:00,1.4835074731742157
2022-12-13 00:00:00,1.4835074731742157
2022-12-14 00:00:00,1.4835074731742157
2022-12-15 00:00:00,1.4835074731742157
2022-12-16 00:00:00,1.4835074731742157
2022-12-19 00:00:00,1.4835074731742157
2022-12-20 00:00:00,1.4835074731742157
2022-12-21 00:00:00,1.4835074731742157
2022-12-22 00:00:00,1.4835074731742157
2022-12-23 00:00:00,1.4835074731742157
2022-12-27 00:00:00,1.4835074731742157
2022-12-28 00:00:00,1.4835074731742157
2022-12-29 00:00:00,1.4835074731742157
2022-12-30 00:00:00,1.4835074731742157
2023-01-03 00:00:00,1.4835074731742157
2023-01-04 00:00:00,1.4835074731742157
2023-01-05 00:00:00,1.4835074731742157
2023-01-06 00:00:00,1.4835074731742157
2023-01-09 00:00:00,1.4835074731742157
2023-01-10 00:00:00,1.4835074731742157
2023-01-11 00:00:00,1.4835074731742157
2023-01-12 00:00:00,1.4835074731742157
2023-01-13 00:00:00,1.4950917189383872
2023-01-17 00:00:00,1.4867655422953892
2023-01-18 00:00:00,1.476629327251739
2023-01-19 00:00:00,1.4878515653357802
2023-01-20 00:00:00,1.510658049183993
2023-01-23 00:00:00,1.5215182795879036
2023-01-24 00:00:00,1.5226043026282947
2023-01-25 00:00:00,1.5240523333488163
2023-01-26 00:00:00,1.5385326405540307
2023-01-27 00:00:00,1.5312924869514233
2023-01-30 00:00:00,1.500521834140343
2023-01-31 00:00:00,1.4972637650191696
2023-02-01 00:00:00,1.515726156705818
2023-02-02 00:00:00,1.5066759647025587
2023-02-03 00:00:00,1.4798873963729122
2023-02-06 00:00:00,1.4581669355650906
2023-02-07 00:00:00,1.4639590584471762
2023-02-08 00:00:00,1.4621490200465246
2023-02-09 00:00:00,1.4690271659690013
2023-02-10 00:00:00,1.4549088664439171
2023-02-13 00:00:00,1.4668551198882194
2023-02-14 00:00:00,1.464321066127307
2023-02-15 00:00:00,1.4399811942330372
2023-02-16 00:00:00,1.4399811942330372
2023-02-17 00:00:00,1.4399811942330372
2023-02-21 00:00:00,1.4399811942330372
2023-02-22 00:00:00,1.4399811942330372
2023-02-23 00:00:00,1.4399811942330372
2023-02-24 00:00:00,1.4399811942330372
2023-02-27 00:00:00,1.4399811942330372
2023-02-28 00:00:00,1.4399811942330372
2023-03-01 00:00:00,1.4399811942330372
2023-03-02 00:00:00,1.4399811942330372
2023-03-03 00:00:00,1.4399811942330372
2023-03-06 00:00:00,1.4399811942330372
2023-03-07 00:00:00,1.4399811942330372
2023-03-08 00:00:00,1.4399811942330372
2023-03-09 00:00:00,1.4399811942330372
2023-03-10 00:00:00,1.4399811942330372
2023-03-13 00:00:00,1.4399811942330372
2023-03-14 00:00:00,1.4399811942330372
2023-03-15 00:00:00,1.4399811942330372
2023-03-16 00:00:00,1.4399811942330372
2023-03-17 00:00:00,1.4399811942330372
2023-03-20 00:00:00,1.4399811942330372
2023-03-21 00:00:00,1.4399811942330372
2023-03-22 00:00:00,1.4399811942330372
2023-03-23 00:00:00,1.4399811942330372
2023-03-24 00:00:00,1.4399811942330372
2023-03-27 00:00:00,1.4399811942330372
2023-03-28 00:00:00,1.4399811942330372
2023-03-29 00:00:00,1.4399811942330372
2023-03-30 00:00:00,1.4399811942330372
2023-03-31 00:00:00,1.4399811942330372
2023-04-03 00:00:00,1.4399811942330372
2023-04-04 00:00:00,1.4399811942330372
2023-04-05 00:00:00,1.4399811942330372
2023-04-06 00:00:00,1.4399811942330372
2023-04-10 00:00:00,1.4399811942330372
2023-04-11 00:00:00,1.4399811942330372
2023-04-12 00:00:00,1.4399811942330372
2023-04-13 00:00:00,1.4399811942330372
2023-04-14 00:00:00,1.4399811942330372
2023-04-17 00:00:00,1.4399811942330372
2023-04-18 00:00:00,1.4399811942330372
2023-04-19 00:00:00,1.4399811942330372
2023-04-20 00:00:00,1.4399811942330372
2023-04-21 00:00:00,1.4399811942330372
2023-04-24 00:00:00,1.4399811942330372
2023-04-25 00:00:00,1.4399811942330372
2023-04-26 00:00:00,1.4399811942330372
2023-04-27 00:00:00,1.4399811942330372
2023-04-28 00:00:00,1.4399811942330372
2023-05-01 00:00:00,1.4399811942330372
2023-05-02 00:00:00,1.4399811942330372
2023-05-03 00:00:00,1.4399811942330372
2023-05-04 00:00:00,1.4399811942330372
2023-05-05 00:00:00,1.4399811942330372
2023-05-08 00:00:00,1.4399811942330372
2023-05-09 00:00:00,1.4399811942330372
2023-05-10 00:00:00,1.4399811942330372
2023-05-11 00:00:00,1.4399811942330372
2023-05-12 00:00:00,1.4399811942330372
2023-05-15 00:00:00,1.4399811942330372
2023-05-16 00:00:00,1.4399811942330372
2023-05-17 00:00:00,1.4399811942330372
2023-05-18 00:00:00,1.4399811942330372
2023-05-19 00:00:00,1.4399811942330372
2023-05-22 00:00:00,1.4399811942330372
2023-05-23 00:00:00,1.4399811942330372
2023-05-24 00:00:00,1.4399811942330372
2023-05-25 00:00:00,1.4399811942330372
2023-05-26 00:00:00,1.4399811942330372
2023-05-30 00:00:00,1.4399811942330372
2023-05-31 00:00:00,1.4399811942330372
2023-06-01 00:00:00,1.4399811942330372
2023-06-02 00:00:00,1.4399811942330372
2023-06-05 00:00:00,1.4399811942330372
2023-06-06 00:00:00,1.4399811942330372
2023-06-07 00:00:00,1.4399811942330372
2023-06-08 00:00:00,1.4399811942330372
2023-06-09 00:00:00,1.4399811942330372
2023-06-12 00:00:00,1.4399811942330372
2023-06-13 00:00:00,1.4399811942330372
2023-06-14 00:00:00,1.4399811942330372
2023-06-15 00:00:00,1.4399811942330372
2023-06-16 00:00:00,1.4399811942330372
2023-06-20 00:00:00,1.4399811942330372
2023-06-21 00:00:00,1.4399811942330372
2023-06-22 00:00:00,1.4399811942330372
2023-06-23 00:00:00,1.4399811942330372
2023-06-26 00:00:00,1.4399811942330372
2023-06-27 00:00:00,1.4399811942330372
2023-06-28 00:00:00,1.4399811942330372
2023-06-29 00:00:00,1.4399811942330372
2023-06-30 00:00:00,1.4399811942330372
2023-07-03 00:00:00,1.4399811942330372
2023-07-05 00:00:00,1.4399811942330372
2023-07-06 00:00:00,1.4399811942330372
2023-07-07 00:00:00,1.4399811942330372
2023-07-10 00:00:00,1.4399811942330372
2023-07-11 00:00:00,1.4399811942330372
2023-07-12 00:00:00,1.4399811942330372
2023-07-13 00:00:00,1.4399811942330372
2023-07-14 00:00:00,1.4354309376639973
2023-07-17 00:00:00,1.4371810363443973
2023-07-18 00:00:00,1.4266804442619978
2023-07-19 00:00:00,1.423880286373358
2023-07-20 00:00:00,1.4133796942909589
2023-07-21 00:00:00,1.4112795758744787
2023-07-24 00:00:00,1.4305306613588775
2023-07-25 00:00:00,1.442431332385597
2023-07-26 00:00:00,1.4508318060515168
2023-07-27 00:00:00,1.4329807995114374
2023-07-28 00:00:00,1.4676327533833555
2023-07-31 00:00:00,1.4683327928555157
2023-08-01 00:00:00,1.4497817468432768
2023-08-02 00:00:00,1.4151297929713587
2023-08-03 00:00:00,1.4207301087486384
2023-08-04 00:00:00,1.4189800100682382
2023-08-07 00:00:00,1.4168798916517584
2023-08-08 00:00:00,1.3949526952731863
2023-08-09 00:00:00,1.3949526952731863
2023-08-10 00:00:00,1.3949526952731863
2023-08-11 00:00:00,1.3949526952731863
2023-08-14 00:00:00,1.3949526952731863
2023-08-15 00:00:00,1.3949526952731863
2023-08-16 00:00:00,1.3949526952731863
2023-08-17 00:00:00,1.3949526952731863
2023-08-18 00:00:00,1.3949526952731863
2023-08-21 00:00:00,1.3949526952731863
2023-08-22 00:00:00,1.3949526952731863
2023-08-23 00:00:00,1.3949526952731863
2023-08-24 00:00:00,1.3949526952731863
2023-08-25 00:00:00,1.3949526952731863
2023-08-28 00:00:00,1.3949526952731863
2023-08-29 00:00:00,1.3949526952731863
2023-08-30 00:00:00,1.3949526952731863
2023-08-31 00:00:00,1.3949526952731863
2023-09-01 00:00:00,1.3949526952731863
2023-09-05 00:00:00,1.3949526952731863
2023-09-06 00:00:00,1.3949526952731863
2023-09-07 00:00:00,1.3949526952731863
2023-09-08 00:00:00,1.3949526952731863
2023-09-11 00:00:00,1.3949526952731863
2023-09-12 00:00:00,1.3949526952731863
2023-09-13 00:00:00,1.3949526952731863
2023-09-14 00:00:00,1.3949526952731863
2023-09-15 00:00:00,1.3949526952731863
2023-09-18 00:00:00,1.3949526952731863
2023-09-19 00:00:00,1.3949526952731863
2023-09-20 00:00:00,1.3949526952731863
2023-09-21 00:00:00,1.3949526952731863
2023-09-22 00:00:00,1.3949526952731863
2023-09-25 00:00:00,1.3949526952731863
2023-09-26 00:00:00,1.3949526952731863
2023-09-27 00:00:00,1.3949526952731863
2023-09-28 00:00:00,1.3949526952731863
2023-09-29 00:00:00,1.3949526952731863
2023-10-02 00:00:00,1.3949526952731863
2023-10-03 00:00:00,1.3949526952731863
2023-10-04 00:00:00,1.3949526952731863
2023-10-05 00:00:00,1.3949526952731863
2023-10-06 00:00:00,1.3949526952731863
2023-10-09 00:00:00,1.3949526952731863
2023-10-10 00:00:00,1.3949526952731863
2023-10-11 00:00:00,1.3949526952731863
2023-10-12 00:00:00,1.3949526952731863
2023-10-13 00:00:00,1.3949526952731863
2023-10-16 00:00:00,1.3949526952731863
2023-10-17 00:00:00,1.3949526952731863
2023-10-18 00:00:00,1.3949526952731863
2023-10-19 00:00:00,1.3949526952731863
2023-10-20 00:00:00,1.3949526952731863
2023-10-23 00:00:00,1.3949526952731863
2023-10-24 00:00:00,1.3949526952731863
2023-10-25 00:00:00,1.3949526952731863
2023-10-26 00:00:00,1.3949526952731863
2023-10-27 00:00:00,1.3949526952731863
2023-10-30 00:00:00,1.3949526952731863
2023-10-31 00:00:00,1.3949526952731863
2023-11-01 00:00:00,1.3949526952731863
2023-11-02 00:00:00,1.3949526952731863
2023-11-03 00:00:00,1.3949526952731863
2023-11-06 00:00:00,1.3949526952731863
2023-11-07 00:00:00,1.3949526952731863
2023-11-08 00:00:00,1.3949526952731863
2023-11-09 00:00:00,1.3949526952731863
2023-11-10 00:00:00,1.3949526952731863
2023-11-13 00:00:00,1.3949526952731863
2023-11-14 00:00:00,1.3949526952731863
2023-11-15 00:00:00,1.3949526952731863
2023-11-16 00:00:00,1.3949526952731863
2023-11-17 00:00:00,1.3949526952731863
2023-11-20 00:00:00,1.3949526952731863
2023-11-21 00:00:00,1.3949526952731863
2023-11-22 00:00:00,1.3949526952731863
2023-11-24 00:00:00,1.3949526952731863
2023-11-27 00:00:00,1.3949526952731863
2023-11-28 00:00:00,1.3949526952731863
2023-11-29 00:00:00,1.3949526952731863
2023-11-30 00:00:00,1.3949526952731863
2023-12-01 00:00:00,1.3949526952731863
2023-12-04 00:00:00,1.3949526952731863
2023-12-05 00:00:00,1.3949526952731863
2023-12-06 00:00:00,1.3949526952731863
2023-12-07 00:00:00,1.3949526952731863
2023-12-08 00:00:00,1.3949526952731863
2023-12-11 00:00:00,1.3949526952731863
2023-12-12 00:00:00,1.3949526952731863
2023-12-13 00:00:00,1.3949526952731863
2023-12-14 00:00:00,1.3949526952731863
2023-12-15 00:00:00,1.3949526952731863
2023-12-18 00:00:00,1.3949526952731863
2023-12-19 00:00:00,1.3949526952731863
2023-12-20 00:00:00,1.3949526952731863
2023-12-21 00:00:00,1.3949526952731863
2023-12-22 00:00:00,1.3949526952731863
2023-12-26 00:00:00,1.3949526952731863
2023-12-27 00:00:00,1.3949526952731863
2023-12-28 00:00:00,1.3949526952731863
2023-12-29 00:00:00,1.3949526952731863
