date,combined_equity
1971-01-04 00:00:00,1.0
1971-01-05 00:00:00,1.0
1971-01-06 00:00:00,1.0
1971-01-07 00:00:00,1.0
1971-01-08 00:00:00,1.0
1971-01-11 00:00:00,1.0
1971-01-12 00:00:00,1.0
1971-01-13 00:00:00,1.0
1971-01-14 00:00:00,1.0
1971-01-15 00:00:00,1.0
1971-01-18 00:00:00,1.0
1971-01-19 00:00:00,1.0
1971-01-20 00:00:00,1.0
1971-01-21 00:00:00,1.0
1971-01-22 00:00:00,1.0
1971-01-25 00:00:00,1.0
1971-01-26 00:00:00,1.0
1971-01-27 00:00:00,1.0
1971-01-28 00:00:00,1.0
1971-01-29 00:00:00,1.0
1971-02-01 00:00:00,1.0
1971-02-02 00:00:00,1.0
1971-02-03 00:00:00,1.0
1971-02-04 00:00:00,1.0
1971-02-05 00:00:00,1.0
1971-02-08 00:00:00,1.0
1971-02-09 00:00:00,1.0
1971-02-10 00:00:00,1.0
1971-02-11 00:00:00,1.0
1971-02-16 00:00:00,1.0
1971-02-17 00:00:00,1.0
1971-02-18 00:00:00,1.0
1971-02-19 00:00:00,1.0
1971-02-22 00:00:00,1.0
1971-02-23 00:00:00,1.0
1971-02-24 00:00:00,1.0
1971-02-25 00:00:00,1.0
1971-02-26 00:00:00,1.0
1971-03-01 00:00:00,1.0
1971-03-02 00:00:00,1.0
1971-03-03 00:00:00,1.0
1971-03-04 00:00:00,1.0
1971-03-05 00:00:00,1.0
1971-03-08 00:00:00,1.0
1971-03-09 00:00:00,1.0
1971-03-10 00:00:00,1.0
1971-03-11 00:00:00,1.0
1971-03-12 00:00:00,1.0
1971-03-15 00:00:00,1.0
1971-03-16 00:00:00,1.0
1971-03-17 00:00:00,1.0
1971-03-18 00:00:00,1.0
1971-03-19 00:00:00,1.0
1971-03-22 00:00:00,1.0
1971-03-23 00:00:00,1.0
1971-03-24 00:00:00,1.0
1971-03-25 00:00:00,1.0
1971-03-26 00:00:00,1.0
1971-03-29 00:00:00,1.0
1971-03-30 00:00:00,1.0
1971-03-31 00:00:00,1.0
1971-04-01 00:00:00,1.0
1971-04-02 00:00:00,1.0
1971-04-05 00:00:00,1.0
1971-04-06 00:00:00,1.0
1971-04-07 00:00:00,1.0
1971-04-08 00:00:00,1.0
1971-04-09 00:00:00,1.0
1971-04-12 00:00:00,1.0
1971-04-13 00:00:00,1.0
1971-04-14 00:00:00,1.0
1971-04-15 00:00:00,1.0
1971-04-16 00:00:00,1.0
1971-04-19 00:00:00,1.0
1971-04-20 00:00:00,1.0
1971-04-21 00:00:00,1.0
1971-04-22 00:00:00,1.0
1971-04-23 00:00:00,1.0
1971-04-26 00:00:00,1.0
1971-04-27 00:00:00,1.0
1971-04-28 00:00:00,1.0
1971-04-29 00:00:00,1.0
1971-04-30 00:00:00,1.0
1971-05-03 00:00:00,1.0
1971-05-04 00:00:00,1.0
1971-05-05 00:00:00,1.0
1971-05-06 00:00:00,1.0
1971-05-07 00:00:00,1.0
1971-05-10 00:00:00,1.0
1971-05-11 00:00:00,1.0
1971-05-12 00:00:00,1.0
1971-05-13 00:00:00,1.0
1971-05-14 00:00:00,1.0
1971-05-17 00:00:00,1.0
1971-05-18 00:00:00,1.0
1971-05-19 00:00:00,1.0
1971-05-20 00:00:00,1.0
1971-05-21 00:00:00,1.0
1971-05-24 00:00:00,1.0
1971-05-25 00:00:00,1.0
1971-05-26 00:00:00,1.0
1971-05-27 00:00:00,1.0
1971-05-28 00:00:00,1.0
1971-06-01 00:00:00,1.0
1971-06-02 00:00:00,1.0
1971-06-03 00:00:00,1.0
1971-06-04 00:00:00,1.0
1971-06-07 00:00:00,1.0
1971-06-08 00:00:00,1.0
1971-06-09 00:00:00,1.0
1971-06-10 00:00:00,1.0
1971-06-11 00:00:00,1.0
1971-06-14 00:00:00,1.0
1971-06-15 00:00:00,1.0
1971-06-16 00:00:00,1.0
1971-06-17 00:00:00,1.0
1971-06-18 00:00:00,1.0
1971-06-21 00:00:00,1.0
1971-06-22 00:00:00,1.0
1971-06-23 00:00:00,1.0
1971-06-24 00:00:00,1.0
1971-06-25 00:00:00,1.0
1971-06-28 00:00:00,1.0
1971-06-29 00:00:00,1.0
1971-06-30 00:00:00,1.0
1971-07-01 00:00:00,1.0
1971-07-02 00:00:00,1.0
1971-07-06 00:00:00,1.0
1971-07-07 00:00:00,1.0
1971-07-08 00:00:00,1.0
1971-07-09 00:00:00,1.0
1971-07-12 00:00:00,0.9996323529411765
1971-07-13 00:00:00,0.9995936689756589
1971-07-14 00:00:00,1.0003485467536744
1971-07-15 00:00:00,1.0010851661660691
1971-07-16 00:00:00,1.0007748784409447
1971-07-19 00:00:00,1.0005229112600225
1971-07-20 00:00:00,1.00091060564963
1971-07-21 00:00:00,1.0012986006124744
1971-07-22 00:00:00,1.0011821705426356
1971-07-23 00:00:00,1.0012403821927631
1971-07-26 00:00:00,1.00100757619795
1971-07-27 00:00:00,1.0010463696785319
1971-07-28 00:00:00,1.0012597875804325
1971-07-29 00:00:00,1.0012015736739084
1971-07-30 00:00:00,1.0013568258029502
1971-08-02 00:00:00,1.0011821705426356
1971-08-03 00:00:00,1.0008912137944395
1971-08-04 00:00:00,1.001318008256934
1971-08-05 00:00:00,1.0012597875804325
1971-08-06 00:00:00,1.0012403821927631
1971-08-09 00:00:00,1.0012209775572698
1971-08-10 00:00:00,1.0007167209050054
1971-08-11 00:00:00,1.00091060564963
1971-08-12 00:00:00,1.0006004261088515
1971-08-13 00:00:00,1.001318008256934
1971-08-23 00:00:00,1.01160919240789
1971-08-24 00:00:00,1.01160919240789
1971-08-25 00:00:00,1.01160919240789
1971-08-26 00:00:00,1.01160919240789
1971-08-27 00:00:00,1.01160919240789
1971-08-30 00:00:00,1.01160919240789
1971-08-31 00:00:00,1.01160919240789
1971-09-01 00:00:00,1.01160919240789
1971-09-02 00:00:00,1.01160919240789
1971-09-03 00:00:00,1.01160919240789
1971-09-07 00:00:00,1.01160919240789
1971-09-08 00:00:00,1.01160919240789
1971-09-09 00:00:00,1.01160919240789
1971-09-10 00:00:00,1.01160919240789
1971-09-13 00:00:00,1.01160919240789
1971-09-14 00:00:00,1.01160919240789
1971-09-15 00:00:00,1.01160919240789
1971-09-16 00:00:00,1.01160919240789
1971-09-17 00:00:00,1.01160919240789
1971-09-20 00:00:00,1.01160919240789
1971-09-21 00:00:00,1.01160919240789
1971-09-22 00:00:00,1.01160919240789
1971-09-23 00:00:00,1.01160919240789
1971-09-24 00:00:00,1.01160919240789
1971-09-27 00:00:00,1.01160919240789
1971-09-28 00:00:00,1.01160919240789
1971-09-29 00:00:00,1.01160919240789
1971-09-30 00:00:00,1.01160919240789
1971-10-01 00:00:00,1.01160919240789
1971-10-04 00:00:00,1.01160919240789
1971-10-05 00:00:00,1.01160919240789
1971-10-06 00:00:00,1.01160919240789
1971-10-07 00:00:00,1.01160919240789
1971-10-08 00:00:00,1.01160919240789
1971-10-12 00:00:00,1.01160919240789
1971-10-13 00:00:00,1.01160919240789
1971-10-14 00:00:00,1.01160919240789
1971-10-15 00:00:00,1.01160919240789
1971-10-18 00:00:00,1.01160919240789
1971-10-19 00:00:00,1.01160919240789
1971-10-20 00:00:00,1.01160919240789
1971-10-21 00:00:00,1.01160919240789
1971-10-22 00:00:00,1.01160919240789
1971-10-26 00:00:00,1.01160919240789
1971-10-27 00:00:00,1.01160919240789
1971-10-28 00:00:00,1.01160919240789
1971-10-29 00:00:00,1.01160919240789
1971-11-01 00:00:00,1.01160919240789
1971-11-03 00:00:00,1.01160919240789
1971-11-04 00:00:00,1.01160919240789
1971-11-05 00:00:00,1.01160919240789
1971-11-08 00:00:00,1.01160919240789
1971-11-09 00:00:00,1.01160919240789
1971-11-10 00:00:00,1.01160919240789
1971-11-11 00:00:00,1.01160919240789
1971-11-12 00:00:00,1.01160919240789
1971-11-15 00:00:00,1.01160919240789
1971-11-16 00:00:00,1.01160919240789
1971-11-17 00:00:00,1.01160919240789
1971-11-18 00:00:00,1.01160919240789
1971-11-19 00:00:00,1.01160919240789
1971-11-22 00:00:00,1.01160919240789
1971-11-23 00:00:00,1.01160919240789
1971-11-24 00:00:00,1.01160919240789
1971-11-26 00:00:00,1.01160919240789
1971-11-29 00:00:00,1.01160919240789
1971-11-30 00:00:00,1.01160919240789
1971-12-01 00:00:00,1.01160919240789
1971-12-02 00:00:00,1.01160919240789
1971-12-03 00:00:00,1.01160919240789
1971-12-06 00:00:00,1.01160919240789
1971-12-07 00:00:00,1.01160919240789
1971-12-08 00:00:00,1.01160919240789
1971-12-09 00:00:00,1.01160919240789
1971-12-10 00:00:00,1.01160919240789
1971-12-13 00:00:00,1.01160919240789
1971-12-14 00:00:00,1.01160919240789
1971-12-15 00:00:00,1.01160919240789
1971-12-16 00:00:00,1.01160919240789
1971-12-17 00:00:00,1.01160919240789
1971-12-21 00:00:00,1.01160919240789
1971-12-22 00:00:00,1.01160919240789
1971-12-23 00:00:00,1.01160919240789
1971-12-24 00:00:00,1.01160919240789
1971-12-27 00:00:00,1.01160919240789
1971-12-28 00:00:00,1.01160919240789
1971-12-29 00:00:00,1.01160919240789
1971-12-30 00:00:00,1.01160919240789
1971-12-31 00:00:00,1.01160919240789
1972-01-03 00:00:00,1.01160919240789
1972-01-04 00:00:00,1.01160919240789
1972-01-05 00:00:00,1.01160919240789
1972-01-06 00:00:00,1.01160919240789
1972-01-07 00:00:00,1.01160919240789
1972-01-10 00:00:00,1.01160919240789
1972-01-11 00:00:00,1.01160919240789
1972-01-12 00:00:00,1.01160919240789
1972-01-13 00:00:00,1.01160919240789
1972-01-14 00:00:00,1.01160919240789
1972-01-17 00:00:00,1.01160919240789
1972-01-18 00:00:00,1.01160919240789
1972-01-19 00:00:00,1.01160919240789
1972-01-20 00:00:00,1.01160919240789
1972-01-21 00:00:00,1.01160919240789
1972-01-24 00:00:00,1.01160919240789
1972-01-25 00:00:00,1.01160919240789
1972-01-26 00:00:00,1.01160919240789
1972-01-27 00:00:00,1.01160919240789
1972-01-28 00:00:00,1.01160919240789
1972-01-31 00:00:00,1.01160919240789
1972-02-01 00:00:00,1.01160919240789
1972-02-02 00:00:00,1.01160919240789
1972-02-03 00:00:00,1.01160919240789
1972-02-04 00:00:00,1.01160919240789
1972-02-07 00:00:00,1.01160919240789
1972-02-08 00:00:00,1.01160919240789
1972-02-09 00:00:00,1.01160919240789
1972-02-10 00:00:00,1.01160919240789
1972-02-11 00:00:00,1.01160919240789
1972-02-14 00:00:00,1.01160919240789
1972-02-15 00:00:00,1.01160919240789
1972-02-16 00:00:00,1.01160919240789
1972-02-17 00:00:00,1.01160919240789
1972-02-18 00:00:00,1.01160919240789
1972-02-22 00:00:00,1.01160919240789
1972-02-23 00:00:00,1.01160919240789
1972-02-24 00:00:00,1.01160919240789
1972-02-25 00:00:00,1.01160919240789
1972-02-28 00:00:00,1.01160919240789
1972-02-29 00:00:00,1.01160919240789
1972-03-01 00:00:00,1.01160919240789
1972-03-02 00:00:00,1.01160919240789
1972-03-03 00:00:00,1.01160919240789
1972-03-06 00:00:00,1.01160919240789
1972-03-07 00:00:00,1.01160919240789
1972-03-08 00:00:00,1.01160919240789
1972-03-09 00:00:00,1.01160919240789
1972-03-10 00:00:00,1.01160919240789
1972-03-13 00:00:00,1.01160919240789
1972-03-14 00:00:00,1.01160919240789
1972-03-15 00:00:00,1.01160919240789
1972-03-16 00:00:00,1.01160919240789
1972-03-17 00:00:00,1.01160919240789
1972-03-20 00:00:00,1.01160919240789
1972-03-21 00:00:00,1.01160919240789
1972-03-22 00:00:00,1.01160919240789
1972-03-23 00:00:00,1.01160919240789
1972-03-24 00:00:00,1.01160919240789
1972-03-27 00:00:00,1.01160919240789
1972-03-28 00:00:00,1.01160919240789
1972-03-29 00:00:00,1.01160919240789
1972-03-30 00:00:00,1.01160919240789
1972-03-31 00:00:00,1.01160919240789
1972-04-03 00:00:00,1.01160919240789
1972-04-04 00:00:00,1.01160919240789
1972-04-05 00:00:00,1.01160919240789
1972-04-06 00:00:00,1.01160919240789
1972-04-07 00:00:00,1.01160919240789
1972-04-10 00:00:00,1.01160919240789
1972-04-11 00:00:00,1.01160919240789
1972-04-12 00:00:00,1.01160919240789
1972-04-13 00:00:00,1.01160919240789
1972-04-14 00:00:00,1.01160919240789
1972-04-17 00:00:00,1.01160919240789
1972-04-18 00:00:00,1.01160919240789
1972-04-19 00:00:00,1.01160919240789
1972-04-20 00:00:00,1.01160919240789
1972-04-21 00:00:00,1.01160919240789
1972-04-24 00:00:00,1.01160919240789
1972-04-25 00:00:00,1.01160919240789
1972-04-26 00:00:00,1.01160919240789
1972-04-27 00:00:00,1.01160919240789
1972-04-28 00:00:00,1.01160919240789
1972-05-01 00:00:00,1.01160919240789
1972-05-02 00:00:00,1.01160919240789
1972-05-03 00:00:00,1.01160919240789
1972-05-04 00:00:00,1.01160919240789
1972-05-05 00:00:00,1.01160919240789
1972-05-08 00:00:00,1.01160919240789
1972-05-09 00:00:00,1.01160919240789
1972-05-10 00:00:00,1.01160919240789
1972-05-11 00:00:00,1.01160919240789
1972-05-12 00:00:00,1.01160919240789
1972-05-15 00:00:00,1.01160919240789
1972-05-16 00:00:00,1.01160919240789
1972-05-17 00:00:00,1.01160919240789
1972-05-18 00:00:00,1.01160919240789
1972-05-19 00:00:00,1.01160919240789
1972-05-22 00:00:00,1.01160919240789
1972-05-23 00:00:00,1.01160919240789
1972-05-24 00:00:00,1.01160919240789
1972-05-25 00:00:00,1.01160919240789
1972-05-26 00:00:00,1.01160919240789
1972-05-30 00:00:00,1.01160919240789
1972-05-31 00:00:00,1.01160919240789
1972-06-01 00:00:00,1.01160919240789
1972-06-02 00:00:00,1.01160919240789
1972-06-05 00:00:00,1.01160919240789
1972-06-06 00:00:00,1.01160919240789
1972-06-07 00:00:00,1.01160919240789
1972-06-08 00:00:00,1.01160919240789
1972-06-09 00:00:00,1.01160919240789
1972-06-12 00:00:00,1.01160919240789
1972-06-13 00:00:00,1.01160919240789
1972-06-14 00:00:00,1.01160919240789
1972-06-15 00:00:00,1.01160919240789
1972-06-16 00:00:00,1.01160919240789
1972-06-19 00:00:00,1.01160919240789
1972-06-20 00:00:00,1.01160919240789
1972-06-21 00:00:00,1.01160919240789
1972-06-22 00:00:00,1.01160919240789
1972-06-23 00:00:00,1.01160919240789
1972-06-26 00:00:00,1.01160919240789
1972-06-27 00:00:00,1.01160919240789
1972-06-28 00:00:00,1.01160919240789
1972-06-29 00:00:00,1.01160919240789
1972-06-30 00:00:00,1.01160919240789
1972-07-03 00:00:00,1.01160919240789
1972-07-05 00:00:00,1.01160919240789
1972-07-06 00:00:00,1.01160919240789
1972-07-07 00:00:00,1.01160919240789
1972-07-10 00:00:00,1.01160919240789
1972-07-11 00:00:00,1.01160919240789
1972-07-12 00:00:00,1.01160919240789
1972-07-13 00:00:00,1.01160919240789
1972-07-14 00:00:00,1.01160919240789
1972-07-17 00:00:00,1.01160919240789
1972-07-18 00:00:00,1.01160919240789
1972-07-19 00:00:00,1.01160919240789
1972-07-20 00:00:00,1.01160919240789
1972-07-21 00:00:00,1.01160919240789
1972-07-24 00:00:00,1.01160919240789
1972-07-25 00:00:00,1.01160919240789
1972-07-26 00:00:00,1.01160919240789
1972-07-27 00:00:00,1.01160919240789
1972-07-28 00:00:00,1.01160919240789
1972-07-31 00:00:00,1.01160919240789
1972-08-01 00:00:00,1.01160919240789
1972-08-02 00:00:00,1.01160919240789
1972-08-03 00:00:00,1.01160919240789
1972-08-04 00:00:00,1.01160919240789
1972-08-07 00:00:00,1.01160919240789
1972-08-08 00:00:00,1.01160919240789
1972-08-09 00:00:00,1.01160919240789
1972-08-10 00:00:00,1.01160919240789
1972-08-11 00:00:00,1.01160919240789
1972-08-14 00:00:00,1.01160919240789
1972-08-15 00:00:00,1.01160919240789
1972-08-16 00:00:00,1.01160919240789
1972-08-17 00:00:00,1.01160919240789
1972-08-18 00:00:00,1.01160919240789
1972-08-21 00:00:00,1.01160919240789
1972-08-22 00:00:00,1.01160919240789
1972-08-23 00:00:00,1.01160919240789
1972-08-24 00:00:00,1.01160919240789
1972-08-25 00:00:00,1.01160919240789
1972-08-28 00:00:00,1.01160919240789
1972-08-29 00:00:00,1.01160919240789
1972-08-30 00:00:00,1.01160919240789
1972-08-31 00:00:00,1.01160919240789
1972-09-01 00:00:00,1.01160919240789
1972-09-05 00:00:00,1.01160919240789
1972-09-06 00:00:00,1.01160919240789
1972-09-07 00:00:00,1.01160919240789
1972-09-08 00:00:00,1.01160919240789
1972-09-11 00:00:00,1.01160919240789
1972-09-12 00:00:00,1.01160919240789
1972-09-13 00:00:00,1.01160919240789
1972-09-14 00:00:00,1.01160919240789
1972-09-15 00:00:00,1.01160919240789
1972-09-18 00:00:00,1.01160919240789
1972-09-19 00:00:00,1.01160919240789
1972-09-20 00:00:00,1.01160919240789
1972-09-21 00:00:00,1.01160919240789
1972-09-22 00:00:00,1.01160919240789
1972-09-25 00:00:00,1.01160919240789
1972-09-26 00:00:00,1.01160919240789
1972-09-27 00:00:00,1.01160919240789
1972-09-28 00:00:00,1.01160919240789
1972-09-29 00:00:00,1.01160919240789
1972-10-02 00:00:00,1.01160919240789
1972-10-03 00:00:00,1.01160919240789
1972-10-04 00:00:00,1.01160919240789
1972-10-05 00:00:00,1.01160919240789
1972-10-06 00:00:00,1.01160919240789
1972-10-10 00:00:00,1.01160919240789
1972-10-11 00:00:00,1.01160919240789
1972-10-12 00:00:00,1.01160919240789
1972-10-13 00:00:00,1.01160919240789
1972-10-16 00:00:00,1.01160919240789
1972-10-17 00:00:00,1.01160919240789
1972-10-18 00:00:00,1.01160919240789
1972-10-19 00:00:00,1.0101216247286444
1972-10-20 00:00:00,1.010533296330355
1972-10-24 00:00:00,1.011924546983692
1972-10-25 00:00:00,1.011376638570555
1972-10-26 00:00:00,1.0110840945433812
1972-10-27 00:00:00,1.0112603616518874
1972-10-30 00:00:00,1.0109678176247137
1972-10-31 00:00:00,1.0111440847332198
1972-11-01 00:00:00,1.0113415376057922
1972-11-02 00:00:00,1.0112833991464585
1972-11-03 00:00:00,1.0109696693552184
1972-11-06 00:00:00,1.0109115308958847
1972-11-08 00:00:00,1.0107468579160983
1972-11-09 00:00:00,1.010795253977217
1972-11-10 00:00:00,1.010268195726202
1972-11-13 00:00:00,1.009847412297907
1972-11-14 00:00:00,1.0096612194403483
1972-11-15 00:00:00,1.0093682304332834
1972-11-16 00:00:00,1.0095449425216807
1972-11-17 00:00:00,1.0092519535146158
1972-11-20 00:00:00,1.009321928857333
1972-11-21 00:00:00,1.0091356765959483
1972-11-22 00:00:00,1.0093123886843456
1972-11-24 00:00:00,1.0090193996772807
1972-11-27 00:00:00,1.009196111765678
1972-11-28 00:00:00,1.0091379733063441
1972-11-29 00:00:00,1.008610024785966
1972-11-30 00:00:00,1.0080602548979942
1972-12-01 00:00:00,1.008963557928343
1972-12-04 00:00:00,1.0093961188361953
1972-12-05 00:00:00,1.0093379803768614
1972-12-06 00:00:00,1.0087891425503415
1972-12-07 00:00:00,1.0092217034581938
1972-12-08 00:00:00,1.0090356023253126
1972-12-11 00:00:00,1.0082090077893973
1972-12-12 00:00:00,1.0088126651247826
1972-12-13 00:00:00,1.008754526665449
1972-12-14 00:00:00,1.008696388206115
1972-12-15 00:00:00,1.0086382497467814
1972-12-18 00:00:00,1.0083240348756712
1972-12-19 00:00:00,1.0082658964163373
1972-12-20 00:00:00,1.0079729074092725
1972-12-21 00:00:00,1.0076798094366255
1972-12-22 00:00:00,1.0076216709772916
1972-12-26 00:00:00,1.007563532517958
1972-12-27 00:00:00,1.007377188369323
1972-12-28 00:00:00,1.0076822151126035
1972-12-29 00:00:00,1.0078589272010008
1973-01-02 00:00:00,1.0078007887416671
1973-01-03 00:00:00,1.0077426502823332
1973-01-04 00:00:00,1.0076845118229996
1973-01-05 00:00:00,1.0075196366179855
1973-01-08 00:00:00,1.0084213195427467
1973-01-09 00:00:00,1.0085336255473694
1973-01-10 00:00:00,1.0079426573528505
1973-01-11 00:00:00,1.0079911297425668
1973-01-12 00:00:00,1.007826380434183
1973-01-15 00:00:00,1.008130627246078
1973-01-16 00:00:00,1.008434614639103
1973-01-17 00:00:00,1.007886479280023
1973-01-18 00:00:00,1.0078283408206892
1973-01-19 00:00:00,1.0080046079291953
1973-01-22 00:00:00,1.0074775496781803
1973-01-23 00:00:00,1.0069287118516603
1973-01-24 00:00:00,1.0068705733923264
1973-01-25 00:00:00,1.0057440538960563
1973-01-26 00:00:00,1.0057928549839765
1973-01-29 00:00:00,1.0033338496152646
1973-01-30 00:00:00,0.9989600376572123
1973-01-31 00:00:00,0.9983599903783733
1973-02-01 00:00:00,0.9983599903783733
1973-02-02 00:00:00,0.9983599903783733
1973-02-05 00:00:00,0.9978934769273351
1973-02-06 00:00:00,0.9983599903783733
1973-02-07 00:00:00,0.9988269402218649
1973-02-08 00:00:00,0.9984872970313446
1973-02-09 00:00:00,0.9988269402218649
1973-02-13 00:00:00,1.0332902574239813
1973-02-14 00:00:00,1.0332902574239813
1973-02-15 00:00:00,1.0332902574239813
1973-02-16 00:00:00,1.0332902574239813
1973-02-20 00:00:00,1.0332902574239813
1973-02-21 00:00:00,1.0332902574239813
1973-02-22 00:00:00,1.0332902574239813
1973-02-23 00:00:00,1.0332902574239813
1973-02-26 00:00:00,1.0332902574239813
1973-02-27 00:00:00,1.0332902574239813
1973-02-28 00:00:00,1.0332902574239813
1973-03-01 00:00:00,1.0332902574239813
1973-03-02 00:00:00,1.0332902574239813
1973-03-05 00:00:00,1.0332902574239813
1973-03-06 00:00:00,1.0332902574239813
1973-03-07 00:00:00,1.0332902574239813
1973-03-08 00:00:00,1.0332902574239813
1973-03-09 00:00:00,1.0332902574239813
1973-03-12 00:00:00,1.0332902574239813
1973-03-13 00:00:00,1.0332902574239813
1973-03-14 00:00:00,1.0332902574239813
1973-03-15 00:00:00,1.0332902574239813
1973-03-16 00:00:00,1.0332902574239813
1973-03-19 00:00:00,1.0332902574239813
1973-03-20 00:00:00,1.0332902574239813
1973-03-21 00:00:00,1.0332902574239813
1973-03-22 00:00:00,1.0332902574239813
1973-03-23 00:00:00,1.0332902574239813
1973-03-26 00:00:00,1.0332902574239813
1973-03-27 00:00:00,1.0332902574239813
1973-03-28 00:00:00,1.0332902574239813
1973-03-29 00:00:00,1.0332902574239813
1973-03-30 00:00:00,1.0332902574239813
1973-04-02 00:00:00,1.0332902574239813
1973-04-03 00:00:00,1.0332902574239813
1973-04-04 00:00:00,1.0332902574239813
1973-04-05 00:00:00,1.0332902574239813
1973-04-06 00:00:00,1.0332902574239813
1973-04-09 00:00:00,1.0332902574239813
1973-04-10 00:00:00,1.0332902574239813
1973-04-11 00:00:00,1.0332902574239813
1973-04-12 00:00:00,1.0332902574239813
1973-04-13 00:00:00,1.0332902574239813
1973-04-16 00:00:00,1.0332902574239813
1973-04-17 00:00:00,1.0332902574239813
1973-04-18 00:00:00,1.0332902574239813
1973-04-19 00:00:00,1.0332902574239813
1973-04-20 00:00:00,1.0332902574239813
1973-04-23 00:00:00,1.0332902574239813
1973-04-24 00:00:00,1.0332902574239813
1973-04-25 00:00:00,1.0332902574239813
1973-04-26 00:00:00,1.0332902574239813
1973-04-27 00:00:00,1.0332902574239813
1973-04-30 00:00:00,1.0332902574239813
1973-05-01 00:00:00,1.0332902574239813
1973-05-02 00:00:00,1.0332902574239813
1973-05-03 00:00:00,1.0332902574239813
1973-05-04 00:00:00,1.0332902574239813
1973-05-07 00:00:00,1.0332902574239813
1973-05-08 00:00:00,1.0332902574239813
1973-05-09 00:00:00,1.0332902574239813
1973-05-10 00:00:00,1.0332902574239813
1973-05-11 00:00:00,1.0332902574239813
1973-05-14 00:00:00,1.0332902574239813
1973-05-15 00:00:00,1.0332902574239813
1973-05-16 00:00:00,1.0332902574239813
1973-05-17 00:00:00,1.0332902574239813
1973-05-18 00:00:00,1.0332902574239813
1973-05-21 00:00:00,1.0332902574239813
1973-05-22 00:00:00,1.0332902574239813
1973-05-23 00:00:00,1.0332902574239813
1973-05-24 00:00:00,1.0332902574239813
1973-05-25 00:00:00,1.0332902574239813
1973-05-29 00:00:00,1.0332902574239813
1973-05-30 00:00:00,1.0332902574239813
1973-05-31 00:00:00,1.0332902574239813
1973-06-01 00:00:00,1.0332902574239813
1973-06-04 00:00:00,1.0332902574239813
1973-06-05 00:00:00,1.0332902574239813
1973-06-06 00:00:00,1.0332902574239813
1973-06-07 00:00:00,1.0332902574239813
1973-06-08 00:00:00,1.0332902574239813
1973-06-11 00:00:00,1.0332902574239813
1973-06-12 00:00:00,1.0332902574239813
1973-06-13 00:00:00,1.0332902574239813
1973-06-14 00:00:00,1.0332902574239813
1973-06-15 00:00:00,1.0332902574239813
1973-06-18 00:00:00,1.0332902574239813
1973-06-19 00:00:00,1.0332902574239813
1973-06-20 00:00:00,1.0332902574239813
1973-06-21 00:00:00,1.0332902574239813
1973-06-22 00:00:00,1.0332902574239813
1973-06-25 00:00:00,1.0332902574239813
1973-06-26 00:00:00,1.0332902574239813
1973-06-27 00:00:00,1.0332902574239813
1973-06-28 00:00:00,1.0332902574239813
1973-06-29 00:00:00,1.0332902574239813
1973-07-02 00:00:00,1.0332902574239813
1973-07-03 00:00:00,1.0332902574239813
1973-07-05 00:00:00,1.0332902574239813
1973-07-06 00:00:00,1.0332902574239813
1973-07-09 00:00:00,1.0332902574239813
1973-07-10 00:00:00,1.0332902574239813
1973-07-11 00:00:00,1.0332902574239813
1973-07-12 00:00:00,1.0332902574239813
1973-07-13 00:00:00,1.0332902574239813
1973-07-16 00:00:00,1.0332902574239813
1973-07-17 00:00:00,1.0332902574239813
1973-07-18 00:00:00,1.0332902574239813
1973-07-19 00:00:00,1.0332902574239813
1973-07-20 00:00:00,1.0332902574239813
1973-07-23 00:00:00,1.0332902574239813
1973-07-24 00:00:00,1.0332902574239813
1973-07-25 00:00:00,1.0332902574239813
1973-07-26 00:00:00,1.0332902574239813
1973-07-27 00:00:00,1.0332902574239813
1973-07-30 00:00:00,1.0332902574239813
1973-07-31 00:00:00,1.0332902574239813
1973-08-01 00:00:00,1.0332902574239813
1973-08-02 00:00:00,1.0332902574239813
1973-08-03 00:00:00,1.0332902574239813
1973-08-06 00:00:00,1.0332902574239813
1973-08-07 00:00:00,1.0332902574239813
1973-08-08 00:00:00,1.0332902574239813
1973-08-09 00:00:00,1.0332902574239813
1973-08-10 00:00:00,1.0332902574239813
1973-08-13 00:00:00,1.0332902574239813
1973-08-14 00:00:00,1.0332902574239813
1973-08-15 00:00:00,1.0332902574239813
1973-08-16 00:00:00,1.0332902574239813
1973-08-17 00:00:00,1.0332902574239813
1973-08-20 00:00:00,1.0332902574239813
1973-08-21 00:00:00,1.0332902574239813
1973-08-22 00:00:00,1.0332902574239813
1973-08-23 00:00:00,1.0332902574239813
1973-08-24 00:00:00,1.0332902574239813
1973-08-27 00:00:00,1.0332902574239813
1973-08-28 00:00:00,1.0332902574239813
1973-08-29 00:00:00,1.0332902574239813
1973-08-30 00:00:00,1.0332902574239813
1973-08-31 00:00:00,1.0332902574239813
1973-09-04 00:00:00,1.0332902574239813
1973-09-05 00:00:00,1.0332902574239813
1973-09-06 00:00:00,1.0332902574239813
1973-09-07 00:00:00,1.0332902574239813
1973-09-10 00:00:00,1.0332902574239813
1973-09-11 00:00:00,1.0332902574239813
1973-09-12 00:00:00,1.0332902574239813
1973-09-13 00:00:00,1.0332902574239813
1973-09-14 00:00:00,1.0332902574239813
1973-09-17 00:00:00,1.0332902574239813
1973-09-18 00:00:00,1.0332902574239813
1973-09-19 00:00:00,1.0332902574239813
1973-09-20 00:00:00,1.0332902574239813
1973-09-21 00:00:00,1.0332902574239813
1973-09-24 00:00:00,1.0332902574239813
1973-09-25 00:00:00,1.0332902574239813
1973-09-26 00:00:00,1.0332902574239813
1973-09-27 00:00:00,1.0332902574239813
1973-09-28 00:00:00,1.0332902574239813
1973-10-01 00:00:00,1.0332902574239813
1973-10-02 00:00:00,1.0332902574239813
1973-10-03 00:00:00,1.0332902574239813
1973-10-04 00:00:00,1.0332902574239813
1973-10-05 00:00:00,1.0332902574239813
1973-10-09 00:00:00,1.0332902574239813
1973-10-10 00:00:00,1.0332902574239813
1973-10-11 00:00:00,1.0332902574239813
1973-10-12 00:00:00,1.0332902574239813
1973-10-15 00:00:00,1.0332902574239813
1973-10-16 00:00:00,1.0332902574239813
1973-10-17 00:00:00,1.0332902574239813
1973-10-18 00:00:00,1.0332902574239813
1973-10-19 00:00:00,1.0332902574239813
1973-10-23 00:00:00,1.0332902574239813
1973-10-24 00:00:00,1.0332902574239813
1973-10-25 00:00:00,1.0332902574239813
1973-10-26 00:00:00,1.0332902574239813
1973-10-29 00:00:00,1.0332902574239813
1973-10-30 00:00:00,1.0332902574239813
1973-10-31 00:00:00,1.0332902574239813
1973-11-01 00:00:00,1.0332902574239813
1973-11-02 00:00:00,1.0332902574239813
1973-11-05 00:00:00,1.0332902574239813
1973-11-07 00:00:00,1.0332902574239813
1973-11-08 00:00:00,1.0332902574239813
1973-11-09 00:00:00,1.0332902574239813
1973-11-12 00:00:00,1.0332902574239813
1973-11-13 00:00:00,1.0286996226826028
1973-11-14 00:00:00,1.0100124870534892
1973-11-15 00:00:00,1.018577178137972
1973-11-16 00:00:00,1.0167024346951359
1973-11-19 00:00:00,1.0211817231339315
1973-11-20 00:00:00,1.0229459998858894
1973-11-21 00:00:00,1.0301653005602671
1973-11-23 00:00:00,1.0491876162007612
1973-11-26 00:00:00,1.0436597014265148
1973-11-27 00:00:00,1.0358821818712625
1973-11-28 00:00:00,1.0394529575410616
1973-11-29 00:00:00,1.0389528070828131
1973-11-30 00:00:00,1.03889342258526
1973-12-03 00:00:00,1.0474639634663891
1973-12-04 00:00:00,1.0596690005956482
1973-12-05 00:00:00,1.054167913634607
1973-12-06 00:00:00,1.0527332486296335
1973-12-07 00:00:00,1.056766137787676
1973-12-10 00:00:00,1.0612545681157606
1973-12-11 00:00:00,1.0602844575676762
1973-12-12 00:00:00,1.060669535954765
1973-12-13 00:00:00,1.060610151457212
1973-12-14 00:00:00,1.0642026415710164
1973-12-17 00:00:00,1.0709547996359992
1973-12-18 00:00:00,1.0713520189707626
1973-12-19 00:00:00,1.0740234741345742
1973-12-20 00:00:00,1.0712332499756565
1973-12-21 00:00:00,1.067071183042141
1973-12-24 00:00:00,1.0661125610467674
1973-12-26 00:00:00,1.0719670470828706
1973-12-27 00:00:00,1.0714518966038196
1973-12-28 00:00:00,1.0718482780877643
1973-12-31 00:00:00,1.0726991719455392
1974-01-02 00:00:00,1.0939757645939312
1974-01-03 00:00:00,1.0989282230933168
1974-01-04 00:00:00,1.0984172233916587
1974-01-07 00:00:00,1.1256204210497083
1974-01-08 00:00:00,1.1264717043492094
1974-01-09 00:00:00,1.1168699347676152
1974-01-10 00:00:00,1.1136196017934028
1974-01-11 00:00:00,1.1511489237043366
1974-01-14 00:00:00,1.123496847015967
1974-01-15 00:00:00,1.129338639201573
1974-01-16 00:00:00,1.1179340130156794
1974-01-17 00:00:00,1.1210547053051758
1974-01-18 00:00:00,1.1214450808595664
1974-01-21 00:00:00,1.131383495332961
1974-01-22 00:00:00,1.1267867620559229
1974-01-23 00:00:00,1.130805309335758
1974-01-24 00:00:00,1.1230217710355421
1974-01-25 00:00:00,1.1261447082656582
1974-01-28 00:00:00,1.1170057048149866
1974-01-29 00:00:00,1.1192081490450363
1974-01-30 00:00:00,1.1159791673043187
1974-01-31 00:00:00,1.1045453705796329
1974-02-01 00:00:00,1.106766558991818
1974-02-04 00:00:00,1.0971701489430437
1974-02-05 00:00:00,1.102096069529749
1974-02-06 00:00:00,1.105681513965485
1974-02-07 00:00:00,1.1065290210016057
1974-02-08 00:00:00,1.1019179160370898
1974-02-11 00:00:00,1.1018585315395366
1974-02-13 00:00:00,1.090446578835046
1974-02-14 00:00:00,1.0867528622141103
1974-02-15 00:00:00,1.0880543047845832
1974-02-19 00:00:00,1.086634093219004
1974-02-20 00:00:00,1.083841622758656
1974-02-21 00:00:00,1.081965768953505
1974-02-22 00:00:00,1.0746370114262385
1974-02-25 00:00:00,1.0868575680674328
1974-02-26 00:00:00,1.080431442529373
1974-02-27 00:00:00,1.085375456449415
1974-02-28 00:00:00,1.0816688464657394
1974-03-01 00:00:00,1.0866200300772204
1974-03-04 00:00:00,1.085638183984544
1974-03-05 00:00:00,1.079221232508326
1974-03-06 00:00:00,1.080520543100492
1974-03-07 00:00:00,1.083188393285572
1974-03-08 00:00:00,1.082221616143838
1974-03-11 00:00:00,1.0789836945181135
1974-03-12 00:00:00,1.078477668154532
1974-03-13 00:00:00,1.0770545821606072
1974-03-14 00:00:00,1.0819840781536256
1974-03-15 00:00:00,1.0791923928211369
1974-03-18 00:00:00,1.0773243099814476
1974-03-19 00:00:00,1.0740782619348472
1974-03-20 00:00:00,1.0631290476279038
1974-03-21 00:00:00,1.0458005349464539
1974-03-22 00:00:00,1.050282944302752
1974-03-25 00:00:00,1.0352251378275807
1974-03-26 00:00:00,1.0374311370335216
1974-03-27 00:00:00,1.0441993184063005
1974-03-28 00:00:00,1.0268738325429416
1974-03-29 00:00:00,1.0340832782834588
1974-04-01 00:00:00,1.0362932682321209
1974-04-02 00:00:00,1.0294188837171105
1974-04-03 00:00:00,1.0357121765734094
1974-04-04 00:00:00,1.0392938106586702
1974-04-05 00:00:00,1.0387749681620935
1974-04-08 00:00:00,1.0359963457443553
1974-04-09 00:00:00,1.0450285364782637
1974-04-10 00:00:00,1.041781528274315
1974-04-11 00:00:00,1.038077558656523
1974-04-12 00:00:00,1.03801817415897
1974-04-15 00:00:00,1.0370608487141184
1974-04-16 00:00:00,1.0374621436960882
1974-04-17 00:00:00,1.0324053627246763
1974-04-18 00:00:00,1.0291509455875503
1974-04-19 00:00:00,1.029091561089997
1974-04-22 00:00:00,1.0263113225327283
1974-04-23 00:00:00,1.011704355616348
1974-04-24 00:00:00,1.0112094762738897
1974-04-25 00:00:00,1.0138539738477683
1974-04-26 00:00:00,1.0065449008464662
1974-04-29 00:00:00,0.9946596687741787
1974-04-30 00:00:00,0.9973394612890182
1974-05-01 00:00:00,0.9977269649460145
1974-05-02 00:00:00,1.0026569953132043
1974-05-03 00:00:00,1.0021549131221894
1974-05-06 00:00:00,0.9916345018020002
1974-05-07 00:00:00,0.9974894269558021
1974-05-08 00:00:00,0.9860678009118292
1974-05-09 00:00:00,0.9850950185988948
1974-05-10 00:00:00,0.9877711753762929
1974-05-13 00:00:00,0.9736077591610737
1974-05-14 00:00:00,0.9735483746635206
1974-05-15 00:00:00,0.999411355870379
1974-05-16 00:00:00,0.99570706164579
1974-05-17 00:00:00,0.9947512205438536
1974-05-20 00:00:00,1.0005905282977505
1974-05-21 00:00:00,0.9955289081531307
1974-05-22 00:00:00,0.9940993274732124
1974-05-23 00:00:00,0.9908625033338099
1974-05-24 00:00:00,0.9939805584781062
1974-05-28 00:00:00,1.0080251694145994
1974-05-29 00:00:00,1.022504700375917
1974-05-30 00:00:00,1.0165302054434184
1974-05-31 00:00:00,1.00874491202302
1974-06-03 00:00:00,1.0032260123291539
1974-06-04 00:00:00,1.0127079040354265
1974-06-05 00:00:00,1.0131054314667096
1974-06-06 00:00:00,1.0089678596201241
1974-06-07 00:00:00,1.0116388271651533
1974-06-10 00:00:00,1.0170215852809228
1974-06-11 00:00:00,1.0156010007689316
1974-06-12 00:00:00,1.0187122290864083
1974-06-13 00:00:00,1.0159363604678875
1974-06-14 00:00:00,1.0172369909491437
1974-06-17 00:00:00,1.0199107170447437
1974-06-18 00:00:00,1.0216733174101733
1974-06-19 00:00:00,1.016605893798051
1974-06-20 00:00:00,1.0165465093004982
1974-06-21 00:00:00,1.0219437609897648
1974-06-24 00:00:00,1.0287067744860576
1974-06-25 00:00:00,1.021376394922408
1974-06-26 00:00:00,1.0281219903028478
1974-06-27 00:00:00,1.0235202511477326
1974-06-28 00:00:00,1.0257370448688181
1974-07-01 00:00:00,1.025677660371265
1974-07-02 00:00:00,1.0210794724346424
1974-07-03 00:00:00,1.0178214616231118
1974-07-05 00:00:00,1.0241396995886132
1974-07-08 00:00:00,1.0236105843228256
1974-07-09 00:00:00,1.0249122434727775
1974-07-10 00:00:00,1.0244073949169303
1974-07-11 00:00:00,1.0247934744776712
1974-07-12 00:00:00,1.0215605867713202
1974-07-15 00:00:00,1.0174057701402401
1974-07-16 00:00:00,1.017346385642687
1974-07-17 00:00:00,1.0163830816801556
1974-07-18 00:00:00,1.0158711475054225
1974-07-19 00:00:00,1.0176433484600604
1974-07-22 00:00:00,1.0162049281874963
1974-07-23 00:00:00,1.0125140859105763
1974-07-24 00:00:00,0.998361686739746
1974-07-25 00:00:00,1.0101127505019227
1974-07-26 00:00:00,1.0141548255412944
1974-07-29 00:00:00,1.0154554560225506
1974-07-30 00:00:00,1.0153960715249977
1974-07-31 00:00:00,1.0157892367046244
1974-08-01 00:00:00,1.0175598462496853
1974-08-02 00:00:00,1.0175004617521324
1974-08-05 00:00:00,1.0165150026769436
1974-08-06 00:00:00,1.0141928672243992
1974-08-07 00:00:00,1.017322308259473
1974-08-08 00:00:00,1.0217981007186925
1974-08-09 00:00:00,1.0194760910007086
1974-08-12 00:00:00,1.02076133324906
1974-08-13 00:00:00,1.024808467095204
1974-08-14 00:00:00,1.0256598117162046
1974-08-15 00:00:00,1.0269518717776733
1974-08-16 00:00:00,1.0291679190771643
1974-08-19 00:00:00,1.0345699610691677
1974-08-20 00:00:00,1.0345105765716145
1974-08-21 00:00:00,1.034886511598325
1974-08-22 00:00:00,1.037112175207366
1974-08-23 00:00:00,1.0365966004141716
1974-08-26 00:00:00,1.0328959029043363
1974-08-27 00:00:00,1.0405688818021837
1974-08-28 00:00:00,1.0405094973046305
1974-08-29 00:00:00,1.041354774955491
1974-08-30 00:00:00,1.0403907283095244
1974-09-03 00:00:00,1.0416877320847564
1974-09-04 00:00:00,1.0416283475872035
1974-09-05 00:00:00,1.0447646737357097
1974-09-06 00:00:00,1.0415095785920971
1974-09-09 00:00:00,1.0441745708796444
1974-09-10 00:00:00,1.0418421331403191
1974-09-11 00:00:00,1.0422336701429848
1974-09-12 00:00:00,1.042647321109305
1974-09-13 00:00:00,1.0403088007356507
1974-09-16 00:00:00,1.038890604382151
1974-09-17 00:00:00,1.0361026387489631
1974-09-18 00:00:00,1.034673455478622
1974-09-19 00:00:00,1.0364396514873369
1974-09-20 00:00:00,1.0377451662984882
1974-09-23 00:00:00,1.0358651007587507
1974-09-24 00:00:00,1.0358057162611978
1974-09-25 00:00:00,1.037567012805829
1974-09-26 00:00:00,1.0375076283082758
1974-09-27 00:00:00,1.0369936844759677
1974-09-30 00:00:00,1.0355681782709854
1974-10-01 00:00:00,1.0314112904655086
1974-10-02 00:00:00,1.0318113639669793
1974-10-03 00:00:00,1.0267446750646976
1974-10-04 00:00:00,1.0198693609769802
1974-10-07 00:00:00,1.0207255560686381
1974-10-08 00:00:00,1.020666171571085
1974-10-09 00:00:00,1.0151599572404955
1974-10-10 00:00:00,1.0223737026955269
1974-10-11 00:00:00,1.0227582079120268
1974-10-15 00:00:00,1.0186193873830602
1974-10-16 00:00:00,1.014471852376924
1974-10-17 00:00:00,1.0139615096117682
1974-10-18 00:00:00,1.014803650255177
1974-10-21 00:00:00,1.0183818493928478
1974-10-22 00:00:00,1.0187694913434844
1974-10-23 00:00:00,1.013248855311523
1974-10-24 00:00:00,1.0136645871240026
1974-10-25 00:00:00,1.0140561608940524
1974-10-28 00:00:00,1.0153473048702641
1974-10-29 00:00:00,1.0130113173213107
1974-10-30 00:00:00,1.0152285358751578
1974-10-31 00:00:00,1.0151691513776047
1974-11-01 00:00:00,1.0123814005734173
1974-11-04 00:00:00,1.0091486417765105
1974-11-06 00:00:00,1.0068106747260808
1974-11-07 00:00:00,1.0054034549220776
1974-11-08 00:00:00,1.0080602485940937
1974-11-12 00:00:00,1.0066325212334215
1974-11-13 00:00:00,1.0083967979853794
1974-11-14 00:00:00,1.0006155041906857
1974-11-15 00:00:00,0.9973618869166928
1974-11-18 00:00:00,0.975968092049583
1974-11-19 00:00:00,0.9899784166212493
1974-11-20 00:00:00,0.9994777415473927
1974-11-21 00:00:00,1.0062168297505498
1974-11-22 00:00:00,0.9948100556798951
1974-11-25 00:00:00,0.989294366293474
1974-11-26 00:00:00,0.9860489166289788
1974-11-27 00:00:00,0.9905387623351949
1974-11-29 00:00:00,0.9854805732665666
1974-12-02 00:00:00,0.9913350642031571
1974-12-03 00:00:00,0.9862605737962028
1974-12-04 00:00:00,0.9816669583638209
1974-12-05 00:00:00,0.9816075738662677
1974-12-06 00:00:00,0.984283362492188
1974-12-09 00:00:00,0.9778537809139642
1974-12-10 00:00:00,0.9728068233960931
1974-12-11 00:00:00,0.9731818705053157
1974-12-12 00:00:00,0.971305768208683
1974-12-13 00:00:00,0.9708104854429148
1974-12-16 00:00:00,0.9698268588627368
1974-12-17 00:00:00,0.9552366443177192
1974-12-18 00:00:00,0.9578888128017432
1974-12-19 00:00:00,0.9610238490179352
1974-12-20 00:00:00,0.9568764540075981
1974-12-23 00:00:00,0.9536250468963391
1974-12-24 00:00:00,0.9512855964911467
1974-12-26 00:00:00,0.9503221728405917
1974-12-27 00:00:00,0.9411940012370931
1974-12-30 00:00:00,0.9308068364866469
1974-12-31 00:00:00,0.9308068364866469
1975-01-02 00:00:00,0.9308068364866469
1975-01-03 00:00:00,0.9308068364866469
1975-01-06 00:00:00,0.9308068364866469
1975-01-07 00:00:00,0.9308068364866469
1975-01-08 00:00:00,0.9308068364866469
1975-01-09 00:00:00,0.9308068364866469
1975-01-10 00:00:00,0.9308068364866469
1975-01-13 00:00:00,0.9308068364866469
1975-01-14 00:00:00,0.9308068364866469
1975-01-15 00:00:00,0.9308068364866469
1975-01-16 00:00:00,0.9308068364866469
1975-01-17 00:00:00,0.9308068364866469
1975-01-20 00:00:00,0.9308068364866469
1975-01-21 00:00:00,0.9308068364866469
1975-01-22 00:00:00,0.9308068364866469
1975-01-23 00:00:00,0.9308068364866469
1975-01-24 00:00:00,0.9308068364866469
1975-01-27 00:00:00,0.9308068364866469
1975-01-28 00:00:00,0.9308068364866469
1975-01-29 00:00:00,0.9308068364866469
1975-01-30 00:00:00,0.9308068364866469
1975-01-31 00:00:00,0.9308068364866469
1975-02-03 00:00:00,0.9308068364866469
1975-02-04 00:00:00,0.9308068364866469
1975-02-05 00:00:00,0.9308068364866469
1975-02-06 00:00:00,0.9308068364866469
1975-02-07 00:00:00,0.9308068364866469
1975-02-10 00:00:00,0.9308068364866469
1975-02-11 00:00:00,0.9308068364866469
1975-02-13 00:00:00,0.9308068364866469
1975-02-14 00:00:00,0.9308068364866469
1975-02-18 00:00:00,0.9308068364866469
1975-02-19 00:00:00,0.9308068364866469
1975-02-20 00:00:00,0.9308068364866469
1975-02-21 00:00:00,0.9308068364866469
1975-02-24 00:00:00,0.9308068364866469
1975-02-25 00:00:00,0.9308068364866469
1975-02-26 00:00:00,0.9308068364866469
1975-02-27 00:00:00,0.9308068364866469
1975-02-28 00:00:00,0.9308068364866469
1975-03-03 00:00:00,0.9308068364866469
1975-03-04 00:00:00,0.9308068364866469
1975-03-05 00:00:00,0.9308068364866469
1975-03-06 00:00:00,0.9308068364866469
1975-03-07 00:00:00,0.9308068364866469
1975-03-10 00:00:00,0.9308068364866469
1975-03-11 00:00:00,0.9308068364866469
1975-03-12 00:00:00,0.9308068364866469
1975-03-13 00:00:00,0.9308068364866469
1975-03-14 00:00:00,0.9308068364866469
1975-03-17 00:00:00,0.9308068364866469
1975-03-18 00:00:00,0.9308068364866469
1975-03-19 00:00:00,0.9308068364866469
1975-03-20 00:00:00,0.9308068364866469
1975-03-21 00:00:00,0.9308068364866469
1975-03-24 00:00:00,0.9308068364866469
1975-03-25 00:00:00,0.9308068364866469
1975-03-26 00:00:00,0.9308068364866469
1975-03-27 00:00:00,0.9308068364866469
1975-03-28 00:00:00,0.9308068364866469
1975-03-31 00:00:00,0.9308068364866469
1975-04-01 00:00:00,0.9308068364866469
1975-04-02 00:00:00,0.9308068364866469
1975-04-03 00:00:00,0.9308068364866469
1975-04-04 00:00:00,0.9308068364866469
1975-04-07 00:00:00,0.9308068364866469
1975-04-08 00:00:00,0.9308068364866469
1975-04-09 00:00:00,0.9308068364866469
1975-04-10 00:00:00,0.9308068364866469
1975-04-11 00:00:00,0.9308068364866469
1975-04-14 00:00:00,0.9308068364866469
1975-04-15 00:00:00,0.9308068364866469
1975-04-16 00:00:00,0.9308068364866469
1975-04-17 00:00:00,0.9308068364866469
1975-04-18 00:00:00,0.9308068364866469
1975-04-21 00:00:00,0.9308068364866469
1975-04-22 00:00:00,0.9308068364866469
1975-04-23 00:00:00,0.9308068364866469
1975-04-24 00:00:00,0.9308068364866469
1975-04-25 00:00:00,0.9308068364866469
1975-04-28 00:00:00,0.9308068364866469
1975-04-29 00:00:00,0.9308068364866469
1975-04-30 00:00:00,0.9308068364866469
1975-05-01 00:00:00,0.9308068364866469
1975-05-02 00:00:00,0.9308068364866469
1975-05-05 00:00:00,0.9308068364866469
1975-05-06 00:00:00,0.9308068364866469
1975-05-07 00:00:00,0.9308068364866469
1975-05-08 00:00:00,0.9308068364866469
1975-05-09 00:00:00,0.9308068364866469
1975-05-12 00:00:00,0.9308068364866469
1975-05-13 00:00:00,0.9308068364866469
1975-05-14 00:00:00,0.9308068364866469
1975-05-15 00:00:00,0.9308068364866469
1975-05-16 00:00:00,0.9308068364866469
1975-05-19 00:00:00,0.9308068364866469
1975-05-20 00:00:00,0.9308068364866469
1975-05-21 00:00:00,0.9308068364866469
1975-05-22 00:00:00,0.9308068364866469
1975-05-23 00:00:00,0.9308068364866469
1975-05-27 00:00:00,0.9308068364866469
1975-05-28 00:00:00,0.9308068364866469
1975-05-29 00:00:00,0.9308068364866469
1975-05-30 00:00:00,0.9308068364866469
1975-06-02 00:00:00,0.9308068364866469
1975-06-03 00:00:00,0.9308068364866469
1975-06-04 00:00:00,0.9308068364866469
1975-06-05 00:00:00,0.9308068364866469
1975-06-06 00:00:00,0.9308068364866469
1975-06-09 00:00:00,0.9308068364866469
1975-06-10 00:00:00,0.9308068364866469
1975-06-11 00:00:00,0.9308068364866469
1975-06-12 00:00:00,0.9308068364866469
1975-06-13 00:00:00,0.9308068364866469
1975-06-16 00:00:00,0.9308068364866469
1975-06-17 00:00:00,0.9308068364866469
1975-06-18 00:00:00,0.9308068364866469
1975-06-19 00:00:00,0.9308068364866469
1975-06-20 00:00:00,0.9308068364866469
1975-06-23 00:00:00,0.9308068364866469
1975-06-24 00:00:00,0.9308068364866469
1975-06-25 00:00:00,0.9308068364866469
1975-06-26 00:00:00,0.9308068364866469
1975-06-27 00:00:00,0.9308068364866469
1975-06-30 00:00:00,0.9308068364866469
1975-07-01 00:00:00,0.9308068364866469
1975-07-02 00:00:00,0.9308068364866469
1975-07-03 00:00:00,0.9308068364866469
1975-07-07 00:00:00,0.9308068364866469
1975-07-08 00:00:00,0.9308068364866469
1975-07-09 00:00:00,0.9308068364866469
1975-07-10 00:00:00,0.9308068364866469
1975-07-11 00:00:00,0.9308068364866469
1975-07-14 00:00:00,0.9356690943269628
1975-07-15 00:00:00,0.9375132878291489
1975-07-16 00:00:00,0.9453946163655426
1975-07-17 00:00:00,0.9517882095798855
1975-07-18 00:00:00,0.9536316012252127
1975-07-21 00:00:00,0.9581243649135031
1975-07-22 00:00:00,0.9599624573381111
1975-07-23 00:00:00,0.9659599448886103
1975-07-24 00:00:00,0.9674276136135225
1975-07-25 00:00:00,0.9647298973254572
1975-07-28 00:00:00,0.9711010118236432
1975-07-29 00:00:00,0.9744641328598581
1975-07-30 00:00:00,0.9789529134769125
1975-07-31 00:00:00,0.9785089686411723
1975-08-01 00:00:00,0.9788459241853623
1975-08-04 00:00:00,0.9780317601415278
1975-08-05 00:00:00,0.9734281314828693
1975-08-06 00:00:00,0.9805711640686537
1975-08-07 00:00:00,0.9839404389135182
1975-08-08 00:00:00,0.9819751111571877
1975-08-11 00:00:00,0.9841985965164312
1975-08-12 00:00:00,0.985279171676719
1975-08-13 00:00:00,0.9833406972130894
1975-08-14 00:00:00,0.9817611325740874
1975-08-15 00:00:00,0.9801967015482281
1975-08-18 00:00:00,0.9797748957054323
1975-08-19 00:00:00,0.9770727890260389
1975-08-20 00:00:00,0.9770192943802638
1975-08-21 00:00:00,0.9799827229651278
1975-08-22 00:00:00,0.9799292283193526
1975-08-25 00:00:00,0.9893448293645761
1975-08-26 00:00:00,0.9881690265643611
1975-08-27 00:00:00,0.9892378400730258
1975-08-28 00:00:00,0.9914601381880961
1975-08-29 00:00:00,0.992917240252532
1975-09-02 00:00:00,0.9947643717751646
1975-09-03 00:00:00,0.9905423798092705
1975-09-04 00:00:00,0.9939060487821603
1975-09-05 00:00:00,0.9942283840816686
1975-09-08 00:00:00,0.9937990594906101
1975-09-09 00:00:00,0.9922191161471804
1975-09-10 00:00:00,0.9948185818920453
1975-09-11 00:00:00,0.9959083567931376
1975-09-12 00:00:00,0.9988758185963882
1975-09-15 00:00:00,1.0011033721599365
1975-09-16 00:00:00,1.0089868923807495
1975-09-17 00:00:00,1.0146210147112265
1975-09-18 00:00:00,1.016465266581137
1975-09-19 00:00:00,1.0164117719353618
1975-09-22 00:00:00,1.020518294291758
1975-09-23 00:00:00,1.0261433825836186
1975-09-24 00:00:00,1.0223004323485492
1975-09-25 00:00:00,1.014300046836576
1975-09-26 00:00:00,1.0203043157086578
1975-09-29 00:00:00,1.0217702025520692
1975-09-30 00:00:00,1.0167865363964363
1975-10-01 00:00:00,1.0065046875146952
1975-10-02 00:00:00,1.0079821600608156
1975-10-03 00:00:00,1.0136022731212138
1975-10-06 00:00:00,1.0074929449812655
1975-10-07 00:00:00,1.0040224452647486
1975-10-08 00:00:00,1.0054888676618963
1975-10-09 00:00:00,1.0012667664024606
1975-10-10 00:00:00,0.9928910179372912
1975-10-14 00:00:00,1.0011597771109104
1975-10-15 00:00:00,0.992784028645741
1975-10-16 00:00:00,0.9900729574312597
1975-10-17 00:00:00,0.9934277211018928
1975-10-20 00:00:00,0.9903437814896423
1975-10-21 00:00:00,0.9895343309401927
1975-10-22 00:00:00,0.9879649654208907
1975-10-23 00:00:00,0.9890488694606323
1975-10-24 00:00:00,0.9893738470028675
1975-10-27 00:00:00,0.989698494910834
1975-10-28 00:00:00,0.9907774544215282
1975-10-29 00:00:00,0.990346803545052
1975-10-30 00:00:00,0.9872642025015131
1975-10-31 00:00:00,0.9860693301936523
1975-11-03 00:00:00,0.9848915626040042
1975-11-05 00:00:00,0.9916592736596064
1975-11-06 00:00:00,0.9889458898366666
1975-11-07 00:00:00,0.9888923951908916
1975-11-10 00:00:00,0.9892170430988582
1975-11-12 00:00:00,0.9899188463788513
1975-11-13 00:00:00,0.9898653517330762
1975-11-14 00:00:00,0.9981510873597342
1975-11-17 00:00:00,1.0030168855409003
1975-11-18 00:00:00,0.99917238795884
1975-11-19 00:00:00,0.9991188933130649
1975-11-20 00:00:00,0.9941415090468303
1975-11-21 00:00:00,0.9959899985275069
1975-11-24 00:00:00,0.9955450288792622
1975-11-25 00:00:00,0.9939810251095049
1975-11-26 00:00:00,0.9950658083656497
1975-11-28 00:00:00,1.0003106149785819
1975-12-01 00:00:00,0.9972263868422279
1975-12-02 00:00:00,0.9964118534254098
1975-12-03 00:00:00,0.9971193975506777
1975-12-04 00:00:00,0.9970659029049026
1975-12-05 00:00:00,0.9981611666423063
1975-12-08 00:00:00,0.9977186066650932
1975-12-09 00:00:00,0.9988118413450596
1975-12-10 00:00:00,0.998000682704981
1975-12-11 00:00:00,0.9987048520535095
1975-12-12 00:00:00,0.9986513574077343
1975-12-15 00:00:00,1.0001091839395315
1975-12-16 00:00:00,0.9993006953285755
1975-12-17 00:00:00,0.9973441441446674
1975-12-18 00:00:00,0.996920710506907
1975-12-19 00:00:00,0.9968672158611319
1975-12-22 00:00:00,0.9964239671556014
1975-12-23 00:00:00,0.9944751359637604
1975-12-24 00:00:00,0.9944216413179853
1975-12-26 00:00:00,0.9947596216746798
1975-12-29 00:00:00,0.9935698676489413
1975-12-30 00:00:00,0.9946526323831296
1975-12-31 00:00:00,0.9938354315128225
1976-01-02 00:00:00,0.9949172148090312
1976-01-05 00:00:00,0.9884236900074241
1976-01-06 00:00:00,0.991020852172217
1976-01-07 00:00:00,0.9864276318176526
1976-01-08 00:00:00,0.9871307519136294
1976-01-09 00:00:00,0.9904855155842627
1976-01-12 00:00:00,0.9908068735891167
1976-01-13 00:00:00,0.9934074743466218
1976-01-14 00:00:00,0.9910744120302958
1976-01-15 00:00:00,0.9906463896517913
1976-01-16 00:00:00,0.9898428643638559
1976-01-19 00:00:00,0.9897893697180807
1976-01-20 00:00:00,0.990111053063837
1976-01-21 00:00:00,0.9915746900830683
1976-01-22 00:00:00,0.9892533820245848
1976-01-23 00:00:00,0.9895753911349804
1976-01-26 00:00:00,0.9887705627877512
1976-01-27 00:00:00,0.9898435798349615
1976-01-28 00:00:00,0.9901649378398155
1976-01-29 00:00:00,0.9908798600902787
1976-01-30 00:00:00,0.989307917906105
1976-02-02 00:00:00,0.9850859259402108
1976-02-03 00:00:00,0.9861678482896777
1976-02-04 00:00:00,0.985736211090161
1976-02-05 00:00:00,0.9875701414683811
1976-02-06 00:00:00,0.9878931476469466
1976-02-09 00:00:00,0.9874631521768308
1976-02-10 00:00:00,0.9877861583553964
1976-02-11 00:00:00,0.9858468804150271
1976-02-13 00:00:00,0.9903449136325277
1976-02-17 00:00:00,0.9891481494398853
1976-02-18 00:00:00,0.9887194768025789
1976-02-19 00:00:00,0.9886659821568038
1976-02-20 00:00:00,0.9897370458859184
1976-02-23 00:00:00,0.9885589928652536
1976-02-24 00:00:00,0.9881299944633078
1976-02-25 00:00:00,0.9884520035737034
1976-02-26 00:00:00,0.9891485395700887
1976-02-27 00:00:00,0.9898634618205518
1976-03-01 00:00:00,0.9924593519063507
1976-03-02 00:00:00,0.9924058572605756
1976-03-03 00:00:00,0.9915886563902685
1976-03-04 00:00:00,0.9934321353600649
1976-03-05 00:00:00,0.9929881960958038
1976-03-08 00:00:00,0.9914281724529432
1976-03-09 00:00:00,0.9925099557491519
1976-03-10 00:00:00,0.9916934143834554
1976-03-11 00:00:00,0.9939250103435018
1976-03-12 00:00:00,0.9946305200211499
1976-03-15 00:00:00,0.994187960043937
1976-03-16 00:00:00,0.9941344653981619
1976-03-17 00:00:00,0.9925602389296031
1976-03-18 00:00:00,0.9913724465088048
1976-03-19 00:00:00,0.9917104268654994
1976-03-22 00:00:00,0.9920285039371761
1976-03-23 00:00:00,0.9942560575007243
1976-03-24 00:00:00,0.9938134975235112
1976-03-25 00:00:00,0.9933900638857508
1976-03-26 00:00:00,0.9929468151802203
1976-03-29 00:00:00,0.993653013586186
1976-03-30 00:00:00,0.9932295799484255
1976-03-31 00:00:00,0.9927863312428951
1976-04-01 00:00:00,0.9908375000510539
1976-04-02 00:00:00,0.9941973859017562
1976-04-05 00:00:00,0.9937746056887484
1976-04-06 00:00:00,0.99296210671955
1976-04-07 00:00:00,0.994036901964431
1976-04-08 00:00:00,0.9924653633682444
1976-04-09 00:00:00,0.9935606271056481
1976-04-12 00:00:00,0.993118067128435
1976-04-13 00:00:00,0.9930645724826599
1976-04-14 00:00:00,0.9922513847851441
1976-04-15 00:00:00,0.9918272959868121
1976-04-16 00:00:00,0.991773801341037
1976-04-19 00:00:00,0.9913298620767759
1976-04-20 00:00:00,0.9909051163758991
1976-04-21 00:00:00,0.9904800500126723
1976-04-22 00:00:00,0.9904265553668972
1976-04-23 00:00:00,0.9903730607211221
1976-04-26 00:00:00,0.989555859850815
1976-04-27 00:00:00,0.9898745964271022
1976-04-28 00:00:00,0.9890763174038333
1976-04-29 00:00:00,0.9882570980115698
1976-04-30 00:00:00,0.9878300648788118
1976-05-03 00:00:00,0.9862594385680302
1976-05-04 00:00:00,0.9858307659307238
1976-05-05 00:00:00,0.9846299742546658
1976-05-06 00:00:00,0.9849724429377196
1976-05-07 00:00:00,0.9856702819933985
1976-05-10 00:00:00,0.9863668179897838
1976-05-11 00:00:00,0.987081740240247
1976-05-12 00:00:00,0.9908108977170852
1976-05-13 00:00:00,0.9907574030713101
1976-05-14 00:00:00,0.9937372521679656
1976-05-17 00:00:00,0.9985962756917082
1976-05-18 00:00:00,0.9985427810459331
1976-05-19 00:00:00,0.9946990978425796
1976-05-20 00:00:00,0.9954179116094118
1976-05-21 00:00:00,0.9976346238443935
1976-05-24 00:00:00,0.9960625815901379
1976-05-25 00:00:00,0.998658221463482
1976-05-26 00:00:00,0.998604726817707
1976-05-27 00:00:00,0.9970367136294314
1976-05-28 00:00:00,0.9977315656075797
1976-06-01 00:00:00,1.000715478909998
1976-06-02 00:00:00,0.9987733177199252
1976-06-03 00:00:00,0.9994648454327827
1976-06-04 00:00:00,0.998666328428375
1976-06-07 00:00:00,0.9974640923787043
1976-06-08 00:00:00,0.9970461827408675
1976-06-09 00:00:00,0.9962244788301233
1976-06-10 00:00:00,0.9976868667135316
1976-06-11 00:00:00,0.9965017671716804
1976-06-14 00:00:00,0.9964482725259053
1976-06-15 00:00:00,0.996778709511992
1976-06-16 00:00:00,0.9963412832343551
1976-06-17 00:00:00,0.9970361352125034
1976-06-18 00:00:00,0.998131381970624
1976-06-21 00:00:00,0.9999665538691465
1976-06-22 00:00:00,1.0002935905111383
1976-06-23 00:00:00,0.9998595645775963
1976-06-24 00:00:00,0.9982996291755234
1976-06-25 00:00:00,0.9982461345297483
1976-06-28 00:00:00,0.9981926398839732
1976-06-29 00:00:00,0.998501941808831
1976-06-30 00:00:00,0.9973208553191047
1976-07-01 00:00:00,0.9968844470269052
1976-07-02 00:00:00,0.997596435512873
1976-07-06 00:00:00,1.0001923290319867
1976-07-07 00:00:00,1.0008981940183586
1976-07-08 00:00:00,1.0008446993725835
1976-07-09 00:00:00,1.0000318450946613
1976-07-12 00:00:00,1.0014957113792005
1976-07-13 00:00:00,1.0014422167334254
1976-07-14 00:00:00,0.9998713611573361
1976-07-15 00:00:00,1.000956396356646
1976-07-16 00:00:00,1.0009029017108708
1976-07-19 00:00:00,1.0004702368521579
1976-07-20 00:00:00,1.00117474350455
1976-07-21 00:00:00,1.0018778954643648
1976-07-22 00:00:00,1.001446246625288
1976-07-23 00:00:00,1.0032801498069064
1976-07-26 00:00:00,1.003603125040502
1976-07-27 00:00:00,1.0027963546746448
1976-07-28 00:00:00,1.0012322680421877
1976-07-29 00:00:00,0.998522198433219
1976-07-30 00:00:00,0.9958145541114032
1976-08-02 00:00:00,0.9923571995015128
1976-08-03 00:00:00,0.994575959923777
1976-08-04 00:00:00,0.9922502102099626
1976-08-05 00:00:00,0.9925826953833318
1976-08-06 00:00:00,0.9928955589435289
1976-08-09 00:00:00,0.9920897262726374
1976-08-10 00:00:00,0.9927885696519787
1976-08-11 00:00:00,0.9919827369810872
1976-08-12 00:00:00,0.9923152221544563
1976-08-13 00:00:00,0.9911220834493155
1976-08-16 00:00:00,0.9899259014981406
1976-08-17 00:00:00,0.9823008347806732
1976-08-18 00:00:00,0.9833906096817654
1976-08-19 00:00:00,0.9840845156411124
1976-08-20 00:00:00,0.9874368666653855
1976-08-23 00:00:00,0.9839775263495623
1976-08-24 00:00:00,0.9842972469796559
1976-08-25 00:00:00,0.9872763827280603
1976-08-26 00:00:00,0.9864618493112423
1976-08-27 00:00:00,0.9860371036103655
1976-08-30 00:00:00,0.9856120372471386
1976-08-31 00:00:00,0.9874521582047153
1976-09-01 00:00:00,0.9843687885756249
1976-09-02 00:00:00,0.9854515533098134
1976-09-03 00:00:00,0.9865313260550777
1976-09-07 00:00:00,0.9853445640182631
1976-09-08 00:00:00,0.9845273631479561
1976-09-09 00:00:00,0.9821943008316301
1976-09-10 00:00:00,0.9813914258024966
1976-09-13 00:00:00,0.9817127838073505
1976-09-14 00:00:00,0.980157924817961
1976-09-15 00:00:00,0.975168748234176
1976-09-16 00:00:00,0.9732297298250335
1976-09-17 00:00:00,0.9720289026941128
1976-09-20 00:00:00,0.97009695261119
1976-09-21 00:00:00,0.9704076601512427
1976-09-22 00:00:00,0.9669431156943862
1976-09-23 00:00:00,0.971068547964345
1976-09-24 00:00:00,0.9702471762139174
1976-09-27 00:00:00,0.9675565036983284
1976-09-28 00:00:00,0.9648498895341809
1976-09-29 00:00:00,0.9621477828547874
1976-09-30 00:00:00,0.9556428771459173
1976-10-01 00:00:00,0.9593761980453096
1976-10-04 00:00:00,0.9589496204410105
1976-10-05 00:00:00,0.9554823932085921
1976-10-06 00:00:00,0.952030875355218
1976-10-07 00:00:00,0.9549991234453397
1976-10-08 00:00:00,0.9568446791706414
1976-10-12 00:00:00,0.9556443770315668
1976-10-13 00:00:00,0.952952452008211
1976-10-14 00:00:00,0.9532768342329386
1976-10-15 00:00:00,0.9566307005875411
1976-10-18 00:00:00,0.9622465963255435
1976-10-19 00:00:00,0.9610608998305972
1976-10-20 00:00:00,0.9564702166502158
1976-10-21 00:00:00,0.9571657591672406
1976-10-22 00:00:00,0.9567379039573752
1976-10-25 00:00:00,0.9494899075718335
1976-10-26 00:00:00,0.9509562836445307
1976-10-27 00:00:00,0.9467319341509755
1976-10-28 00:00:00,0.9432621727537309
1976-10-29 00:00:00,0.945112179517329
1976-11-01 00:00:00,0.9461884141831822
1976-11-03 00:00:00,0.9453891905436919
1976-11-04 00:00:00,0.954036219821388
1976-11-05 00:00:00,0.953606126234486
1976-11-08 00:00:00,0.9505283264783299
1976-11-09 00:00:00,0.950853993148166
1976-11-10 00:00:00,0.9496620477412003
1976-11-12 00:00:00,0.9480860954227173
1976-11-15 00:00:00,0.9499348644450666
1976-11-16 00:00:00,0.9483602064286042
1976-11-17 00:00:00,0.9479256114853919
1976-11-18 00:00:00,0.9478721168396168
1976-11-19 00:00:00,0.9451844218562917
1976-11-22 00:00:00,0.9402036585788464
1976-11-23 00:00:00,0.9390070766747416
1976-11-24 00:00:00,0.9408499552444614
1976-11-26 00:00:00,0.9396552805296331
1976-11-29 00:00:00,0.9388465927374163
1976-11-30 00:00:00,0.9399361853499709
1976-12-01 00:00:00,0.9402487294631515
1976-12-02 00:00:00,0.9405824820155858
1976-12-03 00:00:00,0.9393878073007577
1976-12-06 00:00:00,0.9355456807544178
1976-12-07 00:00:00,0.9362524520902308
1976-12-08 00:00:00,0.9369579504360731
1976-12-09 00:00:00,0.936904455790298
1976-12-10 00:00:00,0.9360919681529055
1976-12-13 00:00:00,0.9352782075255424
1976-12-14 00:00:00,0.9352247128797672
1976-12-15 00:00:00,0.9348014859123793
1976-12-16 00:00:00,0.932851104975502
1976-12-17 00:00:00,0.932797610329727
1976-12-20 00:00:00,0.9278234971417012
1976-12-21 00:00:00,0.9262435331780586
1976-12-22 00:00:00,0.928466811684763
1976-12-23 00:00:00,0.927287399042916
1976-12-24 00:00:00,0.9268579815664324
1976-12-27 00:00:00,0.925275505654859
1976-12-28 00:00:00,0.9229523974517151
1976-12-29 00:00:00,0.9240351124824213
1976-12-30 00:00:00,0.9228454081601649
1976-12-31 00:00:00,0.9235496989011956
1977-01-03 00:00:00,0.9185706519490149
1977-01-04 00:00:00,0.9196636886684502
1977-01-05 00:00:00,0.9249010431344334
1977-01-06 00:00:00,0.9248475484886584
1977-01-07 00:00:00,0.9278248759354618
1977-01-10 00:00:00,0.9391381265796582
1977-01-11 00:00:00,0.9368209949455669
1977-01-12 00:00:00,0.9375233067205816
1977-01-13 00:00:00,0.9446618104004348
1977-01-14 00:00:00,0.9457323310086131
1977-01-17 00:00:00,0.9464407127626531
1977-01-18 00:00:00,0.9494218053870548
1977-01-19 00:00:00,0.9505009814849229
1977-01-20 00:00:00,0.9496926929660073
1977-01-21 00:00:00,0.9488831240805266
1977-01-24 00:00:00,0.9526180716411426
1977-01-25 00:00:00,0.9563416473937275
1977-01-26 00:00:00,0.95668061168166
1977-01-27 00:00:00,0.9554900955069473
1977-01-28 00:00:00,0.9565736223901098
1977-01-31 00:00:00,0.9500730243187222
1977-02-01 00:00:00,0.9519217938967784
1977-02-02 00:00:00,0.9522436091207169
1977-02-03 00:00:00,0.9533141446714337
1977-02-04 00:00:00,0.9528862894615684
1977-02-07 00:00:00,0.9532071553798835
1977-02-08 00:00:00,0.9535484766904009
1977-02-09 00:00:00,0.9523511289255335
1977-02-10 00:00:00,0.9511508267864589
1977-02-11 00:00:00,0.9518691466002913
1977-02-14 00:00:00,0.9457512721679743
1977-02-15 00:00:00,0.9468371959198484
1977-02-16 00:00:00,0.9467837012740733
1977-02-17 00:00:00,0.9467302066282982
1977-02-18 00:00:00,0.9455372935848738
1977-02-22 00:00:00,0.9435995122442948
1977-02-23 00:00:00,0.9442879755726855
1977-02-24 00:00:00,0.9480309445969023
1977-02-25 00:00:00,0.943056971027182
1977-02-28 00:00:00,0.9414932912978102
1977-03-01 00:00:00,0.9414397966520351
1977-03-02 00:00:00,0.9417483585838494
1977-03-03 00:00:00,0.9416948639380743
1977-03-04 00:00:00,0.940895640298584
1977-03-07 00:00:00,0.9415878746465242
1977-03-08 00:00:00,0.9419174160312169
1977-03-09 00:00:00,0.9437530291149345
1977-03-10 00:00:00,0.9436995344691594
1977-03-11 00:00:00,0.9432646149166793
1977-03-14 00:00:00,0.9413204014176486
1977-03-15 00:00:00,0.9427970925576684
1977-03-16 00:00:00,0.9412134121260984
1977-03-17 00:00:00,0.940797860902734
1977-03-18 00:00:00,0.9407443662569589
1977-03-21 00:00:00,0.9399231988771447
1977-03-22 00:00:00,0.9398697042313696
1977-03-23 00:00:00,0.9390686020478151
1977-03-24 00:00:00,0.93901510740204
1977-03-25 00:00:00,0.9389616127562649
1977-03-28 00:00:00,0.9381378520431038
1977-03-29 00:00:00,0.9376987295931211
1977-03-30 00:00:00,0.937280727529471
1977-03-31 00:00:00,0.9372272328836959
1977-04-01 00:00:00,0.9383091712760735
1977-04-04 00:00:00,0.9742235333988373
1977-04-05 00:00:00,0.9734200081109018
1977-04-06 00:00:00,0.9733665134651267
1977-04-07 00:00:00,0.9725616851178975
1977-04-08 00:00:00,0.9725081904721224
1977-04-11 00:00:00,0.9720587324975185
1977-04-12 00:00:00,0.9686049048109744
1977-04-13 00:00:00,0.9651443916541439
1977-04-14 00:00:00,0.9658547809707895
1977-04-15 00:00:00,0.9654195115418698
1977-04-18 00:00:00,0.964218684410949
1977-04-19 00:00:00,0.966075737859247
1977-04-20 00:00:00,0.9679044732552303
1977-04-21 00:00:00,0.9663298059026424
1977-04-22 00:00:00,0.967417688918953
1977-04-25 00:00:00,0.9666036083551415
1977-04-26 00:00:00,0.9673106996274028
1977-04-27 00:00:00,0.966115827319542
1977-04-28 00:00:00,0.9645559505506179
1977-04-29 00:00:00,0.9641200118898973
1977-05-02 00:00:00,0.9625535917650034
1977-05-03 00:00:00,0.9625000971192283
1977-05-04 00:00:00,0.962062495410328
1977-05-05 00:00:00,0.9639060333067969
1977-05-06 00:00:00,0.9653803074641708
1977-05-09 00:00:00,0.9660686618973905
1977-05-10 00:00:00,0.9660151672516154
1977-05-11 00:00:00,0.9686179244421307
1977-05-12 00:00:00,0.9685644297963556
1977-05-13 00:00:00,0.9688890777043222
1977-05-16 00:00:00,0.9695908809843153
1977-05-17 00:00:00,0.9687820884127719
1977-05-18 00:00:00,0.9681712160302025
1977-05-19 00:00:00,0.9673601341523906
1977-05-20 00:00:00,0.9682434619217051
1977-05-23 00:00:00,0.9685681098296716
1977-05-24 00:00:00,0.9688924285338294
1977-05-25 00:00:00,0.9684611205381214
1977-05-26 00:00:00,0.9665136124650778
1977-05-27 00:00:00,0.9693873655733488
1977-05-31 00:00:00,0.9735995650691939
1977-06-01 00:00:00,0.9729758027690751
1977-06-02 00:00:00,0.9723512860090127
1977-06-03 00:00:00,0.9747733103070235
1977-06-06 00:00:00,0.9777457019643214
1977-06-07 00:00:00,0.978255981460778
1977-06-08 00:00:00,0.9793471924544652
1977-06-09 00:00:00,0.9808023560140924
1977-06-10 00:00:00,0.9799951971280959
1977-06-13 00:00:00,0.9787990151769209
1977-06-14 00:00:00,0.9787455205311458
1977-06-15 00:00:00,0.9794477031262949
1977-06-16 00:00:00,0.9805348827852169
1977-06-17 00:00:00,0.9802882674690391
1977-06-20 00:00:00,0.980813873312811
1977-06-21 00:00:00,0.9826466539159309
1977-06-22 00:00:00,0.9818434969757488
1977-06-23 00:00:00,0.9821553869912735
1977-06-24 00:00:00,0.9836177748746816
1977-06-27 00:00:00,0.9812980593562118
1977-06-28 00:00:00,0.9791598000883698
1977-06-29 00:00:00,0.973986686631899
1977-06-30 00:00:00,0.9750674897611471
1977-07-01 00:00:00,0.975013995115372
1977-07-05 00:00:00,0.9726889088464604
1977-07-06 00:00:00,0.973027923671305
1977-07-07 00:00:00,0.9720318053109113
1977-07-08 00:00:00,0.9736657187572485
1977-07-11 00:00:00,0.9679352406755628
1977-07-12 00:00:00,0.9686350751679125
1977-07-13 00:00:00,0.9648017838002748
1977-07-15 00:00:00,0.9658856878400163
1977-07-18 00:00:00,0.9601556402262257
1977-07-19 00:00:00,0.9582001986697352
1977-07-20 00:00:00,0.957009691243818
1977-07-21 00:00:00,0.9588630769984201
1977-07-22 00:00:00,0.9567196924895776
1977-07-25 00:00:00,0.9511813804708931
1977-07-26 00:00:00,0.9518686350451752
1977-07-27 00:00:00,0.9556022507900661
1977-07-28 00:00:00,0.961621391691838
1977-07-29 00:00:00,0.9691404364488942
1977-08-01 00:00:00,0.9687114380469485
1977-08-02 00:00:00,0.9677078484270241
1977-08-03 00:00:00,0.9670793263431613
1977-08-04 00:00:00,0.9696764885079543
1977-08-05 00:00:00,0.9682996949171309
1977-08-08 00:00:00,0.9703379161126423
1977-08-09 00:00:00,0.9691411519199999
1977-08-10 00:00:00,0.9732518832701178
1977-08-11 00:00:00,0.9716905575269276
1977-08-12 00:00:00,0.9761836061821946
1977-08-15 00:00:00,0.9719561213908088
1977-08-16 00:00:00,0.9760766168906444
1977-08-17 00:00:00,0.97374610571483
1977-08-18 00:00:00,0.9748228982733527
1977-08-19 00:00:00,0.9769436368544845
1977-08-22 00:00:00,0.9747159089818025
1977-08-23 00:00:00,0.974292475344042
1977-08-24 00:00:00,0.9685527108164739
1977-08-25 00:00:00,0.9714301551499676
1977-08-26 00:00:00,0.9729811985759184
1977-08-29 00:00:00,1.0529354512260278
1977-08-30 00:00:00,1.0529354512260278
1977-08-31 00:00:00,1.0529354512260278
1977-09-01 00:00:00,1.0529354512260278
1977-09-02 00:00:00,1.0529354512260278
1977-09-06 00:00:00,1.0529354512260278
1977-09-07 00:00:00,1.0529354512260278
1977-09-08 00:00:00,1.0529354512260278
1977-09-09 00:00:00,1.0529354512260278
1977-09-12 00:00:00,1.0529354512260278
1977-09-13 00:00:00,1.0529354512260278
1977-09-14 00:00:00,1.0529354512260278
1977-09-15 00:00:00,1.0529354512260278
1977-09-16 00:00:00,1.0529354512260278
1977-09-19 00:00:00,1.0529354512260278
1977-09-20 00:00:00,1.0529354512260278
1977-09-21 00:00:00,1.0529354512260278
1977-09-22 00:00:00,1.0529354512260278
1977-09-23 00:00:00,1.0529354512260278
1977-09-26 00:00:00,1.0529354512260278
1977-09-27 00:00:00,1.0529354512260278
1977-09-28 00:00:00,1.0529354512260278
1977-09-29 00:00:00,1.0529354512260278
1977-09-30 00:00:00,1.0529354512260278
1977-10-03 00:00:00,1.0529354512260278
1977-10-04 00:00:00,1.0529354512260278
1977-10-05 00:00:00,1.0529354512260278
1977-10-06 00:00:00,1.0529354512260278
1977-10-07 00:00:00,1.0529354512260278
1977-10-11 00:00:00,1.0529354512260278
1977-10-12 00:00:00,1.0529354512260278
1977-10-13 00:00:00,1.0529354512260278
1977-10-14 00:00:00,1.0529354512260278
1977-10-17 00:00:00,1.0529354512260278
1977-10-18 00:00:00,1.0529354512260278
1977-10-19 00:00:00,1.0529354512260278
1977-10-20 00:00:00,1.0529354512260278
1977-10-21 00:00:00,1.0529354512260278
1977-10-24 00:00:00,1.0529354512260278
1977-10-25 00:00:00,1.0529354512260278
1977-10-26 00:00:00,1.0529354512260278
1977-10-27 00:00:00,1.0529354512260278
1977-10-28 00:00:00,1.0529354512260278
1977-10-31 00:00:00,1.0529354512260278
1977-11-01 00:00:00,1.0529354512260278
1977-11-02 00:00:00,1.0529354512260278
1977-11-03 00:00:00,1.0529354512260278
1977-11-04 00:00:00,1.0529354512260278
1977-11-07 00:00:00,1.0529354512260278
1977-11-09 00:00:00,1.0529354512260278
1977-11-10 00:00:00,1.0529354512260278
1977-11-14 00:00:00,1.0529354512260278
1977-11-15 00:00:00,1.0529354512260278
1977-11-16 00:00:00,1.0529354512260278
1977-11-17 00:00:00,1.0529354512260278
1977-11-18 00:00:00,1.0529354512260278
1977-11-21 00:00:00,1.0529354512260278
1977-11-22 00:00:00,1.0529354512260278
1977-11-23 00:00:00,1.0529354512260278
1977-11-25 00:00:00,1.0529354512260278
1977-11-28 00:00:00,1.0529354512260278
1977-11-29 00:00:00,1.0529354512260278
1977-11-30 00:00:00,1.0529354512260278
1977-12-01 00:00:00,1.0529354512260278
1977-12-02 00:00:00,1.0529354512260278
1977-12-05 00:00:00,1.0529354512260278
1977-12-06 00:00:00,1.0529354512260278
1977-12-07 00:00:00,1.0529354512260278
1977-12-08 00:00:00,1.0529354512260278
1977-12-09 00:00:00,1.0529354512260278
1977-12-12 00:00:00,1.0529354512260278
1977-12-13 00:00:00,1.0529354512260278
1977-12-14 00:00:00,1.0529354512260278
1977-12-15 00:00:00,1.0529354512260278
1977-12-16 00:00:00,1.0529354512260278
1977-12-19 00:00:00,1.0529354512260278
1977-12-20 00:00:00,1.0529354512260278
1977-12-21 00:00:00,1.0529354512260278
1977-12-22 00:00:00,1.0529354512260278
1977-12-23 00:00:00,1.0529354512260278
1977-12-27 00:00:00,1.0529354512260278
1977-12-28 00:00:00,1.0529354512260278
1977-12-29 00:00:00,1.0529354512260278
1977-12-30 00:00:00,1.0529354512260278
1978-01-03 00:00:00,1.0529354512260278
1978-01-04 00:00:00,1.0529354512260278
1978-01-05 00:00:00,1.0529354512260278
1978-01-06 00:00:00,1.0529354512260278
1978-01-09 00:00:00,1.0529354512260278
1978-01-10 00:00:00,1.0529354512260278
1978-01-11 00:00:00,1.0529354512260278
1978-01-12 00:00:00,1.0529354512260278
1978-01-13 00:00:00,1.0529354512260278
1978-01-16 00:00:00,1.0529354512260278
1978-01-17 00:00:00,1.0529354512260278
1978-01-18 00:00:00,1.0529354512260278
1978-01-19 00:00:00,1.0529354512260278
1978-01-20 00:00:00,1.0529354512260278
1978-01-23 00:00:00,1.0529354512260278
1978-01-24 00:00:00,1.0529354512260278
1978-01-25 00:00:00,1.0529354512260278
1978-01-26 00:00:00,1.0529354512260278
1978-01-27 00:00:00,1.0529354512260278
1978-01-30 00:00:00,1.0513531773523037
1978-01-31 00:00:00,1.0539324633602698
1978-02-01 00:00:00,1.050496218520485
1978-02-02 00:00:00,1.050992182227242
1978-02-03 00:00:00,1.052460269215933
1978-02-06 00:00:00,1.0539324633602698
1978-02-07 00:00:00,1.0534337213900842
1978-02-08 00:00:00,1.0529354512260278
1978-02-09 00:00:00,1.051466039191554
1978-02-10 00:00:00,1.051466039191554
1978-02-14 00:00:00,1.0495056940559107
1978-02-15 00:00:00,1.0480458325113957
1978-02-16 00:00:00,1.0544089759817643
1978-02-17 00:00:00,1.0553860380015736
1978-02-21 00:00:00,1.0588315073060128
1978-02-22 00:00:00,1.0593124612265317
1978-02-23 00:00:00,1.067137334831565
1978-02-24 00:00:00,1.063706993927695
1978-02-27 00:00:00,1.0597938522738095
1978-02-28 00:00:00,1.0676258656135553
1978-03-01 00:00:00,1.0661616133106566
1978-03-02 00:00:00,1.067137334831565
1978-03-03 00:00:00,1.0612636511024556
1978-03-06 00:00:00,1.062253464068736
1978-03-07 00:00:00,1.0690941454173857
1978-03-08 00:00:00,1.0617698364753392
1978-03-09 00:00:00,1.060780924177461
1978-03-10 00:00:00,1.0544089759817643
1978-03-13 00:00:00,1.0544089759817643
1978-03-14 00:00:00,1.0588315073060128
1978-03-15 00:00:00,1.0588315073060128
1978-03-16 00:00:00,1.062253464068736
1978-03-17 00:00:00,1.0588315073060128
1978-03-20 00:00:00,1.0632220421915028
1978-03-21 00:00:00,1.0610337263562408
1978-03-22 00:00:00,1.0627375324398372
1978-03-23 00:00:00,1.0605282424354145
1978-03-24 00:00:00,1.060780924177461
1978-03-27 00:00:00,1.0627375324398372
1978-03-28 00:00:00,1.064701371960194
1978-03-29 00:00:00,1.0644468192619925
1978-03-30 00:00:00,1.0666492509349004
1978-03-31 00:00:00,1.0720428541782505
1978-04-03 00:00:00,1.074488990706795
1978-04-04 00:00:00,1.0686042702907486
1978-04-05 00:00:00,1.0690941454173857
1978-04-06 00:00:00,1.0703324964469145
1978-04-07 00:00:00,1.0681148438948989
1978-04-10 00:00:00,1.0686042702907486
1978-04-11 00:00:00,1.0732645286630802
1978-04-12 00:00:00,1.0725358877715607
1978-04-13 00:00:00,1.069584469892221
1978-04-14 00:00:00,1.0683711541759384
1978-04-17 00:00:00,1.0664169869224156
1978-04-18 00:00:00,1.0656744213470495
1978-04-19 00:00:00,1.063706993927695
1978-04-20 00:00:00,1.052460269215933
1978-04-21 00:00:00,1.0546587498368725
1978-04-24 00:00:00,1.0519629192874023
1978-04-25 00:00:00,1.0536830333575382
1978-04-26 00:00:00,1.0522115354809431
1978-04-27 00:00:00,1.0620000803952079
1978-04-28 00:00:00,1.0597938522738095
1978-05-01 00:00:00,1.0588315073060128
1978-05-02 00:00:00,1.0578480583079535
1978-05-03 00:00:00,1.057345604461009
1978-05-04 00:00:00,1.0617698364753392
1978-05-05 00:00:00,1.0593124612265317
1978-05-08 00:00:00,1.0558866307495367
1978-05-09 00:00:00,1.0534337213900842
1978-05-10 00:00:00,1.0568664344812149
1978-05-11 00:00:00,1.0553860380015736
1978-05-12 00:00:00,1.0527091205757495
1978-05-15 00:00:00,1.0500007226839547
1978-05-16 00:00:00,1.0465676612335721
1978-05-17 00:00:00,1.0465676612335721
1978-05-18 00:00:00,1.0529354512260278
1978-05-19 00:00:00,1.050992182227242
1978-05-22 00:00:00,1.0477991807322424
1978-05-23 00:00:00,1.0477991807322424
1978-05-24 00:00:00,1.0456068514331316
1978-05-25 00:00:00,1.0465676612335721
1978-05-26 00:00:00,1.0456068514331316
1978-05-29 00:00:00,1.0475526450220318
1978-05-31 00:00:00,1.0578480583079535
1978-06-01 00:00:00,1.0597938522738095
1978-06-02 00:00:00,1.0597938522738095
1978-06-05 00:00:00,1.0568664344812149
1978-06-06 00:00:00,1.0534337213900842
1978-06-07 00:00:00,1.0563649124787
1978-06-08 00:00:00,1.0597938522738095
1978-06-09 00:00:00,1.0588315073060128
1978-06-12 00:00:00,1.059564563887086
1978-06-13 00:00:00,1.0593124612265317
1978-06-14 00:00:00,1.0588315073060128
1978-06-15 00:00:00,1.0588315073060128
1978-06-16 00:00:00,1.0600461841433986
1978-06-19 00:00:00,1.0612636511024556
1978-06-20 00:00:00,1.0644468192619925
1978-06-21 00:00:00,1.0676258656135553
1978-06-22 00:00:00,1.063706993927695
1978-06-23 00:00:00,1.0656744213470495
1978-06-26 00:00:00,1.0681148438948989
1978-06-27 00:00:00,1.0661616133106566
1978-06-28 00:00:00,1.069584469892221
1978-06-29 00:00:00,1.0700752443337997
1978-06-30 00:00:00,1.0708239577440695
1978-07-03 00:00:00,1.0735233166905964
1978-07-05 00:00:00,1.0781554620338372
1978-07-06 00:00:00,1.074488990706795
1978-07-07 00:00:00,1.074984277348106
1978-07-10 00:00:00,1.0818470411854695
1978-07-11 00:00:00,1.0779181605719288
1978-07-12 00:00:00,1.0754800208056088
1978-07-13 00:00:00,1.074984277348106
1978-07-14 00:00:00,1.074488990706795
1978-07-17 00:00:00,1.0720428541782505
1978-07-18 00:00:00,1.073876410644118
1978-07-19 00:00:00,1.0759525827147
1978-07-20 00:00:00,1.0766858749378931
1978-07-21 00:00:00,1.0779181605719288
1978-07-24 00:00:00,1.083786264216717
1978-07-25 00:00:00,1.0823252161909658
1978-07-26 00:00:00,1.0818470411854695
1978-07-27 00:00:00,1.0801291040653054
1978-07-28 00:00:00,1.083786264216717
1978-07-31 00:00:00,1.0862381605692457
1978-08-01 00:00:00,1.0859972881724547
1978-08-02 00:00:00,1.0867443405619663
1978-08-03 00:00:00,1.0891854307318078
1978-08-04 00:00:00,1.092124383012399
1978-08-07 00:00:00,1.0984934550708794
1978-08-08 00:00:00,1.103021029446509
1978-08-09 00:00:00,1.1082878930825546
1978-08-10 00:00:00,1.108037143542275
1978-08-11 00:00:00,1.1117093888594423
1978-08-14 00:00:00,1.118079852687663
1978-08-15 00:00:00,1.121023043638268
1978-08-16 00:00:00,1.1259198038353222
1978-08-17 00:00:00,1.10192902770734
1978-08-18 00:00:00,1.1092669016404306
1978-08-21 00:00:00,1.0980008902411273
1978-08-22 00:00:00,1.1048624668913283
1978-08-23 00:00:00,1.099949099528906
1978-08-24 00:00:00,1.1033937976213812
1978-08-25 00:00:00,1.0977547734387962
1978-08-28 00:00:00,1.0943206870472373
1978-08-29 00:00:00,1.1038663324939144
1978-08-30 00:00:00,1.1038663324939144
1978-08-31 00:00:00,1.1038663324939144
1978-09-01 00:00:00,1.1038663324939144
1978-09-05 00:00:00,1.1061351486713724
1978-09-06 00:00:00,1.1062600792280328
1978-09-07 00:00:00,1.0993071539264874
1978-09-08 00:00:00,1.097582557315666
1978-09-11 00:00:00,1.0972137046583401
1978-09-12 00:00:00,1.1015324720518445
1978-09-13 00:00:00,1.1062600792280328
1978-09-14 00:00:00,1.1055109189034993
1978-09-15 00:00:00,1.1077614500661617
1978-09-18 00:00:00,1.106760083783616
1978-09-19 00:00:00,1.106760083783616
1978-09-20 00:00:00,1.1103986783227526
1978-09-21 00:00:00,1.1114066426285034
1978-09-22 00:00:00,1.109769628538976
1978-09-25 00:00:00,1.111785101190125
1978-09-26 00:00:00,1.1102728113222629
1978-09-27 00:00:00,1.1082628130216117
1978-09-28 00:00:00,1.1114570888823958
1978-09-29 00:00:00,1.110146972853338
1978-10-02 00:00:00,1.1100211629062786
1978-10-03 00:00:00,1.1191529640636426
1978-10-04 00:00:00,1.1240333648708976
1978-10-05 00:00:00,1.1219732808115697
1978-10-06 00:00:00,1.1199207342196436
1978-10-10 00:00:00,1.120946067920005
1978-10-11 00:00:00,1.1310423489012704
1978-10-12 00:00:00,1.1292168251654373
1978-10-13 00:00:00,1.1341855884072491
1978-10-16 00:00:00,1.1324808349502835
1978-10-17 00:00:00,1.1401264976702365
1978-10-18 00:00:00,1.1427869258528764
1978-10-19 00:00:00,1.1394633249749884
1978-10-20 00:00:00,1.1501675365764448
1978-10-23 00:00:00,1.152332557821765
1978-10-24 00:00:00,1.1524681423090952
1978-10-25 00:00:00,1.1651799239202012
1978-10-26 00:00:00,1.1651799239202012
1978-10-27 00:00:00,1.1651799239202012
1978-10-30 00:00:00,1.1651799239202012
1978-10-31 00:00:00,1.1651799239202012
1978-11-01 00:00:00,1.1651799239202012
1978-11-02 00:00:00,1.1651799239202012
1978-11-03 00:00:00,1.1651799239202012
1978-11-06 00:00:00,1.1651799239202012
1978-11-08 00:00:00,1.1651799239202012
1978-11-09 00:00:00,1.1651799239202012
1978-11-10 00:00:00,1.1651799239202012
1978-11-13 00:00:00,1.1651799239202012
1978-11-14 00:00:00,1.1651799239202012
1978-11-15 00:00:00,1.1651799239202012
1978-11-16 00:00:00,1.1651799239202012
1978-11-17 00:00:00,1.1651799239202012
1978-11-20 00:00:00,1.1651799239202012
1978-11-21 00:00:00,1.1651799239202012
1978-11-22 00:00:00,1.1651799239202012
1978-11-24 00:00:00,1.1651799239202012
1978-11-27 00:00:00,1.1651799239202012
1978-11-28 00:00:00,1.1651799239202012
1978-11-29 00:00:00,1.1651799239202012
1978-11-30 00:00:00,1.1651799239202012
1978-12-01 00:00:00,1.1651799239202012
1978-12-04 00:00:00,1.1651799239202012
1978-12-05 00:00:00,1.1651799239202012
1978-12-06 00:00:00,1.1651799239202012
1978-12-07 00:00:00,1.1651799239202012
1978-12-08 00:00:00,1.1651799239202012
1978-12-11 00:00:00,1.1651799239202012
1978-12-12 00:00:00,1.1651799239202012
1978-12-13 00:00:00,1.1651799239202012
1978-12-14 00:00:00,1.1651799239202012
1978-12-15 00:00:00,1.162863577464247
1978-12-18 00:00:00,1.1491158009209672
1978-12-19 00:00:00,1.1446904966379938
1978-12-20 00:00:00,1.1385780278520965
1978-12-21 00:00:00,1.1470120837046642
1978-12-22 00:00:00,1.1489836252728436
1978-12-26 00:00:00,1.1489166609094
1978-12-27 00:00:00,1.131644358020506
1978-12-28 00:00:00,1.1343638582498816
1978-12-29 00:00:00,1.1303922027188051
1979-01-02 00:00:00,1.127942062899455
1979-01-03 00:00:00,1.1438143529014615
1979-01-04 00:00:00,1.1423781715373509
1979-01-05 00:00:00,1.1447735257395224
1979-01-08 00:00:00,1.1423813067914792
1979-01-09 00:00:00,1.1462754757067837
1979-01-10 00:00:00,1.143752995549782
1979-01-11 00:00:00,1.15304392200086
1979-01-12 00:00:00,1.1494681940402005
1979-01-15 00:00:00,1.1518325989606348
1979-01-16 00:00:00,1.1466209373526581
1979-01-17 00:00:00,1.1446472045035587
1979-01-18 00:00:00,1.1437611696428187
1979-01-19 00:00:00,1.1457397607992341
1979-01-22 00:00:00,1.1481181608089799
1979-01-23 00:00:00,1.1499461684807615
1979-01-24 00:00:00,1.1460831570773498
1979-01-25 00:00:00,1.1527777929709395
1979-01-26 00:00:00,1.1512299196896416
1979-01-29 00:00:00,1.1529127201902432
1979-01-30 00:00:00,1.1545903267318927
1979-01-31 00:00:00,1.159991707670666
1979-02-01 00:00:00,1.1619126479252704
1979-02-02 00:00:00,1.1618456835618267
1979-02-05 00:00:00,1.1531152415486805
1979-02-06 00:00:00,1.1517039970324094
1979-02-07 00:00:00,1.1407710268147024
1979-02-08 00:00:00,1.1488722583657882
1979-02-09 00:00:00,1.146773801279202
1979-02-13 00:00:00,1.1517052416453757
1979-02-14 00:00:00,1.1504263473283174
1979-02-15 00:00:00,1.1490098610554262
1979-02-16 00:00:00,1.1505619521930979
1979-02-20 00:00:00,1.1504949878296542
1979-02-21 00:00:00,1.151639398792397
1979-02-22 00:00:00,1.1488770950142513
1979-02-23 00:00:00,1.1485399168484438
1979-02-26 00:00:00,1.1471200224965818
1979-02-27 00:00:00,1.149486100475197
1979-02-28 00:00:00,1.147798224214222
1979-03-01 00:00:00,1.1489473616783348
1979-03-02 00:00:00,1.1491503016117468
1979-03-05 00:00:00,1.1516412728435546
1979-03-06 00:00:00,1.1504986384904232
1979-03-07 00:00:00,1.146922106365122
1979-03-08 00:00:00,1.1468551420016784
1979-03-09 00:00:00,1.1482755474624573
1979-03-12 00:00:00,1.148478611134229
1979-03-13 00:00:00,1.1528493078460904
1979-03-14 00:00:00,1.147128580579785
1979-03-15 00:00:00,1.1476024157602323
1979-03-16 00:00:00,1.1491548779219687
1979-03-19 00:00:00,1.149626733965659
1979-03-20 00:00:00,1.1497751596629004
1979-03-21 00:00:00,1.1508377004822303
1979-03-22 00:00:00,1.1499641681958397
1979-03-23 00:00:00,1.150139290437417
1979-03-26 00:00:00,1.1465928656722355
1979-03-27 00:00:00,1.1494941730387678
1979-03-28 00:00:00,1.14821472371329
1979-03-29 00:00:00,1.1493602443118804
1979-03-30 00:00:00,1.148754706169259
1979-04-02 00:00:00,1.1525812646258486
1979-04-03 00:00:00,1.1483513055606445
1979-04-04 00:00:00,1.1507051544089155
1979-04-05 00:00:00,1.1517109136675476
1979-04-06 00:00:00,1.1548503964148995
1979-04-09 00:00:00,1.1578398784571704
1979-04-10 00:00:00,1.1544499331411113
1979-04-11 00:00:00,1.1517109310465854
1979-04-12 00:00:00,1.1551152441024266
1979-04-13 00:00:00,1.155048279738983
1979-04-16 00:00:00,1.1555135357987871
1979-04-17 00:00:00,1.1551805217721178
1979-04-18 00:00:00,1.15391483415667
1979-04-19 00:00:00,1.151844527830887
1979-04-20 00:00:00,1.15789953279321
1979-04-23 00:00:00,1.1557104503480424
1979-04-24 00:00:00,1.1551117496181251
1979-04-25 00:00:00,1.1558422084894229
1979-04-26 00:00:00,1.1552437495402885
1979-04-27 00:00:00,1.1559738458640447
1979-04-30 00:00:00,1.1556413153990917
1979-05-01 00:00:00,1.1539784154381416
1979-05-02 00:00:00,1.1549758920865139
1979-05-03 00:00:00,1.1551747354404929
1979-05-04 00:00:00,1.1556390240468264
1979-05-07 00:00:00,1.154642049793268
1979-05-08 00:00:00,1.1548409536027475
1979-05-09 00:00:00,1.1553053629964385
1979-05-10 00:00:00,1.1549196323691655
1979-05-11 00:00:00,1.1531762873288072
1979-05-14 00:00:00,1.1531093229653635
1979-05-15 00:00:00,1.1535750637432218
1979-05-16 00:00:00,1.1524422037166353
1979-05-17 00:00:00,1.1539733554395823
1979-05-18 00:00:00,1.1543052386951982
1979-05-21 00:00:00,1.1553005389435975
1979-05-22 00:00:00,1.1535064126860257
1979-05-23 00:00:00,1.152107381899417
1979-05-24 00:00:00,1.1492331776563975
1979-05-25 00:00:00,1.1523733915942405
1979-05-28 00:00:00,1.1531054849945064
1979-05-29 00:00:00,1.1545006298682836
1979-05-31 00:00:00,1.1512388835161267
1979-06-01 00:00:00,1.1518389388899157
1979-06-04 00:00:00,1.1480268488326357
1979-06-05 00:00:00,1.1505038271505887
1979-06-06 00:00:00,1.1500359205272055
1979-06-07 00:00:00,1.149300109080202
1979-06-08 00:00:00,1.1505700765781064
1979-06-11 00:00:00,1.1515704655130328
1979-06-12 00:00:00,1.1531008899100905
1979-06-13 00:00:00,1.1501020409699267
1979-06-14 00:00:00,1.14976781224484
1979-06-15 00:00:00,1.1439250344200582
1979-06-18 00:00:00,1.1414233529288988
1979-06-19 00:00:00,1.1364566361444761
1979-06-20 00:00:00,1.1311733883553632
1979-06-21 00:00:00,1.1276495481016733
1979-06-22 00:00:00,1.121869641477507
1979-06-25 00:00:00,1.1150444963855002
1979-06-26 00:00:00,1.1214556338724235
1979-06-27 00:00:00,1.1213886695089799
1979-06-28 00:00:00,1.1200597302001438
1979-06-29 00:00:00,1.1174608362448548
1979-07-02 00:00:00,1.1156999808989998
1979-07-03 00:00:00,1.11506732636702
1979-07-05 00:00:00,1.1098851579725382
1979-07-06 00:00:00,1.1098181936090945
1979-07-09 00:00:00,1.1158560429443984
1979-07-10 00:00:00,1.1133829180096535
1979-07-11 00:00:00,1.1106153189417702
1979-07-12 00:00:00,1.1075493527936384
1979-07-13 00:00:00,1.1069094639311576
1979-07-16 00:00:00,1.105407818065102
1979-07-17 00:00:00,1.1001477971516045
1979-07-18 00:00:00,1.0954273788729556
1979-07-19 00:00:00,1.0941915006324339
1979-07-20 00:00:00,1.098206007785578
1979-07-23 00:00:00,1.096101709700113
1979-07-24 00:00:00,1.0925263244551016
1979-07-25 00:00:00,1.0942160807310213
1979-07-26 00:00:00,1.0932713849454996
1979-07-27 00:00:00,1.0918854642377336
1979-07-30 00:00:00,1.0957668878828943
1979-07-31 00:00:00,1.1006359981938874
1979-08-01 00:00:00,1.0982511432513833
1979-08-02 00:00:00,1.0974580295982206
1979-08-03 00:00:00,1.099856457526629
1979-08-06 00:00:00,1.0992102960633927
1979-08-07 00:00:00,1.1008792752124137
1979-08-08 00:00:00,1.101966865416237
1979-08-09 00:00:00,1.0995886000728543
1979-08-10 00:00:00,1.098507679689325
1979-08-13 00:00:00,1.0998887085036573
1979-08-14 00:00:00,1.1027074501040168
1979-08-15 00:00:00,1.1025541133073835
1979-08-16 00:00:00,1.1022855655601
1979-08-17 00:00:00,1.1052353548450655
1979-08-20 00:00:00,1.1045949245939721
1979-08-21 00:00:00,1.1035230899007398
1979-08-22 00:00:00,1.1035997802521222
1979-08-23 00:00:00,1.1023826263641041
1979-08-24 00:00:00,1.1015956872035508
1979-08-27 00:00:00,1.1016727859789608
1979-08-28 00:00:00,1.1013176612238769
1979-08-29 00:00:00,1.1009623999645815
1979-08-30 00:00:00,1.0994519001598488
1979-08-31 00:00:00,1.0993849357964052
1979-09-04 00:00:00,1.100328805372823
1979-09-05 00:00:00,1.0999732024283426
1979-09-06 00:00:00,1.0957055514053633
1979-09-07 00:00:00,1.0921401854642667
1979-09-10 00:00:00,1.092949697425539
1979-09-11 00:00:00,1.0953592902786518
1979-09-12 00:00:00,1.095292325915208
1979-09-13 00:00:00,1.0965324305317654
1979-09-14 00:00:00,1.099937358469619
1979-09-17 00:00:00,1.099437487520793
1979-09-18 00:00:00,1.0990817477321353
1979-09-19 00:00:00,1.0980029903263626
1979-09-20 00:00:00,1.0844802844930914
1979-09-21 00:00:00,1.0847089928973221
1979-09-24 00:00:00,1.0839025805624118
1979-09-25 00:00:00,1.0845750641704348
1979-09-26 00:00:00,1.083620655769241
1979-09-27 00:00:00,1.074608461438627
1979-09-28 00:00:00,1.0718325745989337
1979-10-01 00:00:00,1.0708600092428235
1979-10-02 00:00:00,1.0772542289543927
1979-10-03 00:00:00,1.0744907541289541
1979-10-04 00:00:00,1.083218869588579
1979-10-05 00:00:00,1.0807791286683228
1979-10-09 00:00:00,1.095684116666045
1979-10-10 00:00:00,1.0859711658984696
1979-10-11 00:00:00,1.0926431688042328
1979-10-12 00:00:00,1.0937406716680045
1979-10-15 00:00:00,1.096719917099329
1979-10-16 00:00:00,1.1001158020308988
1979-10-17 00:00:00,1.102489815943874
1979-10-18 00:00:00,1.1001257320134374
1979-10-19 00:00:00,1.1013519661655309
1979-10-22 00:00:00,1.1025754527287106
1979-10-23 00:00:00,1.109344849048843
1979-10-24 00:00:00,1.1064387843073966
1979-10-25 00:00:00,1.1029472137305623
1979-10-26 00:00:00,1.1040239375964842
1979-10-29 00:00:00,1.1075171379968587
1979-10-30 00:00:00,1.1084432739856633
1979-10-31 00:00:00,1.1073832092699714
1979-11-01 00:00:00,1.1066058865373782
1979-11-02 00:00:00,1.1059700337632907
1979-11-05 00:00:00,1.1030505770389292
1979-11-07 00:00:00,1.10255457790373
1979-11-08 00:00:00,1.1057691406729597
1979-11-09 00:00:00,1.1079745234415574
1979-11-13 00:00:00,1.109323445090191
1979-11-14 00:00:00,1.104143681315221
1979-11-15 00:00:00,1.102934645433459
1979-11-16 00:00:00,1.101866599796658
1979-11-19 00:00:00,1.0906775962611739
1979-11-20 00:00:00,1.0923573332331789
1979-11-21 00:00:00,1.0890842653892456
1979-11-23 00:00:00,1.0942549331685596
1979-11-26 00:00:00,1.0917202322858506
1979-11-27 00:00:00,1.0890294690829656
1979-11-28 00:00:00,1.0894005861630234
1979-11-29 00:00:00,1.0874330032697657
1979-11-30 00:00:00,1.0845775789933503
1979-12-03 00:00:00,1.0705264847929439
1979-12-04 00:00:00,1.0826759777868935
1979-12-05 00:00:00,1.0905237764181421
1979-12-06 00:00:00,1.0892906803119249
1979-12-07 00:00:00,1.0932954846684704
1979-12-10 00:00:00,1.091486796508411
1979-12-11 00:00:00,1.0852844602098761
1979-12-12 00:00:00,1.0855110526420977
1979-12-13 00:00:00,1.082797015793602
1979-12-14 00:00:00,1.0836136757701076
1979-12-17 00:00:00,1.0850166027561012
1979-12-18 00:00:00,1.0855366117275165
1979-12-19 00:00:00,1.0822343346977794
1979-12-20 00:00:00,1.0845220125130426
1979-12-21 00:00:00,1.086507984237687
1979-12-24 00:00:00,1.0820334416074484
1979-12-26 00:00:00,1.0819664772440047
1979-12-27 00:00:00,1.0726894044334245
1979-12-28 00:00:00,1.0745649912432493
1979-12-31 00:00:00,1.0752435428239815
1980-01-02 00:00:00,1.0706899705441977
1980-01-03 00:00:00,1.067613819701981
1980-01-04 00:00:00,1.0713060672843056
1980-01-07 00:00:00,1.067178170266367
1980-01-08 00:00:00,1.0705721906763161
1980-01-09 00:00:00,1.068400834516682
1980-01-10 00:00:00,1.0701380705051142
1980-01-11 00:00:00,1.0708213128399164
1980-01-14 00:00:00,1.0712040377505032
1980-01-15 00:00:00,1.0727831508357646
1980-01-16 00:00:00,1.0724172245044303
1980-01-17 00:00:00,1.0720511539212416
1980-01-18 00:00:00,1.0728810755657987
1980-01-21 00:00:00,1.0734113148173212
1980-01-22 00:00:00,1.0757274198092204
1980-01-23 00:00:00,1.0741721130088824
1980-01-24 00:00:00,1.0749985838503384
1980-01-25 00:00:00,1.0750803999675056
1980-01-28 00:00:00,1.0767960134128336
1980-01-29 00:00:00,1.0779145820166545
1980-01-30 00:00:00,1.0771069264644142
1980-01-31 00:00:00,1.0779286848765275
1980-02-01 00:00:00,1.076379804111747
1980-02-04 00:00:00,1.0769060333740832
1980-02-05 00:00:00,1.075206413571451
1980-02-06 00:00:00,1.070664722802719
1980-02-07 00:00:00,1.0719435744775871
1980-02-08 00:00:00,1.0748568830844523
1980-02-11 00:00:00,1.0722576024326087
1980-02-13 00:00:00,1.0705465448032265
1980-02-14 00:00:00,1.07197439080088
1980-02-15 00:00:00,1.0754803141873353
1980-02-19 00:00:00,1.0805870255308991
1980-02-20 00:00:00,1.078455799907299
1980-02-21 00:00:00,1.0782411231817022
1980-02-22 00:00:00,1.0843477392062115
1980-02-25 00:00:00,1.085595646272947
1980-02-26 00:00:00,1.0865494117308572
1980-02-27 00:00:00,1.0863367329900107
1980-02-28 00:00:00,1.084956776143656
1980-02-29 00:00:00,1.0901249524704437
1980-03-03 00:00:00,1.096825802958027
1980-03-04 00:00:00,1.102885231819837
1980-03-05 00:00:00,1.1008304314419781
1980-03-06 00:00:00,1.1050151275915847
1980-03-07 00:00:00,1.1086088240512728
1980-03-10 00:00:00,1.1116220133508428
1980-03-11 00:00:00,1.109876926053348
1980-03-12 00:00:00,1.110089975201654
1980-03-13 00:00:00,1.1139295217432315
1980-03-14 00:00:00,1.119399354663555
1980-03-17 00:00:00,1.1408432914717828
1980-03-18 00:00:00,1.1395795117834906
1980-03-19 00:00:00,1.1363090225721262
1980-03-20 00:00:00,1.1343652197844474
1980-03-21 00:00:00,1.138579379004957
1980-03-24 00:00:00,1.1424977292011613
1980-03-25 00:00:00,1.1412380226204226
1980-03-26 00:00:00,1.140374540927677
1980-03-27 00:00:00,1.15461029165206
1980-03-28 00:00:00,1.1542840458510857
1980-03-31 00:00:00,1.1614332079959164
1980-04-01 00:00:00,1.1659577407571242
1980-04-02 00:00:00,1.1661447823100373
1980-04-03 00:00:00,1.1693696490532137
1980-04-04 00:00:00,1.1725756014077116
1980-04-07 00:00:00,1.177507333915335
1980-04-08 00:00:00,1.1574346691042336
1980-04-09 00:00:00,1.1355721875140705
1980-04-10 00:00:00,1.1338976064477435
1980-04-11 00:00:00,1.1373082575783615
1980-04-14 00:00:00,1.1321516475198183
1980-04-15 00:00:00,1.1424844711914388
1980-04-16 00:00:00,1.127832750708741
1980-04-17 00:00:00,1.1276302913969918
1980-04-18 00:00:00,1.124846879404803
1980-04-21 00:00:00,1.1239625408297158
1980-04-22 00:00:00,1.1277003570979118
1980-04-23 00:00:00,1.1103164561489554
1980-04-24 00:00:00,1.1052080497961052
1980-04-25 00:00:00,1.1037331417388985
1980-04-28 00:00:00,1.0975742567091973
1980-04-29 00:00:00,1.0864430345108156
1980-04-30 00:00:00,1.0857957716508568
1980-05-01 00:00:00,1.087757442719478
1980-05-02 00:00:00,1.1033983199216801
1980-05-05 00:00:00,1.0905099038144437
1980-05-06 00:00:00,1.0861082126935973
1980-05-07 00:00:00,1.087778840412699
1980-05-08 00:00:00,1.0903090107241127
1980-05-09 00:00:00,1.0952604866490465
1980-05-12 00:00:00,1.0921874386062465
1980-05-13 00:00:00,1.0898200936494278
1980-05-14 00:00:00,1.0880221174312252
1980-05-15 00:00:00,1.0878106797606388
1980-05-16 00:00:00,1.0901951122173528
1980-05-19 00:00:00,1.0924263536587973
1980-05-20 00:00:00,1.0943632069126668
1980-05-21 00:00:00,1.0847913061992016
1980-05-22 00:00:00,1.0835620884245636
1980-05-23 00:00:00,1.0764748910166637
1980-05-27 00:00:00,1.0704958553954291
1980-05-28 00:00:00,1.0748682547189736
1980-05-29 00:00:00,1.0771559325342366
1980-05-30 00:00:00,1.079141904258881
1980-06-02 00:00:00,1.0817043715597194
1980-06-03 00:00:00,1.0788615647489734
1980-06-04 00:00:00,1.078208607615759
1980-06-05 00:00:00,1.074761292180359
1980-06-06 00:00:00,1.0738094329890582
1980-06-09 00:00:00,1.0704869401287023
1980-06-10 00:00:00,1.0698262117609922
1980-06-11 00:00:00,1.0715388290963652
1980-06-12 00:00:00,1.070582715097193
1980-06-13 00:00:00,1.0636561259514417
1980-06-16 00:00:00,1.067624672158738
1980-06-17 00:00:00,1.0723066957316005
1980-06-18 00:00:00,1.06942442558033
1980-06-19 00:00:00,1.0714331416224894
1980-06-20 00:00:00,1.070477454483489
1980-06-23 00:00:00,1.071151181308842
1980-06-24 00:00:00,1.0733009669047768
1980-06-25 00:00:00,1.0732340025413332
1980-06-26 00:00:00,1.0699130714627558
1980-06-27 00:00:00,1.0667239660183825
1980-06-30 00:00:00,1.0688887106727807
1980-07-01 00:00:00,1.067334835487582
1980-07-02 00:00:00,1.063984037185745
1980-07-03 00:00:00,1.0651132094063307
1980-07-07 00:00:00,1.0572298609993607
1980-07-08 00:00:00,1.056254656370004
1980-07-09 00:00:00,1.056793332445951
1980-07-10 00:00:00,1.0539963465931297
1980-07-11 00:00:00,1.0540813635678516
1980-07-14 00:00:00,1.0574997985832564
1980-07-15 00:00:00,1.0574328342198125
1980-07-16 00:00:00,1.0570635634955405
1980-07-17 00:00:00,1.0518348615906985
1980-07-18 00:00:00,1.056021835182203
1980-07-21 00:00:00,1.0545906899069875
1980-07-22 00:00:00,1.0525479669206148
1980-07-23 00:00:00,1.0553665463537474
1980-07-24 00:00:00,1.051804854277887
1980-07-25 00:00:00,1.052499277160516
1980-07-28 00:00:00,1.0557714407296863
1980-07-29 00:00:00,1.059477364824735
1980-07-30 00:00:00,1.0659955482187082
1980-07-31 00:00:00,1.0700829463526982
1980-08-01 00:00:00,1.0723774001194006
1980-08-04 00:00:00,1.0737817342053504
1980-08-05 00:00:00,1.0664715932325821
1980-08-06 00:00:00,1.065213955074765
1980-08-07 00:00:00,1.0694523098902775
1980-08-08 00:00:00,1.0707153948141475
1980-08-11 00:00:00,1.0699098685762667
1980-08-12 00:00:00,1.06687977976947
1980-08-13 00:00:00,1.066664285186904
1980-08-14 00:00:00,1.0691174880730592
1980-08-15 00:00:00,1.0709707855764283
1980-08-18 00:00:00,1.07340592818139
1980-08-19 00:00:00,1.0753918999060343
1980-08-20 00:00:00,1.0725371418495435
1980-08-21 00:00:00,1.0704078925424496
1980-08-22 00:00:00,1.079130931958437
1980-08-25 00:00:00,1.0757093363219754
1980-08-26 00:00:00,1.0747642215715265
1980-08-27 00:00:00,1.0717609834405746
1980-08-28 00:00:00,1.0678557891069622
1980-08-29 00:00:00,1.0698585355458805
1980-09-02 00:00:00,1.0625170253925753
1980-09-03 00:00:00,1.0621513152434372
1980-09-04 00:00:00,1.0616359619899962
1980-09-05 00:00:00,1.0641055868399747
1980-09-08 00:00:00,1.0606042814304928
1980-09-09 00:00:00,1.0599380931922964
1980-09-10 00:00:00,1.0624138410063861
1980-09-11 00:00:00,1.0618989199610336
1980-09-12 00:00:00,1.0634728816252292
1980-09-15 00:00:00,1.0641503569724609
1980-09-16 00:00:00,1.0622952304856688
1980-09-17 00:00:00,1.0613322446868936
1980-09-18 00:00:00,1.0652872008389673
1980-09-19 00:00:00,1.0665550827642674
1980-09-22 00:00:00,1.0694441412800346
1980-09-23 00:00:00,1.067900937672956
1980-09-24 00:00:00,1.0627881712234553
1980-09-25 00:00:00,1.0636146420649113
1980-09-26 00:00:00,1.061162311963153
1980-09-29 00:00:00,1.0660051227869827
1980-09-30 00:00:00,1.0648999447632321
1980-10-01 00:00:00,1.0640903292397985
1980-10-02 00:00:00,1.0663967115043398
1980-10-03 00:00:00,1.0651442141736316
1980-10-06 00:00:00,1.0622524563159057
1980-10-07 00:00:00,1.06352516124106
1980-10-08 00:00:00,1.0627142944099675
1980-10-09 00:00:00,1.0650246729313666
1980-10-10 00:00:00,1.0628780340670307
1980-10-14 00:00:00,1.0669634365847445
1980-10-15 00:00:00,1.0674873925321517
1980-10-16 00:00:00,1.0693370124723591
1980-10-17 00:00:00,1.0735240924269212
1980-10-20 00:00:00,1.0789870583033985
1980-10-21 00:00:00,1.0771791976642593
1980-10-22 00:00:00,1.0808779169727751
1980-10-23 00:00:00,1.0774809584865834
1980-10-24 00:00:00,1.0791536502228039
1980-10-27 00:00:00,1.0858528990378828
1980-10-28 00:00:00,1.0900656887667868
1980-10-29 00:00:00,1.0857189703109955
1980-10-30 00:00:00,1.08865100773224
1980-10-31 00:00:00,1.0898647956764558
1980-11-03 00:00:00,1.0975661258560685
1980-11-05 00:00:00,1.1025300288353495
1980-11-06 00:00:00,1.1059319992478127
1980-11-07 00:00:00,1.1121955806602766
1980-11-10 00:00:00,1.0968771184801074
1980-11-12 00:00:00,1.0982128400003874
1980-11-13 00:00:00,1.0959000032774324
1980-11-14 00:00:00,1.0980789112734999
1980-11-17 00:00:00,1.1062215868503138
1980-11-18 00:00:00,1.1054632487037068
1980-11-19 00:00:00,1.103317342255504
1980-11-20 00:00:00,1.1043600481282534
1980-11-21 00:00:00,1.1063681690356817
1980-11-24 00:00:00,1.1051953912499322
1980-11-25 00:00:00,1.1055433473698317
1980-11-26 00:00:00,1.1069952912077095
1980-11-28 00:00:00,1.1100917526022949
1980-12-01 00:00:00,1.12022453504526
1980-12-02 00:00:00,1.1201575706818163
1980-12-03 00:00:00,1.118740775116002
1980-12-04 00:00:00,1.1208320576848725
1980-12-05 00:00:00,1.1283900300424903
1980-12-08 00:00:00,1.1256589302437034
1980-12-09 00:00:00,1.1334164689257467
1980-12-10 00:00:00,1.1424983178849963
1980-12-11 00:00:00,1.1509265927553742
1980-12-12 00:00:00,1.1475279859439942
1980-12-15 00:00:00,1.1345958720260831
1980-12-16 00:00:00,1.150470105329162
1980-12-17 00:00:00,1.1327511571439421
1980-12-18 00:00:00,1.136624587432657
1980-12-19 00:00:00,1.1315619314268028
1980-12-22 00:00:00,1.1291135382886275
1980-12-23 00:00:00,1.1242543897727943
1980-12-24 00:00:00,1.1092977759961682
1980-12-26 00:00:00,1.1106000286333912
1980-12-29 00:00:00,1.120298955190285
1980-12-30 00:00:00,1.1239865323190195
1980-12-31 00:00:00,1.1232508734375126
1981-01-02 00:00:00,1.1278488132176951
1981-01-05 00:00:00,1.1154395514484592
1981-01-06 00:00:00,1.1005468547108184
1981-01-07 00:00:00,1.1155767059771278
1981-01-08 00:00:00,1.1217104769672392
1981-01-09 00:00:00,1.125386076499676
1981-01-12 00:00:00,1.1303603070383783
1981-01-13 00:00:00,1.1384258667669394
1981-01-14 00:00:00,1.134306878934634
1981-01-15 00:00:00,1.137248964199181
1981-01-16 00:00:00,1.1403052963308935
1981-01-19 00:00:00,1.1408868997124197
1981-01-20 00:00:00,1.1378304776278458
1981-01-21 00:00:00,1.1343654282217226
1981-01-22 00:00:00,1.1431439359290017
1981-01-23 00:00:00,1.1497507258158348
1981-01-26 00:00:00,1.1543855033132717
1981-01-27 00:00:00,1.1677007797598378
1981-01-28 00:00:00,1.1651563760121768
1981-01-29 00:00:00,1.169294603263897
1981-01-30 00:00:00,1.1773019294505402
1981-02-02 00:00:00,1.168667571725361
1981-02-03 00:00:00,1.1741232244919424
1981-02-04 00:00:00,1.163827526602171
1981-02-05 00:00:00,1.1758181493884545
1981-02-06 00:00:00,1.1774527368714958
1981-02-09 00:00:00,1.1714075731479008
1981-02-10 00:00:00,1.1763471271982842
1981-02-11 00:00:00,1.1767662145429907
1981-02-13 00:00:00,1.1940376950346017
1981-02-17 00:00:00,1.1927922685049206
1981-02-18 00:00:00,1.1903607890704104
1981-02-19 00:00:00,1.1708831165010862
1981-02-20 00:00:00,1.161663557346418
1981-02-23 00:00:00,1.1659440449779934
1981-02-24 00:00:00,1.1775107461672214
1981-02-25 00:00:00,1.1786544321235928
1981-02-26 00:00:00,1.1824439621641254
1981-02-27 00:00:00,1.1857296129519834
1981-03-02 00:00:00,1.1934857589148429
1981-03-03 00:00:00,1.1950640588831676
1981-03-04 00:00:00,1.184333682283449
1981-03-05 00:00:00,1.1876063454132333
1981-03-06 00:00:00,1.1901492968643546
1981-03-09 00:00:00,1.1871155618466214
1981-03-10 00:00:00,1.1795010712380627
1981-03-11 00:00:00,1.1899484037740233
1981-03-12 00:00:00,1.1791258511512264
1981-03-13 00:00:00,1.1802642990361856
1981-03-16 00:00:00,1.1741440403023624
1981-03-17 00:00:00,1.1685725165092766
1981-03-18 00:00:00,1.1573322995432023
1981-03-19 00:00:00,1.155381496775425
1981-03-20 00:00:00,1.1609473854943946
1981-03-23 00:00:00,1.1687961459323521
1981-03-24 00:00:00,1.1678687972869797
1981-03-25 00:00:00,1.1687850217816613
1981-03-26 00:00:00,1.1748242480031237
1981-03-27 00:00:00,1.1813978896080302
1981-03-30 00:00:00,1.1746903192762363
1981-03-31 00:00:00,1.1770472874009443
1981-04-01 00:00:00,1.172487746434175
1981-04-02 00:00:00,1.1744894261859051
1981-04-03 00:00:00,1.1822619801179242
1981-04-06 00:00:00,1.1939260860786467
1981-04-07 00:00:00,1.178161783969189
1981-04-08 00:00:00,1.1862369760121072
1981-04-09 00:00:00,1.1885421521417059
1981-04-10 00:00:00,1.189421195779347
1981-04-13 00:00:00,1.1982610315452145
1981-04-14 00:00:00,1.1970303536187152
1981-04-15 00:00:00,1.2009099433473076
1981-04-16 00:00:00,1.2045314683897173
1981-04-17 00:00:00,1.2056120448828729
1981-04-20 00:00:00,1.2066902004037574
1981-04-21 00:00:00,1.2029042508602825
1981-04-22 00:00:00,1.1975597363252664
1981-04-23 00:00:00,1.1990025463490277
1981-04-24 00:00:00,1.201827306803971
1981-04-27 00:00:00,1.2047515333059111
1981-04-28 00:00:00,1.2085714216556396
1981-04-29 00:00:00,1.2096423600503727
1981-04-30 00:00:00,1.2084374929287522
1981-05-01 00:00:00,1.2083705285653086
1981-05-04 00:00:00,1.2268878965857188
1981-05-05 00:00:00,1.232729605503621
1981-05-06 00:00:00,1.2277433271059406
1981-05-07 00:00:00,1.2336826783361998
1981-05-08 00:00:00,1.229910760637644
1981-05-11 00:00:00,1.2346335191327227
1981-05-12 00:00:00,1.2393131975366782
1981-05-13 00:00:00,1.2398901968730367
1981-05-14 00:00:00,1.244734186803137
1981-05-15 00:00:00,1.2463646307799567
1981-05-18 00:00:00,1.2391527222089649
1981-05-19 00:00:00,1.2415495032158153
1981-05-20 00:00:00,1.2391261536620677
1981-05-21 00:00:00,1.245248758879065
1981-05-22 00:00:00,1.245605973959823
1981-05-26 00:00:00,1.2509172484307238
1981-05-27 00:00:00,1.2558617763685356
1981-05-28 00:00:00,1.2417885340166168
1981-05-29 00:00:00,1.2508212570952764
1981-06-01 00:00:00,1.2513832584929414
1981-06-02 00:00:00,1.2595271791530869
1981-06-03 00:00:00,1.264283817578507
1981-06-04 00:00:00,1.2789166779969954
1981-06-05 00:00:00,1.2835908481216496
1981-06-08 00:00:00,1.277988209098438
1981-06-09 00:00:00,1.2789142248267495
1981-06-10 00:00:00,1.2698395827825963
1981-06-11 00:00:00,1.2817475656982418
1981-06-12 00:00:00,1.2793081839374683
1981-06-15 00:00:00,1.2604688738133027
1981-06-16 00:00:00,1.266025191754992
1981-06-17 00:00:00,1.2634098351568284
1981-06-18 00:00:00,1.267616943567986
1981-06-19 00:00:00,1.2693708322384905
1981-06-22 00:00:00,1.2657573343012174
1981-06-23 00:00:00,1.2631419777030535
1981-06-24 00:00:00,1.2666392177596948
1981-06-25 00:00:00,1.2747265340332636
1981-06-26 00:00:00,1.2760557732332511
1981-06-29 00:00:00,1.2769837436467826
1981-06-30 00:00:00,1.27751280153181
1981-07-01 00:00:00,1.282975003687607
1981-07-02 00:00:00,1.2832025371877605
1981-07-03 00:00:00,1.284605476307403
1981-07-06 00:00:00,1.2951877451256364
1981-07-07 00:00:00,1.2928166439740096
1981-07-08 00:00:00,1.3017136480102307
1981-07-09 00:00:00,1.296898826813939
1981-07-10 00:00:00,1.293000516472421
1981-07-13 00:00:00,1.2871306282881003
1981-07-14 00:00:00,1.2964116073473915
1981-07-15 00:00:00,1.2879685530161509
1981-07-16 00:00:00,1.2888715550135579
1981-07-17 00:00:00,1.2931462332155266
1981-07-20 00:00:00,1.298334697299318
1981-07-21 00:00:00,1.3058135215946733
1981-07-22 00:00:00,1.300665851650492
1981-07-23 00:00:00,1.3000311138333682
1981-07-24 00:00:00,1.2974962231545852
1981-07-27 00:00:00,1.2959043885949673
1981-07-28 00:00:00,1.2985028697853689
1981-07-29 00:00:00,1.3021246757301876
1981-07-30 00:00:00,1.3053447710505677
1981-07-31 00:00:00,1.303026194156954
1981-08-03 00:00:00,1.3214252146706973
1981-08-04 00:00:00,1.3214252146706973
1981-08-05 00:00:00,1.3214252146706973
1981-08-06 00:00:00,1.3214252146706973
1981-08-07 00:00:00,1.3214252146706973
1981-08-10 00:00:00,1.3214252146706973
1981-08-11 00:00:00,1.3214252146706973
1981-08-12 00:00:00,1.3214252146706973
1981-08-13 00:00:00,1.3214252146706973
1981-08-14 00:00:00,1.3214252146706973
1981-08-17 00:00:00,1.3214252146706973
1981-08-18 00:00:00,1.3214252146706973
1981-08-19 00:00:00,1.3214252146706973
1981-08-20 00:00:00,1.3214252146706973
1981-08-21 00:00:00,1.3214252146706973
1981-08-24 00:00:00,1.3214252146706973
1981-08-25 00:00:00,1.3214252146706973
1981-08-26 00:00:00,1.3214252146706973
1981-08-27 00:00:00,1.3214252146706973
1981-08-28 00:00:00,1.3214252146706973
1981-08-31 00:00:00,1.3214252146706973
1981-09-01 00:00:00,1.3214252146706973
1981-09-02 00:00:00,1.3214252146706973
1981-09-03 00:00:00,1.3214252146706973
1981-09-04 00:00:00,1.3214252146706973
1981-09-08 00:00:00,1.3214252146706973
1981-09-09 00:00:00,1.3214252146706973
1981-09-10 00:00:00,1.3214252146706973
1981-09-11 00:00:00,1.3214252146706973
1981-09-14 00:00:00,1.3214252146706973
1981-09-15 00:00:00,1.3214252146706973
1981-09-16 00:00:00,1.3214252146706973
1981-09-17 00:00:00,1.3214252146706973
1981-09-18 00:00:00,1.3214252146706973
1981-09-21 00:00:00,1.3214252146706973
1981-09-22 00:00:00,1.3214252146706973
1981-09-23 00:00:00,1.3214252146706973
1981-09-24 00:00:00,1.3214252146706973
1981-09-25 00:00:00,1.3214252146706973
1981-09-28 00:00:00,1.3214252146706973
1981-09-29 00:00:00,1.3214252146706973
1981-09-30 00:00:00,1.3214252146706973
1981-10-01 00:00:00,1.3214252146706973
1981-10-02 00:00:00,1.3214252146706973
1981-10-05 00:00:00,1.3214252146706973
1981-10-06 00:00:00,1.3214252146706973
1981-10-07 00:00:00,1.3214252146706973
1981-10-08 00:00:00,1.3214252146706973
1981-10-09 00:00:00,1.3214252146706973
1981-10-13 00:00:00,1.3214252146706973
1981-10-14 00:00:00,1.3214252146706973
1981-10-15 00:00:00,1.3214252146706973
1981-10-16 00:00:00,1.3214252146706973
1981-10-19 00:00:00,1.3214252146706973
1981-10-20 00:00:00,1.3214252146706973
1981-10-21 00:00:00,1.3214252146706973
1981-10-22 00:00:00,1.3214252146706973
1981-10-23 00:00:00,1.3214252146706973
1981-10-26 00:00:00,1.3214252146706973
1981-10-27 00:00:00,1.3214252146706973
1981-10-28 00:00:00,1.3214252146706973
1981-10-29 00:00:00,1.3214252146706973
1981-10-30 00:00:00,1.3214252146706973
1981-11-02 00:00:00,1.3214252146706973
1981-11-04 00:00:00,1.3214252146706973
1981-11-05 00:00:00,1.3214252146706973
1981-11-06 00:00:00,1.3214252146706973
1981-11-09 00:00:00,1.3214252146706973
1981-11-10 00:00:00,1.3214252146706973
1981-11-12 00:00:00,1.3214252146706973
1981-11-13 00:00:00,1.3214252146706973
1981-11-16 00:00:00,1.3214252146706973
1981-11-17 00:00:00,1.3214252146706973
1981-11-18 00:00:00,1.3214252146706973
1981-11-19 00:00:00,1.3214252146706973
1981-11-20 00:00:00,1.3214252146706973
1981-11-23 00:00:00,1.3214252146706973
1981-11-24 00:00:00,1.3214252146706973
1981-11-25 00:00:00,1.3214252146706973
1981-11-27 00:00:00,1.3214252146706973
1981-11-30 00:00:00,1.3214252146706973
1981-12-01 00:00:00,1.3214252146706973
1981-12-02 00:00:00,1.3214252146706973
1981-12-03 00:00:00,1.3214252146706973
1981-12-04 00:00:00,1.3214252146706973
1981-12-07 00:00:00,1.3214252146706973
1981-12-08 00:00:00,1.3214252146706973
1981-12-09 00:00:00,1.3214252146706973
1981-12-10 00:00:00,1.3214252146706973
1981-12-11 00:00:00,1.3214252146706973
1981-12-14 00:00:00,1.3214252146706973
1981-12-15 00:00:00,1.3214252146706973
1981-12-16 00:00:00,1.3214252146706973
1981-12-17 00:00:00,1.3214252146706973
1981-12-18 00:00:00,1.3214252146706973
1981-12-21 00:00:00,1.3214252146706973
1981-12-22 00:00:00,1.3214252146706973
1981-12-23 00:00:00,1.3214252146706973
1981-12-24 00:00:00,1.3214252146706973
1981-12-28 00:00:00,1.3214252146706973
1981-12-29 00:00:00,1.3214252146706973
1981-12-30 00:00:00,1.3214252146706973
1981-12-31 00:00:00,1.3214252146706973
1982-01-04 00:00:00,1.3214252146706973
1982-01-05 00:00:00,1.3214252146706973
1982-01-06 00:00:00,1.3214252146706973
1982-01-07 00:00:00,1.3214252146706973
1982-01-08 00:00:00,1.3214252146706973
1982-01-11 00:00:00,1.3214252146706973
1982-01-12 00:00:00,1.3214252146706973
1982-01-13 00:00:00,1.3214252146706973
1982-01-14 00:00:00,1.3214252146706973
1982-01-15 00:00:00,1.3214252146706973
1982-01-18 00:00:00,1.3214252146706973
1982-01-19 00:00:00,1.3214252146706973
1982-01-20 00:00:00,1.3214252146706973
1982-01-21 00:00:00,1.3214252146706973
1982-01-22 00:00:00,1.3214252146706973
1982-01-25 00:00:00,1.3214252146706973
1982-01-26 00:00:00,1.3214252146706973
1982-01-27 00:00:00,1.3214252146706973
1982-01-28 00:00:00,1.3214252146706973
1982-01-29 00:00:00,1.3214252146706973
1982-02-01 00:00:00,1.3214252146706973
1982-02-02 00:00:00,1.3214252146706973
1982-02-03 00:00:00,1.3214252146706973
1982-02-04 00:00:00,1.3214252146706973
1982-02-05 00:00:00,1.3214252146706973
1982-02-08 00:00:00,1.3214252146706973
1982-02-09 00:00:00,1.3214252146706973
1982-02-10 00:00:00,1.3214252146706973
1982-02-11 00:00:00,1.3214252146706973
1982-02-16 00:00:00,1.3214252146706973
1982-02-17 00:00:00,1.3214252146706973
1982-02-18 00:00:00,1.3214252146706973
1982-02-19 00:00:00,1.3214252146706973
1982-02-22 00:00:00,1.3214252146706973
1982-02-23 00:00:00,1.3214252146706973
1982-02-24 00:00:00,1.3214252146706973
1982-02-25 00:00:00,1.3214252146706973
1982-02-26 00:00:00,1.3214252146706973
1982-03-01 00:00:00,1.3214252146706973
1982-03-02 00:00:00,1.3214252146706973
1982-03-03 00:00:00,1.3214252146706973
1982-03-04 00:00:00,1.3214252146706973
1982-03-05 00:00:00,1.3214252146706973
1982-03-08 00:00:00,1.3214252146706973
1982-03-09 00:00:00,1.3214252146706973
1982-03-10 00:00:00,1.3214252146706973
1982-03-11 00:00:00,1.3214252146706973
1982-03-12 00:00:00,1.3214252146706973
1982-03-15 00:00:00,1.3214252146706973
1982-03-16 00:00:00,1.3214252146706973
1982-03-17 00:00:00,1.3214252146706973
1982-03-18 00:00:00,1.3214252146706973
1982-03-19 00:00:00,1.3214252146706973
1982-03-22 00:00:00,1.3214252146706973
1982-03-23 00:00:00,1.3214252146706973
1982-03-24 00:00:00,1.3214252146706973
1982-03-25 00:00:00,1.3214252146706973
1982-03-26 00:00:00,1.3214252146706973
1982-03-29 00:00:00,1.3214252146706973
1982-03-30 00:00:00,1.3214252146706973
1982-03-31 00:00:00,1.3214252146706973
1982-04-01 00:00:00,1.3214252146706973
1982-04-02 00:00:00,1.3214252146706973
1982-04-05 00:00:00,1.3214252146706973
1982-04-06 00:00:00,1.3214252146706973
1982-04-07 00:00:00,1.3214252146706973
1982-04-08 00:00:00,1.3214252146706973
1982-04-09 00:00:00,1.3214252146706973
1982-04-12 00:00:00,1.3214252146706973
1982-04-13 00:00:00,1.3214252146706973
1982-04-14 00:00:00,1.3214252146706973
1982-04-15 00:00:00,1.3214252146706973
1982-04-16 00:00:00,1.3214252146706973
1982-04-19 00:00:00,1.3214252146706973
1982-04-20 00:00:00,1.3214252146706973
1982-04-21 00:00:00,1.3214252146706973
1982-04-22 00:00:00,1.3214252146706973
1982-04-23 00:00:00,1.3214252146706973
1982-04-26 00:00:00,1.3214252146706973
1982-04-27 00:00:00,1.3214252146706973
1982-04-28 00:00:00,1.3214252146706973
1982-04-29 00:00:00,1.3214252146706973
1982-04-30 00:00:00,1.3214252146706973
1982-05-03 00:00:00,1.3214252146706973
1982-05-04 00:00:00,1.3214252146706973
1982-05-05 00:00:00,1.3214252146706973
1982-05-06 00:00:00,1.3214252146706973
1982-05-07 00:00:00,1.3214252146706973
1982-05-10 00:00:00,1.3214252146706973
1982-05-11 00:00:00,1.3214252146706973
1982-05-12 00:00:00,1.3214252146706973
1982-05-13 00:00:00,1.3214252146706973
1982-05-14 00:00:00,1.3214252146706973
1982-05-17 00:00:00,1.3214252146706973
1982-05-18 00:00:00,1.3214252146706973
1982-05-19 00:00:00,1.3214252146706973
1982-05-20 00:00:00,1.3214252146706973
1982-05-21 00:00:00,1.3214252146706973
1982-05-24 00:00:00,1.3214252146706973
1982-05-25 00:00:00,1.3214252146706973
1982-05-26 00:00:00,1.3214252146706973
1982-05-27 00:00:00,1.3214252146706973
1982-05-28 00:00:00,1.3214252146706973
1982-06-01 00:00:00,1.3214252146706973
1982-06-02 00:00:00,1.3214252146706973
1982-06-03 00:00:00,1.3214252146706973
1982-06-04 00:00:00,1.3214252146706973
1982-06-07 00:00:00,1.3214252146706973
1982-06-08 00:00:00,1.3214252146706973
1982-06-09 00:00:00,1.3214252146706973
1982-06-10 00:00:00,1.3214252146706973
1982-06-11 00:00:00,1.3214252146706973
1982-06-14 00:00:00,1.3214252146706973
1982-06-15 00:00:00,1.3214252146706973
1982-06-16 00:00:00,1.3214252146706973
1982-06-17 00:00:00,1.3214252146706973
1982-06-18 00:00:00,1.3214252146706973
1982-06-21 00:00:00,1.3214252146706973
1982-06-22 00:00:00,1.3214252146706973
1982-06-23 00:00:00,1.3214252146706973
1982-06-24 00:00:00,1.3214252146706973
1982-06-25 00:00:00,1.3214252146706973
1982-06-28 00:00:00,1.3214252146706973
1982-06-29 00:00:00,1.3214252146706973
1982-06-30 00:00:00,1.3214252146706973
1982-07-01 00:00:00,1.3214252146706973
1982-07-02 00:00:00,1.3214252146706973
1982-07-06 00:00:00,1.3214252146706973
1982-07-07 00:00:00,1.3214252146706973
1982-07-08 00:00:00,1.3214252146706973
1982-07-09 00:00:00,1.3214252146706973
1982-07-12 00:00:00,1.3214252146706973
1982-07-13 00:00:00,1.3214252146706973
1982-07-14 00:00:00,1.3214252146706973
1982-07-15 00:00:00,1.3214252146706973
1982-07-16 00:00:00,1.3214252146706973
1982-07-19 00:00:00,1.3214252146706973
1982-07-20 00:00:00,1.3214252146706973
1982-07-21 00:00:00,1.3214252146706973
1982-07-22 00:00:00,1.3214252146706973
1982-07-23 00:00:00,1.3214252146706973
1982-07-26 00:00:00,1.3214252146706973
1982-07-27 00:00:00,1.3214252146706973
1982-07-28 00:00:00,1.3214252146706973
1982-07-29 00:00:00,1.3214252146706973
1982-07-30 00:00:00,1.3214252146706973
1982-08-02 00:00:00,1.3214252146706973
1982-08-03 00:00:00,1.3214252146706973
1982-08-04 00:00:00,1.3214252146706973
1982-08-05 00:00:00,1.3214252146706973
1982-08-06 00:00:00,1.3214252146706973
1982-08-09 00:00:00,1.3214252146706973
1982-08-10 00:00:00,1.3214252146706973
1982-08-11 00:00:00,1.3214252146706973
1982-08-12 00:00:00,1.3214252146706973
1982-08-13 00:00:00,1.3214252146706973
1982-08-16 00:00:00,1.3214252146706973
1982-08-17 00:00:00,1.3214252146706973
1982-08-18 00:00:00,1.3214252146706973
1982-08-19 00:00:00,1.3214252146706973
1982-08-20 00:00:00,1.3214252146706973
1982-08-23 00:00:00,1.3214252146706973
1982-08-24 00:00:00,1.3214252146706973
1982-08-25 00:00:00,1.3214252146706973
1982-08-26 00:00:00,1.3214252146706973
1982-08-27 00:00:00,1.3214252146706973
1982-08-30 00:00:00,1.3214252146706973
1982-08-31 00:00:00,1.3214252146706973
1982-09-01 00:00:00,1.3214252146706973
1982-09-02 00:00:00,1.3214252146706973
1982-09-03 00:00:00,1.3214252146706973
1982-09-07 00:00:00,1.3214252146706973
1982-09-08 00:00:00,1.3214252146706973
1982-09-09 00:00:00,1.3214252146706973
1982-09-10 00:00:00,1.3214252146706973
1982-09-13 00:00:00,1.3214252146706973
1982-09-14 00:00:00,1.3214252146706973
1982-09-15 00:00:00,1.3214252146706973
1982-09-16 00:00:00,1.3214252146706973
1982-09-17 00:00:00,1.3214252146706973
1982-09-20 00:00:00,1.3214252146706973
1982-09-21 00:00:00,1.3214252146706973
1982-09-22 00:00:00,1.3214252146706973
1982-09-23 00:00:00,1.3214252146706973
1982-09-24 00:00:00,1.3214252146706973
1982-09-27 00:00:00,1.3214252146706973
1982-09-28 00:00:00,1.3214252146706973
1982-09-29 00:00:00,1.3214252146706973
1982-09-30 00:00:00,1.3214252146706973
1982-10-01 00:00:00,1.3214252146706973
1982-10-04 00:00:00,1.3214252146706973
1982-10-05 00:00:00,1.3214252146706973
1982-10-06 00:00:00,1.3214252146706973
1982-10-08 00:00:00,1.3214252146706973
1982-10-12 00:00:00,1.3214252146706973
1982-10-13 00:00:00,1.3214252146706973
1982-10-14 00:00:00,1.3214252146706973
1982-10-15 00:00:00,1.3214252146706973
1982-10-18 00:00:00,1.3214252146706973
1982-10-19 00:00:00,1.3214252146706973
1982-10-20 00:00:00,1.3214252146706973
1982-10-21 00:00:00,1.3214252146706973
1982-10-22 00:00:00,1.3214252146706973
1982-10-25 00:00:00,1.3214252146706973
1982-10-26 00:00:00,1.3214252146706973
1982-10-27 00:00:00,1.3214252146706973
1982-10-28 00:00:00,1.3214252146706973
1982-10-29 00:00:00,1.3214252146706973
1982-11-01 00:00:00,1.3214252146706973
1982-11-03 00:00:00,1.3214252146706973
1982-11-04 00:00:00,1.3214252146706973
1982-11-05 00:00:00,1.3214252146706973
1982-11-08 00:00:00,1.3214252146706973
1982-11-09 00:00:00,1.3214252146706973
1982-11-10 00:00:00,1.3214252146706973
1982-11-12 00:00:00,1.3214252146706973
1982-11-15 00:00:00,1.3214252146706973
1982-11-16 00:00:00,1.3214252146706973
1982-11-17 00:00:00,1.3214252146706973
1982-11-18 00:00:00,1.3214252146706973
1982-11-19 00:00:00,1.3214252146706973
1982-11-22 00:00:00,1.3214252146706973
1982-11-23 00:00:00,1.3214252146706973
1982-11-24 00:00:00,1.3214252146706973
1982-11-26 00:00:00,1.3214252146706973
1982-11-29 00:00:00,1.3214252146706973
1982-11-30 00:00:00,1.3214252146706973
1982-12-01 00:00:00,1.3214252146706973
1982-12-02 00:00:00,1.3214252146706973
1982-12-03 00:00:00,1.3214252146706973
1982-12-06 00:00:00,1.3214252146706973
1982-12-07 00:00:00,1.3214252146706973
1982-12-08 00:00:00,1.3214252146706973
1982-12-09 00:00:00,1.3214252146706973
1982-12-10 00:00:00,1.3214252146706973
1982-12-13 00:00:00,1.3214252146706973
1982-12-14 00:00:00,1.3214252146706973
1982-12-15 00:00:00,1.3214252146706973
1982-12-16 00:00:00,1.3214252146706973
1982-12-17 00:00:00,1.3214252146706973
1982-12-20 00:00:00,1.3214252146706973
1982-12-21 00:00:00,1.3214252146706973
1982-12-22 00:00:00,1.3214252146706973
1982-12-23 00:00:00,1.3214252146706973
1982-12-24 00:00:00,1.3214252146706973
1982-12-27 00:00:00,1.3214252146706973
1982-12-28 00:00:00,1.3214252146706973
1982-12-29 00:00:00,1.3214252146706973
1982-12-30 00:00:00,1.3214252146706973
1982-12-31 00:00:00,1.3214252146706973
1983-01-03 00:00:00,1.3214252146706973
1983-01-04 00:00:00,1.3214252146706973
1983-01-05 00:00:00,1.3214252146706973
1983-01-06 00:00:00,1.3214252146706973
1983-01-07 00:00:00,1.3214252146706973
1983-01-10 00:00:00,1.3214252146706973
1983-01-11 00:00:00,1.3214252146706973
1983-01-12 00:00:00,1.3214252146706973
1983-01-13 00:00:00,1.3214252146706973
1983-01-14 00:00:00,1.3214252146706973
1983-01-17 00:00:00,1.3214252146706973
1983-01-18 00:00:00,1.3214252146706973
1983-01-19 00:00:00,1.3214252146706973
1983-01-20 00:00:00,1.3214252146706973
1983-01-21 00:00:00,1.3214252146706973
1983-01-24 00:00:00,1.3214252146706973
1983-01-25 00:00:00,1.3214252146706973
1983-01-26 00:00:00,1.3214252146706973
1983-01-27 00:00:00,1.3214252146706973
1983-01-28 00:00:00,1.3214252146706973
1983-01-31 00:00:00,1.3214252146706973
1983-02-01 00:00:00,1.3214252146706973
1983-02-02 00:00:00,1.3214252146706973
1983-02-03 00:00:00,1.3214252146706973
1983-02-04 00:00:00,1.3214252146706973
1983-02-07 00:00:00,1.3214252146706973
1983-02-08 00:00:00,1.3214252146706973
1983-02-09 00:00:00,1.3214252146706973
1983-02-10 00:00:00,1.3214252146706973
1983-02-11 00:00:00,1.3214252146706973
1983-02-14 00:00:00,1.3214252146706973
1983-02-15 00:00:00,1.3214252146706973
1983-02-16 00:00:00,1.3214252146706973
1983-02-17 00:00:00,1.3214252146706973
1983-02-18 00:00:00,1.3214252146706973
1983-02-22 00:00:00,1.3214252146706973
1983-02-23 00:00:00,1.3214252146706973
1983-02-24 00:00:00,1.3214252146706973
1983-02-25 00:00:00,1.3214252146706973
1983-02-28 00:00:00,1.3214252146706973
1983-03-01 00:00:00,1.3214252146706973
1983-03-02 00:00:00,1.3214252146706973
1983-03-03 00:00:00,1.3214252146706973
1983-03-04 00:00:00,1.3214252146706973
1983-03-07 00:00:00,1.3214252146706973
1983-03-08 00:00:00,1.3214252146706973
1983-03-09 00:00:00,1.3214252146706973
1983-03-10 00:00:00,1.3214252146706973
1983-03-11 00:00:00,1.3214252146706973
1983-03-14 00:00:00,1.3214252146706973
1983-03-15 00:00:00,1.3214252146706973
1983-03-16 00:00:00,1.3214252146706973
1983-03-17 00:00:00,1.3214252146706973
1983-03-18 00:00:00,1.3214252146706973
1983-03-21 00:00:00,1.3214252146706973
1983-03-22 00:00:00,1.3214252146706973
1983-03-23 00:00:00,1.3214252146706973
1983-03-24 00:00:00,1.3214252146706973
1983-03-25 00:00:00,1.3214252146706973
1983-03-28 00:00:00,1.3214252146706973
1983-03-29 00:00:00,1.3214252146706973
1983-03-30 00:00:00,1.3214252146706973
1983-03-31 00:00:00,1.3214252146706973
1983-04-01 00:00:00,1.3214252146706973
1983-04-04 00:00:00,1.3214252146706973
1983-04-05 00:00:00,1.3214252146706973
1983-04-06 00:00:00,1.3214252146706973
1983-04-07 00:00:00,1.3214252146706973
1983-04-08 00:00:00,1.3214252146706973
1983-04-11 00:00:00,1.3214252146706973
1983-04-12 00:00:00,1.3214252146706973
1983-04-13 00:00:00,1.3214252146706973
1983-04-14 00:00:00,1.3214252146706973
1983-04-15 00:00:00,1.3214252146706973
1983-04-18 00:00:00,1.3214252146706973
1983-04-19 00:00:00,1.3214252146706973
1983-04-20 00:00:00,1.3214252146706973
1983-04-21 00:00:00,1.3214252146706973
1983-04-22 00:00:00,1.3214252146706973
1983-04-25 00:00:00,1.3214252146706973
1983-04-26 00:00:00,1.3214252146706973
1983-04-27 00:00:00,1.3214252146706973
1983-04-28 00:00:00,1.3214252146706973
1983-04-29 00:00:00,1.3214252146706973
1983-05-02 00:00:00,1.3214252146706973
1983-05-03 00:00:00,1.3214252146706973
1983-05-04 00:00:00,1.3214252146706973
1983-05-05 00:00:00,1.3214252146706973
1983-05-06 00:00:00,1.3214252146706973
1983-05-09 00:00:00,1.3214252146706973
1983-05-10 00:00:00,1.3214252146706973
1983-05-11 00:00:00,1.3214252146706973
1983-05-12 00:00:00,1.3214252146706973
1983-05-13 00:00:00,1.3214252146706973
1983-05-16 00:00:00,1.3214252146706973
1983-05-17 00:00:00,1.3214252146706973
1983-05-18 00:00:00,1.3214252146706973
1983-05-19 00:00:00,1.3214252146706973
1983-05-20 00:00:00,1.3214252146706973
1983-05-23 00:00:00,1.3214252146706973
1983-05-24 00:00:00,1.3214252146706973
1983-05-25 00:00:00,1.3214252146706973
1983-05-26 00:00:00,1.3214252146706973
1983-05-27 00:00:00,1.3214252146706973
1983-05-31 00:00:00,1.3214252146706973
1983-06-01 00:00:00,1.3214252146706973
1983-06-02 00:00:00,1.3214252146706973
1983-06-03 00:00:00,1.3214252146706973
1983-06-06 00:00:00,1.3214252146706973
1983-06-07 00:00:00,1.3214252146706973
1983-06-08 00:00:00,1.3214252146706973
1983-06-09 00:00:00,1.3214252146706973
1983-06-10 00:00:00,1.3214252146706973
1983-06-13 00:00:00,1.3214252146706973
1983-06-14 00:00:00,1.3214252146706973
1983-06-15 00:00:00,1.3214252146706973
1983-06-16 00:00:00,1.3214252146706973
1983-06-17 00:00:00,1.3214252146706973
1983-06-20 00:00:00,1.3214252146706973
1983-06-21 00:00:00,1.3214252146706973
1983-06-22 00:00:00,1.3214252146706973
1983-06-23 00:00:00,1.3214252146706973
1983-06-24 00:00:00,1.3214252146706973
1983-06-27 00:00:00,1.3214252146706973
1983-06-28 00:00:00,1.3214252146706973
1983-06-29 00:00:00,1.3214252146706973
1983-06-30 00:00:00,1.3214252146706973
1983-07-01 00:00:00,1.3214252146706973
1983-07-05 00:00:00,1.3214252146706973
1983-07-06 00:00:00,1.3214252146706973
1983-07-07 00:00:00,1.3214252146706973
1983-07-08 00:00:00,1.3214252146706973
1983-07-11 00:00:00,1.3214252146706973
1983-07-12 00:00:00,1.3214252146706973
1983-07-13 00:00:00,1.3214252146706973
1983-07-14 00:00:00,1.3214252146706973
1983-07-15 00:00:00,1.3214252146706973
1983-07-18 00:00:00,1.3214252146706973
1983-07-19 00:00:00,1.3214252146706973
1983-07-20 00:00:00,1.3214252146706973
1983-07-21 00:00:00,1.3214252146706973
1983-07-22 00:00:00,1.3214252146706973
1983-07-25 00:00:00,1.3214252146706973
1983-07-26 00:00:00,1.3214252146706973
1983-07-27 00:00:00,1.3214252146706973
1983-07-28 00:00:00,1.3214252146706973
1983-07-29 00:00:00,1.3214252146706973
1983-08-01 00:00:00,1.3214252146706973
1983-08-02 00:00:00,1.3214252146706973
1983-08-03 00:00:00,1.3214252146706973
1983-08-04 00:00:00,1.3214252146706973
1983-08-05 00:00:00,1.3214252146706973
1983-08-08 00:00:00,1.3214252146706973
1983-08-09 00:00:00,1.3214252146706973
1983-08-10 00:00:00,1.3214252146706973
1983-08-11 00:00:00,1.3214252146706973
1983-08-12 00:00:00,1.3214252146706973
1983-08-15 00:00:00,1.3214252146706973
1983-08-16 00:00:00,1.3214252146706973
1983-08-17 00:00:00,1.3214252146706973
1983-08-18 00:00:00,1.3214252146706973
1983-08-19 00:00:00,1.3214252146706973
1983-08-22 00:00:00,1.3214252146706973
1983-08-23 00:00:00,1.3214252146706973
1983-08-24 00:00:00,1.3214252146706973
1983-08-25 00:00:00,1.3214252146706973
1983-08-26 00:00:00,1.3214252146706973
1983-08-29 00:00:00,1.3214252146706973
1983-08-30 00:00:00,1.3214252146706973
1983-08-31 00:00:00,1.3214252146706973
1983-09-01 00:00:00,1.3214252146706973
1983-09-02 00:00:00,1.3214252146706973
1983-09-06 00:00:00,1.3214252146706973
1983-09-07 00:00:00,1.3214252146706973
1983-09-08 00:00:00,1.3214252146706973
1983-09-09 00:00:00,1.3214252146706973
1983-09-12 00:00:00,1.3214252146706973
1983-09-13 00:00:00,1.3214252146706973
1983-09-14 00:00:00,1.3214252146706973
1983-09-15 00:00:00,1.3214252146706973
1983-09-16 00:00:00,1.3214252146706973
1983-09-19 00:00:00,1.3214252146706973
1983-09-20 00:00:00,1.3214252146706973
1983-09-21 00:00:00,1.3214252146706973
1983-09-22 00:00:00,1.3214252146706973
1983-09-23 00:00:00,1.3214252146706973
1983-09-26 00:00:00,1.3214252146706973
1983-09-27 00:00:00,1.3214252146706973
1983-09-28 00:00:00,1.3214252146706973
1983-09-29 00:00:00,1.3214252146706973
1983-09-30 00:00:00,1.3214252146706973
1983-10-03 00:00:00,1.3214252146706973
1983-10-04 00:00:00,1.3214252146706973
1983-10-05 00:00:00,1.3214252146706973
1983-10-06 00:00:00,1.3214252146706973
1983-10-07 00:00:00,1.3214252146706973
1983-10-11 00:00:00,1.3214252146706973
1983-10-12 00:00:00,1.3214252146706973
1983-10-13 00:00:00,1.3214252146706973
1983-10-14 00:00:00,1.3214252146706973
1983-10-17 00:00:00,1.3214252146706973
1983-10-18 00:00:00,1.3214252146706973
1983-10-19 00:00:00,1.3214252146706973
1983-10-20 00:00:00,1.3214252146706973
1983-10-21 00:00:00,1.3214252146706973
1983-10-24 00:00:00,1.3214252146706973
1983-10-25 00:00:00,1.3214252146706973
1983-10-26 00:00:00,1.3214252146706973
1983-10-27 00:00:00,1.3214252146706973
1983-10-28 00:00:00,1.3214252146706973
1983-10-31 00:00:00,1.3214252146706973
1983-11-01 00:00:00,1.3214252146706973
1983-11-02 00:00:00,1.3214252146706973
1983-11-03 00:00:00,1.3214252146706973
1983-11-04 00:00:00,1.3214252146706973
1983-11-07 00:00:00,1.3214252146706973
1983-11-09 00:00:00,1.3214252146706973
1983-11-10 00:00:00,1.3214252146706973
1983-11-14 00:00:00,1.3214252146706973
1983-11-15 00:00:00,1.3214252146706973
1983-11-16 00:00:00,1.3214252146706973
1983-11-17 00:00:00,1.3214252146706973
1983-11-18 00:00:00,1.3214252146706973
1983-11-21 00:00:00,1.3214252146706973
1983-11-22 00:00:00,1.3214252146706973
1983-11-23 00:00:00,1.3214252146706973
1983-11-25 00:00:00,1.3214252146706973
1983-11-28 00:00:00,1.3214252146706973
1983-11-29 00:00:00,1.3214252146706973
1983-11-30 00:00:00,1.3214252146706973
1983-12-01 00:00:00,1.3214252146706973
1983-12-02 00:00:00,1.3214252146706973
1983-12-05 00:00:00,1.3214252146706973
1983-12-06 00:00:00,1.3214252146706973
1983-12-07 00:00:00,1.3214252146706973
1983-12-08 00:00:00,1.3214252146706973
1983-12-09 00:00:00,1.3214252146706973
1983-12-12 00:00:00,1.3214252146706973
1983-12-13 00:00:00,1.3214252146706973
1983-12-14 00:00:00,1.3214252146706973
1983-12-15 00:00:00,1.3214252146706973
1983-12-16 00:00:00,1.3214252146706973
1983-12-19 00:00:00,1.3214252146706973
1983-12-20 00:00:00,1.3214252146706973
1983-12-21 00:00:00,1.3214252146706973
1983-12-22 00:00:00,1.3214252146706973
1983-12-23 00:00:00,1.3214252146706973
1983-12-27 00:00:00,1.3214252146706973
1983-12-28 00:00:00,1.3214252146706973
1983-12-29 00:00:00,1.3214252146706973
1983-12-30 00:00:00,1.3214252146706973
1984-01-03 00:00:00,1.3214252146706973
1984-01-04 00:00:00,1.3214252146706973
1984-01-05 00:00:00,1.3214252146706973
1984-01-06 00:00:00,1.3214252146706973
1984-01-09 00:00:00,1.3214252146706973
1984-01-10 00:00:00,1.3214252146706973
1984-01-11 00:00:00,1.3214252146706973
1984-01-12 00:00:00,1.3214252146706973
1984-01-13 00:00:00,1.3214252146706973
1984-01-16 00:00:00,1.3214252146706973
1984-01-17 00:00:00,1.3214252146706973
1984-01-18 00:00:00,1.3214252146706973
1984-01-19 00:00:00,1.3214252146706973
1984-01-20 00:00:00,1.3214252146706973
1984-01-23 00:00:00,1.3214252146706973
1984-01-24 00:00:00,1.3214252146706973
1984-01-25 00:00:00,1.3214252146706973
1984-01-26 00:00:00,1.3214252146706973
1984-01-27 00:00:00,1.3214252146706973
1984-01-30 00:00:00,1.3214252146706973
1984-01-31 00:00:00,1.3214252146706973
1984-02-01 00:00:00,1.3214252146706973
1984-02-02 00:00:00,1.3214252146706973
1984-02-03 00:00:00,1.3214252146706973
1984-02-06 00:00:00,1.3214252146706973
1984-02-07 00:00:00,1.3214252146706973
1984-02-08 00:00:00,1.3214252146706973
1984-02-09 00:00:00,1.3214252146706973
1984-02-10 00:00:00,1.3214252146706973
1984-02-14 00:00:00,1.3214252146706973
1984-02-15 00:00:00,1.3214252146706973
1984-02-16 00:00:00,1.3214252146706973
1984-02-17 00:00:00,1.3214252146706973
1984-02-21 00:00:00,1.3214252146706973
1984-02-22 00:00:00,1.3214252146706973
1984-02-23 00:00:00,1.3214252146706973
1984-02-24 00:00:00,1.3214252146706973
1984-02-27 00:00:00,1.3214252146706973
1984-02-28 00:00:00,1.3214252146706973
1984-02-29 00:00:00,1.3214252146706973
1984-03-01 00:00:00,1.3214252146706973
1984-03-02 00:00:00,1.3280663980949443
1984-03-05 00:00:00,1.3351205142138578
1984-03-06 00:00:00,1.3489260797404148
1984-03-07 00:00:00,1.3484848216181573
1984-03-08 00:00:00,1.3388496588784369
1984-03-09 00:00:00,1.3388496588784369
1984-03-12 00:00:00,1.3284943924223998
1984-03-13 00:00:00,1.3405040646743978
1984-03-14 00:00:00,1.34628285424125
1984-03-15 00:00:00,1.3371125850427206
1984-03-16 00:00:00,1.3255042121179121
1984-03-19 00:00:00,1.3246523456576822
1984-03-20 00:00:00,1.3202402317725812
1984-03-21 00:00:00,1.316193518418489
1984-03-22 00:00:00,1.3221033032991365
1984-03-23 00:00:00,1.3255042121179121
1984-03-26 00:00:00,1.3323587911075327
1984-03-27 00:00:00,1.3375464307873806
1984-03-28 00:00:00,1.3340835274067016
1984-03-29 00:00:00,1.3381542880239914
1984-03-30 00:00:00,1.3349475711420686
1984-04-02 00:00:00,1.3323587911075327
1984-04-03 00:00:00,1.3246523456576822
1984-04-04 00:00:00,1.3246523456576822
1984-04-05 00:00:00,1.3225274622029857
1984-04-06 00:00:00,1.3236315501177458
1984-04-09 00:00:00,1.3209171044881785
1984-04-10 00:00:00,1.323801573438249
1984-04-11 00:00:00,1.3267840681321876
1984-04-12 00:00:00,1.323376597010179
1984-04-13 00:00:00,1.321255801181637
1984-04-16 00:00:00,1.316193518418489
1984-04-17 00:00:00,1.313676896012335
1984-04-18 00:00:00,1.313676896012335
1984-04-19 00:00:00,1.3057706999324379
1984-04-20 00:00:00,1.306184442232797
1984-04-23 00:00:00,1.3070127139146188
1984-04-24 00:00:00,1.3012367738910062
1984-04-25 00:00:00,1.3012367738910062
1984-04-26 00:00:00,1.2979590993975778
1984-04-27 00:00:00,1.2938851536995315
1984-04-30 00:00:00,1.2906443643352246
1984-05-01 00:00:00,1.2866161359821184
1984-05-02 00:00:00,1.2880633982273175
1984-05-03 00:00:00,1.2900788945630304
1984-05-04 00:00:00,1.28421124600832
1984-05-07 00:00:00,1.2715355026794284
1984-05-08 00:00:00,1.2687178689174896
1984-05-09 00:00:00,1.268249476891062
1984-05-10 00:00:00,1.264514754505125
1984-05-11 00:00:00,1.2684055691343714
1984-05-14 00:00:00,1.2691866070464002
1984-05-15 00:00:00,1.275469709061481
1984-05-16 00:00:00,1.2803025342216
1984-05-17 00:00:00,1.27357825620573
1984-05-18 00:00:00,1.2685616998051166
1984-05-21 00:00:00,1.2738931086794523
1984-05-22 00:00:00,1.2774459558991964
1984-05-23 00:00:00,1.2699686074204273
1984-05-24 00:00:00,1.281018676099039
1984-05-25 00:00:00,1.281018676099039
1984-05-29 00:00:00,1.2768919897431257
1984-05-30 00:00:00,1.274680921362618
1984-05-31 00:00:00,1.2751540768642373
1984-06-01 00:00:00,1.2871785735610775
1984-06-04 00:00:00,1.2964895268859944
1984-06-05 00:00:00,1.2861344376908486
1984-06-06 00:00:00,1.2917767923310062
1984-06-07 00:00:00,1.2846915045146805
1984-06-08 00:00:00,1.2845313784390837
1984-06-11 00:00:00,1.2806207206233948
1984-06-12 00:00:00,1.2740505933016155
1984-06-13 00:00:00,1.2784760264504116
1984-06-14 00:00:00,1.275469709061481
1984-06-15 00:00:00,1.270281677458002
1984-06-18 00:00:00,1.2685616998051166
1984-06-19 00:00:00,1.269577486814508
1984-06-20 00:00:00,1.2611105297622083
1984-06-21 00:00:00,1.2606477369072497
1984-06-22 00:00:00,1.2618053565003695
1984-06-25 00:00:00,1.2577245849666545
1984-06-26 00:00:00,1.26018528359217
1984-06-27 00:00:00,1.2555793432281637
1984-06-28 00:00:00,1.2587230838738037
1984-06-29 00:00:00,1.259954184145335
1984-07-02 00:00:00,1.2575711103376166
1984-07-03 00:00:00,1.2510828830612162
1984-07-05 00:00:00,1.2474484354193267
1984-07-06 00:00:00,1.2427101470175774
1984-07-09 00:00:00,1.2430099203011418
1984-07-10 00:00:00,1.2467693260605817
1984-07-11 00:00:00,1.2401679000260852
1984-07-12 00:00:00,1.2405411073387624
1984-07-13 00:00:00,1.2439101085355182
1984-07-16 00:00:00,1.2472974583015757
1984-07-17 00:00:00,1.2409145393397674
1984-07-18 00:00:00,1.2367448997020003
1984-07-19 00:00:00,1.2443606917672987
1984-07-20 00:00:00,1.239720347554044
1984-07-23 00:00:00,1.2348185057772305
1984-07-24 00:00:00,1.2365223167816626
1984-07-25 00:00:00,1.2401679000260852
1984-07-26 00:00:00,1.2411387064751933
1984-07-27 00:00:00,1.2311307190558793
1984-07-30 00:00:00,1.2276842276748785
1984-07-31 00:00:00,1.2225142644385254
1984-08-01 00:00:00,1.2212104810068451
1984-08-02 00:00:00,1.2262964361276496
1984-08-03 00:00:00,1.2379333632692815
1984-08-06 00:00:00,1.2323084119594365
1984-08-07 00:00:00,1.2228769207020787
1984-08-08 00:00:00,1.2283426995490783
1984-08-09 00:00:00,1.226953419753172
1984-08-10 00:00:00,1.2292217615955112
1984-08-13 00:00:00,1.2241842667003349
1984-08-14 00:00:00,1.234596615659391
1984-08-15 00:00:00,1.2348185057772305
1984-08-16 00:00:00,1.2397949171990095
1984-08-17 00:00:00,1.2395712351716104
1984-08-20 00:00:00,1.2364481402779564
1984-08-21 00:00:00,1.2333407430848216
1984-08-22 00:00:00,1.2389751441712875
1984-08-23 00:00:00,1.243459851498162
1984-08-24 00:00:00,1.2397949171990095
1984-08-27 00:00:00,1.2370418016104632
1984-08-28 00:00:00,1.2411387064751933
1984-08-29 00:00:00,1.2416620782188876
1984-08-30 00:00:00,1.2431598611841699
1984-08-31 00:00:00,1.2386773136077844
1984-09-04 00:00:00,1.2250573847508788
1984-09-05 00:00:00,1.220704204822833
1984-09-06 00:00:00,1.2196207395522802
1984-09-07 00:00:00,1.210269681007319
1984-09-10 00:00:00,1.210269681007319
1984-09-11 00:00:00,1.210269681007319
1984-09-12 00:00:00,1.210269681007319
1984-09-13 00:00:00,1.210269681007319
1984-09-14 00:00:00,1.210269681007319
1984-09-17 00:00:00,1.210269681007319
1984-09-18 00:00:00,1.210269681007319
1984-09-19 00:00:00,1.210269681007319
1984-09-20 00:00:00,1.210269681007319
1984-09-21 00:00:00,1.210269681007319
1984-09-24 00:00:00,1.210269681007319
1984-09-25 00:00:00,1.210269681007319
1984-09-26 00:00:00,1.210269681007319
1984-09-27 00:00:00,1.210269681007319
1984-09-28 00:00:00,1.210269681007319
1984-10-01 00:00:00,1.210269681007319
1984-10-02 00:00:00,1.210269681007319
1984-10-03 00:00:00,1.210269681007319
1984-10-04 00:00:00,1.210269681007319
1984-10-05 00:00:00,1.210269681007319
1984-10-09 00:00:00,1.210269681007319
1984-10-10 00:00:00,1.210269681007319
1984-10-11 00:00:00,1.210269681007319
1984-10-12 00:00:00,1.210269681007319
1984-10-15 00:00:00,1.210269681007319
1984-10-16 00:00:00,1.210269681007319
1984-10-17 00:00:00,1.210269681007319
1984-10-18 00:00:00,1.210269681007319
1984-10-19 00:00:00,1.210269681007319
1984-10-22 00:00:00,1.210269681007319
1984-10-23 00:00:00,1.210269681007319
1984-10-24 00:00:00,1.210269681007319
1984-10-25 00:00:00,1.210269681007319
1984-10-26 00:00:00,1.210269681007319
1984-10-29 00:00:00,1.210269681007319
1984-10-30 00:00:00,1.210269681007319
1984-10-31 00:00:00,1.210269681007319
1984-11-01 00:00:00,1.210269681007319
1984-11-02 00:00:00,1.210269681007319
1984-11-05 00:00:00,1.210269681007319
1984-11-07 00:00:00,1.210269681007319
1984-11-08 00:00:00,1.210269681007319
1984-11-09 00:00:00,1.210269681007319
1984-11-13 00:00:00,1.210269681007319
1984-11-14 00:00:00,1.210269681007319
1984-11-15 00:00:00,1.210269681007319
1984-11-16 00:00:00,1.210269681007319
1984-11-19 00:00:00,1.210269681007319
1984-11-20 00:00:00,1.210269681007319
1984-11-21 00:00:00,1.210269681007319
1984-11-23 00:00:00,1.210269681007319
1984-11-26 00:00:00,1.210269681007319
1984-11-27 00:00:00,1.210269681007319
1984-11-28 00:00:00,1.210269681007319
1984-11-29 00:00:00,1.210269681007319
1984-11-30 00:00:00,1.210269681007319
1984-12-03 00:00:00,1.210269681007319
1984-12-04 00:00:00,1.210269681007319
1984-12-05 00:00:00,1.210269681007319
1984-12-06 00:00:00,1.210269681007319
1984-12-07 00:00:00,1.210269681007319
1984-12-10 00:00:00,1.210269681007319
1984-12-11 00:00:00,1.210269681007319
1984-12-12 00:00:00,1.210269681007319
1984-12-13 00:00:00,1.210269681007319
1984-12-14 00:00:00,1.210269681007319
1984-12-17 00:00:00,1.210269681007319
1984-12-18 00:00:00,1.210269681007319
1984-12-19 00:00:00,1.210269681007319
1984-12-20 00:00:00,1.210269681007319
1984-12-21 00:00:00,1.210269681007319
1984-12-24 00:00:00,1.210269681007319
1984-12-26 00:00:00,1.210269681007319
1984-12-27 00:00:00,1.210269681007319
1984-12-28 00:00:00,1.210269681007319
1984-12-31 00:00:00,1.210269681007319
1985-01-02 00:00:00,1.210269681007319
1985-01-03 00:00:00,1.210269681007319
1985-01-04 00:00:00,1.210269681007319
1985-01-07 00:00:00,1.210269681007319
1985-01-08 00:00:00,1.210269681007319
1985-01-09 00:00:00,1.210269681007319
1985-01-10 00:00:00,1.210269681007319
1985-01-11 00:00:00,1.210269681007319
1985-01-14 00:00:00,1.210269681007319
1985-01-15 00:00:00,1.210269681007319
1985-01-16 00:00:00,1.210269681007319
1985-01-17 00:00:00,1.210269681007319
1985-01-18 00:00:00,1.210269681007319
1985-01-22 00:00:00,1.210269681007319
1985-01-23 00:00:00,1.210269681007319
1985-01-24 00:00:00,1.210269681007319
1985-01-25 00:00:00,1.210269681007319
1985-01-28 00:00:00,1.210269681007319
1985-01-29 00:00:00,1.210269681007319
1985-01-30 00:00:00,1.210269681007319
1985-01-31 00:00:00,1.210269681007319
1985-02-01 00:00:00,1.210269681007319
1985-02-04 00:00:00,1.210269681007319
1985-02-05 00:00:00,1.210269681007319
1985-02-06 00:00:00,1.210269681007319
1985-02-07 00:00:00,1.210269681007319
1985-02-08 00:00:00,1.210269681007319
1985-02-11 00:00:00,1.210269681007319
1985-02-13 00:00:00,1.210269681007319
1985-02-14 00:00:00,1.210269681007319
1985-02-15 00:00:00,1.210269681007319
1985-02-19 00:00:00,1.210269681007319
1985-02-20 00:00:00,1.210269681007319
1985-02-21 00:00:00,1.210269681007319
1985-02-22 00:00:00,1.210269681007319
1985-02-25 00:00:00,1.210269681007319
1985-02-26 00:00:00,1.210269681007319
1985-02-27 00:00:00,1.210269681007319
1985-02-28 00:00:00,1.210269681007319
1985-03-01 00:00:00,1.210269681007319
1985-03-04 00:00:00,1.210269681007319
1985-03-05 00:00:00,1.210269681007319
1985-03-06 00:00:00,1.210269681007319
1985-03-07 00:00:00,1.210269681007319
1985-03-08 00:00:00,1.210269681007319
1985-03-11 00:00:00,1.210269681007319
1985-03-12 00:00:00,1.210269681007319
1985-03-13 00:00:00,1.210269681007319
1985-03-14 00:00:00,1.210269681007319
1985-03-15 00:00:00,1.210269681007319
1985-03-18 00:00:00,1.210269681007319
1985-03-19 00:00:00,1.210269681007319
1985-03-20 00:00:00,1.210269681007319
1985-03-21 00:00:00,1.210269681007319
1985-03-22 00:00:00,1.210269681007319
1985-03-25 00:00:00,1.210269681007319
1985-03-26 00:00:00,1.210269681007319
1985-03-27 00:00:00,1.210269681007319
1985-03-28 00:00:00,1.210269681007319
1985-03-29 00:00:00,1.210269681007319
1985-04-01 00:00:00,1.210269681007319
1985-04-02 00:00:00,1.210269681007319
1985-04-03 00:00:00,1.210269681007319
1985-04-04 00:00:00,1.210269681007319
1985-04-05 00:00:00,1.210269681007319
1985-04-08 00:00:00,1.210269681007319
1985-04-09 00:00:00,1.210269681007319
1985-04-10 00:00:00,1.210269681007319
1985-04-11 00:00:00,1.210269681007319
1985-04-12 00:00:00,1.210269681007319
1985-04-15 00:00:00,1.210269681007319
1985-04-16 00:00:00,1.210269681007319
1985-04-17 00:00:00,1.210269681007319
1985-04-18 00:00:00,1.210269681007319
1985-04-19 00:00:00,1.210269681007319
1985-04-22 00:00:00,1.2005557823693447
1985-04-23 00:00:00,1.1829703648943721
1985-04-24 00:00:00,1.1734935304794722
1985-04-25 00:00:00,1.1632110022824997
1985-04-26 00:00:00,1.1709058931465517
1985-04-29 00:00:00,1.1760926302147536
1985-04-30 00:00:00,1.1783763052248792
1985-05-01 00:00:00,1.1654448780070479
1985-05-02 00:00:00,1.1619383425425847
1985-05-03 00:00:00,1.1481206973880242
1985-05-06 00:00:00,1.1492388757536225
1985-05-07 00:00:00,1.1632110022824997
1985-05-08 00:00:00,1.158768843517646
1985-05-09 00:00:00,1.1741422278429214
1985-05-10 00:00:00,1.1721982837570886
1985-05-13 00:00:00,1.1919322615981172
1985-05-14 00:00:00,1.200013158286918
1985-05-15 00:00:00,1.19327151133025
1985-05-16 00:00:00,1.1859426522433527
1985-05-17 00:00:00,1.1959590597791918
1985-05-20 00:00:00,1.2034126289902805
1985-05-21 00:00:00,1.1986587416297094
1985-05-22 00:00:00,1.1905960146680745
1985-05-23 00:00:00,1.188597252472213
1985-05-24 00:00:00,1.188597252472213
1985-05-28 00:00:00,1.1852808538883062
1985-05-29 00:00:00,1.19327151133025
1985-05-30 00:00:00,1.189929014099633
1985-05-31 00:00:00,1.1973073788995745
1985-06-03 00:00:00,1.2013706392352064
1985-06-04 00:00:00,1.1993355675707762
1985-06-05 00:00:00,1.1928694205143462
1985-06-06 00:00:00,1.1973073788995745
1985-06-07 00:00:00,1.19327151133025
1985-06-10 00:00:00,1.1866051900379022
1985-06-11 00:00:00,1.189262760452321
1985-06-12 00:00:00,1.1887302944749525
1985-06-13 00:00:00,1.188065382127668
1985-06-14 00:00:00,1.1986587416297094
1985-06-17 00:00:00,1.1993355675707762
1985-06-18 00:00:00,1.2109596865267074
1985-06-19 00:00:00,1.2108216224876551
1985-06-20 00:00:00,1.1996742672509715
1985-06-21 00:00:00,1.2013706392352064
1985-06-24 00:00:00,1.2001487683172363
1985-06-25 00:00:00,1.1989970590843042
1985-06-26 00:00:00,1.2075175043592068
1985-06-27 00:00:00,1.204436229185055
1985-06-28 00:00:00,1.2147688248028854
1985-07-01 00:00:00,1.2134502343280649
1985-07-02 00:00:00,1.212342060598085
1985-07-03 00:00:00,1.2144215495527988
1985-07-05 00:00:00,1.224926926279034
1985-07-08 00:00:00,1.2327471213974721
1985-07-09 00:00:00,1.2399435435889345
1985-07-10 00:00:00,1.2479572797695915
1985-07-11 00:00:00,1.2528154359843369
1985-07-12 00:00:00,1.2601740078124264
1985-07-15 00:00:00,1.261296490598483
1985-07-16 00:00:00,1.263397150944471
1985-07-17 00:00:00,1.276686476028037
1985-07-18 00:00:00,1.2682250359253908
1985-07-19 00:00:00,1.259800290728259
1985-07-22 00:00:00,1.2558524745271948
1985-07-23 00:00:00,1.2711090904654967
1985-07-24 00:00:00,1.261296490598483
1985-07-25 00:00:00,1.265731059035722
1985-07-26 00:00:00,1.265806489968918
1985-07-29 00:00:00,1.2810755670493639
1985-07-30 00:00:00,1.2810755670493639
1985-07-31 00:00:00,1.2818486965406426
1985-08-01 00:00:00,1.2707288604055307
1985-08-02 00:00:00,1.2703488577558881
1985-08-05 00:00:00,1.2688311171850928
1985-08-06 00:00:00,1.261296490598483
1985-08-07 00:00:00,1.2624209748397295
1985-08-08 00:00:00,1.2749239436781783
1985-08-09 00:00:00,1.2635474658940182
1985-08-12 00:00:00,1.2749239436781783
1985-08-13 00:00:00,1.2787617640986424
1985-08-14 00:00:00,1.2764563041874064
1985-08-15 00:00:00,1.2872868425259667
1985-08-16 00:00:00,1.2884581681333607
1985-08-19 00:00:00,1.2872868425259667
1985-08-20 00:00:00,1.2822356113298186
1985-08-21 00:00:00,1.2822356113298186
1985-08-22 00:00:00,1.2922993977657855
1985-08-23 00:00:00,1.2904151216086541
1985-08-26 00:00:00,1.2830101420524582
1985-08-27 00:00:00,1.277992352688234
1985-08-28 00:00:00,1.2847951186594755
1985-08-29 00:00:00,1.2812301183302237
1985-08-30 00:00:00,1.2756896637644715
1985-09-03 00:00:00,1.259053521142765
1985-09-04 00:00:00,1.260547946687148
1985-09-05 00:00:00,1.2592028042256609
1985-09-06 00:00:00,1.2354718998184298
1985-09-09 00:00:00,1.2313178493726635
1985-09-10 00:00:00,1.2326040448977744
1985-09-11 00:00:00,1.2263413915518733
1985-09-12 00:00:00,1.232032070863019
1985-09-13 00:00:00,1.2450312369096395
1985-09-16 00:00:00,1.250897108461628
1985-09-17 00:00:00,1.2479572797695915
1985-09-18 00:00:00,1.245761460509
1985-09-19 00:00:00,1.2494254648046146
1985-09-20 00:00:00,1.267619533401674
1985-09-23 00:00:00,1.29846148072371
1985-09-24 00:00:00,1.306689197273359
1985-09-25 00:00:00,1.3209921575768673
1985-09-26 00:00:00,1.3266853779936567
1985-09-27 00:00:00,1.3159995602031256
1985-09-30 00:00:00,1.3192691243278538
1985-10-01 00:00:00,1.3308416605061684
1985-10-02 00:00:00,1.3308416605061684
1985-10-03 00:00:00,1.3367043990987066
1985-10-04 00:00:00,1.3417708718685057
1985-10-07 00:00:00,1.3283447718373012
1985-10-08 00:00:00,1.3308416605061684
1985-10-09 00:00:00,1.3308416605061684
1985-10-10 00:00:00,1.328510939559573
1985-10-11 00:00:00,1.3283447718373012
1985-10-15 00:00:00,1.3303415321106382
1985-10-16 00:00:00,1.3217319789470099
1985-10-17 00:00:00,1.3331805737935254
1985-10-18 00:00:00,1.333515375544855
1985-10-21 00:00:00,1.339232843737607
1985-10-22 00:00:00,1.3371251433225337
1985-10-23 00:00:00,1.3356956924712897
1985-10-24 00:00:00,1.3341854837737719
1985-10-25 00:00:00,1.333347953652131
1985-10-28 00:00:00,1.338388966709417
1985-10-29 00:00:00,1.3477305140658913
1985-10-30 00:00:00,1.3485862159795838
1985-10-31 00:00:00,1.348414988679434
1985-11-01 00:00:00,1.351159853796339
1985-11-04 00:00:00,1.356509956678915
1985-11-05 00:00:00,1.3550387816062806
1985-11-06 00:00:00,1.358940044893055
1985-11-07 00:00:00,1.3498718081778487
1985-11-08 00:00:00,1.3451699114425872
1985-11-12 00:00:00,1.3468758973797368
1985-11-13 00:00:00,1.349443005189228
1985-11-14 00:00:00,1.3503008837684964
1985-11-15 00:00:00,1.3485862159795838
1985-11-18 00:00:00,1.3528810765400285
1985-11-19 00:00:00,1.3593749057074207
1985-11-20 00:00:00,1.3528810765400285
1985-11-21 00:00:00,1.3465343541066597
1985-11-22 00:00:00,1.3700724312506254
1985-11-25 00:00:00,1.3761083836526367
1985-11-26 00:00:00,1.3830077420027636
1985-11-27 00:00:00,1.3866191997439907
1985-11-29 00:00:00,1.3908868379070425
1985-12-02 00:00:00,1.3873437558248496
1985-12-03 00:00:00,1.3803114700856802
1985-12-04 00:00:00,1.3880690695123807
1985-12-05 00:00:00,1.3877969880221137
1985-12-06 00:00:00,1.3828276628696907
1985-12-09 00:00:00,1.3794150475177587
1985-12-10 00:00:00,1.3751283763873137
1985-12-11 00:00:00,1.3694540877935815
1985-12-12 00:00:00,1.3804908944286007
1985-12-13 00:00:00,1.3779831907148337
1985-12-16 00:00:00,1.376375900834529
1985-12-17 00:00:00,1.382467645253739
1985-12-18 00:00:00,1.3761975444912824
1985-12-19 00:00:00,1.3759300966300736
1985-12-20 00:00:00,1.3787882441855532
1985-12-23 00:00:00,1.3819279701807712
1985-12-24 00:00:00,1.3828276628696907
1985-12-26 00:00:00,1.381029447443332
1985-12-27 00:00:00,1.3900675982773854
1985-12-30 00:00:00,1.3973837435314769
1985-12-31 00:00:00,1.4019955710678844
1986-01-02 00:00:00,1.4027362899008353
1986-01-03 00:00:00,1.3983036801631632
1986-01-06 00:00:00,1.4049631499985744
1986-01-07 00:00:00,1.4021806774279408
1986-01-08 00:00:00,1.39325896370472
1986-01-09 00:00:00,1.4010707718785256
1986-01-10 00:00:00,1.3960061059269435
1986-01-13 00:00:00,1.3891584631575178
1986-01-14 00:00:00,1.390795763598641
1986-01-15 00:00:00,1.3929848440240327
1986-01-16 00:00:00,1.3904315856034595
1986-01-17 00:00:00,1.3897038014707175
1986-01-21 00:00:00,1.390977924143972
1986-01-22 00:00:00,1.3923456507163845
1986-01-23 00:00:00,1.388250516449572
1986-01-24 00:00:00,1.399501410138924
1986-01-27 00:00:00,1.4030142612906038
1986-01-28 00:00:00,1.409438148751058
1986-01-29 00:00:00,1.4103740306559394
1986-01-30 00:00:00,1.4143183447648455
1986-01-31 00:00:00,1.4099059343961797
1986-02-03 00:00:00,1.4044057723934438
1986-02-04 00:00:00,1.3988562237670212
1986-02-05 00:00:00,1.4120617538677338
1986-02-06 00:00:00,1.4128131503045394
1986-02-07 00:00:00,1.404777308312067
1986-02-10 00:00:00,1.4133772226296546
1986-02-11 00:00:00,1.4188532332450534
1986-02-12 00:00:00,1.4207513646607657
1986-02-13 00:00:00,1.4255189866898288
1986-02-14 00:00:00,1.4279148169195597
1986-02-18 00:00:00,1.4291638340518402
1986-02-19 00:00:00,1.4468823502505757
1986-02-20 00:00:00,1.4473753254976798
1986-02-21 00:00:00,1.445110416497377
1986-02-24 00:00:00,1.4564065346735084
1986-02-25 00:00:00,1.4741971752969496
1986-02-26 00:00:00,1.4806715163247437
1986-02-27 00:00:00,1.484293005008976
1986-02-28 00:00:00,1.474913749161756
1986-03-03 00:00:00,1.4770676565840366
1986-03-04 00:00:00,1.4863703919998916
1986-03-05 00:00:00,1.4658545825865044
1986-03-06 00:00:00,1.4678806428250482
1986-03-07 00:00:00,1.470930256348923
1986-03-10 00:00:00,1.4560071909568444
1986-03-11 00:00:00,1.463834107627736
1986-03-12 00:00:00,1.4586068467022695
1986-03-13 00:00:00,1.4553088661650186
1986-03-14 00:00:00,1.469912311534841
1986-03-17 00:00:00,1.4739925677778243
1986-03-18 00:00:00,1.4739925677778243
1986-03-19 00:00:00,1.470930256348923
1986-03-20 00:00:00,1.4734812973762363
1986-03-21 00:00:00,1.4801556029044214
1986-03-24 00:00:00,1.4618191948849586
1986-03-25 00:00:00,1.4380658701204094
1986-03-26 00:00:00,1.4449138028352688
1986-03-27 00:00:00,1.4449138028352688
1986-03-28 00:00:00,1.4426565850491373
1986-03-31 00:00:00,1.440992734170858
1986-04-01 00:00:00,1.4415795372389335
1986-04-02 00:00:00,1.4322476670046154
1986-04-03 00:00:00,1.4240853437263459
1986-04-04 00:00:00,1.416960166889823
1986-04-07 00:00:00,1.4122495280371308
1986-04-08 00:00:00,1.438552854837687
1986-04-09 00:00:00,1.4356358838579555
1986-04-10 00:00:00,1.43904016949041
1986-04-11 00:00:00,1.450340245932294
1986-04-14 00:00:00,1.450340245932294
1986-04-15 00:00:00,1.4506374062066965
1986-04-16 00:00:00,1.4770676565840366
1986-04-17 00:00:00,1.4905426597669085
1986-04-18 00:00:00,1.483774565258711
1986-04-21 00:00:00,1.488245018335093
1986-04-22 00:00:00,1.4947384167261397
1986-04-23 00:00:00,1.496845165727868
1986-04-24 00:00:00,1.5000164478586475
1986-04-25 00:00:00,1.5074686232560999
1986-04-28 00:00:00,1.516617843747122
1986-04-29 00:00:00,1.510685128142137
1986-04-30 00:00:00,1.515643849127904
1986-05-01 00:00:00,1.4962125177288286
1986-05-02 00:00:00,1.498957861798056
1986-05-05 00:00:00,1.5117603488739109
1986-05-06 00:00:00,1.4957910494139752
1986-05-07 00:00:00,1.5032011961555871
1986-05-08 00:00:00,1.5139153885729473
1986-05-09 00:00:00,1.5126216280927538
1986-05-12 00:00:00,1.5085392685851173
1986-05-13 00:00:00,1.4957910494139752
1986-05-14 00:00:00,1.5016071333812973
1986-05-15 00:00:00,1.5004403010510348
1986-05-16 00:00:00,1.4936872645343493
1986-05-19 00:00:00,1.4905426597669085
1986-05-20 00:00:00,1.481704422858629
1986-05-21 00:00:00,1.476862251542098
1986-05-22 00:00:00,1.462825957415871
1986-05-23 00:00:00,1.4612158022618638
1986-05-27 00:00:00,1.4622217335590286
1986-05-28 00:00:00,1.461014782066202
1986-05-29 00:00:00,1.451331253958213
1986-05-30 00:00:00,1.4369956634651546
1986-06-02 00:00:00,1.4376765196749999
1986-06-03 00:00:00,1.4578059644254255
1986-06-04 00:00:00,1.4546112109079883
1986-06-05 00:00:00,1.4668669130993406
1986-06-06 00:00:00,1.4766569036205819
1986-06-09 00:00:00,1.4727661143862465
1986-06-10 00:00:00,1.4793308888200618
1986-06-11 00:00:00,1.481601067360383
1986-06-12 00:00:00,1.4832564875473777
1986-06-13 00:00:00,1.481601067360383
1986-06-16 00:00:00,1.4851232625981297
1986-06-17 00:00:00,1.4664618131509561
1986-06-18 00:00:00,1.4668669130993406
1986-06-19 00:00:00,1.4694038672901035
1986-06-20 00:00:00,1.4626244939869473
1986-06-23 00:00:00,1.4658545825865044
1986-06-24 00:00:00,1.4780955394348259
1986-06-25 00:00:00,1.4811877895173255
1986-06-26 00:00:00,1.4791248538773294
1986-06-27 00:00:00,1.487202975891223
1986-06-30 00:00:00,1.4899153269976464
1986-07-01 00:00:00,1.4994869679970666
1986-07-02 00:00:00,1.4926375897173894
1986-07-03 00:00:00,1.498957861798056
1986-07-07 00:00:00,1.496845165727868
1986-07-08 00:00:00,1.4947384167261397
1986-07-09 00:00:00,1.4924278317649278
1986-07-10 00:00:00,1.4931622426487485
1986-07-11 00:00:00,1.486058413326695
1986-07-14 00:00:00,1.4847080177323115
1986-07-15 00:00:00,1.4941075479514947
1986-07-16 00:00:00,1.5051185446200714
1986-07-17 00:00:00,1.5063994965729397
1986-07-18 00:00:00,1.5124062162972407
1986-07-21 00:00:00,1.5128371012591488
1986-07-22 00:00:00,1.5021381118584476
1986-07-23 00:00:00,1.504798646948526
1986-07-24 00:00:00,1.5036268513151954
1986-07-25 00:00:00,1.5000164478586475
1986-07-28 00:00:00,1.5100407295377822
1986-07-29 00:00:00,1.5132682318095219
1986-07-30 00:00:00,1.514995214099747
1986-07-31 00:00:00,1.5223790783886504
1986-08-01 00:00:00,1.5225973406221112
1986-08-04 00:00:00,1.5199823172805529
1986-08-05 00:00:00,1.5193299643546816
1986-08-06 00:00:00,1.5236895912251396
1986-08-07 00:00:00,1.527414993648673
1986-08-08 00:00:00,1.527414993648673
1986-08-11 00:00:00,1.5304966783166485
1986-08-12 00:00:00,1.5257691905522912
1986-08-13 00:00:00,1.528404180879215
1986-08-14 00:00:00,1.5320421885226807
1986-08-15 00:00:00,1.5313794449660023
1986-08-18 00:00:00,1.5280743094732696
1986-08-19 00:00:00,1.5360307276307816
1986-08-20 00:00:00,1.5402634446467334
1986-08-21 00:00:00,1.5409339017468406
1986-08-22 00:00:00,1.539370408876536
1986-08-25 00:00:00,1.537921432313261
1986-08-26 00:00:00,1.5346989090808127
1986-08-27 00:00:00,1.533148036789263
1986-08-28 00:00:00,1.5322632305351642
1986-08-29 00:00:00,1.5413811975093212
1986-09-02 00:00:00,1.5425005738328577
1986-09-03 00:00:00,1.5445195536415393
1986-09-04 00:00:00,1.5442949615877888
1986-09-05 00:00:00,1.5366975041005968
1986-09-08 00:00:00,1.525330908558596
1986-09-09 00:00:00,1.5301659031538397
1986-09-10 00:00:00,1.5289542831614205
1986-09-11 00:00:00,1.5147791257793788
1986-09-12 00:00:00,1.5280743094732696
1986-09-15 00:00:00,1.5324843363404366
1986-09-16 00:00:00,1.5322632305351642
1986-09-17 00:00:00,1.5433972461617826
1986-09-18 00:00:00,1.5556979375336795
1986-09-19 00:00:00,1.5556979375336795
1986-09-22 00:00:00,1.5556979375336795
1986-09-23 00:00:00,1.5556979375336795
1986-09-24 00:00:00,1.5556979375336795
1986-09-25 00:00:00,1.5556979375336795
1986-09-26 00:00:00,1.5556979375336795
1986-09-29 00:00:00,1.5556979375336795
1986-09-30 00:00:00,1.5556979375336795
1986-10-01 00:00:00,1.5556979375336795
1986-10-02 00:00:00,1.5556979375336795
1986-10-03 00:00:00,1.5556979375336795
1986-10-06 00:00:00,1.5556979375336795
1986-10-07 00:00:00,1.5556979375336795
1986-10-08 00:00:00,1.5556979375336795
1986-10-09 00:00:00,1.5556979375336795
1986-10-10 00:00:00,1.5556979375336795
1986-10-14 00:00:00,1.5556979375336795
1986-10-15 00:00:00,1.5556979375336795
1986-10-16 00:00:00,1.5556979375336795
1986-10-17 00:00:00,1.5556979375336795
1986-10-20 00:00:00,1.5556979375336795
1986-10-21 00:00:00,1.5556979375336795
1986-10-22 00:00:00,1.5556979375336795
1986-10-23 00:00:00,1.5556979375336795
1986-10-24 00:00:00,1.5556979375336795
1986-10-27 00:00:00,1.5556979375336795
1986-10-28 00:00:00,1.5556979375336795
1986-10-29 00:00:00,1.5556979375336795
1986-10-30 00:00:00,1.5556979375336795
1986-10-31 00:00:00,1.5556979375336795
1986-11-03 00:00:00,1.5556979375336795
1986-11-04 00:00:00,1.5556979375336795
1986-11-05 00:00:00,1.5556979375336795
1986-11-06 00:00:00,1.5556979375336795
1986-11-07 00:00:00,1.5556979375336795
1986-11-10 00:00:00,1.5556979375336795
1986-11-12 00:00:00,1.5556979375336795
1986-11-13 00:00:00,1.5556979375336795
1986-11-14 00:00:00,1.5556979375336795
1986-11-17 00:00:00,1.5556979375336795
1986-11-18 00:00:00,1.5556979375336795
1986-11-19 00:00:00,1.5556979375336795
1986-11-20 00:00:00,1.5556979375336795
1986-11-21 00:00:00,1.5556979375336795
1986-11-24 00:00:00,1.5556979375336795
1986-11-25 00:00:00,1.5556979375336795
1986-11-26 00:00:00,1.5556979375336795
1986-11-28 00:00:00,1.5556979375336795
1986-12-01 00:00:00,1.5556979375336795
1986-12-02 00:00:00,1.5556979375336795
1986-12-03 00:00:00,1.5556979375336795
1986-12-04 00:00:00,1.5556979375336795
1986-12-05 00:00:00,1.5556979375336795
1986-12-08 00:00:00,1.5556979375336795
1986-12-09 00:00:00,1.5556979375336795
1986-12-10 00:00:00,1.5556979375336795
1986-12-11 00:00:00,1.5556979375336795
1986-12-12 00:00:00,1.5556979375336795
1986-12-15 00:00:00,1.5556979375336795
1986-12-16 00:00:00,1.5556979375336795
1986-12-17 00:00:00,1.5556979375336795
1986-12-18 00:00:00,1.5556979375336795
1986-12-19 00:00:00,1.5556979375336795
1986-12-22 00:00:00,1.5556979375336795
1986-12-23 00:00:00,1.5556979375336795
1986-12-24 00:00:00,1.5556979375336795
1986-12-26 00:00:00,1.5556979375336795
1986-12-29 00:00:00,1.5556979375336795
1986-12-30 00:00:00,1.5556979375336795
1986-12-31 00:00:00,1.5556979375336795
1987-01-02 00:00:00,1.5556979375336795
1987-01-05 00:00:00,1.5556979375336795
1987-01-06 00:00:00,1.5556979375336795
1987-01-07 00:00:00,1.5556979375336795
1987-01-08 00:00:00,1.5556979375336795
1987-01-09 00:00:00,1.5556979375336795
1987-01-12 00:00:00,1.5556979375336795
1987-01-13 00:00:00,1.5556979375336795
1987-01-14 00:00:00,1.5556979375336795
1987-01-15 00:00:00,1.5556979375336795
1987-01-16 00:00:00,1.5556979375336795
1987-01-20 00:00:00,1.5556979375336795
1987-01-21 00:00:00,1.5556979375336795
1987-01-22 00:00:00,1.5556979375336795
1987-01-23 00:00:00,1.5556979375336795
1987-01-26 00:00:00,1.5556979375336795
1987-01-27 00:00:00,1.5556979375336795
1987-01-28 00:00:00,1.5556979375336795
1987-01-29 00:00:00,1.5556979375336795
1987-01-30 00:00:00,1.5556979375336795
1987-02-02 00:00:00,1.5556979375336795
1987-02-03 00:00:00,1.5556979375336795
1987-02-04 00:00:00,1.5556979375336795
1987-02-05 00:00:00,1.5556979375336795
1987-02-06 00:00:00,1.5556979375336795
1987-02-09 00:00:00,1.5556979375336795
1987-02-10 00:00:00,1.5556979375336795
1987-02-11 00:00:00,1.5556979375336795
1987-02-12 00:00:00,1.5556979375336795
1987-02-13 00:00:00,1.5556979375336795
1987-02-17 00:00:00,1.5556979375336795
1987-02-18 00:00:00,1.5556979375336795
1987-02-19 00:00:00,1.5556979375336795
1987-02-20 00:00:00,1.5556979375336795
1987-02-23 00:00:00,1.5556979375336795
1987-02-24 00:00:00,1.5556979375336795
1987-02-25 00:00:00,1.5556979375336795
1987-02-26 00:00:00,1.5556979375336795
1987-02-27 00:00:00,1.5556979375336795
1987-03-02 00:00:00,1.5556979375336795
1987-03-03 00:00:00,1.5556979375336795
1987-03-04 00:00:00,1.5556979375336795
1987-03-05 00:00:00,1.5556979375336795
1987-03-06 00:00:00,1.5556979375336795
1987-03-09 00:00:00,1.5556979375336795
1987-03-10 00:00:00,1.5556979375336795
1987-03-11 00:00:00,1.5556979375336795
1987-03-12 00:00:00,1.5556979375336795
1987-03-13 00:00:00,1.5556979375336795
1987-03-16 00:00:00,1.5556979375336795
1987-03-17 00:00:00,1.5556979375336795
1987-03-18 00:00:00,1.5556979375336795
1987-03-19 00:00:00,1.5556979375336795
1987-03-20 00:00:00,1.5556979375336795
1987-03-23 00:00:00,1.5556979375336795
1987-03-24 00:00:00,1.5556979375336795
1987-03-25 00:00:00,1.5556979375336795
1987-03-26 00:00:00,1.5556979375336795
1987-03-27 00:00:00,1.5556979375336795
1987-03-30 00:00:00,1.5556979375336795
1987-03-31 00:00:00,1.5556979375336795
1987-04-01 00:00:00,1.5556979375336795
1987-04-02 00:00:00,1.5556979375336795
1987-04-03 00:00:00,1.5556979375336795
1987-04-06 00:00:00,1.5556979375336795
1987-04-07 00:00:00,1.5556979375336795
1987-04-08 00:00:00,1.5556979375336795
1987-04-09 00:00:00,1.5556979375336795
1987-04-10 00:00:00,1.5556979375336795
1987-04-13 00:00:00,1.5556979375336795
1987-04-14 00:00:00,1.5556979375336795
1987-04-15 00:00:00,1.5556979375336795
1987-04-16 00:00:00,1.5556979375336795
1987-04-17 00:00:00,1.5556979375336795
1987-04-20 00:00:00,1.5556979375336795
1987-04-21 00:00:00,1.5556979375336795
1987-04-22 00:00:00,1.5556979375336795
1987-04-23 00:00:00,1.5556979375336795
1987-04-24 00:00:00,1.5556979375336795
1987-04-27 00:00:00,1.5556979375336795
1987-04-28 00:00:00,1.5556979375336795
1987-04-29 00:00:00,1.5556979375336795
1987-04-30 00:00:00,1.5556979375336795
1987-05-01 00:00:00,1.5556979375336795
1987-05-04 00:00:00,1.5556979375336795
1987-05-05 00:00:00,1.5556979375336795
1987-05-06 00:00:00,1.5556979375336795
1987-05-07 00:00:00,1.5556979375336795
1987-05-08 00:00:00,1.5556979375336795
1987-05-11 00:00:00,1.5556979375336795
1987-05-12 00:00:00,1.5556979375336795
1987-05-13 00:00:00,1.5556979375336795
1987-05-14 00:00:00,1.5556979375336795
1987-05-15 00:00:00,1.5556979375336795
1987-05-18 00:00:00,1.5556979375336795
1987-05-19 00:00:00,1.5556979375336795
1987-05-20 00:00:00,1.5556979375336795
1987-05-21 00:00:00,1.5556979375336795
1987-05-22 00:00:00,1.5556979375336795
1987-05-26 00:00:00,1.5556979375336795
1987-05-27 00:00:00,1.5556979375336795
1987-05-28 00:00:00,1.5556979375336795
1987-05-29 00:00:00,1.5556979375336795
1987-06-01 00:00:00,1.5556979375336795
1987-06-02 00:00:00,1.5556979375336795
1987-06-03 00:00:00,1.5556979375336795
1987-06-04 00:00:00,1.5556979375336795
1987-06-05 00:00:00,1.5556979375336795
1987-06-08 00:00:00,1.5556979375336795
1987-06-09 00:00:00,1.5556979375336795
1987-06-10 00:00:00,1.5556979375336795
1987-06-11 00:00:00,1.5556979375336795
1987-06-12 00:00:00,1.5556979375336795
1987-06-15 00:00:00,1.5556979375336795
1987-06-16 00:00:00,1.5556979375336795
1987-06-17 00:00:00,1.5556979375336795
1987-06-18 00:00:00,1.5556979375336795
1987-06-19 00:00:00,1.5556979375336795
1987-06-22 00:00:00,1.5556979375336795
1987-06-23 00:00:00,1.5556979375336795
1987-06-24 00:00:00,1.5556979375336795
1987-06-25 00:00:00,1.5556979375336795
1987-06-26 00:00:00,1.5556979375336795
1987-06-29 00:00:00,1.5556979375336795
1987-06-30 00:00:00,1.5556979375336795
1987-07-01 00:00:00,1.5556979375336795
1987-07-02 00:00:00,1.5556979375336795
1987-07-03 00:00:00,1.5556979375336795
1987-07-06 00:00:00,1.5556979375336795
1987-07-07 00:00:00,1.5556979375336795
1987-07-08 00:00:00,1.5556979375336795
1987-07-09 00:00:00,1.5556979375336795
1987-07-10 00:00:00,1.5556979375336795
1987-07-13 00:00:00,1.5556979375336795
1987-07-14 00:00:00,1.5585050967513716
1987-07-15 00:00:00,1.545050418812758
1987-07-16 00:00:00,1.5508213163685678
1987-07-17 00:00:00,1.5647148762138607
1987-07-20 00:00:00,1.567725268405594
1987-07-21 00:00:00,1.568824784643808
1987-07-22 00:00:00,1.5699224703598267
1987-07-23 00:00:00,1.5626829577956518
1987-07-24 00:00:00,1.5625935498682073
1987-07-27 00:00:00,1.5637004306995357
1987-07-28 00:00:00,1.5659980619157539
1987-07-29 00:00:00,1.5665042630611785
1987-07-30 00:00:00,1.5648653150380423
1987-07-31 00:00:00,1.5678718829683023
1987-08-03 00:00:00,1.5737015427454741
1987-08-04 00:00:00,1.5904079792403703
1987-08-05 00:00:00,1.5831322588127543
1987-08-06 00:00:00,1.5872238011769249
1987-08-07 00:00:00,1.591522847723499
1987-08-10 00:00:00,1.5928140165860416
1987-08-11 00:00:00,1.5929544607119286
1987-08-12 00:00:00,1.5898715316757035
1987-08-13 00:00:00,1.5860815274158686
1987-08-14 00:00:00,1.5780681949442243
1987-08-17 00:00:00,1.5796169152804282
1987-08-18 00:00:00,1.5579545869708273
1987-08-19 00:00:00,1.555698478727094
1987-08-20 00:00:00,1.5493155741595093
1987-08-21 00:00:00,1.5415326932563245
1987-08-24 00:00:00,1.539354246910928
1987-08-25 00:00:00,1.5466131738843722
1987-08-26 00:00:00,1.5477418032740144
1987-08-27 00:00:00,1.5408068119337848
1987-08-28 00:00:00,1.5397345584881406
1987-08-31 00:00:00,1.5386610718611693
1987-09-01 00:00:00,1.5391868577589756
1987-09-02 00:00:00,1.5335432833009761
1987-09-03 00:00:00,1.527984980683617
1987-09-04 00:00:00,1.530634760671783
1987-09-08 00:00:00,1.5269326087311061
1987-09-09 00:00:00,1.5319460479866864
1987-09-10 00:00:00,1.5377890037375685
1987-09-11 00:00:00,1.5330068357363094
1987-09-14 00:00:00,1.5464254526746894
1987-09-15 00:00:00,1.5421856506197902
1987-09-16 00:00:00,1.5398900278435728
1987-09-17 00:00:00,1.5393095050539756
1987-09-18 00:00:00,1.5340447484710935
1987-09-21 00:00:00,1.5396218040612395
1987-09-22 00:00:00,1.5439386237592996
1987-09-23 00:00:00,1.5443372679333183
1987-09-24 00:00:00,1.5435156675022028
1987-09-25 00:00:00,1.5426933805333434
1987-09-28 00:00:00,1.5446786808278612
1987-09-29 00:00:00,1.5551213111468671
1987-09-30 00:00:00,1.556713460961042
1987-10-01 00:00:00,1.5614084789989247
1987-10-02 00:00:00,1.5570144208244716
1987-10-05 00:00:00,1.5569250128970271
1987-10-06 00:00:00,1.5513001842343994
1987-10-07 00:00:00,1.5452706726387964
1987-10-08 00:00:00,1.542621588227758
1987-10-09 00:00:00,1.5366498435351654
1987-10-13 00:00:00,1.5413431960572737
1987-10-14 00:00:00,1.534253721982533
1987-10-15 00:00:00,1.5282207466307822
1987-10-16 00:00:00,1.5308610454776423
1987-10-19 00:00:00,1.5187903224066268
1987-10-20 00:00:00,1.5363593770540702
1987-10-21 00:00:00,1.5352855817691236
1987-10-22 00:00:00,1.5408395920946758
1987-10-23 00:00:00,1.5214450814821554
1987-10-26 00:00:00,1.5138031453060181
1987-10-27 00:00:00,1.5086385668807814
1987-10-28 00:00:00,1.5013892820863775
1987-10-29 00:00:00,1.490438802879296
1987-10-30 00:00:00,1.4903493949518516
1987-11-02 00:00:00,1.4793117057619631
1987-11-03 00:00:00,1.4793117057619631
1987-11-04 00:00:00,1.4793117057619631
1987-11-05 00:00:00,1.4793117057619631
1987-11-06 00:00:00,1.4793117057619631
1987-11-09 00:00:00,1.4793117057619631
1987-11-10 00:00:00,1.4793117057619631
1987-11-12 00:00:00,1.4793117057619631
1987-11-13 00:00:00,1.4793117057619631
1987-11-16 00:00:00,1.4793117057619631
1987-11-17 00:00:00,1.4793117057619631
1987-11-18 00:00:00,1.4793117057619631
1987-11-19 00:00:00,1.4793117057619631
1987-11-20 00:00:00,1.4793117057619631
1987-11-23 00:00:00,1.4793117057619631
1987-11-24 00:00:00,1.4793117057619631
1987-11-25 00:00:00,1.4793117057619631
1987-11-27 00:00:00,1.4793117057619631
1987-11-30 00:00:00,1.4793117057619631
1987-12-01 00:00:00,1.4793117057619631
1987-12-02 00:00:00,1.4793117057619631
1987-12-03 00:00:00,1.4793117057619631
1987-12-04 00:00:00,1.4793117057619631
1987-12-07 00:00:00,1.4793117057619631
1987-12-08 00:00:00,1.4793117057619631
1987-12-09 00:00:00,1.4793117057619631
1987-12-10 00:00:00,1.4793117057619631
1987-12-11 00:00:00,1.4793117057619631
1987-12-14 00:00:00,1.4793117057619631
1987-12-15 00:00:00,1.4793117057619631
1987-12-16 00:00:00,1.4793117057619631
1987-12-17 00:00:00,1.4793117057619631
1987-12-18 00:00:00,1.4793117057619631
1987-12-21 00:00:00,1.4793117057619631
1987-12-22 00:00:00,1.4793117057619631
1987-12-23 00:00:00,1.4793117057619631
1987-12-24 00:00:00,1.4793117057619631
1987-12-28 00:00:00,1.4793117057619631
1987-12-29 00:00:00,1.4793117057619631
1987-12-30 00:00:00,1.4793117057619631
1987-12-31 00:00:00,1.4793117057619631
1988-01-04 00:00:00,1.4793117057619631
1988-01-05 00:00:00,1.4793117057619631
1988-01-06 00:00:00,1.4793117057619631
1988-01-07 00:00:00,1.4793117057619631
1988-01-08 00:00:00,1.4793117057619631
1988-01-11 00:00:00,1.4793117057619631
1988-01-12 00:00:00,1.4793117057619631
1988-01-13 00:00:00,1.4793117057619631
1988-01-14 00:00:00,1.4793117057619631
1988-01-15 00:00:00,1.4793117057619631
1988-01-19 00:00:00,1.4793117057619631
1988-01-20 00:00:00,1.4793117057619631
1988-01-21 00:00:00,1.4793117057619631
1988-01-22 00:00:00,1.4793117057619631
1988-01-25 00:00:00,1.4793117057619631
1988-01-26 00:00:00,1.4793117057619631
1988-01-27 00:00:00,1.4793117057619631
1988-01-28 00:00:00,1.4793117057619631
1988-01-29 00:00:00,1.4793117057619631
1988-02-01 00:00:00,1.4793117057619631
1988-02-02 00:00:00,1.4793117057619631
1988-02-03 00:00:00,1.4793117057619631
1988-02-04 00:00:00,1.4793117057619631
1988-02-05 00:00:00,1.4793117057619631
1988-02-08 00:00:00,1.4793117057619631
1988-02-09 00:00:00,1.4793117057619631
1988-02-10 00:00:00,1.4793117057619631
1988-02-11 00:00:00,1.4793117057619631
1988-02-12 00:00:00,1.4793117057619631
1988-02-16 00:00:00,1.4793117057619631
1988-02-17 00:00:00,1.4793117057619631
1988-02-18 00:00:00,1.4793117057619631
1988-02-19 00:00:00,1.4793117057619631
1988-02-22 00:00:00,1.4793117057619631
1988-02-23 00:00:00,1.4793117057619631
1988-02-24 00:00:00,1.4793117057619631
1988-02-25 00:00:00,1.4793117057619631
1988-02-26 00:00:00,1.4793117057619631
1988-02-29 00:00:00,1.4793117057619631
1988-03-01 00:00:00,1.4793117057619631
1988-03-02 00:00:00,1.4793117057619631
1988-03-03 00:00:00,1.4793117057619631
1988-03-04 00:00:00,1.4793117057619631
1988-03-07 00:00:00,1.4793117057619631
1988-03-08 00:00:00,1.4793117057619631
1988-03-09 00:00:00,1.4793117057619631
1988-03-10 00:00:00,1.4793117057619631
1988-03-11 00:00:00,1.4793117057619631
1988-03-14 00:00:00,1.4793117057619631
1988-03-15 00:00:00,1.4793117057619631
1988-03-16 00:00:00,1.4793117057619631
1988-03-17 00:00:00,1.4793117057619631
1988-03-18 00:00:00,1.4793117057619631
1988-03-21 00:00:00,1.4793117057619631
1988-03-22 00:00:00,1.4793117057619631
1988-03-23 00:00:00,1.4793117057619631
1988-03-24 00:00:00,1.4793117057619631
1988-03-25 00:00:00,1.4793117057619631
1988-03-28 00:00:00,1.4793117057619631
1988-03-29 00:00:00,1.4793117057619631
1988-03-30 00:00:00,1.4793117057619631
1988-03-31 00:00:00,1.4793117057619631
1988-04-01 00:00:00,1.4793117057619631
1988-04-04 00:00:00,1.4793117057619631
1988-04-05 00:00:00,1.4793117057619631
1988-04-06 00:00:00,1.4793117057619631
1988-04-07 00:00:00,1.4793117057619631
1988-04-08 00:00:00,1.4793117057619631
1988-04-11 00:00:00,1.4793117057619631
1988-04-12 00:00:00,1.4793117057619631
1988-04-13 00:00:00,1.4793117057619631
1988-04-14 00:00:00,1.4793117057619631
1988-04-15 00:00:00,1.4793117057619631
1988-04-18 00:00:00,1.4793117057619631
1988-04-19 00:00:00,1.4793117057619631
1988-04-20 00:00:00,1.4793117057619631
1988-04-21 00:00:00,1.4793117057619631
1988-04-22 00:00:00,1.4793117057619631
1988-04-25 00:00:00,1.4793117057619631
1988-04-26 00:00:00,1.4793117057619631
1988-04-27 00:00:00,1.4793117057619631
1988-04-28 00:00:00,1.4793117057619631
1988-04-29 00:00:00,1.4793117057619631
1988-05-02 00:00:00,1.4793117057619631
1988-05-03 00:00:00,1.4793117057619631
1988-05-04 00:00:00,1.4793117057619631
1988-05-05 00:00:00,1.4793117057619631
1988-05-06 00:00:00,1.4793117057619631
1988-05-09 00:00:00,1.4793117057619631
1988-05-10 00:00:00,1.4793117057619631
1988-05-11 00:00:00,1.4793117057619631
1988-05-12 00:00:00,1.4793117057619631
1988-05-13 00:00:00,1.4793117057619631
1988-05-16 00:00:00,1.4793117057619631
1988-05-17 00:00:00,1.4793117057619631
1988-05-18 00:00:00,1.4793117057619631
1988-05-19 00:00:00,1.4793117057619631
1988-05-20 00:00:00,1.4793117057619631
1988-05-23 00:00:00,1.4793117057619631
1988-05-24 00:00:00,1.4793117057619631
1988-05-25 00:00:00,1.4793117057619631
1988-05-26 00:00:00,1.4793117057619631
1988-05-27 00:00:00,1.4793117057619631
1988-05-31 00:00:00,1.4793117057619631
1988-06-01 00:00:00,1.4793117057619631
1988-06-02 00:00:00,1.4793117057619631
1988-06-03 00:00:00,1.4793117057619631
1988-06-06 00:00:00,1.4793117057619631
1988-06-07 00:00:00,1.4734254654723016
1988-06-08 00:00:00,1.4733404475581773
1988-06-09 00:00:00,1.4760999997096063
1988-06-10 00:00:00,1.4768785588663522
1988-06-13 00:00:00,1.4821987827105867
1988-06-14 00:00:00,1.494373300443133
1988-06-15 00:00:00,1.495491026985538
1988-06-16 00:00:00,1.4961267074579805
1988-06-17 00:00:00,1.4977205600812262
1988-06-20 00:00:00,1.5000272500953833
1988-06-21 00:00:00,1.499942232181259
1988-06-22 00:00:00,1.5119340572003137
1988-06-23 00:00:00,1.5183947598395398
1988-06-24 00:00:00,1.5377092679505675
1988-06-27 00:00:00,1.537397728473974
1988-06-28 00:00:00,1.5289949140386907
1988-06-29 00:00:00,1.5408433855922374
1988-06-30 00:00:00,1.5410963950579204
1988-07-01 00:00:00,1.5443827978438243
1988-07-05 00:00:00,1.5440735180987248
1988-07-06 00:00:00,1.5408413413155475
1988-07-07 00:00:00,1.536689315185018
1988-07-08 00:00:00,1.5469516646560508
1988-07-11 00:00:00,1.5568441923644394
1988-07-12 00:00:00,1.550567596867665
1988-07-13 00:00:00,1.5553519851357938
1988-07-14 00:00:00,1.5572492889707006
1988-07-15 00:00:00,1.5759343838541595
1988-07-18 00:00:00,1.5785202415709838
1988-07-19 00:00:00,1.567255891911689
1988-07-20 00:00:00,1.5584471492350742
1988-07-21 00:00:00,1.5507494125414742
1988-07-22 00:00:00,1.5431925470460848
1988-07-25 00:00:00,1.5553332396012203
1988-07-26 00:00:00,1.5625916333416663
1988-07-27 00:00:00,1.5551632037729717
1988-07-28 00:00:00,1.5616579802026647
1988-07-29 00:00:00,1.5689557122696831
1988-08-01 00:00:00,1.5729623848420193
1988-08-02 00:00:00,1.5747000513750005
1988-08-03 00:00:00,1.5740794489467609
1988-08-04 00:00:00,1.5748511669061467
1988-08-05 00:00:00,1.579671825753136
1988-08-08 00:00:00,1.5873007221324293
1988-08-09 00:00:00,1.59453177094218
1988-08-10 00:00:00,1.5960043093270395
1988-08-11 00:00:00,1.5886200144006126
1988-08-12 00:00:00,1.579884037301821
1988-08-15 00:00:00,1.5808598763983035
1988-08-16 00:00:00,1.5728855208062311
1988-08-17 00:00:00,1.5935016841629213
1988-08-18 00:00:00,1.5860949900795545
1988-08-19 00:00:00,1.583059193416587
1988-08-22 00:00:00,1.5993571687423918
1988-08-23 00:00:00,1.592016257548038
1988-08-24 00:00:00,1.5871206096899566
1988-08-25 00:00:00,1.5748590108303762
1988-08-26 00:00:00,1.5709174778707902
1988-08-29 00:00:00,1.5770351625002674
1988-08-30 00:00:00,1.5763110674310408
1988-08-31 00:00:00,1.5828013689912135
1988-09-01 00:00:00,1.5822940321894687
1988-09-02 00:00:00,1.5747760775648343
1988-09-06 00:00:00,1.563714783073999
1988-09-07 00:00:00,1.5636297651598747
1988-09-08 00:00:00,1.5662511505997554
1988-09-09 00:00:00,1.5667061486819676
1988-09-12 00:00:00,1.5647833581667259
1988-09-13 00:00:00,1.5649148016693963
1988-09-14 00:00:00,1.5798161263953951
1988-09-15 00:00:00,1.578140927750221
1988-09-16 00:00:00,1.5801753334473088
1988-09-19 00:00:00,1.5694273257254168
1988-09-20 00:00:00,1.5655710072867615
1988-09-21 00:00:00,1.5714031235326495
1988-09-22 00:00:00,1.5750573348684378
1988-09-23 00:00:00,1.5728380981008734
1988-09-26 00:00:00,1.5775458023513513
1988-09-27 00:00:00,1.5742693458647714
1988-09-28 00:00:00,1.5725830443585007
1988-09-29 00:00:00,1.5730322010896265
1988-09-30 00:00:00,1.566509651225042
1988-10-03 00:00:00,1.560579237583159
1988-10-04 00:00:00,1.5596240365679601
1988-10-05 00:00:00,1.5591035186944584
1988-10-06 00:00:00,1.559671648569292
1988-10-07 00:00:00,1.557188754332214
1988-10-11 00:00:00,1.5490876055632339
1988-10-12 00:00:00,1.5379829489763361
1988-10-13 00:00:00,1.5288658194087088
1988-10-14 00:00:00,1.5267326411779583
1988-10-17 00:00:00,1.5255072051503167
1988-10-18 00:00:00,1.5215310667141657
1988-10-19 00:00:00,1.5255653990351625
1988-10-20 00:00:00,1.5209018547642157
1988-10-21 00:00:00,1.5104068014987473
1988-10-24 00:00:00,1.509155747236227
1988-10-25 00:00:00,1.518346487498242
1988-10-26 00:00:00,1.5136385634713123
1988-10-27 00:00:00,1.5128575338931598
1988-10-28 00:00:00,1.509981711928126
1988-10-31 00:00:00,1.5133835097289396
1988-11-01 00:00:00,1.514457014455585
1988-11-02 00:00:00,1.5097266581857531
1988-11-03 00:00:00,1.5059036652157711
1988-11-04 00:00:00,1.518242116267452
1988-11-07 00:00:00,1.5117980259139288
1988-11-08 00:00:00,1.5131052563556455
1988-11-09 00:00:00,1.498265765608014
1988-11-10 00:00:00,1.4969967637731354
1988-11-14 00:00:00,1.4873698623031828
1988-11-15 00:00:00,1.4865641460024916
1988-11-16 00:00:00,1.4755827412239173
1988-11-17 00:00:00,1.4813292548902837
1988-11-18 00:00:00,1.4831778365999058
1988-11-21 00:00:00,1.4763028255662594
1988-11-22 00:00:00,1.471083882919227
1988-11-23 00:00:00,1.4668165354421514
1988-11-25 00:00:00,1.4662379216711932
1988-11-28 00:00:00,1.4749876158250474
1988-11-29 00:00:00,1.4700074695188836
1988-11-30 00:00:00,1.4751834080972717
1988-12-01 00:00:00,1.4708190597028503
1988-12-02 00:00:00,1.4697524157765107
1988-12-05 00:00:00,1.4649868035091915
1988-12-06 00:00:00,1.4683535114741177
1988-12-07 00:00:00,1.4864896467973105
1988-12-08 00:00:00,1.4762564588162916
1988-12-09 00:00:00,1.4705541550643095
1988-12-12 00:00:00,1.4764512840492134
1988-12-13 00:00:00,1.4806096477860164
1988-12-14 00:00:00,1.475186121819993
1988-12-15 00:00:00,1.4806813516441533
1988-12-16 00:00:00,1.4928202867521507
1988-12-19 00:00:00,1.4932104888100182
1988-12-20 00:00:00,1.5029166795658728
1988-12-21 00:00:00,1.4951751054350753
1988-12-22 00:00:00,1.4967460441712648
1988-12-23 00:00:00,1.49713346310197
1988-12-27 00:00:00,1.4968122652500224
1988-12-28 00:00:00,1.5048312324345177
1988-12-29 00:00:00,1.5024065720811273
1988-12-30 00:00:00,1.4949017946966767
1989-01-03 00:00:00,1.486482665573766
1989-01-04 00:00:00,1.5015654208161744
1989-01-05 00:00:00,1.5061559057925347
1989-01-06 00:00:00,1.5176283107537656
1989-01-09 00:00:00,1.52529695086828
1989-01-10 00:00:00,1.5277024798709715
1989-01-11 00:00:00,1.5219444489070533
1989-01-12 00:00:00,1.521859430992929
1989-01-13 00:00:00,1.5262032451024456
1989-01-17 00:00:00,1.5356759967300944
1989-01-18 00:00:00,1.5445799684726846
1989-01-19 00:00:00,1.543280955164907
1989-01-20 00:00:00,1.5313887036914406
1989-01-23 00:00:00,1.5275871526720548
1989-01-24 00:00:00,1.5291938870805253
1989-01-25 00:00:00,1.5305717919210822
1989-01-26 00:00:00,1.5303743488145198
1989-01-27 00:00:00,1.539893023108689
1989-01-30 00:00:00,1.5391422134534931
1989-01-31 00:00:00,1.545466871731741
1989-02-01 00:00:00,1.5409676625879956
1989-02-02 00:00:00,1.54375503040396
1989-02-03 00:00:00,1.5502539405422693
1989-02-06 00:00:00,1.549950455611969
1989-02-07 00:00:00,1.5421757222812917
1989-02-08 00:00:00,1.547153465376964
1989-02-09 00:00:00,1.5382399993196487
1989-02-10 00:00:00,1.5387100269510448
1989-02-13 00:00:00,1.5431599050050904
1989-02-14 00:00:00,1.532410281156962
1989-02-15 00:00:00,1.5296336915958202
1989-02-16 00:00:00,1.532687844831242
1989-02-17 00:00:00,1.5299129636636386
1989-02-21 00:00:00,1.5356430746324974
1989-02-22 00:00:00,1.5309770537178375
1989-02-23 00:00:00,1.5262811249810404
1989-02-24 00:00:00,1.5273234929697916
1989-02-27 00:00:00,1.5279140459974672
1989-02-28 00:00:00,1.5276039094062202
1989-03-01 00:00:00,1.536023359031446
1989-03-02 00:00:00,1.5383811219753214
1989-03-03 00:00:00,1.5371868014286354
1989-03-06 00:00:00,1.543291409601554
1989-03-07 00:00:00,1.541443496181342
1989-03-08 00:00:00,1.5435614047966961
1989-03-09 00:00:00,1.5465488733051926
1989-03-10 00:00:00,1.5482135106032873
1989-03-13 00:00:00,1.5513973028577401
1989-03-14 00:00:00,1.5478250077588627
1989-03-15 00:00:00,1.5529643731013847
1989-03-16 00:00:00,1.5546121279730372
1989-03-17 00:00:00,1.5522519578786658
1989-03-20 00:00:00,1.5544420921447888
1989-03-21 00:00:00,1.5495815123125425
1989-03-22 00:00:00,1.547751765864422
1989-03-23 00:00:00,1.5483215333418725
1989-03-24 00:00:00,1.5499796063591273
1989-03-27 00:00:00,1.557038976643077
1989-03-28 00:00:00,1.56594141236635
1989-03-29 00:00:00,1.5606279474237004
1989-03-30 00:00:00,1.5640684877971487
1989-03-31 00:00:00,1.5599221608475344
1989-04-03 00:00:00,1.5505567177980852
1989-04-04 00:00:00,1.5450185508509562
1989-04-05 00:00:00,1.542740278965977
1989-04-06 00:00:00,1.5435333891136647
1989-04-07 00:00:00,1.5513021676118584
1989-04-10 00:00:00,1.5514340506471482
1989-04-11 00:00:00,1.5543785511339512
1989-04-12 00:00:00,1.5535373930002234
1989-04-13 00:00:00,1.5466098094026723
1989-04-14 00:00:00,1.5449950426049655
1989-04-17 00:00:00,1.5347732467692392
1989-04-18 00:00:00,1.5333551719831862
1989-04-19 00:00:00,1.537482851892756
1989-04-20 00:00:00,1.5297296730444512
1989-04-21 00:00:00,1.5295329059373564
1989-04-24 00:00:00,1.5353462931299473
1989-04-25 00:00:00,1.539570198926925
1989-04-26 00:00:00,1.545407919437187
1989-04-27 00:00:00,1.5429159929434006
1989-04-28 00:00:00,1.5463291927019545
1989-05-01 00:00:00,1.5531883003362117
1989-05-02 00:00:00,1.5511572537895244
1989-05-03 00:00:00,1.553018264507963
1989-05-04 00:00:00,1.5535807108921085
1989-05-05 00:00:00,1.558439564023724
1989-05-08 00:00:00,1.5602795139709889
1989-05-09 00:00:00,1.56752407679482
1989-05-10 00:00:00,1.5592545999784928
1989-05-11 00:00:00,1.5653435372324365
1989-05-12 00:00:00,1.567374675993792
1989-05-15 00:00:00,1.579850905643432
1989-05-16 00:00:00,1.5839019859885077
1989-05-17 00:00:00,1.6004732742185896
1989-05-18 00:00:00,1.6004732742185896
1989-05-19 00:00:00,1.6004732742185896
1989-05-22 00:00:00,1.6004732742185896
1989-05-23 00:00:00,1.6004732742185896
1989-05-24 00:00:00,1.6004732742185896
1989-05-25 00:00:00,1.6004732742185896
1989-05-26 00:00:00,1.6004732742185896
1989-05-30 00:00:00,1.6004732742185896
1989-05-31 00:00:00,1.6004732742185896
1989-06-01 00:00:00,1.6004732742185896
1989-06-02 00:00:00,1.6004732742185896
1989-06-05 00:00:00,1.6004732742185896
1989-06-06 00:00:00,1.6004732742185896
1989-06-07 00:00:00,1.6004732742185896
1989-06-08 00:00:00,1.6004732742185896
1989-06-09 00:00:00,1.6004732742185896
1989-06-12 00:00:00,1.6004732742185896
1989-06-13 00:00:00,1.6004732742185896
1989-06-14 00:00:00,1.6004732742185896
1989-06-15 00:00:00,1.6004732742185896
1989-06-16 00:00:00,1.6004732742185896
1989-06-19 00:00:00,1.6004732742185896
1989-06-20 00:00:00,1.6004732742185896
1989-06-21 00:00:00,1.6004732742185896
1989-06-22 00:00:00,1.6004732742185896
1989-06-23 00:00:00,1.6004732742185896
1989-06-26 00:00:00,1.6004732742185896
1989-06-27 00:00:00,1.6004732742185896
1989-06-28 00:00:00,1.6004732742185896
1989-06-29 00:00:00,1.6004732742185896
1989-06-30 00:00:00,1.6004732742185896
1989-07-03 00:00:00,1.6004732742185896
1989-07-05 00:00:00,1.6004732742185896
1989-07-06 00:00:00,1.6004732742185896
1989-07-07 00:00:00,1.6004732742185896
1989-07-10 00:00:00,1.6004732742185896
1989-07-11 00:00:00,1.6004732742185896
1989-07-12 00:00:00,1.6004732742185896
1989-07-13 00:00:00,1.6004732742185896
1989-07-14 00:00:00,1.6004732742185896
1989-07-17 00:00:00,1.6004732742185896
1989-07-18 00:00:00,1.6004732742185896
1989-07-19 00:00:00,1.6004732742185896
1989-07-20 00:00:00,1.6004732742185896
1989-07-21 00:00:00,1.6004732742185896
1989-07-24 00:00:00,1.6004732742185896
1989-07-25 00:00:00,1.6004732742185896
1989-07-26 00:00:00,1.6004732742185896
1989-07-27 00:00:00,1.6004732742185896
1989-07-28 00:00:00,1.6004732742185896
1989-07-31 00:00:00,1.6004732742185896
1989-08-01 00:00:00,1.6004732742185896
1989-08-02 00:00:00,1.6067654320823206
1989-08-03 00:00:00,1.5989704824118118
1989-08-04 00:00:00,1.5774928798226766
1989-08-07 00:00:00,1.572515795707807
1989-08-08 00:00:00,1.5815217680692635
1989-08-09 00:00:00,1.5787115856939857
1989-08-10 00:00:00,1.582869307918122
1989-08-11 00:00:00,1.5518562245764698
1989-08-14 00:00:00,1.5492678366355537
1989-08-15 00:00:00,1.5471564782876253
1989-08-16 00:00:00,1.5480941488805269
1989-08-17 00:00:00,1.533571689697783
1989-08-18 00:00:00,1.5457521002437935
1989-08-21 00:00:00,1.5445837313093693
1989-08-22 00:00:00,1.5498553481397765
1989-08-23 00:00:00,1.5434171272827004
1989-08-24 00:00:00,1.5415542218786176
1989-08-25 00:00:00,1.5445837313093693
1989-08-28 00:00:00,1.5427180103595768
1989-08-29 00:00:00,1.5545715302565961
1989-08-30 00:00:00,1.5556366295084465
1989-08-31 00:00:00,1.5431840179144352
1989-09-01 00:00:00,1.5281814810965415
1989-09-05 00:00:00,1.52180836797907
1989-09-06 00:00:00,1.5313880969141904
1989-09-07 00:00:00,1.527267770196035
1989-09-08 00:00:00,1.529783108640736
1989-09-11 00:00:00,1.5255575039360176
1989-09-12 00:00:00,1.5261271669322594
1989-09-13 00:00:00,1.5306998326009704
1989-09-14 00:00:00,1.536454343249846
1989-09-15 00:00:00,1.5150387578012272
1989-09-18 00:00:00,1.5457521002437935
1989-09-19 00:00:00,1.5457521002437935
1989-09-20 00:00:00,1.5516205592424415
1989-09-21 00:00:00,1.5492678366355537
1989-09-22 00:00:00,1.548328744144791
1989-09-25 00:00:00,1.5719109819402273
1989-09-26 00:00:00,1.5787115856939857
1989-09-27 00:00:00,1.5850793333247717
1989-09-28 00:00:00,1.582746709412358
1989-09-29 00:00:00,1.5887764550787555
1989-10-02 00:00:00,1.5880356516337388
1989-10-03 00:00:00,1.5791995954577245
1989-10-04 00:00:00,1.585325272709306
1989-10-05 00:00:00,1.5755468593078608
1989-10-06 00:00:00,1.576762559044981
1989-10-10 00:00:00,1.5682918469088991
1989-10-11 00:00:00,1.5551630719347755
1989-10-12 00:00:00,1.5565846103917544
1989-10-13 00:00:00,1.5670891691121898
1989-10-16 00:00:00,1.578589630376435
1989-10-17 00:00:00,1.5850793333247717
1989-10-18 00:00:00,1.5836052979868995
1989-10-19 00:00:00,1.5870489876687601
1989-10-20 00:00:00,1.582869307918122
1989-10-23 00:00:00,1.5839735497421095
1989-10-24 00:00:00,1.5965968251600091
1989-10-25 00:00:00,1.5963473763942626
1989-10-26 00:00:00,1.595973349361368
1989-10-27 00:00:00,1.5982201443158888
1989-10-30 00:00:00,1.5949768002827782
1989-10-31 00:00:00,1.5914986577276444
1989-11-01 00:00:00,1.5932358307518286
1989-11-02 00:00:00,1.5865561153123409
1989-11-03 00:00:00,1.5885294438139732
1989-11-06 00:00:00,1.5868025132181203
1989-11-07 00:00:00,1.590260137371436
1989-11-08 00:00:00,1.5914986577276444
1989-11-09 00:00:00,1.5897652688052712
1989-11-10 00:00:00,1.5816441768748417
1989-11-13 00:00:00,1.5755468593078608
1989-11-14 00:00:00,1.5840963383893762
1989-11-15 00:00:00,1.584587683407487
1989-11-16 00:00:00,1.5840963383893762
1989-11-17 00:00:00,1.5847105672914272
1989-11-20 00:00:00,1.5836052979868995
1989-11-21 00:00:00,1.5865561153123409
1989-11-22 00:00:00,1.5877888706466943
1989-11-24 00:00:00,1.5912507993476834
1989-11-27 00:00:00,1.5954749192085378
1989-11-28 00:00:00,1.5977203100252506
1989-11-29 00:00:00,1.6014767057384762
1989-11-30 00:00:00,1.6014767057384762
1989-12-01 00:00:00,1.6002226127817505
1989-12-04 00:00:00,1.6012257299187393
1989-12-05 00:00:00,1.60298421440406
1989-12-06 00:00:00,1.6098032743991613
1989-12-07 00:00:00,1.6075238172768214
1989-12-08 00:00:00,1.605250806380436
1989-12-11 00:00:00,1.60904273741913
1989-12-12 00:00:00,1.6295727882952915
1989-12-13 00:00:00,1.6269779271674325
1989-12-14 00:00:00,1.6254249733712183
1989-12-15 00:00:00,1.6321759397142932
1989-12-18 00:00:00,1.6276258674012707
1989-12-19 00:00:00,1.626459946292817
1989-12-20 00:00:00,1.622327942618526
1989-12-21 00:00:00,1.6298327297194892
1989-12-22 00:00:00,1.6374072728544031
1989-12-26 00:00:00,1.6453174529165018
1989-12-27 00:00:00,1.6501003524889335
1989-12-28 00:00:00,1.6453174529165018
1989-12-29 00:00:00,1.6462452884252763
1990-01-02 00:00:00,1.6400355349296112
1990-01-03 00:00:00,1.6295727882952915
1990-01-04 00:00:00,1.6543752238684388
1990-01-05 00:00:00,1.6554474048301162
1990-01-08 00:00:00,1.6640751437477976
1990-01-09 00:00:00,1.6610992330696597
1990-01-10 00:00:00,1.66353327623111
1990-01-11 00:00:00,1.6619097889738903
1990-01-12 00:00:00,1.6678781231817623
1990-01-16 00:00:00,1.6565209764285793
1990-01-17 00:00:00,1.6575959413711028
1990-01-18 00:00:00,1.6473069540687588
1990-01-19 00:00:00,1.6433327515257703
1990-01-22 00:00:00,1.6326975683303735
1990-01-23 00:00:00,1.646510576522678
1990-01-24 00:00:00,1.6573270693611477
1990-01-25 00:00:00,1.6559840166307094
1990-01-26 00:00:00,1.6533044308432812
1990-01-29 00:00:00,1.6640751437477976
1990-01-30 00:00:00,1.6627211363078076
1990-01-31 00:00:00,1.658672302371993
1990-02-01 00:00:00,1.6722457254683267
1990-02-02 00:00:00,1.6613693305059312
1990-02-05 00:00:00,1.670605196633662
1990-02-06 00:00:00,1.6804969379295192
1990-02-07 00:00:00,1.686043132444138
1990-02-08 00:00:00,1.6681504298141185
1990-02-09 00:00:00,1.6644817761035233
1990-02-12 00:00:00,1.6686953099153157
1990-02-13 00:00:00,1.6640751437477976
1990-02-14 00:00:00,1.6667897850915951
1990-02-15 00:00:00,1.6640751437477976
1990-02-16 00:00:00,1.66353327623111
1990-02-20 00:00:00,1.625683593096496
1990-02-21 00:00:00,1.6744381157999797
1990-02-22 00:00:00,1.6767738381244732
1990-02-23 00:00:00,1.6780130370523034
1990-02-26 00:00:00,1.6715617803863356
1990-02-27 00:00:00,1.6718352912724335
1990-02-28 00:00:00,1.6677420032010897
1990-03-01 00:00:00,1.6546431388844496
1990-03-02 00:00:00,1.6519678872451862
1990-03-05 00:00:00,1.659345738142343
1990-03-06 00:00:00,1.660019720976682
1990-03-07 00:00:00,1.6511669978363732
1990-03-08 00:00:00,1.6559840166307094
1990-03-09 00:00:00,1.6546431388844496
1990-03-12 00:00:00,1.6493012724150888
1990-03-13 00:00:00,1.6453174529165018
1990-03-14 00:00:00,1.649035084346591
1990-03-15 00:00:00,1.655313306214901
1990-03-16 00:00:00,1.6627211363078076
1990-03-19 00:00:00,1.6667897850915951
1990-03-20 00:00:00,1.6613693305059312
1990-03-21 00:00:00,1.6539735139800045
1990-03-22 00:00:00,1.6549111406886097
1990-03-23 00:00:00,1.6559840166307094
1990-03-26 00:00:00,1.6537058157500166
1990-03-27 00:00:00,1.6559840166307094
1990-03-28 00:00:00,1.6554474048301162
1990-03-29 00:00:00,1.6633978644870129
1990-03-30 00:00:00,1.6711516818141112
1990-04-02 00:00:00,1.659480490922767
1990-04-03 00:00:00,1.6640751437477976
1990-04-04 00:00:00,1.66245059918833
1990-04-05 00:00:00,1.6627211363078076
1990-04-06 00:00:00,1.6655671012489164
1990-04-09 00:00:00,1.6673337765358156
1990-04-10 00:00:00,1.6700590687498327
1990-04-11 00:00:00,1.6773243671692484
1990-04-12 00:00:00,1.673615296087056
1990-04-13 00:00:00,1.674987111903521
1990-04-16 00:00:00,1.67279328464497
1990-04-17 00:00:00,1.674163752680891
1990-04-18 00:00:00,1.679116085885206
1990-04-19 00:00:00,1.6796681543007526
1990-04-20 00:00:00,1.6688315855633282
1990-04-23 00:00:00,1.6651599384960034
1990-04-24 00:00:00,1.665974463168348
1990-04-25 00:00:00,1.67279328464497
1990-04-26 00:00:00,1.6732041894066123
1990-04-27 00:00:00,1.6781508388948803
1990-04-30 00:00:00,1.6755364681225773
1990-05-01 00:00:00,1.673615296087056
1990-05-02 00:00:00,1.675673863486917
1990-05-03 00:00:00,1.6758112813861699
1990-05-04 00:00:00,1.6804969379295192
1990-05-07 00:00:00,1.6893884561196224
1990-05-08 00:00:00,1.6902268623013197
1990-05-09 00:00:00,1.7017690510678676
1990-05-10 00:00:00,1.6975280582507852
1990-05-11 00:00:00,1.7053194329652799
1990-05-14 00:00:00,1.6990806323458019
1990-05-15 00:00:00,1.6976690840926274
1990-05-16 00:00:00,1.6989393719008108
1990-05-17 00:00:00,1.696823280347335
1990-05-18 00:00:00,1.6972460768457605
1990-05-21 00:00:00,1.686321403302769
1990-05-22 00:00:00,1.6822954445725653
1990-05-23 00:00:00,1.6825724796396009
1990-05-24 00:00:00,1.6804969379295192
1990-05-25 00:00:00,1.6762236703488598
1990-05-29 00:00:00,1.6846531545938133
1990-05-30 00:00:00,1.6809116365240562
1990-05-31 00:00:00,1.665974463168348
1990-06-01 00:00:00,1.6714250585001598
1990-06-04 00:00:00,1.6686953099153157
1990-06-05 00:00:00,1.6725194602408702
1990-06-06 00:00:00,1.6745753310844018
1990-06-07 00:00:00,1.671288358977914
1990-06-08 00:00:00,1.6648886072366758
1990-06-11 00:00:00,1.6667897850915951
1990-06-12 00:00:00,1.6700590687498327
1990-06-13 00:00:00,1.6726563612362244
1990-06-14 00:00:00,1.6725194602408702
1990-06-15 00:00:00,1.6673337765358156
1990-06-18 00:00:00,1.679806228131768
1990-06-19 00:00:00,1.6868782206721935
1990-06-20 00:00:00,1.6813265398406247
1990-06-21 00:00:00,1.680773380919802
1990-06-22 00:00:00,1.6857649534089223
1990-06-25 00:00:00,1.6824339507017085
1990-06-26 00:00:00,1.689528132717896
1990-06-27 00:00:00,1.6934484764417794
1990-06-28 00:00:00,1.6905065159846917
1990-06-29 00:00:00,1.6923265229998308
1990-07-02 00:00:00,1.7000701135792808
1990-07-03 00:00:00,1.703755441489324
1990-07-05 00:00:00,1.7056041035992782
1990-07-06 00:00:00,1.7034713875644343
1990-07-09 00:00:00,1.712177860513025
1990-07-10 00:00:00,1.7137573603843472
1990-07-11 00:00:00,1.7083132223058815
1990-07-12 00:00:00,1.7023361183957813
1990-07-13 00:00:00,1.7117475929990749
1990-07-16 00:00:00,1.7088846600788554
1990-07-17 00:00:00,1.7126083443867715
1990-07-18 00:00:00,1.7166366570247775
1990-07-19 00:00:00,1.7146201346889542
1990-07-20 00:00:00,1.716348292056354
1990-07-23 00:00:00,1.7269367671108724
1990-07-24 00:00:00,1.732500446394485
1990-07-25 00:00:00,1.7310328475411227
1990-07-26 00:00:00,1.728105096424774
1990-07-27 00:00:00,1.734706516572407
1990-07-30 00:00:00,1.7406169305982073
1990-07-31 00:00:00,1.7576847381062235
1990-08-01 00:00:00,1.7530104456740974
1990-08-02 00:00:00,1.7498580891610678
1990-08-03 00:00:00,1.750907614190982
1990-08-06 00:00:00,1.762536032881055
1990-08-07 00:00:00,1.7598038895300512
1990-08-08 00:00:00,1.7480618276495254
1990-08-09 00:00:00,1.750157825044789
1990-08-10 00:00:00,1.7540637566714983
1990-08-13 00:00:00,1.7652766728768967
1990-08-14 00:00:00,1.7710905499413203
1990-08-15 00:00:00,1.774165893837728
1990-08-16 00:00:00,1.775244788916945
1990-08-17 00:00:00,1.7847024249103018
1990-08-20 00:00:00,1.7772519364431165
1990-08-21 00:00:00,1.778489361638203
1990-08-22 00:00:00,1.778489361638203
1990-08-23 00:00:00,1.7859502504127736
1990-08-24 00:00:00,1.776942849149822
1990-08-27 00:00:00,1.788920840866931
1990-08-28 00:00:00,1.7861063512999698
1990-08-29 00:00:00,1.7822119976646567
1990-08-30 00:00:00,1.7737039115721682
1990-08-31 00:00:00,1.7649717365022417
1990-09-04 00:00:00,1.7578359367933727
1990-09-05 00:00:00,1.7755532857088325
1990-09-06 00:00:00,1.7815904764797694
1990-09-07 00:00:00,1.7757075743155157
1990-09-10 00:00:00,1.7639052883230861
1990-09-11 00:00:00,1.7540637566714983
1990-09-12 00:00:00,1.7616243763123236
1990-09-13 00:00:00,1.7738578789256036
1990-09-14 00:00:00,1.7809693886371756
1990-09-17 00:00:00,1.786262479477531
1990-09-18 00:00:00,1.7931592458075598
1990-09-19 00:00:00,1.7740118730118029
1990-09-20 00:00:00,1.7652766728768967
1990-09-21 00:00:00,1.766192114539581
1990-09-24 00:00:00,1.777561131282442
1990-09-25 00:00:00,1.7738578789256036
1990-09-26 00:00:00,1.7677199623895288
1990-09-27 00:00:00,1.7652766728768967
1990-09-28 00:00:00,1.7729344755529197
1990-10-01 00:00:00,1.784234939773243
1990-10-02 00:00:00,1.7806590070776365
1990-10-03 00:00:00,1.7900177614946524
1990-10-04 00:00:00,1.8002680614239233
1990-10-05 00:00:00,1.7996338850922897
1990-10-09 00:00:00,1.8157848556267067
1990-10-10 00:00:00,1.8109573524656992
1990-10-11 00:00:00,1.8074334658785562
1990-10-12 00:00:00,1.8141728307193676
1990-10-15 00:00:00,1.810796877733536
1990-10-16 00:00:00,1.8175613951101088
1990-10-17 00:00:00,1.8191794503002716
1990-10-18 00:00:00,1.820800388953306
1990-10-19 00:00:00,1.8325569693500992
1990-10-22 00:00:00,1.8219367658009051
1990-10-23 00:00:00,1.818208271663222
1990-10-24 00:00:00,1.8255174884065528
1990-10-25 00:00:00,1.8229119326693088
1990-10-26 00:00:00,1.8180465093614728
1990-10-29 00:00:00,1.8148172970890721
1990-10-30 00:00:00,1.8125636655333472
1990-10-31 00:00:00,1.811278387273795
1990-11-01 00:00:00,1.8180465093614728
1990-11-02 00:00:00,1.8245395326091924
1990-11-05 00:00:00,1.840147930231693
1990-11-06 00:00:00,1.84296922485777
1990-11-07 00:00:00,1.8461326917718812
1990-11-08 00:00:00,1.8365096400847447
1990-11-09 00:00:00,1.8353550175339457
1990-11-13 00:00:00,1.8416404799227606
1990-11-14 00:00:00,1.8433017107363299
1990-11-15 00:00:00,1.840976825695762
1990-11-16 00:00:00,1.844965941244398
1990-11-19 00:00:00,1.8447993829758016
1990-11-20 00:00:00,1.8421385346815968
1990-11-21 00:00:00,1.8393197808481507
1990-11-23 00:00:00,1.8368397991211642
1990-11-26 00:00:00,1.8315714587454472
1990-11-27 00:00:00,1.8426368589019797
1990-11-28 00:00:00,1.8365096400847447
1990-11-29 00:00:00,1.8255174884065528
1990-11-30 00:00:00,1.8185318826397572
1990-12-03 00:00:00,1.8045604702598865
1990-12-04 00:00:00,1.8120814724858523
1990-12-05 00:00:00,1.8091936932468309
1990-12-06 00:00:00,1.8233999076669005
1990-12-07 00:00:00,1.8351901899616485
1990-12-10 00:00:00,1.8384923765382775
1990-12-11 00:00:00,1.8304230352224073
1990-12-12 00:00:00,1.832064081515416
1990-12-13 00:00:00,1.8317356368970021
1990-12-14 00:00:00,1.8284576561581027
1990-12-17 00:00:00,1.822099221152292
1990-12-18 00:00:00,1.8235626240605884
1990-12-19 00:00:00,1.828294065064235
1990-12-20 00:00:00,1.8085532140209712
1990-12-21 00:00:00,1.7850142177867712
1990-12-24 00:00:00,1.7686379405593693
1990-12-26 00:00:00,1.784234939773243
1990-12-27 00:00:00,1.7822119976646567
1990-12-28 00:00:00,1.8141728307193676
1990-12-31 00:00:00,1.8136897812392787
1991-01-02 00:00:00,1.823725369497809
1991-01-03 00:00:00,1.8232372203089713
1991-01-04 00:00:00,1.8117601529588576
1991-01-07 00:00:00,1.786262479477531
1991-01-08 00:00:00,1.788920840866931
1991-01-09 00:00:00,1.807593344999819
1991-01-10 00:00:00,1.7898609761954063
1991-01-11 00:00:00,1.7925300671248205
1991-01-14 00:00:00,1.7823674457237644
1991-01-15 00:00:00,1.7801936375314011
1991-01-16 00:00:00,1.7806590070776365
1991-01-17 00:00:00,1.8079131881113821
1991-01-18 00:00:00,1.8188556088315937
1991-01-22 00:00:00,1.8291123133926739
1991-01-23 00:00:00,1.835025391992004
1991-01-24 00:00:00,1.837335260314957
1991-01-25 00:00:00,1.832064081515416
1991-01-28 00:00:00,1.837004923159201
1991-01-29 00:00:00,1.838988729771684
1991-01-30 00:00:00,1.8361795997145254
1991-01-31 00:00:00,1.846633179579157
1991-02-01 00:00:00,1.8563628965500507
1991-02-04 00:00:00,1.862453770071359
1991-02-05 00:00:00,1.8626235316035868
1991-02-06 00:00:00,1.872522932761198
1991-02-07 00:00:00,1.8747562169929313
1991-02-08 00:00:00,1.868243075994053
1991-02-11 00:00:00,1.8770320562190348
1991-02-12 00:00:00,1.8770320562190348
1991-02-13 00:00:00,1.8770320562190348
1991-02-14 00:00:00,1.8770320562190348
1991-02-15 00:00:00,1.8770320562190348
1991-02-19 00:00:00,1.8770320562190348
1991-02-20 00:00:00,1.8770320562190348
1991-02-21 00:00:00,1.8770320562190348
1991-02-22 00:00:00,1.8770320562190348
1991-02-25 00:00:00,1.8770320562190348
1991-02-26 00:00:00,1.8770320562190348
1991-02-27 00:00:00,1.8770320562190348
1991-02-28 00:00:00,1.8770320562190348
1991-03-01 00:00:00,1.8770320562190348
1991-03-04 00:00:00,1.8770320562190348
1991-03-05 00:00:00,1.8770320562190348
1991-03-06 00:00:00,1.8770320562190348
1991-03-07 00:00:00,1.8770320562190348
1991-03-08 00:00:00,1.8770320562190348
1991-03-11 00:00:00,1.892522098437424
1991-03-12 00:00:00,1.8863688969941748
1991-03-13 00:00:00,1.8890801752456545
1991-03-14 00:00:00,1.8906038028804402
1991-03-15 00:00:00,1.9067125168585641
1991-03-18 00:00:00,1.933517447242741
1991-03-19 00:00:00,1.9506116616357976
1991-03-20 00:00:00,1.9419598070084336
1991-03-21 00:00:00,1.9343391834991241
1991-03-22 00:00:00,1.9398175078823912
1991-03-25 00:00:00,1.9600361292428343
1991-03-26 00:00:00,1.9717845003744332
1991-03-27 00:00:00,1.9815167745420115
1991-03-28 00:00:00,1.9847121842309927
1991-03-29 00:00:00,1.9760182103870716
1991-04-01 00:00:00,1.9668294821623482
1991-04-02 00:00:00,1.960117302989054
1991-04-03 00:00:00,1.9544436072454934
1991-04-04 00:00:00,1.9468069167537534
1991-04-05 00:00:00,1.956696622559094
1991-04-08 00:00:00,1.9626951485266177
1991-04-09 00:00:00,1.949943157746509
1991-04-10 00:00:00,1.9536735605055118
1991-04-11 00:00:00,1.9486467875765383
1991-04-12 00:00:00,1.9583728015941502
1991-04-15 00:00:00,1.948585189114008
1991-04-16 00:00:00,1.944219852058028
1991-04-17 00:00:00,1.9468751267099438
1991-04-18 00:00:00,1.9587885968328445
1991-04-19 00:00:00,1.9903230686026334
1991-04-22 00:00:00,2.012465165055742
1991-04-23 00:00:00,1.995839743060592
1991-04-24 00:00:00,2.0032128645418856
1991-04-25 00:00:00,1.9968049811809385
1991-04-26 00:00:00,2.0040392492081267
1991-04-29 00:00:00,2.0108260536509306
1991-04-30 00:00:00,1.978601963526865
1991-05-01 00:00:00,1.973199378138158
1991-05-02 00:00:00,1.981041755919063
1991-05-03 00:00:00,1.9994331806156154
1991-05-06 00:00:00,1.9917023558931115
1991-05-07 00:00:00,1.978633216524092
1991-05-08 00:00:00,1.9872033284150932
1991-05-09 00:00:00,1.991534007413345
1991-05-10 00:00:00,1.9836002576553293
1991-05-13 00:00:00,1.974927220711648
1991-05-14 00:00:00,1.9662969051521648
1991-05-15 00:00:00,1.9609549755875222
1991-05-16 00:00:00,1.9646227798441878
1991-05-17 00:00:00,1.9915868480604648
1991-05-20 00:00:00,1.9922660509292343
1991-05-21 00:00:00,1.9749933528457688
1991-05-22 00:00:00,1.9849013840158134
1991-05-23 00:00:00,1.9762505955510372
1991-05-24 00:00:00,1.9715090165414468
1991-05-28 00:00:00,1.9628521607583216
1991-05-29 00:00:00,1.9711771281102908
1991-05-30 00:00:00,1.9809944959015868
1991-05-31 00:00:00,1.9997294325642672
1991-06-03 00:00:00,2.005641326123222
1991-06-04 00:00:00,2.001966123307046
1991-06-05 00:00:00,2.0119145460703445
1991-06-06 00:00:00,2.014842667162844
1991-06-07 00:00:00,2.0299566400612887
1991-06-10 00:00:00,2.03096795644589
1991-06-11 00:00:00,2.0311151433264603
1991-06-12 00:00:00,2.049775515326476
1991-06-13 00:00:00,2.0568642590757964
1991-06-14 00:00:00,2.049095056294072
1991-06-17 00:00:00,2.063196261832654
1991-06-18 00:00:00,2.075179874145297
1991-06-19 00:00:00,2.056466526935394
1991-06-20 00:00:00,2.0637252018515073
1991-06-21 00:00:00,2.0633895056583698
1991-06-24 00:00:00,2.053300968706547
1991-06-25 00:00:00,2.0629543037449576
1991-06-26 00:00:00,2.05238362265154
1991-06-27 00:00:00,2.062045993698506
1991-06-28 00:00:00,2.0604071825339325
1991-07-01 00:00:00,2.0796201345246548
1991-07-02 00:00:00,2.09121869342488
1991-07-03 00:00:00,2.089980367566741
1991-07-05 00:00:00,2.0867973130418807
1991-07-08 00:00:00,2.074468967145436
1991-07-09 00:00:00,2.079354086016777
1991-07-10 00:00:00,2.0755483295226846
1991-07-11 00:00:00,2.091304606121504
1991-07-12 00:00:00,2.0561862083912734
1991-07-15 00:00:00,2.0562058113666306
1991-07-16 00:00:00,2.061562241253548
1991-07-17 00:00:00,2.0571962955320298
1991-07-18 00:00:00,2.0394265638549967
1991-07-19 00:00:00,2.0192536027214856
1991-07-22 00:00:00,2.028577560778974
1991-07-23 00:00:00,2.027121185002751
1991-07-24 00:00:00,2.009165516100298
1991-07-25 00:00:00,2.0242013810665815
1991-07-26 00:00:00,2.0133744794348787
1991-07-29 00:00:00,2.026352970189688
1991-07-30 00:00:00,2.025388397497271
1991-07-31 00:00:00,2.0204514035820753
1991-08-01 00:00:00,2.030488960009195
1991-08-02 00:00:00,2.0087220215444974
1991-08-05 00:00:00,1.9980743874088691
1991-08-06 00:00:00,1.991165742984561
1991-08-07 00:00:00,1.9896458026536905
1991-08-08 00:00:00,2.0030040998843908
1991-08-09 00:00:00,2.005569209573945
1991-08-12 00:00:00,2.003821349505138
1991-08-13 00:00:00,2.0091614124280563
1991-08-14 00:00:00,2.0119562515048868
1991-08-15 00:00:00,2.0109770711599895
1991-08-16 00:00:00,2.0357562663047855
1991-08-19 00:00:00,2.0776250576135764
1991-08-20 00:00:00,2.0682399582582582
1991-08-21 00:00:00,2.0244155230273417
1991-08-22 00:00:00,2.00150122527542
1991-08-23 00:00:00,2.0253279303564997
1991-08-26 00:00:00,2.02275686278622
1991-08-27 00:00:00,2.0196811771407432
1991-08-28 00:00:00,2.01397079778934
1991-08-29 00:00:00,2.0192337814190524
1991-08-30 00:00:00,2.0202521148008357
1991-09-03 00:00:00,2.01242019021585
1991-09-04 00:00:00,2.0099358977671185
1991-09-05 00:00:00,2.0123466442518025
1991-09-06 00:00:00,2.0063356287020815
1991-09-09 00:00:00,1.9732452811782144
1991-09-10 00:00:00,1.9719610533874745
1991-09-11 00:00:00,1.9768523432681107
1991-09-12 00:00:00,1.9674030841241599
1991-09-13 00:00:00,1.9649160707731366
1991-09-16 00:00:00,1.956538831689439
1991-09-17 00:00:00,1.9541549621744518
1991-09-18 00:00:00,1.9635543737333934
1991-09-19 00:00:00,1.9716601460950223
1991-09-20 00:00:00,1.9691870781895287
1991-09-23 00:00:00,1.9555047249033068
1991-09-24 00:00:00,1.9583541207087067
1991-09-25 00:00:00,1.9673024924992928
1991-09-26 00:00:00,1.9664087537731532
1991-09-27 00:00:00,1.9609940518105953
1991-09-30 00:00:00,1.9467753472060412
1991-10-01 00:00:00,1.9491136851889095
1991-10-02 00:00:00,1.944675432192473
1991-10-03 00:00:00,1.9462057382374105
1991-10-04 00:00:00,1.9572910198991105
1991-10-07 00:00:00,1.9611969571879282
1991-10-08 00:00:00,1.9752249348208077
1991-10-09 00:00:00,1.9744707947371565
1991-10-10 00:00:00,1.9750260687506065
1991-10-11 00:00:00,1.9737477812128912
1991-10-15 00:00:00,1.9893550087212348
1991-10-16 00:00:00,1.9807263032197189
1991-10-17 00:00:00,1.9817952949136357
1991-10-18 00:00:00,1.9700664169313833
1991-10-21 00:00:00,1.9690451776370699
1991-10-22 00:00:00,1.97354432542623
1991-10-23 00:00:00,1.982305166555251
1991-10-24 00:00:00,1.977657452574083
1991-10-25 00:00:00,1.9788601500496188
1991-10-28 00:00:00,1.9861429152554513
1991-10-29 00:00:00,1.9689754541473043
1991-10-30 00:00:00,1.9487461979805039
1991-10-31 00:00:00,1.9470255914517955
1991-11-01 00:00:00,1.9413629152423661
1991-11-04 00:00:00,1.9121680021787602
1991-11-05 00:00:00,1.9238290844945205
1991-11-06 00:00:00,1.9212234363728349
1991-11-07 00:00:00,1.912856081617284
1991-11-08 00:00:00,1.9245033932448297
1991-11-12 00:00:00,1.9198088428367246
1991-11-13 00:00:00,1.921104544734882
1991-11-14 00:00:00,1.915129827785208
1991-11-15 00:00:00,1.922854956630665
1991-11-18 00:00:00,1.88970946785635
1991-11-19 00:00:00,1.88030237293093
1991-11-20 00:00:00,1.8841420104714803
1991-11-21 00:00:00,1.877907261126413
1991-11-22 00:00:00,1.868817978212191
1991-11-25 00:00:00,1.8672357812863378
1991-11-26 00:00:00,1.8666910205685652
1991-11-27 00:00:00,1.901647186486029
1991-11-29 00:00:00,1.9117456286565364
1991-12-02 00:00:00,1.8950114304041497
1991-12-03 00:00:00,1.8979219801757283
1991-12-04 00:00:00,1.9011069439203678
1991-12-05 00:00:00,1.8731921381574685
1991-12-06 00:00:00,1.8543350722378864
1991-12-09 00:00:00,1.8551381577408317
1991-12-10 00:00:00,1.861031589271985
1991-12-11 00:00:00,1.8564414033299825
1991-12-12 00:00:00,1.857092050135868
1991-12-13 00:00:00,1.858939786980811
1991-12-16 00:00:00,1.8550918996243588
1991-12-17 00:00:00,1.8482041287303363
1991-12-18 00:00:00,1.845222511740945
1991-12-19 00:00:00,1.8361119455719404
1991-12-20 00:00:00,1.8066669661977695
1991-12-23 00:00:00,1.7834163384482007
1991-12-24 00:00:00,1.7943239716964954
1991-12-26 00:00:00,1.7789730866803466
1991-12-27 00:00:00,1.7879907133610031
1991-12-30 00:00:00,1.788215189445003
1991-12-31 00:00:00,1.788439548910058
1992-01-02 00:00:00,1.7957553008077098
1992-01-03 00:00:00,1.8150292726346178
1992-01-06 00:00:00,1.7832720885794897
1992-01-07 00:00:00,1.786421687449056
1992-01-08 00:00:00,1.7801390488763447
1992-01-09 00:00:00,1.8114843474651328
1992-01-10 00:00:00,1.853251261746164
1992-01-13 00:00:00,1.8456046344524264
1992-01-14 00:00:00,1.854103782571385
1992-01-15 00:00:00,1.8926025953935275
1992-01-16 00:00:00,1.8912107634506772
1992-01-17 00:00:00,1.8779320526649457
1992-01-21 00:00:00,1.8508493128130916
1992-01-22 00:00:00,1.8552562215319885
1992-01-23 00:00:00,1.8629125652347398
1992-01-24 00:00:00,1.8543079251530494
1992-01-27 00:00:00,1.8826731017400218
1992-01-28 00:00:00,1.8649866890413025
1992-01-29 00:00:00,1.856854012882218
1992-01-30 00:00:00,1.8864268044776533
1992-01-31 00:00:00,1.8735270672797926
1992-02-03 00:00:00,1.8657727191934685
1992-02-04 00:00:00,1.858695254380356
1992-02-05 00:00:00,1.8563568477067147
1992-02-06 00:00:00,1.844217422654712
1992-02-07 00:00:00,1.8246560661962001
1992-02-10 00:00:00,1.834724723240599
1992-02-11 00:00:00,1.85775075875369
1992-02-12 00:00:00,1.8730246613880535
1992-02-13 00:00:00,1.8867308100364706
1992-02-14 00:00:00,1.8922346366063256
1992-02-18 00:00:00,1.9126472529934615
1992-02-19 00:00:00,1.9125478199583608
1992-02-20 00:00:00,1.9123086283096218
1992-02-21 00:00:00,1.9143031227784124
1992-02-24 00:00:00,1.9112707193557692
1992-02-25 00:00:00,1.9027342831945682
1992-02-26 00:00:00,1.9133074311376896
1992-02-27 00:00:00,1.9070457201991038
1992-02-28 00:00:00,1.9003134117238576
1992-03-02 00:00:00,1.9051583307171072
1992-03-03 00:00:00,1.9180566453196424
1992-03-04 00:00:00,1.9318468005578477
1992-03-05 00:00:00,1.9325652010522472
1992-03-06 00:00:00,1.930692770007531
1992-03-09 00:00:00,1.926761599175657
1992-03-10 00:00:00,1.9339001401982354
1992-03-11 00:00:00,1.9258766225384856
1992-03-12 00:00:00,1.9353312819756627
1992-03-13 00:00:00,1.9286923966390714
1992-03-16 00:00:00,1.9273610292314092
1992-03-17 00:00:00,1.9163686367464399
1992-03-18 00:00:00,1.9123738962488754
1992-03-19 00:00:00,1.9348341168001595
1992-03-20 00:00:00,1.939335580066727
1992-03-23 00:00:00,1.9319167769078027
1992-03-24 00:00:00,1.927449065593208
1992-03-25 00:00:00,1.9141048495418063
1992-03-26 00:00:00,1.9242335610805537
1992-03-27 00:00:00,1.9086044582866786
1992-03-30 00:00:00,1.9115784319680702
1992-03-31 00:00:00,1.908965235005762
1992-04-01 00:00:00,1.913607684366303
1992-04-02 00:00:00,1.9087663689355605
1992-04-03 00:00:00,1.8871337784629907
1992-04-06 00:00:00,1.8830070592630195
1992-04-07 00:00:00,1.8869349123927894
1992-04-08 00:00:00,1.8882691679004746
1992-04-09 00:00:00,1.8795309987947988
1992-04-10 00:00:00,1.8957704564110502
1992-04-13 00:00:00,1.9075106949005711
1992-04-14 00:00:00,1.8992541269660448
1992-04-15 00:00:00,1.9126133540152963
1992-04-16 00:00:00,1.9208166495001888
1992-04-17 00:00:00,1.9231919305907677
1992-04-20 00:00:00,1.928292719014018
1992-04-21 00:00:00,1.9224437664487415
1992-04-22 00:00:00,1.915170156598149
1992-04-23 00:00:00,1.9150707235630482
1992-04-24 00:00:00,1.9043734742130496
1992-04-27 00:00:00,1.902869532724876
1992-04-28 00:00:00,1.9058569138807124
1992-04-29 00:00:00,1.9079953038182085
1992-04-30 00:00:00,1.903975742072647
1992-05-01 00:00:00,1.891577652805838
1992-05-04 00:00:00,1.8927588661943804
1992-05-05 00:00:00,1.8900961927253397
1992-05-06 00:00:00,1.8770627174188588
1992-05-07 00:00:00,1.8838860055108424
1992-05-08 00:00:00,1.895766703316605
1992-05-11 00:00:00,1.887985297971951
1992-05-12 00:00:00,1.8688089816354152
1992-05-13 00:00:00,1.8663678887525446
1992-05-14 00:00:00,1.8586135406662203
1992-05-15 00:00:00,1.8602866990874372
1992-05-18 00:00:00,1.8391255795550094
1992-05-19 00:00:00,1.8343260880534609
1992-05-20 00:00:00,1.8455544044051144
1992-05-21 00:00:00,1.8591508316803538
1992-05-22 00:00:00,1.8637645280771171
1992-05-26 00:00:00,1.8531726568358107
1992-05-27 00:00:00,1.8779845066809164
1992-05-28 00:00:00,1.8717977383576263
1992-05-29 00:00:00,1.8503429840005994
1992-06-01 00:00:00,1.8542605027865942
1992-06-02 00:00:00,1.8519317410340046
1992-06-03 00:00:00,1.85242735983292
1992-06-04 00:00:00,1.846209106675946
1992-06-05 00:00:00,1.8337407786229456
1992-06-08 00:00:00,1.8362201414050452
1992-06-09 00:00:00,1.837482864962565
1992-06-10 00:00:00,1.8391963258919173
1992-06-11 00:00:00,1.8241799813598603
1992-06-12 00:00:00,1.8226977687279493
1992-06-15 00:00:00,1.815031397539348
1992-06-16 00:00:00,1.812135838121651
1992-06-17 00:00:00,1.8208604846722165
1992-06-18 00:00:00,1.8089758523248474
1992-06-19 00:00:00,1.8144785577332307
1992-06-22 00:00:00,1.8089330826082175
1992-06-23 00:00:00,1.8082090985393575
1992-06-24 00:00:00,1.7928278825646433
1992-06-25 00:00:00,1.7815350808913875
1992-06-26 00:00:00,1.7764335285017554
1992-06-29 00:00:00,1.751398053475053
1992-06-30 00:00:00,1.7594124218464111
1992-07-01 00:00:00,1.752528841607559
1992-07-02 00:00:00,1.748100923587954
1992-07-03 00:00:00,1.7516653909851108
1992-07-06 00:00:00,1.7458973496575207
1992-07-07 00:00:00,1.7324895766911885
1992-07-08 00:00:00,1.7288198183005754
1992-07-09 00:00:00,1.7545857412231893
1992-07-10 00:00:00,1.7343945619448993
1992-07-13 00:00:00,1.7113282469134363
1992-07-14 00:00:00,1.7318227094151792
1992-07-15 00:00:00,1.711996652099929
1992-07-16 00:00:00,1.7087712552593242
1992-07-17 00:00:00,1.685617213707904
1992-07-20 00:00:00,1.685617213707904
1992-07-21 00:00:00,1.685617213707904
1992-07-22 00:00:00,1.685617213707904
1992-07-23 00:00:00,1.685617213707904
1992-07-24 00:00:00,1.685617213707904
1992-07-27 00:00:00,1.685617213707904
1992-07-28 00:00:00,1.685617213707904
1992-07-29 00:00:00,1.685617213707904
1992-07-30 00:00:00,1.685617213707904
1992-07-31 00:00:00,1.685617213707904
1992-08-03 00:00:00,1.685617213707904
1992-08-04 00:00:00,1.685617213707904
1992-08-05 00:00:00,1.685617213707904
1992-08-06 00:00:00,1.685617213707904
1992-08-07 00:00:00,1.685617213707904
1992-08-10 00:00:00,1.685617213707904
1992-08-11 00:00:00,1.685617213707904
1992-08-12 00:00:00,1.685617213707904
1992-08-13 00:00:00,1.685617213707904
1992-08-14 00:00:00,1.685617213707904
1992-08-17 00:00:00,1.685617213707904
1992-08-18 00:00:00,1.685617213707904
1992-08-19 00:00:00,1.685617213707904
1992-08-20 00:00:00,1.685617213707904
1992-08-21 00:00:00,1.685617213707904
1992-08-24 00:00:00,1.685617213707904
1992-08-25 00:00:00,1.685617213707904
1992-08-26 00:00:00,1.685617213707904
1992-08-27 00:00:00,1.685617213707904
1992-08-28 00:00:00,1.685617213707904
1992-08-31 00:00:00,1.685617213707904
1992-09-01 00:00:00,1.685617213707904
1992-09-02 00:00:00,1.685617213707904
1992-09-03 00:00:00,1.685617213707904
1992-09-04 00:00:00,1.685617213707904
1992-09-08 00:00:00,1.685617213707904
1992-09-09 00:00:00,1.685617213707904
1992-09-10 00:00:00,1.685617213707904
1992-09-11 00:00:00,1.685617213707904
1992-09-14 00:00:00,1.685617213707904
1992-09-15 00:00:00,1.685617213707904
1992-09-16 00:00:00,1.685617213707904
1992-09-17 00:00:00,1.685617213707904
1992-09-18 00:00:00,1.685617213707904
1992-09-21 00:00:00,1.685617213707904
1992-09-22 00:00:00,1.685617213707904
1992-09-23 00:00:00,1.685617213707904
1992-09-24 00:00:00,1.685617213707904
1992-09-25 00:00:00,1.685617213707904
1992-09-28 00:00:00,1.685617213707904
1992-09-29 00:00:00,1.685617213707904
1992-09-30 00:00:00,1.685617213707904
1992-10-01 00:00:00,1.685617213707904
1992-10-02 00:00:00,1.685617213707904
1992-10-05 00:00:00,1.685617213707904
1992-10-06 00:00:00,1.685617213707904
1992-10-07 00:00:00,1.685617213707904
1992-10-08 00:00:00,1.685617213707904
1992-10-09 00:00:00,1.685617213707904
1992-10-13 00:00:00,1.685617213707904
1992-10-14 00:00:00,1.685617213707904
1992-10-15 00:00:00,1.685617213707904
1992-10-16 00:00:00,1.685617213707904
1992-10-19 00:00:00,1.685617213707904
1992-10-20 00:00:00,1.685617213707904
1992-10-21 00:00:00,1.685617213707904
1992-10-22 00:00:00,1.685617213707904
1992-10-23 00:00:00,1.685617213707904
1992-10-26 00:00:00,1.6912642549504304
1992-10-27 00:00:00,1.690798711013451
1992-10-28 00:00:00,1.6923623440627913
1992-10-29 00:00:00,1.6922775376060921
1992-10-30 00:00:00,1.6945953506723828
1992-11-02 00:00:00,1.7188442541864357
1992-11-03 00:00:00,1.7134903436168794
1992-11-04 00:00:00,1.717941722024978
1992-11-05 00:00:00,1.72611995450768
1992-11-06 00:00:00,1.7375407604653434
1992-11-09 00:00:00,1.7342386991847973
1992-11-10 00:00:00,1.7449395557181304
1992-11-12 00:00:00,1.7387115772240367
1992-11-13 00:00:00,1.7164544978072669
1992-11-16 00:00:00,1.7380672029548887
1992-11-17 00:00:00,1.747300597292641
1992-11-18 00:00:00,1.7753527871465489
1992-11-19 00:00:00,1.8617964221501475
1992-11-20 00:00:00,1.8944972807341258
1992-11-23 00:00:00,1.8944124742774267
1992-11-24 00:00:00,1.8980762336188424
1992-11-25 00:00:00,1.894242861364028
1992-11-27 00:00:00,1.90902021005404
1992-11-30 00:00:00,1.914964805973004
1992-12-01 00:00:00,1.9070119518439985
1992-12-02 00:00:00,1.9031409653351152
1992-12-03 00:00:00,1.907210500485147
1992-12-04 00:00:00,1.9115268049061243
1992-12-07 00:00:00,1.8913893633117647
1992-12-08 00:00:00,1.8831400272943277
1992-12-09 00:00:00,1.9014188414474165
1992-12-10 00:00:00,1.9054969545889628
1992-12-11 00:00:00,1.900599175939049
1992-12-14 00:00:00,1.8988397147572926
1992-12-15 00:00:00,1.9002437102225676
1992-12-16 00:00:00,1.9079177261169495
1992-12-17 00:00:00,1.9325775522958888
1992-12-18 00:00:00,1.9311683213048796
1992-12-21 00:00:00,1.929844799983719
1992-12-22 00:00:00,1.9430765002247652
1992-12-23 00:00:00,1.9522792717513946
1992-12-24 00:00:00,1.955937704662879
1992-12-28 00:00:00,1.9609200098763035
1992-12-29 00:00:00,1.9555136095053007
1992-12-30 00:00:00,1.9508296220664958
1992-12-31 00:00:00,1.9545799027792117
1993-01-04 00:00:00,1.972074536585767
1993-01-05 00:00:00,1.9795303524707457
1993-01-06 00:00:00,1.9839886926027377
1993-01-07 00:00:00,2.001339249019023
1993-01-08 00:00:00,2.009044600893441
1993-01-11 00:00:00,2.0035177634102395
1993-01-12 00:00:00,2.015414517843156
1993-01-13 00:00:00,2.0137977109834675
1993-01-14 00:00:00,1.9789367072738508
1993-01-15 00:00:00,1.9885444810466402
1993-01-19 00:00:00,1.9755003856284608
1993-01-20 00:00:00,1.9688274887582893
1993-01-21 00:00:00,1.9802240677700962
1993-01-22 00:00:00,1.9683265412196038
1993-01-25 00:00:00,1.9507537956785361
1993-01-26 00:00:00,1.9543263789996743
1993-01-27 00:00:00,1.9582138797243738
1993-01-28 00:00:00,1.9737591066058955
1993-01-29 00:00:00,1.9893811625495708
1993-02-01 00:00:00,2.0158399325676815
1993-02-02 00:00:00,2.0122348246156143
1993-02-03 00:00:00,2.026252132400911
1993-02-04 00:00:00,2.0171093265686606
1993-02-05 00:00:00,2.0124408076762794
1993-02-08 00:00:00,2.0138880016225693
1993-02-09 00:00:00,2.0082686786238213
1993-02-10 00:00:00,2.0164656641042074
1993-02-11 00:00:00,2.014398043270708
1993-02-12 00:00:00,2.022655214361413
1993-02-16 00:00:00,2.010933961284563
1993-02-17 00:00:00,2.0124604559060706
1993-02-18 00:00:00,2.029284585321268
1993-02-19 00:00:00,2.0327581980624543
1993-02-22 00:00:00,2.032673391605755
1993-02-23 00:00:00,2.0482550486247755
1993-02-24 00:00:00,2.0682751961711037
1993-02-25 00:00:00,2.0691591856418396
1993-02-26 00:00:00,2.0642827920317206
1993-03-01 00:00:00,2.0575312059575923
1993-03-02 00:00:00,2.051197671170117
1993-03-03 00:00:00,2.0495395386599653
1993-03-04 00:00:00,2.0429713749045435
1993-03-05 00:00:00,2.054360450613692
1993-03-08 00:00:00,2.035140967389896
1993-03-09 00:00:00,2.0377677067617874
1993-03-10 00:00:00,2.034456876090213
1993-03-11 00:00:00,2.059107497510266
1993-03-12 00:00:00,2.0617581533591487
1993-03-15 00:00:00,2.0675881222434436
1993-03-16 00:00:00,2.0615185712406228
1993-03-17 00:00:00,2.064086303703816
1993-03-18 00:00:00,2.0591051976505717
1993-03-19 00:00:00,2.0479486289657762
1993-03-22 00:00:00,2.0516504354984786
1993-03-23 00:00:00,2.0524193747127284
1993-03-24 00:00:00,2.0548878803429043
1993-03-25 00:00:00,2.0642733603050516
1993-03-26 00:00:00,2.048670466624822
1993-03-29 00:00:00,2.0536419157183454
1993-03-30 00:00:00,2.046063032901158
1993-03-31 00:00:00,2.050344322828852
1993-04-01 00:00:00,2.032658614451378
1993-04-02 00:00:00,2.034850419377183
1993-04-05 00:00:00,2.0267194968344624
1993-04-06 00:00:00,2.036948176658275
1993-04-07 00:00:00,2.040936019943761
1993-04-08 00:00:00,2.0328229826138737
1993-04-09 00:00:00,2.0312660137255243
1993-04-12 00:00:00,2.021891691427316
1993-04-13 00:00:00,2.007234272980099
1993-04-14 00:00:00,2.0015873304651395
1993-04-15 00:00:00,2.01081932850881
1993-04-16 00:00:00,2.020051827770791
1993-04-19 00:00:00,2.0010999816229234
1993-04-20 00:00:00,1.998836606931599
1993-04-21 00:00:00,2.0045687882168197
1993-04-22 00:00:00,2.001776714320719
1993-04-23 00:00:00,1.9799671602366815
1993-04-26 00:00:00,1.9652946337817923
1993-04-27 00:00:00,1.9757590292156326
1993-04-28 00:00:00,1.977292968769978
1993-04-29 00:00:00,1.983638781958387
1993-04-30 00:00:00,1.9879342864472342
1993-05-03 00:00:00,1.989434176978829
1993-05-04 00:00:00,1.9849810174659617
1993-05-05 00:00:00,1.9836991299507196
1993-05-06 00:00:00,1.9796062273495525
1993-05-07 00:00:00,1.9843278441954595
1993-05-10 00:00:00,1.9992062778514352
1993-05-11 00:00:00,2.00338149782303
1993-05-12 00:00:00,2.002910720193152
1993-05-13 00:00:00,1.9981739041806141
1993-05-14 00:00:00,1.989461648121891
1993-05-17 00:00:00,1.9901664943640835
1993-05-18 00:00:00,1.994797119074733
1993-05-19 00:00:00,1.9923594021612283
1993-05-20 00:00:00,1.983564586085166
1993-05-21 00:00:00,1.9818820309637895
1993-05-24 00:00:00,1.9828362589653594
1993-05-25 00:00:00,1.9793075648919845
1993-05-26 00:00:00,1.9883088882436797
1993-05-27 00:00:00,1.9759160229077726
1993-05-28 00:00:00,1.9617722162234834
1993-06-01 00:00:00,1.9659732251462412
1993-06-02 00:00:00,1.9642436963437506
1993-06-03 00:00:00,1.9658036122328426
1993-06-04 00:00:00,1.9836730727294019
1993-06-07 00:00:00,1.9759723025865508
1993-06-08 00:00:00,1.9728942572517143
1993-06-09 00:00:00,1.9827811270969962
1993-06-10 00:00:00,1.9745062476079667
1993-06-11 00:00:00,1.9631557419403842
1993-06-14 00:00:00,1.9701168357771268
1993-06-15 00:00:00,1.981803676635976
1993-06-16 00:00:00,2.00087536523237
1993-06-17 00:00:00,2.0061706140629356
1993-06-18 00:00:00,2.016695876798254
1993-06-21 00:00:00,2.0210980950678836
1993-06-22 00:00:00,2.0273092881203088
1993-06-23 00:00:00,2.042839828580723
1993-06-24 00:00:00,2.0575924943297377
1993-06-25 00:00:00,2.057925759395554
1993-06-28 00:00:00,2.0655178101874174
1993-06-29 00:00:00,2.050746128999186
1993-06-30 00:00:00,2.0459850653983334
1993-07-01 00:00:00,2.044475323549037
1993-07-02 00:00:00,2.0414578356351942
1993-07-06 00:00:00,2.0545536869931387
1993-07-07 00:00:00,2.0630137694935216
1993-07-08 00:00:00,2.070594168470571
1993-07-09 00:00:00,2.0789372016834546
1993-07-12 00:00:00,2.083514555170775
1993-07-13 00:00:00,2.070611500889137
1993-07-14 00:00:00,2.0722897398482356
1993-07-15 00:00:00,2.0843200592027715
1993-07-16 00:00:00,2.0849627243917555
1993-07-19 00:00:00,2.0696606403493707
1993-07-20 00:00:00,2.0801466564506077
1993-07-21 00:00:00,2.077924172720846
1993-07-22 00:00:00,2.0911261519000863
1993-07-23 00:00:00,2.0909760606503576
1993-07-26 00:00:00,2.085971745520771
1993-07-27 00:00:00,2.091850035209157
1993-07-28 00:00:00,2.090395096005493
1993-07-29 00:00:00,2.1115625861348803
1993-07-30 00:00:00,2.11166591480092
1993-08-02 00:00:00,2.0934619783835022
1993-08-03 00:00:00,2.083812853508154
1993-08-04 00:00:00,2.0802794171466723
1993-08-05 00:00:00,2.085622688830142
1993-08-06 00:00:00,2.0745585677030824
1993-08-09 00:00:00,2.068728426423187
1993-08-10 00:00:00,2.0798071039375206
1993-08-11 00:00:00,2.087976794499109
1993-08-12 00:00:00,2.1007722566338813
1993-08-13 00:00:00,2.1032386267195893
1993-08-16 00:00:00,2.0856872193982765
1993-08-17 00:00:00,2.0861283648015183
1993-08-18 00:00:00,2.0664332161275487
1993-08-19 00:00:00,2.0754734528183265
1993-08-20 00:00:00,2.0767273756565854
1993-08-23 00:00:00,2.0911501584815926
1993-08-24 00:00:00,2.08550716184173
1993-08-25 00:00:00,2.087390760685465
1993-08-26 00:00:00,2.088287412819549
1993-08-27 00:00:00,2.090160060880646
1993-08-30 00:00:00,2.09396845416729
1993-08-31 00:00:00,2.1015843253680657
1993-09-01 00:00:00,2.102136142782499
1993-09-02 00:00:00,2.103956546873638
1993-09-03 00:00:00,2.0798754431048807
1993-09-07 00:00:00,2.0673040490778654
1993-09-08 00:00:00,2.0763778054073034
1993-09-09 00:00:00,2.0630436879574034
1993-09-10 00:00:00,2.059250508956202
1993-09-13 00:00:00,2.0581310732498483
1993-09-14 00:00:00,2.064906699906962
1993-09-15 00:00:00,2.0614711622998634
1993-09-16 00:00:00,2.0701632425895307
1993-09-17 00:00:00,2.0754635731913873
1993-09-20 00:00:00,2.0866035594085206
1993-09-21 00:00:00,2.1072944962535702
1993-09-22 00:00:00,2.095833962809828
1993-09-23 00:00:00,2.0856946315514797
1993-09-24 00:00:00,2.0875709196977197
1993-09-27 00:00:00,2.0805902081535814
1993-09-28 00:00:00,2.082155454969304
1993-09-29 00:00:00,2.0830582192405993
1993-09-30 00:00:00,2.087557835068039
1993-10-01 00:00:00,2.090593745910104
1993-10-04 00:00:00,2.087714161594134
1993-10-05 00:00:00,2.0879550930064648
1993-10-06 00:00:00,2.0832915451124863
1993-10-07 00:00:00,2.083206738655787
1993-10-08 00:00:00,2.0741781143649773
1993-10-12 00:00:00,2.0636361207529283
1993-10-13 00:00:00,2.0655912580026703
1993-10-14 00:00:00,2.0674034397821854
1993-10-15 00:00:00,2.058866460130158
1993-10-18 00:00:00,2.060222422203959
1993-10-19 00:00:00,2.063075816926289
1993-10-20 00:00:00,2.067267065699776
1993-10-21 00:00:00,2.0756998684849117
1993-10-22 00:00:00,2.082621388761425
1993-10-25 00:00:00,2.086331331737077
1993-10-26 00:00:00,2.089172016201325
1993-10-27 00:00:00,2.0930913766665697
1993-10-28 00:00:00,2.097427089756596
1993-10-29 00:00:00,2.0941427448958048
1993-11-01 00:00:00,2.1007544261312128
1993-11-02 00:00:00,2.0982560569789035
1993-11-03 00:00:00,2.0972154381807804
1993-11-04 00:00:00,2.099548622573886
1993-11-05 00:00:00,2.0885583909493217
1993-11-08 00:00:00,2.0922198777702494
1993-11-09 00:00:00,2.098913161401168
1993-11-10 00:00:00,2.1039489703753764
1993-11-12 00:00:00,2.1028566842162615
1993-11-15 00:00:00,2.1007510227100235
1993-11-16 00:00:00,2.105766301838046
1993-11-17 00:00:00,2.106245079659528
1993-11-18 00:00:00,2.1108950175095966
1993-11-19 00:00:00,2.1175255155462036
1993-11-22 00:00:00,2.1152940050477085
1993-11-23 00:00:00,2.12101508223093
1993-11-24 00:00:00,2.121719643354224
1993-11-26 00:00:00,2.12544294473078
1993-11-29 00:00:00,2.1296157604777552
1993-11-30 00:00:00,2.133989730244357
1993-12-01 00:00:00,2.134200773983461
1993-12-02 00:00:00,2.1323382461990605
1993-12-03 00:00:00,2.1267022610984494
1993-12-06 00:00:00,2.1144078054230344
1993-12-07 00:00:00,2.1165926445225116
1993-12-08 00:00:00,2.113191995420236
1993-12-09 00:00:00,2.113353545415857
1993-12-10 00:00:00,2.1175608731857993
1993-12-13 00:00:00,2.1253524481776833
1993-12-14 00:00:00,2.130054452263361
1993-12-15 00:00:00,2.1290755718784116
1993-12-16 00:00:00,2.122808315909836
1993-12-17 00:00:00,2.122240143489699
1993-12-20 00:00:00,2.1257693900747574
1993-12-21 00:00:00,2.119160630507688
1993-12-22 00:00:00,2.1057720145847574
1993-12-23 00:00:00,2.098461248379143
1993-12-24 00:00:00,2.099653023120609
1993-12-27 00:00:00,2.108255771388217
1993-12-28 00:00:00,2.102805433957304
1993-12-29 00:00:00,2.107775734931544
1993-12-30 00:00:00,2.1136798812890607
1993-12-31 00:00:00,2.1150661283019248
1994-01-03 00:00:00,2.120339156857938
1994-01-04 00:00:00,2.1032586735087753
1994-01-05 00:00:00,2.098898822691174
1994-01-06 00:00:00,2.098750883798615
1994-01-07 00:00:00,2.0910980223824054
1994-01-10 00:00:00,2.092420665024891
1994-01-11 00:00:00,2.0957744774662586
1994-01-12 00:00:00,2.091611773040388
1994-01-13 00:00:00,2.0931874648273925
1994-01-14 00:00:00,2.095964145714066
1994-01-18 00:00:00,2.0834296378416832
1994-01-19 00:00:00,2.08799999648591
1994-01-20 00:00:00,2.0833249634689364
1994-01-21 00:00:00,2.0797219606929227
1994-01-24 00:00:00,2.0809429314454957
1994-01-25 00:00:00,2.073768272107452
1994-01-26 00:00:00,2.0666315204330803
1994-01-27 00:00:00,2.0668145268932414
1994-01-28 00:00:00,2.061483020395018
1994-01-31 00:00:00,2.056781911943176
1994-02-01 00:00:00,2.0533459496273854
1994-02-02 00:00:00,2.059807205481722
1994-02-03 00:00:00,2.0551621869533343
1994-02-04 00:00:00,2.057600481850955
1994-02-07 00:00:00,2.067290791447633
1994-02-08 00:00:00,2.07410846747162
1994-02-09 00:00:00,2.0732978186954014
1994-02-10 00:00:00,2.0810128866072986
1994-02-11 00:00:00,2.0798860410279323
1994-02-14 00:00:00,2.077383598794951
1994-02-15 00:00:00,2.073948131542692
1994-02-16 00:00:00,2.0753113123063285
1994-02-17 00:00:00,2.0683463770230386
1994-02-18 00:00:00,2.0584505452016812
1994-02-22 00:00:00,2.0592466494284327
1994-02-23 00:00:00,2.062065363378785
1994-02-24 00:00:00,2.065671553739767
1994-02-25 00:00:00,2.0719686144094585
1994-02-28 00:00:00,2.065100523544615
1994-03-01 00:00:00,2.0736460263912537
1994-03-02 00:00:00,2.0716481106899702
1994-03-03 00:00:00,2.066249745201144
1994-03-04 00:00:00,2.070949526417427
1994-03-07 00:00:00,2.0680789429735276
1994-03-08 00:00:00,2.069786669042
1994-03-09 00:00:00,2.069237712046286
1994-03-10 00:00:00,2.0562618772883945
1994-03-11 00:00:00,2.045193234656322
1994-03-14 00:00:00,2.0511771405781536
1994-03-15 00:00:00,2.0503374544382478
1994-03-16 00:00:00,2.047567737178307
1994-03-17 00:00:00,2.0447152912788997
1994-03-18 00:00:00,2.0469838772761015
1994-03-21 00:00:00,2.0533527850489275
1994-03-22 00:00:00,2.0499820911577302
1994-03-23 00:00:00,2.050309115648055
1994-03-24 00:00:00,2.0484374390913525
1994-03-25 00:00:00,2.0534228915480894
1994-03-28 00:00:00,2.05231417088653
1994-03-29 00:00:00,2.054887504192849
1994-03-30 00:00:00,2.0491985240664414
1994-03-31 00:00:00,2.0423389930290914
1994-04-01 00:00:00,2.054904973981206
1994-04-04 00:00:00,2.056177554849965
1994-04-05 00:00:00,2.065699151553293
1994-04-06 00:00:00,2.059723154998214
1994-04-07 00:00:00,2.0544977887472813
1994-04-08 00:00:00,2.051345896401867
1994-04-11 00:00:00,2.050850823307804
1994-04-12 00:00:00,2.0536313480918804
1994-04-13 00:00:00,2.055380519976519
1994-04-14 00:00:00,2.0550922468211748
1994-04-15 00:00:00,2.053785020255759
1994-04-18 00:00:00,2.0547190901432777
1994-04-19 00:00:00,2.0561251501242808
1994-04-20 00:00:00,2.0538024900441156
1994-04-21 00:00:00,2.049830244358401
1994-04-22 00:00:00,2.050361110950231
1994-04-25 00:00:00,2.0457449936876015
1994-04-26 00:00:00,2.0434494603093785
1994-04-27 00:00:00,2.035625778762072
1994-04-28 00:00:00,2.0296107960969914
1994-04-29 00:00:00,2.0170351152001973
1994-05-02 00:00:00,2.008832625663844
1994-05-03 00:00:00,2.0079369043417676
1994-05-04 00:00:00,2.022055515982835
1994-05-05 00:00:00,2.025554814866594
1994-05-06 00:00:00,2.021526211083179
1994-05-09 00:00:00,2.0200724399635526
1994-05-10 00:00:00,2.0302085049896914
1994-05-11 00:00:00,2.030619183453103
1994-05-12 00:00:00,2.0283366852945277
1994-05-13 00:00:00,2.0305910555442375
1994-05-16 00:00:00,2.0350847387037696
1994-05-17 00:00:00,2.0284373273774476
1994-05-18 00:00:00,2.0219979515791073
1994-05-19 00:00:00,2.021050725262976
1994-05-20 00:00:00,2.0184428267035175
1994-05-23 00:00:00,2.018935740755526
1994-05-24 00:00:00,2.0280842798764045
1994-05-25 00:00:00,2.03350818802299
1994-05-26 00:00:00,2.0281275663260256
1994-05-27 00:00:00,2.024054993153137
1994-05-31 00:00:00,2.0370352675444856
1994-06-01 00:00:00,2.0465376918971514
1994-06-02 00:00:00,2.043992720072376
1994-06-03 00:00:00,2.0488034417041545
1994-06-06 00:00:00,2.048582108197382
1994-06-07 00:00:00,2.0532823326642005
1994-06-08 00:00:00,2.0549809816129754
1994-06-09 00:00:00,2.0566468258318573
1994-06-10 00:00:00,2.0521746243787877
1994-06-13 00:00:00,2.049644357638093
1994-06-14 00:00:00,2.0480596148503265
1994-06-15 00:00:00,2.0439315433986724
1994-06-16 00:00:00,2.044808897299075
1994-06-17 00:00:00,2.02905061099131
1994-06-20 00:00:00,2.023354347832296
1994-06-21 00:00:00,2.0163728050099614
1994-06-22 00:00:00,2.0210387331157524
1994-06-23 00:00:00,2.0185116705627717
1994-06-24 00:00:00,2.009939485073799
1994-06-27 00:00:00,2.003976044021103
1994-06-28 00:00:00,2.0062501097257894
1994-06-29 00:00:00,2.0115095217531973
1994-06-30 00:00:00,2.013606201601508
1994-07-01 00:00:00,2.0364090361660807
1994-07-05 00:00:00,2.038616728065816
1994-07-06 00:00:00,2.0395707780104955
1994-07-07 00:00:00,2.0383084507044997
1994-07-08 00:00:00,2.026731440265021
1994-07-11 00:00:00,2.007700831691248
1994-07-12 00:00:00,1.9918615432050724
1994-07-13 00:00:00,2.0018600042779715
1994-07-14 00:00:00,2.0180438109580368
1994-07-15 00:00:00,2.027933752569547
1994-07-18 00:00:00,2.0182335629532338
1994-07-19 00:00:00,2.023653645297378
1994-07-20 00:00:00,2.0229282398172868
1994-07-21 00:00:00,2.0294272121980694
1994-07-22 00:00:00,2.0393136668513856
1994-07-25 00:00:00,2.0326949064863435
1994-07-26 00:00:00,2.0291024182140185
1994-07-27 00:00:00,2.024210817049715
1994-07-28 00:00:00,2.0278760992246965
1994-07-29 00:00:00,2.029762163632624
1994-08-01 00:00:00,2.028213959698485
1994-08-02 00:00:00,2.0230900522475364
1994-08-03 00:00:00,2.019009214248228
1994-08-04 00:00:00,2.0229204393341376
1994-08-05 00:00:00,2.0231199573808856
1994-08-08 00:00:00,2.0226086090460025
1994-08-09 00:00:00,2.029449492833332
1994-08-10 00:00:00,2.029856044389875
1994-08-11 00:00:00,2.041570105770355
1994-08-12 00:00:00,2.0337407601745974
1994-08-15 00:00:00,2.027985502434182
1994-08-16 00:00:00,2.0358645244194027
1994-08-17 00:00:00,2.04225973885908
1994-08-18 00:00:00,2.0322861059693262
1994-08-19 00:00:00,2.0198504405848086
1994-08-22 00:00:00,1.9947276798190023
1994-08-23 00:00:00,2.004411920961216
1994-08-24 00:00:00,2.008129206272969
1994-08-25 00:00:00,2.0041689365194744
1994-08-26 00:00:00,2.0192836379107315
1994-08-29 00:00:00,2.0209808078688876
1994-08-30 00:00:00,2.0192567953879137
1994-08-31 00:00:00,2.0191719889312143
1994-09-01 00:00:00,2.0147879248790437
1994-09-02 00:00:00,2.0089910255968912
1994-09-06 00:00:00,2.0067215932846842
1994-09-07 00:00:00,2.002021028793442
1994-09-08 00:00:00,2.0096080607393487
1994-09-09 00:00:00,1.9937744856416437
1994-09-12 00:00:00,1.983295084166247
1994-09-13 00:00:00,1.9890336776433273
1994-09-14 00:00:00,1.9909767516208323
1994-09-15 00:00:00,1.9853166324209413
1994-09-16 00:00:00,1.9720889488372642
1994-09-19 00:00:00,1.9801278180897823
1994-09-20 00:00:00,1.9818733016221326
1994-09-21 00:00:00,1.9785816216526346
1994-09-22 00:00:00,1.978021888893557
1994-09-23 00:00:00,1.9800177002279165
1994-09-26 00:00:00,1.9826750268568964
1994-09-27 00:00:00,1.9795425895673078
1994-09-28 00:00:00,1.9806787929746084
1994-09-29 00:00:00,1.9825725615621892
1994-09-30 00:00:00,1.9833227773838926
1994-10-03 00:00:00,1.9811861781173112
1994-10-04 00:00:00,1.9681663143052046
1994-10-05 00:00:00,1.9681593716717647
1994-10-06 00:00:00,1.96299141768765
1994-10-07 00:00:00,1.9604665013594038
1994-10-11 00:00:00,1.9713205667834317
1994-10-12 00:00:00,1.972858806420817
1994-10-13 00:00:00,1.9671900713914785
1994-10-14 00:00:00,1.9577560551634536
1994-10-17 00:00:00,1.940062934634963
1994-10-18 00:00:00,1.9388343068239426
1994-10-19 00:00:00,1.939158262691995
1994-10-20 00:00:00,1.9310097448043901
1994-10-21 00:00:00,1.9260168731383338
1994-10-24 00:00:00,1.92132007965196
1994-10-25 00:00:00,1.9131845353607595
1994-10-26 00:00:00,1.9153988252947296
1994-10-27 00:00:00,1.9196329120656603
1994-10-28 00:00:00,1.937255580175748
1994-10-31 00:00:00,1.9345439642792979
1994-11-01 00:00:00,1.9365123494614984
1994-11-02 00:00:00,1.93847362377704
1994-11-03 00:00:00,1.9658400369531157
1994-11-04 00:00:00,1.9595646577517591
1994-11-07 00:00:00,1.9575859736604613
1994-11-08 00:00:00,1.9479381128749143
1994-11-09 00:00:00,1.9605693920674265
1994-11-10 00:00:00,1.952967970683166
1994-11-14 00:00:00,1.9442992708674791
1994-11-15 00:00:00,1.9585040770600934
1994-11-16 00:00:00,1.9579459303874591
1994-11-17 00:00:00,1.9546956134416864
1994-11-18 00:00:00,1.9569865572186882
1994-11-21 00:00:00,1.9604472239866717
1994-11-22 00:00:00,1.962009565762168
1994-11-23 00:00:00,1.9626761797227983
1994-11-25 00:00:00,1.9781331456761375
1994-11-28 00:00:00,1.9862864168634264
1994-11-29 00:00:00,1.9883733537132364
1994-11-30 00:00:00,1.9866417830258185
1994-12-01 00:00:00,1.9884279276986683
1994-12-02 00:00:00,1.9839929900507336
1994-12-05 00:00:00,1.9797519500683027
1994-12-06 00:00:00,1.9869019364924494
1994-12-07 00:00:00,1.9820042133013072
1994-12-08 00:00:00,1.984782011681264
1994-12-09 00:00:00,1.9837195207814218
1994-12-12 00:00:00,1.9867873139784191
1994-12-13 00:00:00,1.9872262346190386
1994-12-14 00:00:00,1.9911653347889944
1994-12-15 00:00:00,1.9862334036644904
1994-12-16 00:00:00,1.9873456086435777
1994-12-19 00:00:00,1.9877090275222922
1994-12-20 00:00:00,1.983276398563342
1994-12-21 00:00:00,1.9787342725879113
1994-12-22 00:00:00,1.9791043555435002
1994-12-23 00:00:00,1.9804576328601007
1994-12-27 00:00:00,1.9784798532178136
1994-12-28 00:00:00,1.9789257156739217
1994-12-29 00:00:00,1.9728230147489987
1994-12-30 00:00:00,1.9686650211205843
1995-01-03 00:00:00,1.972423617287893
1995-01-04 00:00:00,1.974250861172366
1995-01-05 00:00:00,1.9740133263013269
1995-01-06 00:00:00,1.9857197445861865
1995-01-09 00:00:00,1.9771943153560467
1995-01-10 00:00:00,1.9865964067245612
1995-01-11 00:00:00,1.9777834589273058
1995-01-12 00:00:00,1.975419339061761
1995-01-13 00:00:00,1.9816936957756655
1995-01-17 00:00:00,1.9742591814570138
1995-01-18 00:00:00,1.9718053372686075
1995-01-19 00:00:00,1.975992935007945
1995-01-20 00:00:00,1.9681021699401862
1995-01-23 00:00:00,1.9712445179502254
1995-01-24 00:00:00,1.9703929917947725
1995-01-25 00:00:00,1.9771718306157076
1995-01-26 00:00:00,1.9723676050875416
1995-01-27 00:00:00,1.9724356498501208
1995-01-30 00:00:00,1.9651996627799182
1995-01-31 00:00:00,1.977968539683556
1995-02-01 00:00:00,1.9730211806202091
1995-02-02 00:00:00,1.969645879126489
1995-02-03 00:00:00,1.9741472422112718
1995-02-06 00:00:00,1.9691692076059528
1995-02-07 00:00:00,1.9739776292978732
1995-02-08 00:00:00,1.972826011012259
1995-02-09 00:00:00,1.971519540520549
1995-02-10 00:00:00,1.9632745829792502
1995-02-13 00:00:00,1.9658198705147776
1995-02-14 00:00:00,1.9602290625290946
1995-02-15 00:00:00,1.9585837093551737
1995-02-16 00:00:00,1.9552079525246242
1995-02-17 00:00:00,1.954415497787088
1995-02-21 00:00:00,1.948002223836189
1995-02-22 00:00:00,1.9468824993113327
1995-02-23 00:00:00,1.9404687817727995
1995-02-24 00:00:00,1.939577940215389
1995-02-27 00:00:00,1.954856251467837
1995-02-28 00:00:00,1.9505136875899676
1995-03-01 00:00:00,1.947334286644567
1995-03-02 00:00:00,1.95121393615052
1995-03-03 00:00:00,1.9441335167763907
1995-03-06 00:00:00,1.9355904705256066
1995-03-07 00:00:00,1.9246142513782272
1995-03-08 00:00:00,1.9219617777091909
1995-03-09 00:00:00,1.918046335518431
1995-03-10 00:00:00,1.9338702694157743
1995-03-13 00:00:00,1.9405776925855696
1995-03-14 00:00:00,1.9292104792324023
1995-03-15 00:00:00,1.9275665472145198
1995-03-16 00:00:00,1.9305958872126434
1995-03-17 00:00:00,1.9337714643376576
1995-03-20 00:00:00,1.9407161420609687
1995-03-21 00:00:00,1.9411932768123261
1995-03-22 00:00:00,1.9431110023745286
1995-03-23 00:00:00,1.948280061818067
1995-03-24 00:00:00,1.9522227700588426
1995-03-27 00:00:00,1.9422965659876763
1995-03-28 00:00:00,1.9515020153007732
1995-03-29 00:00:00,1.9502344216511602
1995-03-30 00:00:00,1.964955363361815
1995-03-31 00:00:00,1.9580604501618595
1995-04-03 00:00:00,1.9530502373766876
1995-04-04 00:00:00,1.9565658978180005
1995-04-05 00:00:00,1.957027023778859
1995-04-06 00:00:00,1.95538103660118
1995-04-07 00:00:00,1.9524754170569405
1995-04-10 00:00:00,1.9506599797983357
1995-04-11 00:00:00,1.9483650471383234
1995-04-12 00:00:00,1.954337898295552
1995-04-13 00:00:00,1.9453414194398255
1995-04-14 00:00:00,1.9455744187849793
1995-04-17 00:00:00,1.9341811193419287
1995-04-18 00:00:00,1.9408596163674903
1995-04-19 00:00:00,1.942852453025977
1995-04-20 00:00:00,1.95912633465079
1995-04-21 00:00:00,1.9584984661949474
1995-04-24 00:00:00,1.9679582579754686
1995-04-25 00:00:00,1.9494907122857614
1995-04-26 00:00:00,1.9462447068572843
1995-04-27 00:00:00,1.9323678251710343
1995-04-28 00:00:00,1.936487131150125
1995-05-01 00:00:00,1.9367244726835096
1995-05-02 00:00:00,1.9417700389279329
1995-05-03 00:00:00,1.9357491572950833
1995-05-04 00:00:00,1.933807020616678
1995-05-05 00:00:00,1.9343689095393175
1995-05-08 00:00:00,1.9223685877288628
1995-05-09 00:00:00,1.920384571364054
1995-05-10 00:00:00,1.9212914160203998
1995-05-11 00:00:00,1.9423404685723786
1995-05-12 00:00:00,1.9525504111604024
1995-05-15 00:00:00,1.9487761184141814
1995-05-16 00:00:00,1.9424364105465601
1995-05-17 00:00:00,1.9511994566467852
1995-05-18 00:00:00,1.9621409763905566
1995-05-19 00:00:00,1.9543911652987143
1995-05-22 00:00:00,1.9489817484411098
1995-05-23 00:00:00,1.9602691819073566
1995-05-24 00:00:00,1.9519502038103649
1995-05-25 00:00:00,1.932049434064181
1995-05-26 00:00:00,1.9369620673726955
1995-05-30 00:00:00,1.9340613675063414
1995-05-31 00:00:00,1.9468185836240464
1995-06-01 00:00:00,1.9434108966801174
1995-06-02 00:00:00,1.9464911691639595
1995-06-05 00:00:00,1.9266635144764783
1995-06-06 00:00:00,1.9292661052247755
1995-06-07 00:00:00,1.9251046868147974
1995-06-08 00:00:00,1.9291777373461192
1995-06-09 00:00:00,1.9262426606630993
1995-06-12 00:00:00,1.9296576808971495
1995-06-13 00:00:00,1.9322447284785722
1995-06-14 00:00:00,1.9264778397308964
1995-06-15 00:00:00,1.9364211390128463
1995-06-16 00:00:00,1.9311819398497647
1995-06-19 00:00:00,1.9365721728536534
1995-06-20 00:00:00,1.9339977414206682
1995-06-21 00:00:00,1.9340738761122005
1995-06-22 00:00:00,1.9344716277032221
1995-06-23 00:00:00,1.9288132674667662
1995-06-26 00:00:00,1.9325306871620445
1995-06-27 00:00:00,1.9293736492892155
1995-06-28 00:00:00,1.9392550393394548
1995-06-29 00:00:00,1.9294471665349018
1995-06-30 00:00:00,1.9360492843497918
1995-07-03 00:00:00,1.9287911926352668
1995-07-05 00:00:00,1.9285441763362168
1995-07-06 00:00:00,1.9295129341027832
1995-07-07 00:00:00,1.9310453123982259
1995-07-10 00:00:00,1.9281275023360709
1995-07-11 00:00:00,1.9323273619296695
1995-07-12 00:00:00,1.9221686822650532
1995-07-13 00:00:00,1.917229565743721
1995-07-14 00:00:00,1.9195357518043001
1995-07-17 00:00:00,1.918462739259869
1995-07-18 00:00:00,1.9171403524721824
1995-07-19 00:00:00,1.915070030320738
1995-07-20 00:00:00,1.9129098963060336
1995-07-21 00:00:00,1.9087363409350755
1995-07-24 00:00:00,1.9123243474185838
1995-07-25 00:00:00,1.9104059630951793
1995-07-26 00:00:00,1.9027609642757608
1995-07-27 00:00:00,1.898519602115568
1995-07-28 00:00:00,1.894335048495417
1995-07-31 00:00:00,1.8983499892021694
1995-08-01 00:00:00,1.901406462351681
1995-08-02 00:00:00,1.9068845094829663
1995-08-03 00:00:00,1.8956219734150441
1995-08-04 00:00:00,1.8946818442500257
1995-08-07 00:00:00,1.9051180661401008
1995-08-08 00:00:00,1.9113082543061242
1995-08-09 00:00:00,1.9107238708541152
1995-08-10 00:00:00,1.9083857694612454
1995-08-11 00:00:00,1.9132967547221693
1995-08-14 00:00:00,1.9191519560640293
1995-08-15 00:00:00,1.9393975406795936
1995-08-16 00:00:00,1.9330951081289833
1995-08-17 00:00:00,1.9420753331029301
1995-08-18 00:00:00,1.9442741412127422
1995-08-21 00:00:00,1.942615392386978
1995-08-22 00:00:00,1.9418209137328322
1995-08-23 00:00:00,1.93745974683241
1995-08-24 00:00:00,1.934186867165399
1995-08-25 00:00:00,1.9397489310354867
1995-08-28 00:00:00,1.936011844064412
1995-08-29 00:00:00,1.9381528963647627
1995-08-30 00:00:00,1.9384646696559016
1995-08-31 00:00:00,1.935040158568465
1995-09-01 00:00:00,1.9359911198374156
1995-09-05 00:00:00,1.934551477035504
1995-09-06 00:00:00,1.9330286969087687
1995-09-07 00:00:00,1.9298964867890944
1995-09-08 00:00:00,1.9158167478784025
1995-09-11 00:00:00,1.9031668128641004
1995-09-12 00:00:00,1.9012290346168086
1995-09-13 00:00:00,1.908771807840799
1995-09-14 00:00:00,1.9086870013840995
1995-09-15 00:00:00,1.9092681113402727
1995-09-18 00:00:00,1.9125844713379068
1995-09-19 00:00:00,1.9056777822985431
1995-09-20 00:00:00,1.9015631666492614
1995-09-21 00:00:00,1.8907694968590305
1995-09-22 00:00:00,1.89256826970065
1995-09-25 00:00:00,1.8817895210303028
1995-09-26 00:00:00,1.87584726928869
1995-09-27 00:00:00,1.8849171749975038
1995-09-28 00:00:00,1.8783948095861764
1995-09-29 00:00:00,1.8711847566968214
1995-10-02 00:00:00,1.8772624285229451
1995-10-03 00:00:00,1.8811936702020362
1995-10-04 00:00:00,1.8749869485324553
1995-10-05 00:00:00,1.874462505369083
1995-10-06 00:00:00,1.885447444965548
1995-10-10 00:00:00,1.8755230797974778
1995-10-11 00:00:00,1.8744719059308748
1995-10-12 00:00:00,1.8734192032218286
1995-10-13 00:00:00,1.8750052570930833
1995-10-16 00:00:00,1.8741295592221665
1995-10-17 00:00:00,1.8656336353870586
1995-10-18 00:00:00,1.8563882647012113
1995-10-19 00:00:00,1.8410075736769742
1995-10-20 00:00:00,1.8273328448696764
1995-10-23 00:00:00,1.8268689763343475
1995-10-24 00:00:00,1.81627056531697
1995-10-25 00:00:00,1.8080392728405126
1995-10-26 00:00:00,1.817160136422865
1995-10-27 00:00:00,1.8081623895848404
1995-10-30 00:00:00,1.8118710069177262
1995-10-31 00:00:00,1.8159428949205363
1995-11-01 00:00:00,1.811410385114115
1995-11-02 00:00:00,1.8171208278371707
1995-11-03 00:00:00,1.8143380885093179
1995-11-06 00:00:00,1.8241222024763941
1995-11-07 00:00:00,1.8228954440059302
1995-11-08 00:00:00,1.8209028224292385
1995-11-09 00:00:00,1.8192876435109318
1995-11-10 00:00:00,1.8163234680104159
1995-11-13 00:00:00,1.8378946697297627
1995-11-14 00:00:00,1.8197032137373357
1995-11-15 00:00:00,1.8095913383231685
1995-11-16 00:00:00,1.8093121593596255
1995-11-17 00:00:00,1.7968623258645695
1995-11-20 00:00:00,1.799940305345691
1995-11-21 00:00:00,1.792717451589767
1995-11-22 00:00:00,1.7865233049391087
1995-11-24 00:00:00,1.7905510694638012
1995-11-27 00:00:00,1.7958435515252862
1995-11-28 00:00:00,1.7874752456808862
1995-11-29 00:00:00,1.7864858777408223
1995-11-30 00:00:00,1.7971739021453037
1995-12-01 00:00:00,1.7926220442174228
1995-12-04 00:00:00,1.8019318770143822
1995-12-05 00:00:00,1.7945408756489303
1995-12-06 00:00:00,1.7988102115116642
1995-12-07 00:00:00,1.8139306073358736
1995-12-08 00:00:00,1.8159614646017657
1995-12-11 00:00:00,1.8328902003776946
1995-12-12 00:00:00,1.8283404902856482
1995-12-13 00:00:00,1.8258979900075143
1995-12-14 00:00:00,1.8129283602061335
1995-12-15 00:00:00,1.806643285916854
1995-12-18 00:00:00,1.8049990252683497
1995-12-19 00:00:00,1.808611772043039
1995-12-20 00:00:00,1.8133599715574245
1995-12-21 00:00:00,1.8150061623009184
1995-12-22 00:00:00,1.814921355844219
1995-12-26 00:00:00,1.8113698625248433
1995-12-27 00:00:00,1.8110919111740698
1995-12-28 00:00:00,1.821164240270676
1995-12-29 00:00:00,1.8089876443209287
1996-01-02 00:00:00,1.8100643300275407
1996-01-03 00:00:00,1.8030766427958858
1996-01-04 00:00:00,1.8127892778474466
1996-01-05 00:00:00,1.806902232579426
1996-01-08 00:00:00,1.8073029538450782
1996-01-09 00:00:00,1.8032259651890246
1996-01-10 00:00:00,1.8004005129712732
1996-01-11 00:00:00,1.7981541567800103
1996-01-12 00:00:00,1.798462896998028
1996-01-16 00:00:00,1.8091076357914664
1996-01-17 00:00:00,1.8169061846121979
1996-01-18 00:00:00,1.8210116779112335
1996-01-19 00:00:00,1.824523673978501
1996-01-22 00:00:00,1.8465113781586742
1996-01-23 00:00:00,1.8554730911381643
1996-01-24 00:00:00,1.8512432596509605
1996-01-25 00:00:00,1.8590639536585147
1996-01-26 00:00:00,1.8713505507575119
1996-01-29 00:00:00,1.8724892429826918
1996-01-30 00:00:00,1.8687265594196478
1996-01-31 00:00:00,1.8660010842432952
1996-02-01 00:00:00,1.8671500075285534
1996-02-02 00:00:00,1.868998908910869
1996-02-05 00:00:00,1.8645104463392532
1996-02-06 00:00:00,1.879270192260823
1996-02-07 00:00:00,1.8800474157054308
1996-02-08 00:00:00,1.8737284839401664
1996-02-09 00:00:00,1.8675208847283922
1996-02-12 00:00:00,1.8656753804311406
1996-02-13 00:00:00,1.8675270633278385
1996-02-14 00:00:00,1.86770584944556
1996-02-15 00:00:00,1.8669178768830397
1996-02-16 00:00:00,1.8595787248515332
1996-02-20 00:00:00,1.8470892645894263
1996-02-21 00:00:00,1.8318406567815249
1996-02-22 00:00:00,1.8293326065958642
1996-02-23 00:00:00,1.8218272800859492
1996-02-26 00:00:00,1.8247587519104287
1996-02-27 00:00:00,1.8135754079181114
1996-02-28 00:00:00,1.8207219399135715
1996-02-29 00:00:00,1.829281988216981
1996-03-01 00:00:00,1.832176550367606
1996-03-04 00:00:00,1.8420439658572443
1996-03-05 00:00:00,1.8446957738575283
1996-03-06 00:00:00,1.8422399297828205
1996-03-07 00:00:00,1.8335996708417137
1996-03-08 00:00:00,1.8424356795450465
1996-03-11 00:00:00,1.841619933573748
1996-03-12 00:00:00,1.8380514296479835
1996-03-13 00:00:00,1.8352025640258436
1996-03-14 00:00:00,1.8343786113810776
1996-03-15 00:00:00,1.8326275357952375
1996-03-18 00:00:00,1.8199977839039725
1996-03-19 00:00:00,1.81373706793979
1996-03-20 00:00:00,1.8015076503962666
1996-03-21 00:00:00,1.8100250126328168
1996-03-22 00:00:00,1.803378179383051
1996-03-25 00:00:00,1.8038750833582318
1996-03-26 00:00:00,1.802335012340243
1996-03-27 00:00:00,1.807955309815588
1996-03-28 00:00:00,1.8082554584694415
1996-03-29 00:00:00,1.8139935992434777
1996-04-01 00:00:00,1.8096233539555477
1996-04-02 00:00:00,1.8061704377362149
1996-04-03 00:00:00,1.8046367167987873
1996-04-04 00:00:00,1.8068686040537145
1996-04-05 00:00:00,1.8087079955310994
1996-04-08 00:00:00,1.8071805832016434
1996-04-09 00:00:00,1.8182625526692926
1996-04-10 00:00:00,1.8185182514965246
1996-04-11 00:00:00,1.8186603470856815
1996-04-12 00:00:00,1.8208401060719173
1996-04-15 00:00:00,1.8258211325110643
1996-04-16 00:00:00,1.8277885840489991
1996-04-17 00:00:00,1.8251841641359887
1996-04-18 00:00:00,1.8208775220961124
1996-04-19 00:00:00,1.815499258225781
1996-04-22 00:00:00,1.8173100459833713
1996-04-23 00:00:00,1.8194925044982035
1996-04-24 00:00:00,1.8244795523061255
1996-04-25 00:00:00,1.835337623033607
1996-04-26 00:00:00,1.8284126413982857
1996-04-29 00:00:00,1.8257201170356117
1996-04-30 00:00:00,1.8318572802225415
1996-05-01 00:00:00,1.8401255051489886
1996-05-02 00:00:00,1.8463005351338886
1996-05-03 00:00:00,1.8383124817624765
1996-05-06 00:00:00,1.8418738288750949
1996-05-07 00:00:00,1.838142868849078
1996-05-08 00:00:00,1.835309390594566
1996-05-09 00:00:00,1.8308014303932478
1996-05-10 00:00:00,1.8311788285689472
1996-05-13 00:00:00,1.8269218822929671
1996-05-14 00:00:00,1.8282308693159464
1996-05-15 00:00:00,1.825821355539221
1996-05-16 00:00:00,1.8229355266377698
1996-05-17 00:00:00,1.8202251691072198
1996-05-20 00:00:00,1.8250077265675293
1996-05-21 00:00:00,1.8349133215675844
1996-05-22 00:00:00,1.8377582827608276
1996-05-23 00:00:00,1.8416795560621475
1996-05-24 00:00:00,1.839868013122678
1996-05-28 00:00:00,1.8365897872646049
1996-05-29 00:00:00,1.8359558916998497
1996-05-30 00:00:00,1.8254389199652008
1996-05-31 00:00:00,1.8194619109969263
1996-06-03 00:00:00,1.8157963377060995
1996-06-04 00:00:00,1.8140082933115982
1996-06-05 00:00:00,1.8195832388418913
1996-06-06 00:00:00,1.8223094369471966
1996-06-07 00:00:00,1.822598487156492
1996-06-10 00:00:00,1.8241001030307917
1996-06-11 00:00:00,1.8163261198389797
1996-06-12 00:00:00,1.815769423901465
1996-06-13 00:00:00,1.8160621571306228
1996-06-14 00:00:00,1.8137087341275884
1996-06-17 00:00:00,1.8052357341684586
1996-06-18 00:00:00,1.8016873670470532
1996-06-19 00:00:00,1.797343745146838
1996-06-20 00:00:00,1.7990045975336975
1996-06-21 00:00:00,1.8031670710674852
1996-06-24 00:00:00,1.802889815995151
1996-06-25 00:00:00,1.7987501781635997
1996-06-26 00:00:00,1.7942923080658848
1996-06-27 00:00:00,1.7990646297140451
1996-06-28 00:00:00,1.798011329135796
1996-07-01 00:00:00,1.8027544349385327
1996-07-02 00:00:00,1.8106043462752337
1996-07-03 00:00:00,1.8046017416063667
1996-07-05 00:00:00,1.8096742282364644
1996-07-08 00:00:00,1.8128153037783101
1996-07-09 00:00:00,1.8091240216247078
1996-07-10 00:00:00,1.8057949548386554
1996-07-11 00:00:00,1.8060926840274938
1996-07-12 00:00:00,1.812476077951513
1996-07-15 00:00:00,1.820851960925937
1996-07-16 00:00:00,1.8004618110713406
1996-07-17 00:00:00,1.795926618887767
1996-07-18 00:00:00,1.7975869444420816
1996-07-19 00:00:00,1.7926428080088739
1996-07-22 00:00:00,1.7906039556410636
1996-07-23 00:00:00,1.7860022797542343
1996-07-24 00:00:00,1.7848326651070963
1996-07-25 00:00:00,1.7803903952109323
1996-07-26 00:00:00,1.7885010157471763
1996-07-29 00:00:00,1.7868247407793472
1996-07-30 00:00:00,1.7918540244799628
1996-07-31 00:00:00,1.7933286722150685
1996-08-01 00:00:00,1.7838301308579516
1996-08-02 00:00:00,1.787684392288905
1996-08-05 00:00:00,1.7921000364654995
1996-08-06 00:00:00,1.7908442225109311
1996-08-07 00:00:00,1.7985261705919409
1996-08-08 00:00:00,1.7984413641352415
1996-08-09 00:00:00,1.8012450273415634
1996-08-12 00:00:00,1.8034616412479516
1996-08-13 00:00:00,1.8001140386263115
1996-08-14 00:00:00,1.797909109722923
1996-08-15 00:00:00,1.796858287695824
1996-08-16 00:00:00,1.7975464100828624
1996-08-19 00:00:00,1.7961083663787143
1996-08-20 00:00:00,1.790328159443806
1996-08-21 00:00:00,1.7912773201870282
1996-08-22 00:00:00,1.7929445132166664
1996-08-23 00:00:00,1.788959883714194
1996-08-26 00:00:00,1.7877005158686785
1996-08-27 00:00:00,1.7912304255656513
1996-08-28 00:00:00,1.790658326701612
1996-08-29 00:00:00,1.7940738182380906
1996-08-30 00:00:00,1.7939890117813915
1996-09-03 00:00:00,1.7963237998970643
1996-09-04 00:00:00,1.796528732602471
1996-09-05 00:00:00,1.7968300414579554
1996-09-06 00:00:00,1.7982873737518714
1996-09-09 00:00:00,1.7999330442856036
1996-09-10 00:00:00,1.8116433685659799
1996-09-11 00:00:00,1.8073033124975255
1996-09-12 00:00:00,1.807882310306499
1996-09-13 00:00:00,1.8012238682339872
1996-09-16 00:00:00,1.7942066926068778
1996-09-17 00:00:00,1.793153099807386
1996-09-18 00:00:00,1.7929713343010003
1996-09-19 00:00:00,1.7927895541603904
1996-09-20 00:00:00,1.7911511757998853
1996-09-23 00:00:00,1.7871659560621453
1996-09-24 00:00:00,1.786102348509986
1996-09-25 00:00:00,1.788071312230074
1996-09-26 00:00:00,1.7972925898529992
1996-09-27 00:00:00,1.7937337855911348
1996-09-30 00:00:00,1.793455426331509
1996-10-01 00:00:00,1.7926927251631344
1996-10-02 00:00:00,1.7870611552759945
1996-10-03 00:00:00,1.7902906947161081
1996-10-04 00:00:00,1.7904003195156883
1996-10-07 00:00:00,1.7907041993498654
1996-10-08 00:00:00,1.7833904655574748
1996-10-09 00:00:00,1.7833056591007757
1996-10-10 00:00:00,1.7868454454610327
1996-10-11 00:00:00,1.7873464974058908
1996-10-15 00:00:00,1.7918325665069355
1996-10-16 00:00:00,1.7921352745410566
1996-10-17 00:00:00,1.7980271853490206
1996-10-18 00:00:00,1.7944788182276152
1996-10-21 00:00:00,1.7889687848249765
1996-10-22 00:00:00,1.7882025939887514
1996-10-23 00:00:00,1.779391149304549
1996-10-24 00:00:00,1.7816712185715726
1996-10-25 00:00:00,1.7800107880213627
1996-10-28 00:00:00,1.7809111958772401
1996-10-29 00:00:00,1.7754883601734976
1996-10-30 00:00:00,1.776197148515416
1996-10-31 00:00:00,1.7804598535186118
1996-11-01 00:00:00,1.7817522514083177
1996-11-04 00:00:00,1.786562209474967
1996-11-05 00:00:00,1.7901727212299243
1996-11-06 00:00:00,1.7869774801941132
1996-11-07 00:00:00,1.7853318028254785
1996-11-08 00:00:00,1.782702497251641
1996-11-12 00:00:00,1.7906087583204697
1996-11-13 00:00:00,1.792651109407568
1996-11-14 00:00:00,1.7906328149927413
1996-11-15 00:00:00,1.7888028765250283
1996-11-18 00:00:00,1.7850182797889003
1996-11-19 00:00:00,1.7911524901836033
1996-11-20 00:00:00,1.7852391208574196
1996-11-21 00:00:00,1.787200324547143
1996-11-22 00:00:00,1.7862394524195626
1996-11-25 00:00:00,1.7919726577539739
1996-11-26 00:00:00,1.7976535349955254
1996-11-27 00:00:00,1.7977600250288344
1996-11-29 00:00:00,1.806413293699096
1996-12-02 00:00:00,1.8087762974528183
1996-12-03 00:00:00,1.8213428814898087
1996-12-04 00:00:00,1.821534297724606
1996-12-05 00:00:00,1.8222774287019192
1996-12-06 00:00:00,1.8229276479164724
1996-12-09 00:00:00,1.8312339824470878
1996-12-10 00:00:00,1.82824332125787
1996-12-11 00:00:00,1.8187122794341546
1996-12-12 00:00:00,1.8223128886875708
1996-12-13 00:00:00,1.819189181290769
1996-12-16 00:00:00,1.827539907296814
1996-12-17 00:00:00,1.8256309594528322
1996-12-18 00:00:00,1.8293706966287535
1996-12-19 00:00:00,1.8267388060456373
1996-12-20 00:00:00,1.8248282551472925
1996-12-23 00:00:00,1.8332782393057532
1996-12-24 00:00:00,1.8333196643889293
1996-12-26 00:00:00,1.8343697855557215
1996-12-27 00:00:00,1.8323020031534765
1996-12-30 00:00:00,1.8358178959202052
1996-12-31 00:00:00,1.8245022316087702
1997-01-02 00:00:00,1.8334723632191436
1997-01-03 00:00:00,1.8428976566602047
1997-01-06 00:00:00,1.8493238109566383
1997-01-07 00:00:00,1.8494144932937233
1997-01-08 00:00:00,1.8516064647182666
1997-01-09 00:00:00,1.8418307069479596
1997-01-10 00:00:00,1.8390761357883958
1997-01-13 00:00:00,1.8464376337839157
1997-01-14 00:00:00,1.8487272089213391
1997-01-15 00:00:00,1.8467964579207286
1997-01-16 00:00:00,1.846746864389897
1997-01-17 00:00:00,1.8608962976676295
1997-01-21 00:00:00,1.8707053329328667
1997-01-22 00:00:00,1.8793543241601576
1997-01-23 00:00:00,1.8995920696437512
1997-01-24 00:00:00,1.8916089719701057
1997-01-27 00:00:00,1.8978900408481592
1997-01-28 00:00:00,1.9047894227333102
1997-01-29 00:00:00,1.9012309796691438
1997-01-30 00:00:00,1.8920366457108408
1997-01-31 00:00:00,1.89471742073705
1997-02-03 00:00:00,1.9036516510585384
1997-02-04 00:00:00,1.9073899196521353
1997-02-05 00:00:00,1.9159725160799475
1997-02-06 00:00:00,1.9174497362837608
1997-02-07 00:00:00,1.9227988803126363
1997-02-10 00:00:00,1.9111641800399874
1997-02-11 00:00:00,1.920306718830851
1997-02-12 00:00:00,1.9188238630683152
1997-02-13 00:00:00,1.919981934880837
1997-02-14 00:00:00,1.9139694221558057
1997-02-18 00:00:00,1.9219809109109016
1997-02-19 00:00:00,1.9304892505310953
1997-02-20 00:00:00,1.9205731073051493
1997-02-21 00:00:00,1.9216646454124422
1997-02-24 00:00:00,1.9162672252145525
1997-02-25 00:00:00,1.9234091672596707
1997-02-26 00:00:00,1.9289828621705432
1997-02-27 00:00:00,1.9299804117908996
1997-02-28 00:00:00,1.9320086437846848
1997-03-03 00:00:00,1.9460101710941315
1997-03-04 00:00:00,1.959103395708962
1997-03-05 00:00:00,1.9551021492254186
1997-03-06 00:00:00,1.9571965500132007
1997-03-07 00:00:00,1.9614446636152025
1997-03-10 00:00:00,1.949141580650747
1997-03-11 00:00:00,1.95178544679318
1997-03-12 00:00:00,1.9607584735505688
1997-03-13 00:00:00,1.9610334993929772
1997-03-14 00:00:00,1.9719745410642024
1997-03-17 00:00:00,1.9669454477546138
1997-03-18 00:00:00,1.9604192477237716
1997-03-19 00:00:00,1.9584595354709773
1997-03-20 00:00:00,1.9559133267776494
1997-03-21 00:00:00,1.952261925184612
1997-03-24 00:00:00,1.9509343747205758
1997-03-25 00:00:00,1.9568185738576174
1997-03-26 00:00:00,1.9532474860007987
1997-03-27 00:00:00,1.9391452790675952
1997-03-28 00:00:00,1.9429317586839232
1997-03-31 00:00:00,1.9376293851501736
1997-04-01 00:00:00,1.9472844449271063
1997-04-02 00:00:00,1.9534060200914332
1997-04-03 00:00:00,1.9452571231891886
1997-04-04 00:00:00,1.948118194655541
1997-04-07 00:00:00,1.9621040818030178
1997-04-08 00:00:00,1.954084820441873
1997-04-09 00:00:00,1.9605720699974847
1997-04-10 00:00:00,1.960271840578302
1997-04-11 00:00:00,1.9597415605560178
1997-04-14 00:00:00,1.9509780383053652
1997-04-15 00:00:00,1.9611653746860678
1997-04-16 00:00:00,1.9633693404230947
1997-04-17 00:00:00,1.9644253674482894
1997-04-18 00:00:00,1.9567382423543243
1997-04-21 00:00:00,1.9515752329089127
1997-04-22 00:00:00,1.9562796939429525
1997-04-23 00:00:00,1.9516970556120503
1997-04-24 00:00:00,1.9552423704349893
1997-04-25 00:00:00,1.970571531248776
1997-04-28 00:00:00,1.9725937640325033
1997-04-29 00:00:00,1.976559652071236
1997-04-30 00:00:00,1.9803574625338483
1997-05-01 00:00:00,1.970091547145003
1997-05-02 00:00:00,1.9783886563064215
1997-05-05 00:00:00,1.989010357125873
1997-05-06 00:00:00,1.9749514622676
1997-05-07 00:00:00,1.9660089920135835
1997-05-08 00:00:00,1.9580008396149535
1997-05-09 00:00:00,1.9525699991438958
1997-05-12 00:00:00,1.957687415348089
1997-05-13 00:00:00,1.9524729742430051
1997-05-14 00:00:00,1.9447143188542346
1997-05-15 00:00:00,1.944482315573275
1997-05-16 00:00:00,1.9468946022378715
1997-05-19 00:00:00,1.9549573067636397
1997-05-20 00:00:00,1.9380104798467537
1997-05-21 00:00:00,1.93396712416501
1997-05-22 00:00:00,1.9440582832897788
1997-05-23 00:00:00,1.9426469613765338
1997-05-27 00:00:00,1.9504744294665246
1997-05-28 00:00:00,1.9541595325254708
1997-05-29 00:00:00,1.9600394517096953
1997-05-30 00:00:00,1.9638719613155706
1997-06-02 00:00:00,1.9694356652507292
1997-06-03 00:00:00,1.9642698236041416
1997-06-04 00:00:00,1.9656011453338238
1997-06-05 00:00:00,1.9656577509559423
1997-06-06 00:00:00,1.9704014114251376
1997-06-09 00:00:00,1.9670412688513237
1997-06-10 00:00:00,1.9710300819425015
1997-06-11 00:00:00,1.9674353411797205
1997-06-12 00:00:00,1.9669278251874456
1997-06-13 00:00:00,1.9638040241394026
1997-06-16 00:00:00,1.9688685029117121
1997-06-17 00:00:00,1.9661092852133144
1997-06-18 00:00:00,1.9652478636409947
1997-06-19 00:00:00,1.9598384797631654
1997-06-20 00:00:00,1.9583250439789563
1997-06-23 00:00:00,1.9562339232543668
1997-06-24 00:00:00,1.9603682310668864
1997-06-25 00:00:00,1.9548426280539306
1997-06-26 00:00:00,1.9565534805071216
1997-06-27 00:00:00,1.9594723005526324
1997-06-30 00:00:00,1.960598610699007
1997-07-01 00:00:00,1.9608695085689338
1997-07-02 00:00:00,1.9655995590874362
1997-07-03 00:00:00,1.957418719216407
1997-07-07 00:00:00,1.9592621883338357
1997-07-08 00:00:00,1.9663312084138125
1997-07-09 00:00:00,1.9586646522099072
1997-07-10 00:00:00,1.9586511893693757
1997-07-11 00:00:00,1.9624052713552325
1997-07-14 00:00:00,1.969009555262305
1997-07-15 00:00:00,1.9778784671175598
1997-07-16 00:00:00,1.9730922560391633
1997-07-17 00:00:00,1.966159620967866
1997-07-18 00:00:00,1.9643423062065353
1997-07-21 00:00:00,1.9660462578327742
1997-07-22 00:00:00,1.9713624838777406
1997-07-23 00:00:00,1.9701626771342908
1997-07-24 00:00:00,1.9819457485081418
1997-07-25 00:00:00,1.977819215594963
1997-07-28 00:00:00,1.9889352605696284
1997-07-29 00:00:00,1.9869885133633507
1997-07-30 00:00:00,1.994352877799673
1997-07-31 00:00:00,1.9928667139454328
1997-08-01 00:00:00,1.99909216908354
1997-08-04 00:00:00,2.001181912603477
1997-08-05 00:00:00,2.005875930879338
1997-08-06 00:00:00,2.0021946629226774
1997-08-07 00:00:00,2.0011904691511666
1997-08-08 00:00:00,1.9818312314083881
1997-08-11 00:00:00,1.9925402781435149
1997-08-12 00:00:00,1.9973086346293203
1997-08-13 00:00:00,1.9959649334581167
1997-08-14 00:00:00,1.9998454488287687
1997-08-15 00:00:00,1.9897913374640508
1997-08-18 00:00:00,1.997035583813894
1997-08-19 00:00:00,2.004701926872852
1997-08-20 00:00:00,2.0026572403022973
1997-08-21 00:00:00,1.9967149894324254
1997-08-22 00:00:00,1.9862723315641984
1997-08-25 00:00:00,1.9898189315520634
1997-08-26 00:00:00,1.9782178273049988
1997-08-27 00:00:00,1.9773107167930892
1997-08-28 00:00:00,1.9707409390361534
1997-08-29 00:00:00,1.976866724146487
1997-09-02 00:00:00,1.9840062184242955
1997-09-03 00:00:00,1.9734764858333278
1997-09-04 00:00:00,1.975375869769958
1997-09-05 00:00:00,1.9645959066793124
1997-09-08 00:00:00,1.961345864026641
1997-09-09 00:00:00,1.9655473098455096
1997-09-10 00:00:00,1.9653925072655483
1997-09-11 00:00:00,1.9582624692760386
1997-09-12 00:00:00,1.9459172912721976
1997-09-15 00:00:00,1.9395624689690494
1997-09-16 00:00:00,1.9407958400383816
1997-09-17 00:00:00,1.93953947397319
1997-09-18 00:00:00,1.9385743823963475
1997-09-19 00:00:00,1.9370193473837394
1997-09-22 00:00:00,1.950029032685222
1997-09-23 00:00:00,1.9411758307224953
1997-09-24 00:00:00,1.9290569827790487
1997-09-25 00:00:00,1.9269087530851738
1997-09-26 00:00:00,1.9319238732336763
1997-09-29 00:00:00,1.9298463476594687
1997-09-30 00:00:00,1.9353204908883996
1997-10-01 00:00:00,1.9358990729024717
1997-10-02 00:00:00,1.9353720947647017
1997-10-03 00:00:00,1.9212535073960328
1997-10-06 00:00:00,1.9253856013748663
1997-10-07 00:00:00,1.9247753975184612
1997-10-08 00:00:00,1.928208918212056
1997-10-09 00:00:00,1.9281241117553567
1997-10-10 00:00:00,1.931609964896575
1997-10-14 00:00:00,1.932325441752177
1997-10-15 00:00:00,1.9303269531480869
1997-10-16 00:00:00,1.9300192021096363
1997-10-17 00:00:00,1.9427207552441708
1997-10-20 00:00:00,1.936352783845822
1997-10-21 00:00:00,1.9487353765630044
1997-10-22 00:00:00,1.9500855866876314
1997-10-23 00:00:00,1.936539027435565
1997-10-24 00:00:00,1.9326235675019932
1997-10-27 00:00:00,1.9306135745203212
1997-10-28 00:00:00,1.9241135045243773
1997-10-29 00:00:00,1.9237435429311658
1997-10-30 00:00:00,1.919726991175446
1997-10-31 00:00:00,1.9172183699060983
1997-11-03 00:00:00,1.9270656298884226
1997-11-04 00:00:00,1.9230889781936982
1997-11-05 00:00:00,1.9216507244325822
1997-11-06 00:00:00,1.916575438820704
1997-11-07 00:00:00,1.9120686015402346
1997-11-10 00:00:00,1.9154937358063968
1997-11-12 00:00:00,1.9219134304833299
1997-11-13 00:00:00,1.91790458692682
1997-11-14 00:00:00,1.923845548402642
1997-11-17 00:00:00,1.9242100975482306
1997-11-18 00:00:00,1.9269629281316936
1997-11-19 00:00:00,1.9280537874911174
1997-11-20 00:00:00,1.926793315218295
1997-11-21 00:00:00,1.9314408100670986
1997-11-24 00:00:00,1.929298864315131
1997-11-25 00:00:00,1.9364031962338661
1997-11-26 00:00:00,1.9515076113114522
1997-11-28 00:00:00,1.950068152604615
1997-12-01 00:00:00,1.9622380742823515
1997-12-02 00:00:00,1.9584408925075962
1997-12-03 00:00:00,1.9557070343641552
1997-12-04 00:00:00,1.956779241171548
1997-12-05 00:00:00,1.9647812232826347
1997-12-08 00:00:00,1.960779916580312
1997-12-09 00:00:00,1.9649725708175627
1997-12-10 00:00:00,1.9621328600743164
1997-12-11 00:00:00,1.9555653180059958
1997-12-12 00:00:00,1.955748637884489
1997-12-15 00:00:00,1.9540672529728382
1997-12-16 00:00:00,1.958253092380278
1997-12-17 00:00:00,1.951529559638327
1997-12-18 00:00:00,1.9564242806437875
1997-12-19 00:00:00,1.9541240728448417
1997-12-22 00:00:00,1.9566488314600252
1997-12-23 00:00:00,1.9561135289948988
1997-12-24 00:00:00,1.955140723995523
1997-12-26 00:00:00,1.9553097783315672
1997-12-29 00:00:00,1.9656574677898666
1997-12-30 00:00:00,1.9743268516319281
1997-12-31 00:00:00,1.9784043492497931
1998-01-02 00:00:00,1.9830257476743627
1998-01-05 00:00:00,1.989156408040922
1998-01-06 00:00:00,1.9934595978826524
1998-01-07 00:00:00,1.9934928824470617
1998-01-08 00:00:00,1.9909753339568617
1998-01-09 00:00:00,1.984405945046794
1998-01-12 00:00:00,1.991477486246183
1998-01-13 00:00:00,1.9897446791422966
1998-01-14 00:00:00,1.9890785549134482
1998-01-15 00:00:00,1.9893769612996335
1998-01-16 00:00:00,1.9886048175938082
1998-01-20 00:00:00,1.9976985457398666
1998-01-21 00:00:00,1.9918630102688513
1998-01-22 00:00:00,1.9801800747759755
1998-01-23 00:00:00,1.9691043115949862
1998-01-26 00:00:00,1.9761012217165081
1998-01-27 00:00:00,1.978984655321128
1998-01-28 00:00:00,1.9885796111521934
1998-01-29 00:00:00,1.9963504304299504
1998-01-30 00:00:00,1.9996522449979155
1998-02-02 00:00:00,1.9941592407811233
1998-02-03 00:00:00,1.995444736705328
1998-02-04 00:00:00,1.987878045344103
1998-02-05 00:00:00,1.9860719364233137
1998-02-06 00:00:00,1.9893582802680831
1998-02-09 00:00:00,2.001067012797507
1998-02-10 00:00:00,2.0000019198915733
1998-02-11 00:00:00,2.001541326094549
1998-02-12 00:00:00,1.994133758404999
1998-02-13 00:00:00,1.9986618891261008
1998-02-17 00:00:00,2.002636578117292
1998-02-18 00:00:00,1.9973914499976062
1998-02-19 00:00:00,1.9963853582856679
1998-02-20 00:00:00,1.9952735588843362
1998-02-23 00:00:00,1.9848074051449989
1998-02-24 00:00:00,1.9867094605874895
1998-02-25 00:00:00,1.9911008254475404
1998-02-26 00:00:00,1.9883875625090632
1998-02-27 00:00:00,1.983671349396113
1998-03-02 00:00:00,1.9814558109494511
1998-03-03 00:00:00,1.9796334894063918
1998-03-04 00:00:00,1.981553006215772
1998-03-05 00:00:00,1.9887534393910107
1998-03-06 00:00:00,1.9906382606579474
1998-03-09 00:00:00,1.9835610748919563
1998-03-10 00:00:00,1.9848953851875368
1998-03-11 00:00:00,1.983125785680806
1998-03-12 00:00:00,1.9815507352037203
1998-03-13 00:00:00,1.9701817946997986
1998-03-16 00:00:00,1.9757822493493562
1998-03-17 00:00:00,1.9740116878466658
1998-03-18 00:00:00,1.9787006183826998
1998-03-19 00:00:00,1.9800863851946853
1998-03-20 00:00:00,1.9787986840936127
1998-03-23 00:00:00,1.9727667103897524
1998-03-24 00:00:00,1.9716255175207926
1998-03-25 00:00:00,1.9716762614133363
1998-03-26 00:00:00,1.9653205311220507
1998-03-27 00:00:00,1.9645496881945035
1998-03-30 00:00:00,1.9720990810532943
1998-03-31 00:00:00,1.981007581882871
1998-04-01 00:00:00,1.9855611183865733
1998-04-02 00:00:00,1.9841552005893606
1998-04-03 00:00:00,1.9821489223554742
1998-04-06 00:00:00,1.9826611789154047
1998-04-07 00:00:00,1.9818465376391896
1998-04-08 00:00:00,1.9690633700131879
1998-04-09 00:00:00,1.9642804641157643
1998-04-10 00:00:00,1.9638389006054255
1998-04-13 00:00:00,1.9618290385884238
1998-04-14 00:00:00,1.9492032757372981
1998-04-15 00:00:00,1.9481308768155337
1998-04-16 00:00:00,1.9459237933159348
1998-04-17 00:00:00,1.948666868667578
1998-04-20 00:00:00,1.9413420033642186
1998-04-21 00:00:00,1.9342103691735701
1998-04-22 00:00:00,1.9362922987363504
1998-04-23 00:00:00,1.9423436710414435
1998-04-24 00:00:00,1.9358342765163545
1998-04-27 00:00:00,1.9410608524614967
1998-04-28 00:00:00,1.945953679562109
1998-04-29 00:00:00,1.94586887310541
1998-04-30 00:00:00,1.9432297655754855
1998-05-01 00:00:00,1.9356986535394554
1998-05-04 00:00:00,1.9348925421665493
1998-05-05 00:00:00,1.9275426920911733
1998-05-06 00:00:00,1.9200969971131763
1998-05-07 00:00:00,1.9207526465485998
1998-05-08 00:00:00,1.9248845562824406
1998-05-11 00:00:00,1.927890432391296
1998-05-12 00:00:00,1.9247736937980553
1998-05-13 00:00:00,1.9377526217553558
1998-05-14 00:00:00,1.9403867906575925
1998-05-15 00:00:00,1.9434336052510466
1998-05-18 00:00:00,1.950260233925955
1998-05-19 00:00:00,1.946518993715783
1998-05-20 00:00:00,1.9387612987425675
1998-05-21 00:00:00,1.9323446271261864
1998-05-22 00:00:00,1.9361538650189036
1998-05-26 00:00:00,1.9433504278434588
1998-05-27 00:00:00,1.9533835150574952
1998-05-28 00:00:00,1.9521837083140454
1998-05-29 00:00:00,1.955298390555096
1998-06-01 00:00:00,1.953824813118715
1998-06-02 00:00:00,1.9498324963693061
1998-06-03 00:00:00,1.9459530620532013
1998-06-04 00:00:00,1.94339465694925
1998-06-05 00:00:00,1.9507672489125287
1998-06-08 00:00:00,1.9534007808352185
1998-06-09 00:00:00,1.961595761791942
1998-06-10 00:00:00,1.973697037437443
1998-06-11 00:00:00,1.9769485940840719
1998-06-12 00:00:00,1.9769968084785112
1998-06-15 00:00:00,1.989918485244274
1998-06-16 00:00:00,1.9833047326640467
1998-06-17 00:00:00,1.9693090925373187
1998-06-18 00:00:00,1.9676710467038436
1998-06-19 00:00:00,1.9658928214737768
1998-06-22 00:00:00,1.9672308454533152
1998-06-23 00:00:00,1.9693069326722985
1998-06-24 00:00:00,1.961962315888788
1998-06-25 00:00:00,1.9589322228480672
1998-06-26 00:00:00,1.9757495815675161
1998-06-29 00:00:00,1.9725945535003524
1998-06-30 00:00:00,1.9725766792857111
1998-07-01 00:00:00,1.9809245943195275
1998-07-02 00:00:00,1.9889457581675574
1998-07-03 00:00:00,1.9882118468633856
1998-07-06 00:00:00,1.9863052740822305
1998-07-07 00:00:00,1.9871321390412064
1998-07-08 00:00:00,1.984307572402992
1998-07-09 00:00:00,1.989364365254851
1998-07-10 00:00:00,1.9845302266915383
1998-07-13 00:00:00,1.980048481103383
1998-07-14 00:00:00,1.9825275342616089
1998-07-15 00:00:00,1.9782288149175624
1998-07-16 00:00:00,1.9681347230441897
1998-07-17 00:00:00,1.9631780733445001
1998-07-20 00:00:00,1.9615957951414893
1998-07-21 00:00:00,1.9703667666824756
1998-07-22 00:00:00,1.9688721431481129
1998-07-23 00:00:00,1.968518378196277
1998-07-24 00:00:00,1.958797148720866
1998-07-27 00:00:00,1.95884927128714
1998-07-28 00:00:00,1.9576680592999565
1998-07-29 00:00:00,1.9620916333015135
1998-07-30 00:00:00,1.9639081299611592
1998-07-31 00:00:00,1.9684801281215152
1998-08-03 00:00:00,1.972878677266803
1998-08-04 00:00:00,1.9721271007125316
1998-08-05 00:00:00,1.9657336129984344
1998-08-06 00:00:00,1.9703538288051834
1998-08-07 00:00:00,1.9774477429209023
1998-08-10 00:00:00,1.9845760222900546
1998-08-11 00:00:00,1.990255828492259
1998-08-12 00:00:00,1.9846668546667696
1998-08-13 00:00:00,1.9883699320091757
1998-08-14 00:00:00,1.9955120698098776
1998-08-17 00:00:00,1.995044681093348
1998-08-18 00:00:00,1.9966792857124254
1998-08-19 00:00:00,1.9943006676560433
1998-08-20 00:00:00,1.9926810265519581
1998-08-21 00:00:00,1.9965138662934365
1998-08-24 00:00:00,2.0016532433498586
1998-08-25 00:00:00,2.006391409233025
1998-08-26 00:00:00,2.0148388556188013
1998-08-27 00:00:00,2.01506053687049
1998-08-28 00:00:00,1.9850273893608512
1998-08-31 00:00:00,1.9808886840318143
1998-09-01 00:00:00,1.9676884647823667
1998-09-02 00:00:00,1.9659244609894404
1998-09-03 00:00:00,1.9577054907674893
1998-09-04 00:00:00,1.9644076858581552
1998-09-08 00:00:00,1.9649968841463168
1998-09-09 00:00:00,1.9663919079792072
1998-09-10 00:00:00,1.9618552911785727
1998-09-11 00:00:00,1.9479119798689952
1998-09-14 00:00:00,1.9544577198472903
1998-09-15 00:00:00,1.9381379401105037
1998-09-16 00:00:00,1.943682054350535
1998-09-17 00:00:00,1.948544769381927
1998-09-18 00:00:00,1.94790473839948
1998-09-21 00:00:00,1.959157827270222
1998-09-22 00:00:00,1.9549776094401645
1998-09-23 00:00:00,1.9573537820980804
1998-09-24 00:00:00,1.955561153996781
1998-09-25 00:00:00,1.9536944617369971
1998-09-28 00:00:00,1.9508567756417077
1998-09-29 00:00:00,1.9474499525096567
1998-09-30 00:00:00,1.9493054592768175
1998-10-01 00:00:00,1.9507403331501352
1998-10-02 00:00:00,1.96588978104226
1998-10-05 00:00:00,1.978460624003016
1998-10-06 00:00:00,1.9726485789239128
1998-10-07 00:00:00,1.9348681531244203
1998-10-08 00:00:00,1.9503163008666387
1998-10-09 00:00:00,1.9608188958737658
1998-10-13 00:00:00,1.95522725428926
1998-10-14 00:00:00,1.9618653973845628
1998-10-15 00:00:00,1.9658144756500775
1998-10-16 00:00:00,1.939445587107596
1998-10-19 00:00:00,1.9389387228999482
1998-10-20 00:00:00,1.9429900643832123
1998-10-21 00:00:00,1.9358763119252056
1998-10-22 00:00:00,1.9340200885574275
1998-10-23 00:00:00,1.9183157528858843
1998-10-26 00:00:00,1.9231007233459658
1998-10-27 00:00:00,1.9402564536066218
1998-10-28 00:00:00,1.9425510604901035
1998-10-29 00:00:00,1.9395254688937646
1998-10-30 00:00:00,1.9437762686783364
1998-11-02 00:00:00,1.939215422905309
1998-11-03 00:00:00,1.9430491557310738
1998-11-04 00:00:00,1.9476158603087546
1998-11-05 00:00:00,1.936074154872904
1998-11-06 00:00:00,1.9433522363948401
1998-11-09 00:00:00,1.9559343099743212
1998-11-10 00:00:00,1.9657861714086866
1998-11-12 00:00:00,1.986821322903492
1998-11-13 00:00:00,1.9845501240040413
1998-11-16 00:00:00,1.9775898280434332
1998-11-17 00:00:00,1.974624464871363
1998-11-18 00:00:00,1.9732251050776777
1998-11-19 00:00:00,1.9803041971075601
1998-11-20 00:00:00,1.9769893821764475
1998-11-23 00:00:00,1.982647525914642
1998-11-24 00:00:00,1.9792961462196708
1998-11-25 00:00:00,1.9939552104294942
1998-11-27 00:00:00,1.9898094154384276
1998-11-30 00:00:00,1.9846034453521104
1998-12-01 00:00:00,1.9829079312672133
1998-12-02 00:00:00,1.9753495612451324
1998-12-03 00:00:00,1.9722454053698901
1998-12-04 00:00:00,1.9784423775282627
1998-12-07 00:00:00,1.9861570120059384
1998-12-08 00:00:00,1.980090932830955
1998-12-09 00:00:00,1.9709838161253075
1998-12-10 00:00:00,1.9724134735609316
1998-12-11 00:00:00,1.9690969719216036
1998-12-14 00:00:00,1.970993093109778
1998-12-15 00:00:00,1.9728818337925693
1998-12-16 00:00:00,1.971350479377814
1998-12-17 00:00:00,1.9802745809686477
1998-12-18 00:00:00,1.9702582735173058
1998-12-21 00:00:00,1.971622535137758
1998-12-22 00:00:00,1.9695607424478703
1998-12-23 00:00:00,1.9701357515583147
1998-12-24 00:00:00,1.9749081751103892
1998-12-28 00:00:00,1.9829921226748244
1998-12-29 00:00:00,1.9765648411966865
1998-12-30 00:00:00,1.980501519161148
1998-12-31 00:00:00,1.9786043687202888
1999-01-04 00:00:00,1.9676449979786559
1999-01-05 00:00:00,1.961167944362865
1999-01-06 00:00:00,1.9562382076312241
1999-01-07 00:00:00,1.9533068388554804
1999-01-08 00:00:00,1.955053696351388
1999-01-11 00:00:00,1.9443680646699846
1999-01-12 00:00:00,1.9371923057194926
1999-01-13 00:00:00,1.9380862525591098
1999-01-14 00:00:00,1.9377219814474724
1999-01-15 00:00:00,1.9471966656382147
1999-01-19 00:00:00,1.9308019839180621
1999-01-20 00:00:00,1.9257421161714365
1999-01-21 00:00:00,1.9275815954502624
1999-01-22 00:00:00,1.926713632082313
1999-01-25 00:00:00,1.925559086618526
1999-01-26 00:00:00,1.9231135247044504
1999-01-27 00:00:00,1.924389174261608
1999-01-28 00:00:00,1.9323972651039365
1999-01-29 00:00:00,1.9343522750351092
1999-02-01 00:00:00,1.940688628852914
1999-02-02 00:00:00,1.941158621815442
1999-02-03 00:00:00,1.9449416102672803
1999-02-04 00:00:00,1.9418201469584262
1999-02-05 00:00:00,1.9433938074521717
1999-02-08 00:00:00,1.944274102051675
1999-02-09 00:00:00,1.9472797995298314
1999-02-10 00:00:00,1.9472634706097653
1999-02-11 00:00:00,1.947862962172817
1999-02-12 00:00:00,1.9468198954294207
1999-02-16 00:00:00,1.9535427042345024
1999-02-17 00:00:00,1.953051861729062
1999-02-18 00:00:00,1.9578193032884261
1999-02-19 00:00:00,1.9649311913642793
1999-02-22 00:00:00,1.971816188317792
1999-02-23 00:00:00,1.9752469682353002
1999-02-24 00:00:00,1.9809696773912424
1999-02-25 00:00:00,1.9770203503789963
1999-02-26 00:00:00,1.9867341309708921
1999-03-01 00:00:00,1.994644853312519
1999-03-02 00:00:00,1.9923061172856227
1999-03-03 00:00:00,1.9953491162772237
1999-03-04 00:00:00,1.9972437652973707
1999-03-05 00:00:00,1.9922399015590075
1999-03-08 00:00:00,1.9879354876043789
1999-03-09 00:00:00,1.9858231641401647
1999-03-10 00:00:00,1.9758690681078925
1999-03-11 00:00:00,1.9734500762805665
1999-03-12 00:00:00,1.9760874793553043
1999-03-15 00:00:00,1.9827469532620732
1999-03-16 00:00:00,1.988058627273689
1999-03-17 00:00:00,1.9803389012832535
1999-03-18 00:00:00,1.9751013871099923
1999-03-19 00:00:00,1.9833259025320216
1999-03-22 00:00:00,1.9862013581631655
1999-03-23 00:00:00,1.9861165517064663
1999-03-24 00:00:00,1.9925780385698533
1999-03-25 00:00:00,1.9934930367340913
1999-03-26 00:00:00,2.0029332135624944
1999-03-29 00:00:00,2.0040725215839936
1999-03-30 00:00:00,2.0030086584713476
1999-03-31 00:00:00,1.987504573942679
1999-04-01 00:00:00,1.9916311753198812
1999-04-02 00:00:00,1.9904810454924589
1999-04-05 00:00:00,1.9968793134299516
1999-04-06 00:00:00,1.987291559188722
1999-04-07 00:00:00,1.9976998847474032
1999-04-08 00:00:00,1.9939542797091063
1999-04-09 00:00:00,1.9946783318446368
1999-04-12 00:00:00,1.9943447811961792
1999-04-13 00:00:00,1.9976079067300563
1999-04-14 00:00:00,1.9939263037939887
1999-04-15 00:00:00,1.9953328815573377
1999-04-16 00:00:00,2.0016611167120053
1999-04-19 00:00:00,2.007061818482341
1999-04-20 00:00:00,2.007946051628722
1999-04-21 00:00:00,2.0095526241031316
1999-04-22 00:00:00,2.0092265372642193
1999-04-23 00:00:00,2.007086199248827
1999-04-26 00:00:00,2.009659910005596
1999-04-27 00:00:00,2.0038176096510694
1999-04-28 00:00:00,2.007618702068614
1999-04-29 00:00:00,2.0090679070835638
1999-04-30 00:00:00,2.0141188648775463
1999-05-03 00:00:00,2.016178442084777
1999-05-04 00:00:00,2.0171624104180848
1999-05-05 00:00:00,2.0084632791539256
1999-05-06 00:00:00,1.9998606669352281
1999-05-07 00:00:00,1.9976856013958302
1999-05-10 00:00:00,1.9945732796724602
1999-05-11 00:00:00,2.003030491087542
1999-05-12 00:00:00,2.0074355429480484
1999-05-13 00:00:00,2.0109622115878483
1999-05-14 00:00:00,2.0099769497276707
1999-05-17 00:00:00,2.0107925986744495
1999-05-18 00:00:00,2.012204993868867
1999-05-19 00:00:00,2.0149229503186836
1999-05-20 00:00:00,2.0129315744837566
1999-05-21 00:00:00,2.018072540161616
1999-05-24 00:00:00,2.015856479419777
1999-05-25 00:00:00,2.0177256679939273
1999-05-26 00:00:00,2.0276456401620924
1999-05-27 00:00:00,2.0322879919989365
1999-05-28 00:00:00,2.030363804719673
1999-06-01 00:00:00,2.0302789982629736
1999-06-02 00:00:00,2.035065062431793
1999-06-03 00:00:00,2.0356071044354773
1999-06-04 00:00:00,2.0359776870799395
1999-06-07 00:00:00,2.034068792521019
1999-06-08 00:00:00,2.0213751776539155
1999-06-09 00:00:00,2.025025349114425
1999-06-10 00:00:00,2.017442441458101
1999-06-11 00:00:00,2.0129114776395243
1999-06-14 00:00:00,2.01839296213348
1999-06-15 00:00:00,2.0165383776001375
1999-06-16 00:00:00,2.0216857593392605
1999-06-17 00:00:00,2.0150669465694873
1999-06-18 00:00:00,2.0099204827089636
1999-06-21 00:00:00,2.0071954338600593
1999-06-22 00:00:00,2.0098705535752885
1999-06-23 00:00:00,2.0090672184687954
1999-06-24 00:00:00,2.010657390263392
1999-06-25 00:00:00,2.0044439751344125
1999-06-28 00:00:00,2.011740370212137
1999-06-29 00:00:00,2.0130238857271805
1999-06-30 00:00:00,2.0148366585818827
1999-07-01 00:00:00,2.0220378358984705
1999-07-02 00:00:00,2.0163215639453695
1999-07-06 00:00:00,2.01647267217295
1999-07-07 00:00:00,2.017036058826292
1999-07-08 00:00:00,2.023445487970713
1999-07-09 00:00:00,2.0247537809671288
1999-07-12 00:00:00,2.029514249466206
1999-07-13 00:00:00,2.0271857417633075
1999-07-14 00:00:00,2.026350770110076
1999-07-15 00:00:00,2.0242986125457096
1999-07-16 00:00:00,2.0222968388171627
1999-07-19 00:00:00,2.019000596866336
1999-07-20 00:00:00,2.0034496394831827
1999-07-21 00:00:00,1.996553888666535
1999-07-22 00:00:00,1.9989729625192063
1999-07-23 00:00:00,1.999557840831793
1999-07-26 00:00:00,1.9880294926553193
1999-07-27 00:00:00,1.9886907385136245
1999-07-28 00:00:00,1.9868634581440492
1999-07-29 00:00:00,1.9798756797941899
1999-07-30 00:00:00,1.981430819549264
1999-08-02 00:00:00,1.9800849768554964
1999-08-03 00:00:00,1.975689579080627
1999-08-04 00:00:00,1.9710013772572257
1999-08-05 00:00:00,1.9709165708005263
1999-08-06 00:00:00,1.9741605091407006
1999-08-09 00:00:00,1.981173820049798
1999-08-10 00:00:00,1.9793235622336645
1999-08-11 00:00:00,1.984892110792103
1999-08-12 00:00:00,1.9864290389501587
1999-08-13 00:00:00,1.9915490053184304
1999-08-16 00:00:00,1.9904768736798044
1999-08-17 00:00:00,1.9913793924050318
1999-08-18 00:00:00,1.9943677614358681
1999-08-19 00:00:00,1.9833827402561184
1999-08-20 00:00:00,1.9810396244736155
1999-08-23 00:00:00,1.988568280673423
1999-08-24 00:00:00,1.9878636380106596
1999-08-25 00:00:00,1.9940662727622633
1999-08-26 00:00:00,1.9963042213959878
1999-08-27 00:00:00,1.9925470609452112
1999-08-30 00:00:00,1.9947911448480111
1999-08-31 00:00:00,1.9804459792767206
1999-09-01 00:00:00,1.9782192348081125
1999-09-02 00:00:00,1.9717828969000684
1999-09-03 00:00:00,1.9760255633410437
1999-09-07 00:00:00,1.9726347532895523
1999-09-08 00:00:00,1.9699925135659426
1999-09-09 00:00:00,1.9711879907973964
1999-09-10 00:00:00,1.9839850510795214
1999-09-13 00:00:00,1.9783195393486859
1999-09-14 00:00:00,1.9866763476168698
1999-09-15 00:00:00,1.988201561597085
1999-09-16 00:00:00,1.9881167551403855
1999-09-17 00:00:00,1.9860496672845689
1999-09-20 00:00:00,1.9809754859644024
1999-09-21 00:00:00,1.9796357596030858
1999-09-22 00:00:00,1.9784189155848557
1999-09-23 00:00:00,1.9817228121123467
1999-09-24 00:00:00,1.9802601040268586
1999-09-27 00:00:00,1.9834262451516937
1999-09-28 00:00:00,1.9770713518172705
1999-09-29 00:00:00,1.9744570874938527
1999-09-30 00:00:00,1.9751324138151716
1999-10-01 00:00:00,1.9684867071403251
1999-10-04 00:00:00,1.968081299362221
1999-10-05 00:00:00,1.964263086963422
1999-10-06 00:00:00,1.966691604878143
1999-10-07 00:00:00,1.9656415620108474
1999-10-08 00:00:00,1.9719582317491193
1999-10-12 00:00:00,1.9608139142323753
1999-10-13 00:00:00,1.9624807184811823
1999-10-14 00:00:00,1.9626549139184735
1999-10-15 00:00:00,1.9619871734488274
1999-10-18 00:00:00,1.9696219887565556
1999-10-19 00:00:00,1.9658202483076819
1999-10-20 00:00:00,1.9700905595885743
1999-10-21 00:00:00,1.9637176668423741
1999-10-22 00:00:00,1.9660800840599448
1999-10-25 00:00:00,1.965352379681376
1999-10-26 00:00:00,1.9684741841830198
1999-10-27 00:00:00,1.9741120351623977
1999-10-28 00:00:00,1.9798125387562135
1999-10-29 00:00:00,1.9761509840729157
1999-11-01 00:00:00,1.9800804727971133
1999-11-02 00:00:00,1.978681910911042
1999-11-03 00:00:00,1.9822174578881835
1999-11-04 00:00:00,1.9906454010652124
1999-11-05 00:00:00,1.9892129376908054
1999-11-08 00:00:00,1.9908427143389078
1999-11-09 00:00:00,1.987938046478182
1999-11-10 00:00:00,1.9848322792097834
1999-11-12 00:00:00,1.9943644747616627
1999-11-15 00:00:00,1.9923341692852776
1999-11-16 00:00:00,1.9961329423778842
1999-11-17 00:00:00,1.9849257109952356
1999-11-18 00:00:00,1.9934180793984986
1999-11-19 00:00:00,1.9901642626853135
1999-11-22 00:00:00,1.9897737027321867
1999-11-23 00:00:00,1.9942560435207515
1999-11-24 00:00:00,2.000915918113657
1999-11-26 00:00:00,2.0041699837739055
1999-11-29 00:00:00,2.0062199545480404
1999-11-30 00:00:00,2.0097905469514847
1999-12-01 00:00:00,2.015197296785077
1999-12-02 00:00:00,2.019738875157596
1999-12-03 00:00:00,2.015782411333166
1999-12-06 00:00:00,1.9980439583732403
1999-12-07 00:00:00,1.9977187308452815
1999-12-08 00:00:00,1.9897575429399992
1999-12-09 00:00:00,1.9964658073554433
1999-12-10 00:00:00,2.0037377256016358
1999-12-13 00:00:00,2.00714396193603
1999-12-14 00:00:00,2.011987835664604
1999-12-15 00:00:00,2.0104997892295415
1999-12-16 00:00:00,2.00357659730659
1999-12-17 00:00:00,2.0072762324609457
1999-12-20 00:00:00,2.011765368496038
1999-12-21 00:00:00,2.0076953663880865
1999-12-22 00:00:00,2.006314402054856
1999-12-23 00:00:00,1.9991001335744814
1999-12-24 00:00:00,2.0008071845110105
1999-12-27 00:00:00,2.002389048183221
1999-12-28 00:00:00,2.0080944178174995
1999-12-29 00:00:00,2.0100029047966417
1999-12-30 00:00:00,2.011086916842444
1999-12-31 00:00:00,2.006899220745276
2000-01-03 00:00:00,1.9994629379790885
2000-01-04 00:00:00,1.989365943300803
2000-01-05 00:00:00,1.9884276373639604
2000-01-06 00:00:00,1.9901092094463877
2000-01-07 00:00:00,1.9957681823411983
2000-01-10 00:00:00,1.9997550542683822
2000-01-11 00:00:00,1.993429626065753
2000-01-12 00:00:00,1.9958743517374564
2000-01-13 00:00:00,1.9956693775856609
2000-01-14 00:00:00,2.0023888647880894
2000-01-18 00:00:00,2.001592130581982
2000-01-19 00:00:00,2.0037583087531683
2000-01-20 00:00:00,2.0014225176685834
2000-01-21 00:00:00,2.0042974406697143
2000-01-24 00:00:00,2.0080928999348715
2000-01-25 00:00:00,2.0074221063309867
2000-01-26 00:00:00,2.008216022935243
2000-01-27 00:00:00,2.01815524172146
2000-01-28 00:00:00,2.0410416506492166
2000-01-31 00:00:00,2.040409282468358
2000-02-01 00:00:00,2.035146870237638
2000-02-02 00:00:00,2.028371137135156
2000-02-03 00:00:00,2.013352492365217
2000-02-04 00:00:00,2.023122506142262
2000-02-07 00:00:00,2.0226972217068386
2000-02-08 00:00:00,2.0151770284970043
2000-02-09 00:00:00,2.009179097376322
2000-02-10 00:00:00,2.0138535165776092
2000-02-11 00:00:00,2.016418669751492
2000-02-14 00:00:00,2.0244255746391517
2000-02-15 00:00:00,2.02445379059313
2000-02-16 00:00:00,2.0231809484049785
2000-02-17 00:00:00,2.024284177679731
2000-02-18 00:00:00,2.0233510678195135
2000-02-22 00:00:00,2.0079755084903486
2000-02-23 00:00:00,2.0122500084281265
2000-02-24 00:00:00,2.017002590600075
2000-02-25 00:00:00,2.025552361903887
2000-02-28 00:00:00,2.024847754414713
2000-02-29 00:00:00,2.031537904500987
2000-03-01 00:00:00,2.02433973739605
2000-03-02 00:00:00,2.0374465513449747
2000-03-03 00:00:00,2.0384587339642746
2000-03-06 00:00:00,2.0352409259574253
2000-03-07 00:00:00,2.037082296005943
2000-03-08 00:00:00,2.0421329508760686
2000-03-09 00:00:00,2.0279882824081623
2000-03-10 00:00:00,2.0275117207479068
2000-03-13 00:00:00,2.027202912946323
2000-03-14 00:00:00,2.024759872255107
2000-03-15 00:00:00,2.0240555498876196
2000-03-16 00:00:00,2.0242524387420087
2000-03-17 00:00:00,2.02100336114305
2000-03-20 00:00:00,2.0182470018420022
2000-03-21 00:00:00,2.0190163957400857
2000-03-22 00:00:00,2.0258244530271385
2000-03-23 00:00:00,2.0182774806045005
2000-03-24 00:00:00,2.010442132964954
2000-03-27 00:00:00,2.018278727491781
2000-03-28 00:00:00,2.009113905069862
2000-03-29 00:00:00,2.0204949422883605
2000-03-30 00:00:00,2.0164844324363056
2000-03-31 00:00:00,2.0166280595314925
2000-04-03 00:00:00,2.0214291066526675
2000-04-04 00:00:00,2.0228119009842316
2000-04-05 00:00:00,2.014944191876796
2000-04-06 00:00:00,2.0192488693927935
2000-04-07 00:00:00,2.0170027120416796
2000-04-10 00:00:00,2.0132561736753964
2000-04-11 00:00:00,2.0159202107873755
2000-04-12 00:00:00,2.0235414533835265
2000-04-13 00:00:00,2.025812175209003
2000-04-14 00:00:00,2.0231469113709992
2000-04-17 00:00:00,2.0253067528737256
2000-04-18 00:00:00,2.0279019698269534
2000-04-19 00:00:00,2.033793755698371
2000-04-20 00:00:00,2.033928895888629
2000-04-21 00:00:00,2.032302360067087
2000-04-24 00:00:00,2.0315553073488863
2000-04-25 00:00:00,2.0389233660300965
2000-04-26 00:00:00,2.0428458715809135
2000-04-27 00:00:00,2.052983327687809
2000-04-28 00:00:00,2.0514394688908424
2000-05-01 00:00:00,2.0461696035376664
2000-05-02 00:00:00,2.048508680147694
2000-05-03 00:00:00,2.0626919182774377
2000-05-04 00:00:00,2.0653890223573796
2000-05-05 00:00:00,2.0652014764621516
2000-05-08 00:00:00,2.0642939411668655
2000-05-09 00:00:00,2.0605096225828268
2000-05-10 00:00:00,2.060248413636272
2000-05-11 00:00:00,2.070682596853364
2000-05-12 00:00:00,2.0636458187571805
2000-05-15 00:00:00,2.060564468910887
2000-05-16 00:00:00,2.0646078312652563
2000-05-17 00:00:00,2.074485344680317
2000-05-18 00:00:00,2.0674391554166918
2000-05-19 00:00:00,2.0699199990353225
2000-05-22 00:00:00,2.0763381610615115
2000-05-23 00:00:00,2.0750503965686624
2000-05-24 00:00:00,2.0714389891553053
2000-05-25 00:00:00,2.0703416351244237
2000-05-26 00:00:00,2.054274928346599
2000-05-30 00:00:00,2.0533503135809617
2000-05-31 00:00:00,2.0516868366425522
2000-06-01 00:00:00,2.0495947997230908
2000-06-02 00:00:00,2.034070957482472
2000-06-05 00:00:00,2.031849325202823
2000-06-06 00:00:00,2.0213297108220774
2000-06-07 00:00:00,2.0150343351286693
2000-06-08 00:00:00,2.02640550118404
2000-06-09 00:00:00,2.024875479338336
2000-06-12 00:00:00,2.0187411910626665
2000-06-13 00:00:00,2.009669538598577
2000-06-14 00:00:00,2.000431482563742
2000-06-15 00:00:00,2.0109900901650213
2000-06-16 00:00:00,2.008208236522817
2000-06-19 00:00:00,2.010247868983712
2000-06-20 00:00:00,2.0127345821565497
2000-06-21 00:00:00,2.021293668038704
2000-06-22 00:00:00,2.0307468412657323
2000-06-23 00:00:00,2.0355789629640837
2000-06-26 00:00:00,2.0399306919517515
2000-06-27 00:00:00,2.037849110682143
2000-06-28 00:00:00,2.036844072609412
2000-06-29 00:00:00,2.032186210682348
2000-06-30 00:00:00,2.031991991180779
2000-07-03 00:00:00,2.0287784507312017
2000-07-05 00:00:00,2.0328062035150074
2000-07-06 00:00:00,2.0366367241547723
2000-07-07 00:00:00,2.0418303017412813
2000-07-10 00:00:00,2.0385746666096853
2000-07-11 00:00:00,2.0390395417704292
2000-07-12 00:00:00,2.039159357460007
2000-07-13 00:00:00,2.0442683573127307
2000-07-14 00:00:00,2.0395815792046204
2000-07-17 00:00:00,2.0469657995654136
2000-07-18 00:00:00,2.050256708695866
2000-07-19 00:00:00,2.0586103548057606
2000-07-20 00:00:00,2.0521847549693835
2000-07-21 00:00:00,2.0496342400814456
2000-07-24 00:00:00,2.0480743684652016
2000-07-25 00:00:00,2.0439093221609435
2000-07-26 00:00:00,2.0440373410222743
2000-07-27 00:00:00,2.0599049014821524
2000-07-28 00:00:00,2.0661030481916036
2000-07-31 00:00:00,2.067234359705445
2000-08-01 00:00:00,2.07168179283734
2000-08-02 00:00:00,2.075344639918145
2000-08-03 00:00:00,2.075344639918145
2000-08-04 00:00:00,2.075344639918145
2000-08-07 00:00:00,2.075344639918145
2000-08-08 00:00:00,2.075344639918145
2000-08-09 00:00:00,2.075344639918145
2000-08-10 00:00:00,2.075344639918145
2000-08-11 00:00:00,2.075344639918145
2000-08-14 00:00:00,2.075344639918145
2000-08-15 00:00:00,2.075344639918145
2000-08-16 00:00:00,2.075344639918145
2000-08-17 00:00:00,2.075344639918145
2000-08-18 00:00:00,2.075344639918145
2000-08-21 00:00:00,2.075344639918145
2000-08-22 00:00:00,2.075344639918145
2000-08-23 00:00:00,2.075344639918145
2000-08-24 00:00:00,2.075344639918145
2000-08-25 00:00:00,2.075344639918145
2000-08-28 00:00:00,2.075344639918145
2000-08-29 00:00:00,2.075344639918145
2000-08-30 00:00:00,2.075344639918145
2000-08-31 00:00:00,2.075344639918145
2000-09-01 00:00:00,2.075344639918145
2000-09-05 00:00:00,2.075344639918145
2000-09-06 00:00:00,2.075344639918145
2000-09-07 00:00:00,2.075344639918145
2000-09-08 00:00:00,2.075344639918145
2000-09-11 00:00:00,2.075344639918145
2000-09-12 00:00:00,2.075344639918145
2000-09-13 00:00:00,2.075344639918145
2000-09-14 00:00:00,2.075344639918145
2000-09-15 00:00:00,2.075344639918145
2000-09-18 00:00:00,2.075344639918145
2000-09-19 00:00:00,2.075344639918145
2000-09-20 00:00:00,2.075344639918145
2000-09-21 00:00:00,2.075344639918145
2000-09-22 00:00:00,2.075344639918145
2000-09-25 00:00:00,2.075344639918145
2000-09-26 00:00:00,2.075344639918145
2000-09-27 00:00:00,2.075344639918145
2000-09-28 00:00:00,2.075344639918145
2000-09-29 00:00:00,2.075344639918145
2000-10-02 00:00:00,2.075344639918145
2000-10-03 00:00:00,2.075344639918145
2000-10-04 00:00:00,2.075344639918145
2000-10-05 00:00:00,2.075344639918145
2000-10-06 00:00:00,2.075344639918145
2000-10-10 00:00:00,2.075344639918145
2000-10-11 00:00:00,2.075344639918145
2000-10-12 00:00:00,2.075344639918145
2000-10-13 00:00:00,2.075344639918145
2000-10-16 00:00:00,2.075344639918145
2000-10-17 00:00:00,2.075344639918145
2000-10-18 00:00:00,2.075344639918145
2000-10-19 00:00:00,2.075344639918145
2000-10-20 00:00:00,2.075344639918145
2000-10-23 00:00:00,2.075344639918145
2000-10-24 00:00:00,2.075344639918145
2000-10-25 00:00:00,2.075344639918145
2000-10-26 00:00:00,2.075344639918145
2000-10-27 00:00:00,2.075344639918145
2000-10-30 00:00:00,2.075344639918145
2000-10-31 00:00:00,2.075344639918145
2000-11-01 00:00:00,2.075344639918145
2000-11-02 00:00:00,2.075344639918145
2000-11-03 00:00:00,2.075344639918145
2000-11-06 00:00:00,2.075344639918145
2000-11-07 00:00:00,2.075344639918145
2000-11-08 00:00:00,2.075344639918145
2000-11-09 00:00:00,2.075344639918145
2000-11-10 00:00:00,2.075344639918145
2000-11-13 00:00:00,2.075344639918145
2000-11-14 00:00:00,2.075344639918145
2000-11-15 00:00:00,2.075344639918145
2000-11-16 00:00:00,2.075344639918145
2000-11-17 00:00:00,2.075344639918145
2000-11-20 00:00:00,2.075344639918145
2000-11-21 00:00:00,2.075344639918145
2000-11-22 00:00:00,2.075344639918145
2000-11-24 00:00:00,2.075344639918145
2000-11-27 00:00:00,2.075344639918145
2000-11-28 00:00:00,2.075344639918145
2000-11-29 00:00:00,2.075344639918145
2000-11-30 00:00:00,2.075344639918145
2000-12-01 00:00:00,2.075344639918145
2000-12-04 00:00:00,2.075344639918145
2000-12-05 00:00:00,2.075344639918145
2000-12-06 00:00:00,2.075344639918145
2000-12-07 00:00:00,2.075344639918145
2000-12-08 00:00:00,2.075344639918145
2000-12-11 00:00:00,2.075344639918145
2000-12-12 00:00:00,2.075344639918145
2000-12-13 00:00:00,2.075344639918145
2000-12-14 00:00:00,2.075344639918145
2000-12-15 00:00:00,2.075344639918145
2000-12-18 00:00:00,2.075344639918145
2000-12-19 00:00:00,2.075344639918145
2000-12-20 00:00:00,2.075344639918145
2000-12-21 00:00:00,2.075344639918145
2000-12-22 00:00:00,2.075344639918145
2000-12-26 00:00:00,2.075344639918145
2000-12-27 00:00:00,2.075344639918145
2000-12-28 00:00:00,2.075344639918145
2000-12-29 00:00:00,2.075344639918145
2001-01-02 00:00:00,2.075344639918145
2001-01-03 00:00:00,2.075344639918145
2001-01-04 00:00:00,2.075344639918145
2001-01-05 00:00:00,2.094013407293721
2001-01-08 00:00:00,2.0762260774377537
2001-01-09 00:00:00,2.0587383867455005
2001-01-10 00:00:00,2.073034423250333
2001-01-11 00:00:00,2.096932675314613
2001-01-12 00:00:00,2.0926687925202017
2001-01-16 00:00:00,2.0572222196011323
2001-01-17 00:00:00,2.0443175323898344
2001-01-18 00:00:00,2.0735840081981722
2001-01-19 00:00:00,2.0663528687846098
2001-01-22 00:00:00,2.0544123972797603
2001-01-23 00:00:00,2.0513950060122497
2001-01-24 00:00:00,2.032207150000911
2001-01-25 00:00:00,2.017946047193887
2001-01-26 00:00:00,2.030308088184899
2001-01-29 00:00:00,2.0275292089866204
2001-01-30 00:00:00,2.0473141238937034
2001-01-31 00:00:00,2.0533984266341228
2001-02-01 00:00:00,2.0606910314373232
2001-02-02 00:00:00,2.055600230991723
2001-02-05 00:00:00,2.056140609601342
2001-02-06 00:00:00,2.043890163824476
2001-02-07 00:00:00,2.0502120259301457
2001-02-08 00:00:00,2.021701529911989
2001-02-09 00:00:00,2.029991922897354
2001-02-12 00:00:00,2.0237939554242144
2001-02-13 00:00:00,1.9958047662473861
2001-02-14 00:00:00,1.988599328517112
2001-02-15 00:00:00,1.9787388380195063
2001-02-16 00:00:00,1.9948885122738995
2001-02-20 00:00:00,1.9798407530308066
2001-02-21 00:00:00,1.9671928769928333
2001-02-22 00:00:00,1.9606835653573411
2001-02-23 00:00:00,1.9646234499456205
2001-02-26 00:00:00,1.9707616606842129
2001-02-27 00:00:00,1.9735463461151357
2001-02-28 00:00:00,1.9922462758338018
2001-03-01 00:00:00,2.0091340557214243
2001-03-02 00:00:00,2.019613426699934
2001-03-05 00:00:00,2.0065569212220384
2001-03-06 00:00:00,2.0214925253084632
2001-03-07 00:00:00,2.0051166117010624
2001-03-08 00:00:00,2.006351036046456
2001-03-09 00:00:00,2.0039863896806316
2001-03-12 00:00:00,1.9892062255654896
2001-03-13 00:00:00,1.952753502502498
2001-03-14 00:00:00,1.9534167687943942
2001-03-15 00:00:00,1.9364128735698911
2001-03-16 00:00:00,1.907883422510368
2001-03-19 00:00:00,1.9179889354888437
2001-03-20 00:00:00,1.9310583840913258
2001-03-21 00:00:00,1.9069531107186235
2001-03-22 00:00:00,1.8747744196844451
2001-03-23 00:00:00,1.9071391004885168
2001-03-26 00:00:00,1.9129228328417887
2001-03-27 00:00:00,1.9101198786078697
2001-03-28 00:00:00,1.8909096989951422
2001-03-29 00:00:00,1.8788274991408849
2001-03-30 00:00:00,1.883805124981576
2001-04-02 00:00:00,1.8828981412911663
2001-04-03 00:00:00,1.9036114872769432
2001-04-04 00:00:00,1.910679812127102
2001-04-05 00:00:00,1.9187417522626593
2001-04-06 00:00:00,1.9331583981521265
2001-04-09 00:00:00,1.9301053397797616
2001-04-10 00:00:00,1.9217589383104434
2001-04-11 00:00:00,1.9151711260831303
2001-04-12 00:00:00,1.9306770534467579
2001-04-13 00:00:00,1.9217589383104434
2001-04-16 00:00:00,1.9183652700194997
2001-04-17 00:00:00,1.9002446208342656
2001-04-18 00:00:00,1.9021300775592183
2001-04-19 00:00:00,1.9289629276224487
2001-04-20 00:00:00,1.9394859350633566
2001-04-23 00:00:00,1.9147960436064204
2001-04-24 00:00:00,1.9071391004885168
2001-04-25 00:00:00,1.9127357133237566
2001-04-26 00:00:00,1.929438768297278
2001-04-27 00:00:00,1.9184593767288458
2001-04-30 00:00:00,1.905837933460893
2001-05-01 00:00:00,1.915546355535733
2001-05-02 00:00:00,1.91030648664603
2001-05-03 00:00:00,1.9039822003221776
2001-05-04 00:00:00,1.9170487448341926
2001-05-07 00:00:00,1.91030648664603
2001-05-08 00:00:00,1.8997276981743676
2001-05-09 00:00:00,1.901390237000074
2001-05-10 00:00:00,1.9002815546461382
2001-05-11 00:00:00,1.9062095142628936
2001-05-14 00:00:00,1.8938399222575075
2001-05-15 00:00:00,1.9071391004885168
2001-05-16 00:00:00,1.9043530577823102
2001-05-17 00:00:00,1.9127357133237566
2001-05-18 00:00:00,1.9076972875423184
2001-05-21 00:00:00,1.9090941857269967
2001-05-22 00:00:00,1.885621716230353
2001-05-23 00:00:00,1.861035233397617
2001-05-24 00:00:00,1.857852465302495
2001-05-25 00:00:00,1.8560889603520419
2001-05-29 00:00:00,1.8494180646277085
2001-05-30 00:00:00,1.8461005662111747
2001-05-31 00:00:00,1.8116014186014227
2001-06-01 00:00:00,1.8116014186014227
2001-06-04 00:00:00,1.8116014186014227
2001-06-05 00:00:00,1.8116014186014227
2001-06-06 00:00:00,1.8116014186014227
2001-06-07 00:00:00,1.8116014186014227
2001-06-08 00:00:00,1.8116014186014227
2001-06-11 00:00:00,1.8116014186014227
2001-06-12 00:00:00,1.8116014186014227
2001-06-13 00:00:00,1.8116014186014227
2001-06-14 00:00:00,1.8116014186014227
2001-06-15 00:00:00,1.8116014186014227
2001-06-18 00:00:00,1.8116014186014227
2001-06-19 00:00:00,1.8116014186014227
2001-06-20 00:00:00,1.8116014186014227
2001-06-21 00:00:00,1.8116014186014227
2001-06-22 00:00:00,1.8116014186014227
2001-06-25 00:00:00,1.8116014186014227
2001-06-26 00:00:00,1.8116014186014227
2001-06-27 00:00:00,1.8116014186014227
2001-06-28 00:00:00,1.8116014186014227
2001-06-29 00:00:00,1.8116014186014227
2001-07-02 00:00:00,1.8116014186014227
2001-07-03 00:00:00,1.8116014186014227
2001-07-05 00:00:00,1.8116014186014227
2001-07-06 00:00:00,1.8116014186014227
2001-07-09 00:00:00,1.8116014186014227
2001-07-10 00:00:00,1.8116014186014227
2001-07-11 00:00:00,1.8116014186014227
2001-07-12 00:00:00,1.8116014186014227
2001-07-13 00:00:00,1.8116014186014227
2001-07-16 00:00:00,1.8116014186014227
2001-07-17 00:00:00,1.8116014186014227
2001-07-18 00:00:00,1.8116014186014227
2001-07-19 00:00:00,1.8116014186014227
2001-07-20 00:00:00,1.8116014186014227
2001-07-23 00:00:00,1.8116014186014227
2001-07-24 00:00:00,1.8116014186014227
2001-07-25 00:00:00,1.8116014186014227
2001-07-26 00:00:00,1.8116014186014227
2001-07-27 00:00:00,1.8116014186014227
2001-07-30 00:00:00,1.8116014186014227
2001-07-31 00:00:00,1.8116014186014227
2001-08-01 00:00:00,1.8116014186014227
2001-08-02 00:00:00,1.8116014186014227
2001-08-03 00:00:00,1.8116014186014227
2001-08-06 00:00:00,1.8116014186014227
2001-08-07 00:00:00,1.8116014186014227
2001-08-08 00:00:00,1.8116014186014227
2001-08-09 00:00:00,1.8116014186014227
2001-08-10 00:00:00,1.8116014186014227
2001-08-13 00:00:00,1.8116014186014227
2001-08-14 00:00:00,1.8116014186014227
2001-08-15 00:00:00,1.8116014186014227
2001-08-16 00:00:00,1.8116014186014227
2001-08-17 00:00:00,1.8116014186014227
2001-08-20 00:00:00,1.8116014186014227
2001-08-21 00:00:00,1.8149254579016088
2001-08-22 00:00:00,1.8321767600849288
2001-08-23 00:00:00,1.8239084934560519
2001-08-24 00:00:00,1.8283445001042087
2001-08-27 00:00:00,1.826390001610414
2001-08-28 00:00:00,1.8201988490625822
2001-08-29 00:00:00,1.810205462971601
2001-08-30 00:00:00,1.8123002041052227
2001-08-31 00:00:00,1.80170195729759
2001-09-04 00:00:00,1.7539480276781296
2001-09-05 00:00:00,1.766311383136387
2001-09-06 00:00:00,1.7754891938187205
2001-09-07 00:00:00,1.7825621850110178
2001-09-10 00:00:00,1.7679730119069763
2001-09-12 00:00:00,1.778008809514774
2001-09-13 00:00:00,1.779945363126501
2001-09-14 00:00:00,1.7881081526284843
2001-09-17 00:00:00,1.7902884607355236
2001-09-18 00:00:00,1.781008047285984
2001-09-19 00:00:00,1.795796882704859
2001-09-20 00:00:00,1.7746676660375602
2001-09-21 00:00:00,1.7239261316294086
2001-09-24 00:00:00,1.7370396528953962
2001-09-25 00:00:00,1.7558817098224044
2001-09-26 00:00:00,1.7486929727344014
2001-09-27 00:00:00,1.7530154856092568
2001-09-28 00:00:00,1.7585269265349028
2001-10-01 00:00:00,1.7695211348189064
2001-10-02 00:00:00,1.7619892103553465
2001-10-03 00:00:00,1.7702045020600905
2001-10-04 00:00:00,1.7693212246934313
2001-10-05 00:00:00,1.775573065952209
2001-10-09 00:00:00,1.7854411093075393
2001-10-10 00:00:00,1.7754891938187205
2001-10-11 00:00:00,1.780113958472286
2001-10-12 00:00:00,1.7970504031909695
2001-10-15 00:00:00,1.7986843199091886
2001-10-16 00:00:00,1.801356572085801
2001-10-17 00:00:00,1.8056834278027634
2001-10-18 00:00:00,1.796277478286371
2001-10-19 00:00:00,1.7807042937816144
2001-10-22 00:00:00,1.7577210172625477
2001-10-23 00:00:00,1.7643215468054037
2001-10-24 00:00:00,1.771973705126453
2001-10-25 00:00:00,1.778345298691442
2001-10-26 00:00:00,1.775908633741664
2001-10-29 00:00:00,1.7868840614757462
2001-10-30 00:00:00,1.7693045675551837
2001-10-31 00:00:00,1.7611801252526624
2001-11-01 00:00:00,1.7763282718876334
2001-11-02 00:00:00,1.7770337106007261
2001-11-05 00:00:00,1.7731439868450947
2001-11-06 00:00:00,1.7800296568072702
2001-11-07 00:00:00,1.795247945414449
2001-11-08 00:00:00,1.783746499294909
2001-11-09 00:00:00,1.7796419719677623
2001-11-13 00:00:00,1.7689714906411105
2001-11-14 00:00:00,1.7744833459136211
2001-11-15 00:00:00,1.7754891938187205
2001-11-16 00:00:00,1.772642248308919
2001-11-19 00:00:00,1.7603552937964742
2001-11-20 00:00:00,1.7633283089295513
2001-11-21 00:00:00,1.7568173046572713
2001-11-23 00:00:00,1.7616753952541395
2001-11-26 00:00:00,1.769637769921955
2001-11-27 00:00:00,1.7679730119069763
2001-11-28 00:00:00,1.7636592639424886
2001-11-29 00:00:00,1.7605201982736447
2001-11-30 00:00:00,1.7606851336491627
2001-12-03 00:00:00,1.7517409811782785
2001-12-04 00:00:00,1.76299747810236
2001-12-05 00:00:00,1.7713056660293272
2001-12-06 00:00:00,1.7902031926625226
2001-12-07 00:00:00,1.7965350460349068
2001-12-10 00:00:00,1.7891806089652667
2001-12-11 00:00:00,1.7871389422376531
2001-12-12 00:00:00,1.79139768530847
2001-12-13 00:00:00,1.8004936881175664
2001-12-14 00:00:00,1.7910562390709195
2001-12-17 00:00:00,1.7975660561043671
2001-12-18 00:00:00,1.7910562390709195
2001-12-19 00:00:00,1.7900326808811466
2001-12-20 00:00:00,1.7741483164893006
2001-12-21 00:00:00,1.7600255775024498
2001-12-24 00:00:00,1.7364458206200832
2001-12-26 00:00:00,1.733242932451458
2001-12-27 00:00:00,1.7555864658170162
2001-12-28 00:00:00,1.7796925299783295
2001-12-31 00:00:00,1.7972050679988867
2002-01-02 00:00:00,1.830124950488963
2002-01-03 00:00:00,1.8259463800409188
2002-01-04 00:00:00,1.8224935140197014
2002-01-07 00:00:00,1.8188776304448255
2002-01-08 00:00:00,1.8079416177557635
2002-01-09 00:00:00,1.8079416177557635
2002-01-10 00:00:00,1.8256803105276045
2002-01-11 00:00:00,1.825325671772646
2002-01-14 00:00:00,1.8172068378042119
2002-01-15 00:00:00,1.8160654313737412
2002-01-16 00:00:00,1.7941339490760055
2002-01-17 00:00:00,1.78493238831524
2002-01-18 00:00:00,1.8010113192689177
2002-01-22 00:00:00,1.7932779691384693
2002-01-23 00:00:00,1.793791459059956
2002-01-24 00:00:00,1.7869690136513416
2002-01-25 00:00:00,1.7605201982736447
2002-01-28 00:00:00,1.751659345378988
2002-01-29 00:00:00,1.7625841140981158
2002-01-30 00:00:00,1.764553463332691
2002-01-31 00:00:00,1.7610150971299812
2002-02-01 00:00:00,1.759695984697674
2002-02-04 00:00:00,1.7664774054489296
2002-02-05 00:00:00,1.763411036037641
2002-02-06 00:00:00,1.7713056660293272
2002-02-07 00:00:00,1.7672248922442204
2002-02-08 00:00:00,1.772809462934738
2002-02-11 00:00:00,1.7805355866007733
2002-02-12 00:00:00,1.7785135910448717
2002-02-13 00:00:00,1.7754891938187205
2002-02-14 00:00:00,1.7818016702129567
2002-02-15 00:00:00,1.7898622015782055
2002-02-19 00:00:00,1.790714922970096
2002-02-20 00:00:00,1.778850271327133
2002-02-21 00:00:00,1.789947437170452
2002-02-22 00:00:00,1.7992870384462574
2002-02-25 00:00:00,1.8008387424847796
2002-02-26 00:00:00,1.795162204276546
2002-02-27 00:00:00,1.790714922970096
2002-02-28 00:00:00,1.7949907465684012
2002-03-01 00:00:00,1.7898622015782055
2002-03-04 00:00:00,1.808376532746804
2002-03-05 00:00:00,1.8089857653836905
2002-03-06 00:00:00,1.821786847282974
2002-03-07 00:00:00,1.8230238739519995
2002-03-08 00:00:00,1.8119507439810218
2002-03-11 00:00:00,1.8152760665093364
2002-03-12 00:00:00,1.8081155586464461
2002-03-13 00:00:00,1.8057701769465442
2002-03-14 00:00:00,1.8140495286265599
2002-03-15 00:00:00,1.818085819538663
2002-03-18 00:00:00,1.8272778917424557
2002-03-19 00:00:00,1.8308381019553006
2002-03-20 00:00:00,1.8408809008297737
2002-03-21 00:00:00,1.8429569126326217
2002-03-22 00:00:00,1.8326234145851932
2002-03-25 00:00:00,1.8287892878481156
2002-03-26 00:00:00,1.8288782713673764
2002-03-27 00:00:00,1.8156268106048843
2002-03-28 00:00:00,1.8119507439810218
2002-03-29 00:00:00,1.813524376780002
2002-04-01 00:00:00,1.835845766979697
2002-04-02 00:00:00,1.8279888256561774
2002-04-03 00:00:00,1.8242625816900757
2002-04-04 00:00:00,1.8201988490625822
2002-04-05 00:00:00,1.8335173772264546
2002-04-08 00:00:00,1.8127372188638686
2002-04-09 00:00:00,1.81975822963652
2002-04-10 00:00:00,1.8149254579016088
2002-04-11 00:00:00,1.8274555733733133
2002-04-12 00:00:00,1.8218751506539828
2002-04-15 00:00:00,1.8134368810316166
2002-04-16 00:00:00,1.810205462971601
2002-04-17 00:00:00,1.826390001610414
2002-04-18 00:00:00,1.8194939603612315
2002-04-19 00:00:00,1.826390001610414
2002-04-22 00:00:00,1.8125623876714243
2002-04-23 00:00:00,1.8209042841363392
2002-04-24 00:00:00,1.8223167959440667
2002-04-25 00:00:00,1.8284334403435483
2002-04-26 00:00:00,1.8294123543824743
2002-04-29 00:00:00,1.838539729658693
2002-04-30 00:00:00,1.8281666455808518
2002-05-01 00:00:00,1.8390794712370253
2002-05-02 00:00:00,1.8313733304006194
2002-05-03 00:00:00,1.8501233625291555
2002-05-06 00:00:00,1.8578047762525862
2002-05-07 00:00:00,1.8319088718755394
2002-05-08 00:00:00,1.8255029739262905
2002-05-09 00:00:00,1.83746119637966
2002-05-10 00:00:00,1.8351287097520907
2002-05-13 00:00:00,1.830124950488963
2002-05-14 00:00:00,1.8331596875313265
2002-05-15 00:00:00,1.8497591650168461
2002-05-16 00:00:00,1.8515815878395228
2002-05-17 00:00:00,1.8761658297465469
2002-05-20 00:00:00,1.8802014022881455
2002-05-21 00:00:00,1.8825556562727797
2002-05-22 00:00:00,1.9043016634482886
2002-05-23 00:00:00,1.9010270196814851
2002-05-24 00:00:00,1.8968059261779535
2002-05-28 00:00:00,1.9052669420692574
2002-05-29 00:00:00,1.9147787179389875
2002-05-30 00:00:00,1.9332942204064563
2002-05-31 00:00:00,1.928631855566849
2002-06-03 00:00:00,1.9394791657968176
2002-06-04 00:00:00,1.937479702739295
2002-06-05 00:00:00,1.931109033761936
2002-06-06 00:00:00,1.9386788855551018
2002-06-07 00:00:00,1.9263584580331243
2002-06-10 00:00:00,1.93100982446146
2002-06-11 00:00:00,1.9402801070174642
2002-06-12 00:00:00,1.9404804456965572
2002-06-13 00:00:00,1.937479702739295
2002-06-14 00:00:00,1.9406808257508426
2002-06-17 00:00:00,1.9592945284165095
2002-06-18 00:00:00,1.9650306479058095
2002-06-19 00:00:00,1.9720412504271945
2002-06-20 00:00:00,2.0022963047699935
2002-06-21 00:00:00,2.0148110591647628
2002-06-24 00:00:00,2.0289935888335937
2002-06-25 00:00:00,2.0121577212602957
2002-06-26 00:00:00,2.027133331525311
2002-06-27 00:00:00,2.040005765706503
2002-06-28 00:00:00,2.041224407143604
2002-07-01 00:00:00,2.042999577842283
2002-07-02 00:00:00,2.0396736614468374
2002-07-03 00:00:00,2.0238588322820545
2002-07-05 00:00:00,2.0046456657675904
2002-07-08 00:00:00,2.0218992056558536
2002-07-09 00:00:00,2.023531964099183
2002-07-10 00:00:00,2.000378192290704
2002-07-11 00:00:00,2.0093609661681984
2002-07-12 00:00:00,2.016043029025012
2002-07-15 00:00:00,2.042999577842283
2002-07-16 00:00:00,2.033054209927646
2002-07-17 00:00:00,2.035476347511227
2002-07-18 00:00:00,2.032834301413863
2002-07-19 00:00:00,2.036137932456247
2002-07-22 00:00:00,1.998145033923891
2002-07-23 00:00:00,1.9672933232043504
2002-07-24 00:00:00,1.964106507453745
2002-07-25 00:00:00,1.9950693329693376
2002-07-26 00:00:00,1.9891567650900888
2002-07-29 00:00:00,1.9828606369034776
2002-07-30 00:00:00,2.0042180992397527
2002-07-31 00:00:00,1.9751500910742152
2002-08-01 00:00:00,1.9674992793730275
2002-08-02 00:00:00,1.963388332278642
2002-08-05 00:00:00,1.96667571332892
2002-08-06 00:00:00,1.940380271185913
2002-08-07 00:00:00,1.9603163780714676
2002-08-08 00:00:00,1.9475184576757676
2002-08-09 00:00:00,1.965852836461418
2002-08-12 00:00:00,1.9766042402788349
2002-08-13 00:00:00,1.988946250033989
2002-08-14 00:00:00,2.0052873577220613
2002-08-15 00:00:00,1.9976140642613904
2002-08-16 00:00:00,2.002723051638018
2002-08-19 00:00:00,1.9899992711320582
2002-08-20 00:00:00,1.9982512617300545
2002-08-21 00:00:00,2.0106508095186864
2002-08-22 00:00:00,1.9786853144421097
2002-08-23 00:00:00,1.987263732322212
2002-08-26 00:00:00,2.002509655468424
2002-08-27 00:00:00,2.023531964099183
2002-08-28 00:00:00,2.0192922656679015
2002-08-29 00:00:00,2.0147462603528257
2002-08-30 00:00:00,1.9993141613373575
2002-09-03 00:00:00,2.0059294606223887
2002-09-04 00:00:00,2.0100056809167017
2002-09-05 00:00:00,2.0108659444223367
2002-09-06 00:00:00,2.0058010071477073
2002-09-09 00:00:00,2.0051803805357333
2002-09-10 00:00:00,1.9939051632880125
2002-09-11 00:00:00,1.9959168560504628
2002-09-12 00:00:00,1.9952811462545026
2002-09-13 00:00:00,1.9883149721298308
2002-09-16 00:00:00,2.00700054640871
2002-09-17 00:00:00,1.9965529710582344
2002-09-18 00:00:00,2.020160498395266
2002-09-19 00:00:00,2.0332741660252256
2002-09-20 00:00:00,2.044332983419032
2002-09-23 00:00:00,2.0332741660252256
2002-09-24 00:00:00,2.027789503298571
2002-09-25 00:00:00,2.019661173371214
2002-09-26 00:00:00,2.0055013463420295
2002-09-27 00:00:00,2.019943370224759
2002-09-30 00:00:00,2.026477584275519
2002-10-01 00:00:00,2.03856742776561
2002-10-02 00:00:00,2.038125270206177
2002-10-03 00:00:00,2.0432216912993213
2002-10-04 00:00:00,2.0299798138443683
2002-10-07 00:00:00,2.0262590961262705
2002-10-08 00:00:00,2.0093609661681984
2002-10-09 00:00:00,2.022987418360728
2002-10-10 00:00:00,2.0257130818185027
2002-10-11 00:00:00,2.032614440468436
2002-10-15 00:00:00,2.0337142210335637
2002-10-16 00:00:00,2.0334941697220468
2002-10-17 00:00:00,2.003043231182644
2002-10-18 00:00:00,2.002723051638018
2002-10-21 00:00:00,2.0132354704414737
2002-10-22 00:00:00,2.01118873311265
2002-10-23 00:00:00,2.002509655468424
2002-10-24 00:00:00,2.005715380637264
2002-10-25 00:00:00,2.0120500098036675
2002-10-28 00:00:00,2.0334941697220468
2002-10-29 00:00:00,2.0316256544588027
2002-10-30 00:00:00,2.038788578495461
2002-10-31 00:00:00,2.0453341803962735
2002-11-01 00:00:00,2.0584395527460195
2002-11-04 00:00:00,2.0505786270126745
2002-11-05 00:00:00,2.0548385213832447
2002-11-06 00:00:00,2.056862549695869
2002-11-07 00:00:00,2.076291566764753
2002-11-08 00:00:00,2.0949695809260223
2002-11-12 00:00:00,2.09096051586239
2002-11-13 00:00:00,2.0846980717217036
2002-11-14 00:00:00,2.0759475440816475
2002-11-15 00:00:00,2.0858549518946905
2002-11-18 00:00:00,2.090727902611098
2002-11-19 00:00:00,2.0888688581272827
2002-11-20 00:00:00,2.0766357034885257
2002-11-21 00:00:00,2.084004559389128
2002-11-22 00:00:00,2.079047858462433
2002-11-25 00:00:00,2.0659066853436476
2002-11-26 00:00:00,2.056975112632973
2002-11-27 00:00:00,2.049684056775129
2002-11-29 00:00:00,2.0706867691241913
2002-12-02 00:00:00,2.0710290502585442
2002-12-03 00:00:00,2.073428190266015
2002-12-04 00:00:00,2.0709149439747834
2002-12-05 00:00:00,2.072056572940591
2002-12-06 00:00:00,2.086086482025881
2002-12-09 00:00:00,2.0853920457801998
2002-12-10 00:00:00,2.081235118114193
2002-12-11 00:00:00,2.0833115083218225
2002-12-12 00:00:00,2.101129533967372
2002-12-13 00:00:00,2.101481954217954
2002-12-16 00:00:00,2.111160763488111
2002-12-17 00:00:00,2.1188965687548516
2002-12-18 00:00:00,2.119254974805047
2002-12-19 00:00:00,2.1078457959366483
2002-12-20 00:00:00,2.1199721507694482
2002-12-23 00:00:00,2.104541222460376
2002-12-24 00:00:00,2.1202113173027026
2002-12-26 00:00:00,2.132964829936575
2002-12-27 00:00:00,2.13248078027586
2002-12-30 00:00:00,2.144839295438707
2002-12-31 00:00:00,2.144839295438707
2003-01-02 00:00:00,2.144839295438707
2003-01-03 00:00:00,2.144839295438707
2003-01-06 00:00:00,2.144839295438707
2003-01-07 00:00:00,2.144839295438707
2003-01-08 00:00:00,2.144839295438707
2003-01-09 00:00:00,2.144839295438707
2003-01-10 00:00:00,2.144839295438707
2003-01-13 00:00:00,2.144839295438707
2003-01-14 00:00:00,2.144839295438707
2003-01-15 00:00:00,2.144839295438707
2003-01-16 00:00:00,2.144839295438707
2003-01-17 00:00:00,2.144839295438707
2003-01-21 00:00:00,2.144839295438707
2003-01-22 00:00:00,2.144839295438707
2003-01-23 00:00:00,2.144839295438707
2003-01-24 00:00:00,2.144839295438707
2003-01-27 00:00:00,2.144839295438707
2003-01-28 00:00:00,2.144839295438707
2003-01-29 00:00:00,2.144839295438707
2003-01-30 00:00:00,2.144839295438707
2003-01-31 00:00:00,2.144839295438707
2003-02-03 00:00:00,2.144839295438707
2003-02-04 00:00:00,2.144839295438707
2003-02-05 00:00:00,2.144839295438707
2003-02-06 00:00:00,2.144839295438707
2003-02-07 00:00:00,2.144839295438707
2003-02-10 00:00:00,2.144839295438707
2003-02-11 00:00:00,2.144839295438707
2003-02-12 00:00:00,2.144839295438707
2003-02-13 00:00:00,2.144839295438707
2003-02-14 00:00:00,2.144839295438707
2003-02-18 00:00:00,2.144839295438707
2003-02-19 00:00:00,2.144839295438707
2003-02-20 00:00:00,2.144839295438707
2003-02-21 00:00:00,2.144839295438707
2003-02-24 00:00:00,2.144839295438707
2003-02-25 00:00:00,2.144839295438707
2003-02-26 00:00:00,2.144839295438707
2003-02-27 00:00:00,2.144839295438707
2003-02-28 00:00:00,2.144839295438707
2003-03-03 00:00:00,2.144839295438707
2003-03-04 00:00:00,2.144839295438707
2003-03-05 00:00:00,2.144839295438707
2003-03-06 00:00:00,2.144839295438707
2003-03-07 00:00:00,2.144839295438707
2003-03-10 00:00:00,2.144839295438707
2003-03-11 00:00:00,2.144839295438707
2003-03-12 00:00:00,2.144839295438707
2003-03-13 00:00:00,2.144839295438707
2003-03-14 00:00:00,2.144839295438707
2003-03-17 00:00:00,2.144839295438707
2003-03-18 00:00:00,2.144839295438707
2003-03-19 00:00:00,2.144839295438707
2003-03-20 00:00:00,2.144839295438707
2003-03-21 00:00:00,2.144839295438707
2003-03-24 00:00:00,2.144839295438707
2003-03-25 00:00:00,2.144839295438707
2003-03-26 00:00:00,2.144839295438707
2003-03-27 00:00:00,2.144839295438707
2003-03-28 00:00:00,2.144839295438707
2003-03-31 00:00:00,2.144839295438707
2003-04-01 00:00:00,2.144839295438707
2003-04-02 00:00:00,2.144839295438707
2003-04-03 00:00:00,2.144839295438707
2003-04-04 00:00:00,2.144839295438707
2003-04-07 00:00:00,2.144839295438707
2003-04-08 00:00:00,2.144839295438707
2003-04-09 00:00:00,2.144839295438707
2003-04-10 00:00:00,2.144839295438707
2003-04-11 00:00:00,2.144839295438707
2003-04-14 00:00:00,2.144839295438707
2003-04-15 00:00:00,2.144839295438707
2003-04-16 00:00:00,2.144839295438707
2003-04-17 00:00:00,2.144839295438707
2003-04-18 00:00:00,2.144839295438707
2003-04-21 00:00:00,2.144839295438707
2003-04-22 00:00:00,2.144839295438707
2003-04-23 00:00:00,2.144839295438707
2003-04-24 00:00:00,2.144839295438707
2003-04-25 00:00:00,2.144839295438707
2003-04-28 00:00:00,2.144839295438707
2003-04-29 00:00:00,2.144839295438707
2003-04-30 00:00:00,2.144839295438707
2003-05-01 00:00:00,2.144839295438707
2003-05-02 00:00:00,2.144839295438707
2003-05-05 00:00:00,2.144839295438707
2003-05-06 00:00:00,2.144839295438707
2003-05-07 00:00:00,2.144839295438707
2003-05-08 00:00:00,2.144839295438707
2003-05-09 00:00:00,2.144839295438707
2003-05-12 00:00:00,2.144839295438707
2003-05-13 00:00:00,2.144839295438707
2003-05-14 00:00:00,2.144839295438707
2003-05-15 00:00:00,2.144839295438707
2003-05-16 00:00:00,2.144839295438707
2003-05-19 00:00:00,2.144839295438707
2003-05-20 00:00:00,2.144839295438707
2003-05-21 00:00:00,2.144839295438707
2003-05-22 00:00:00,2.144839295438707
2003-05-23 00:00:00,2.144839295438707
2003-05-27 00:00:00,2.144839295438707
2003-05-28 00:00:00,2.144839295438707
2003-05-29 00:00:00,2.144839295438707
2003-05-30 00:00:00,2.144839295438707
2003-06-02 00:00:00,2.144839295438707
2003-06-03 00:00:00,2.144839295438707
2003-06-04 00:00:00,2.144839295438707
2003-06-05 00:00:00,2.144839295438707
2003-06-06 00:00:00,2.144839295438707
2003-06-09 00:00:00,2.144839295438707
2003-06-10 00:00:00,2.144839295438707
2003-06-11 00:00:00,2.144839295438707
2003-06-12 00:00:00,2.144839295438707
2003-06-13 00:00:00,2.144839295438707
2003-06-16 00:00:00,2.144839295438707
2003-06-17 00:00:00,2.144839295438707
2003-06-18 00:00:00,2.144839295438707
2003-06-19 00:00:00,2.144839295438707
2003-06-20 00:00:00,2.144839295438707
2003-06-23 00:00:00,2.144839295438707
2003-06-24 00:00:00,2.144839295438707
2003-06-25 00:00:00,2.144839295438707
2003-06-26 00:00:00,2.144839295438707
2003-06-27 00:00:00,2.144839295438707
2003-06-30 00:00:00,2.144839295438707
2003-07-01 00:00:00,2.144839295438707
2003-07-02 00:00:00,2.144839295438707
2003-07-03 00:00:00,2.144839295438707
2003-07-07 00:00:00,2.144839295438707
2003-07-08 00:00:00,2.144839295438707
2003-07-09 00:00:00,2.144839295438707
2003-07-10 00:00:00,2.144839295438707
2003-07-11 00:00:00,2.144839295438707
2003-07-14 00:00:00,2.144839295438707
2003-07-15 00:00:00,2.144839295438707
2003-07-16 00:00:00,2.144839295438707
2003-07-17 00:00:00,2.144839295438707
2003-07-18 00:00:00,2.144839295438707
2003-07-21 00:00:00,2.144839295438707
2003-07-22 00:00:00,2.144839295438707
2003-07-23 00:00:00,2.144839295438707
2003-07-24 00:00:00,2.144839295438707
2003-07-25 00:00:00,2.144839295438707
2003-07-28 00:00:00,2.144839295438707
2003-07-29 00:00:00,2.144839295438707
2003-07-30 00:00:00,2.144839295438707
2003-07-31 00:00:00,2.144839295438707
2003-08-01 00:00:00,2.144839295438707
2003-08-04 00:00:00,2.144839295438707
2003-08-05 00:00:00,2.144839295438707
2003-08-06 00:00:00,2.144839295438707
2003-08-07 00:00:00,2.144839295438707
2003-08-08 00:00:00,2.144839295438707
2003-08-11 00:00:00,2.144839295438707
2003-08-12 00:00:00,2.144839295438707
2003-08-13 00:00:00,2.144839295438707
2003-08-14 00:00:00,2.144839295438707
2003-08-15 00:00:00,2.144839295438707
2003-08-18 00:00:00,2.144839295438707
2003-08-19 00:00:00,2.144839295438707
2003-08-20 00:00:00,2.144839295438707
2003-08-21 00:00:00,2.161692097044343
2003-08-22 00:00:00,2.191625726817518
2003-08-25 00:00:00,2.187921743087552
2003-08-26 00:00:00,2.193964518268629
2003-08-27 00:00:00,2.184702600548991
2003-08-28 00:00:00,2.181175306753675
2003-08-29 00:00:00,2.1546180567586912
2003-09-02 00:00:00,2.172232327213347
2003-09-03 00:00:00,2.1650596483872873
2003-09-04 00:00:00,2.154834946331898
2003-09-05 00:00:00,2.1195886979342378
2003-09-08 00:00:00,2.11227508955849
2003-09-09 00:00:00,2.102695336097024
2003-09-10 00:00:00,2.1016352865240964
2003-09-11 00:00:00,2.0906133970104492
2003-09-12 00:00:00,2.0673974974945875
2003-09-15 00:00:00,2.0829044152774228
2003-09-16 00:00:00,2.09577372997253
2003-09-17 00:00:00,2.073086590471684
2003-09-18 00:00:00,2.0681464459968053
2003-09-19 00:00:00,2.0521875852167213
2003-09-22 00:00:00,2.023729581265526
2003-09-23 00:00:00,1.9916906272514425
2003-09-24 00:00:00,1.9916906272514425
2003-09-25 00:00:00,1.9916906272514425
2003-09-26 00:00:00,1.9916906272514425
2003-09-29 00:00:00,1.9916906272514425
2003-09-30 00:00:00,1.9916906272514425
2003-10-01 00:00:00,1.9916906272514425
2003-10-02 00:00:00,1.9916906272514425
2003-10-03 00:00:00,1.9916906272514425
2003-10-06 00:00:00,1.9916906272514425
2003-10-07 00:00:00,1.9916906272514425
2003-10-08 00:00:00,1.9916906272514425
2003-10-09 00:00:00,1.9916906272514425
2003-10-10 00:00:00,1.9916906272514425
2003-10-14 00:00:00,1.9916906272514425
2003-10-15 00:00:00,1.9916906272514425
2003-10-16 00:00:00,1.9916906272514425
2003-10-17 00:00:00,1.9916906272514425
2003-10-20 00:00:00,1.9916906272514425
2003-10-21 00:00:00,1.9916906272514425
2003-10-22 00:00:00,1.9916906272514425
2003-10-23 00:00:00,1.9916906272514425
2003-10-24 00:00:00,1.9916906272514425
2003-10-27 00:00:00,1.9916906272514425
2003-10-28 00:00:00,1.9916906272514425
2003-10-29 00:00:00,1.9916906272514425
2003-10-30 00:00:00,1.9916906272514425
2003-10-31 00:00:00,1.9916906272514425
2003-11-03 00:00:00,1.9916906272514425
2003-11-04 00:00:00,1.9916906272514425
2003-11-05 00:00:00,1.9916906272514425
2003-11-06 00:00:00,1.9916906272514425
2003-11-07 00:00:00,1.9916906272514425
2003-11-10 00:00:00,1.9916906272514425
2003-11-12 00:00:00,1.9916906272514425
2003-11-13 00:00:00,1.9916906272514425
2003-11-14 00:00:00,1.9916906272514425
2003-11-17 00:00:00,1.9916906272514425
2003-11-18 00:00:00,1.9916906272514425
2003-11-19 00:00:00,1.9916906272514425
2003-11-20 00:00:00,1.9916906272514425
2003-11-21 00:00:00,1.9916906272514425
2003-11-24 00:00:00,1.9916906272514425
2003-11-25 00:00:00,1.9916906272514425
2003-11-26 00:00:00,1.9916906272514425
2003-11-28 00:00:00,1.9916906272514425
2003-12-01 00:00:00,1.9916906272514425
2003-12-02 00:00:00,1.9916906272514425
2003-12-03 00:00:00,1.9916906272514425
2003-12-04 00:00:00,1.9916906272514425
2003-12-05 00:00:00,1.9916906272514425
2003-12-08 00:00:00,1.9916906272514425
2003-12-09 00:00:00,1.9916906272514425
2003-12-10 00:00:00,1.9916906272514425
2003-12-11 00:00:00,1.9916906272514425
2003-12-12 00:00:00,1.9916906272514425
2003-12-15 00:00:00,1.9916906272514425
2003-12-16 00:00:00,1.9916906272514425
2003-12-17 00:00:00,1.9916906272514425
2003-12-18 00:00:00,1.9916906272514425
2003-12-19 00:00:00,1.9916906272514425
2003-12-22 00:00:00,1.9916906272514425
2003-12-23 00:00:00,1.9916906272514425
2003-12-24 00:00:00,1.9916906272514425
2003-12-26 00:00:00,1.9916906272514425
2003-12-29 00:00:00,1.9916906272514425
2003-12-30 00:00:00,1.9916906272514425
2003-12-31 00:00:00,1.9916906272514425
2004-01-02 00:00:00,1.9916906272514425
2004-01-05 00:00:00,1.9916906272514425
2004-01-06 00:00:00,1.9916906272514425
2004-01-07 00:00:00,1.9916906272514425
2004-01-08 00:00:00,1.9916906272514425
2004-01-09 00:00:00,1.9916906272514425
2004-01-12 00:00:00,1.9916906272514425
2004-01-13 00:00:00,1.9916906272514425
2004-01-14 00:00:00,1.9916906272514425
2004-01-15 00:00:00,1.9916906272514425
2004-01-16 00:00:00,1.9916906272514425
2004-01-20 00:00:00,1.9916906272514425
2004-01-21 00:00:00,1.9916906272514425
2004-01-22 00:00:00,1.9916906272514425
2004-01-23 00:00:00,1.9916906272514425
2004-01-26 00:00:00,1.9916906272514425
2004-01-27 00:00:00,1.9916906272514425
2004-01-28 00:00:00,1.9916906272514425
2004-01-29 00:00:00,1.9916906272514425
2004-01-30 00:00:00,1.9916906272514425
2004-02-02 00:00:00,1.9916906272514425
2004-02-03 00:00:00,1.9916906272514425
2004-02-04 00:00:00,1.9916906272514425
2004-02-05 00:00:00,1.9916906272514425
2004-02-06 00:00:00,1.9916906272514425
2004-02-09 00:00:00,1.9916906272514425
2004-02-10 00:00:00,1.9916906272514425
2004-02-11 00:00:00,1.9916906272514425
2004-02-12 00:00:00,1.9916906272514425
2004-02-13 00:00:00,1.9916906272514425
2004-02-17 00:00:00,1.9916906272514425
2004-02-18 00:00:00,1.9916906272514425
2004-02-19 00:00:00,1.9916906272514425
2004-02-20 00:00:00,1.9916906272514425
2004-02-23 00:00:00,1.9916906272514425
2004-02-24 00:00:00,1.9916906272514425
2004-02-25 00:00:00,1.9916906272514425
2004-02-26 00:00:00,1.9916906272514425
2004-02-27 00:00:00,1.9916906272514425
2004-03-01 00:00:00,1.9916906272514425
2004-03-02 00:00:00,1.9916906272514425
2004-03-03 00:00:00,1.9916906272514425
2004-03-04 00:00:00,1.9916906272514425
2004-03-05 00:00:00,1.9916906272514425
2004-03-08 00:00:00,1.9916906272514425
2004-03-09 00:00:00,1.9916906272514425
2004-03-10 00:00:00,1.9916906272514425
2004-03-11 00:00:00,1.9916906272514425
2004-03-12 00:00:00,1.9916906272514425
2004-03-15 00:00:00,1.9916906272514425
2004-03-16 00:00:00,1.9916906272514425
2004-03-17 00:00:00,1.9916906272514425
2004-03-18 00:00:00,1.9916906272514425
2004-03-19 00:00:00,2.004387526150247
2004-03-22 00:00:00,1.9838399204729826
2004-03-23 00:00:00,1.9970586492528093
2004-03-24 00:00:00,2.0239865271590545
2004-03-25 00:00:00,2.0297817615444425
2004-03-26 00:00:00,2.039353414079111
2004-03-29 00:00:00,2.031216507177671
2004-03-30 00:00:00,2.0212064291247662
2004-03-31 00:00:00,2.0101816485921384
2004-04-01 00:00:00,1.987611135282174
2004-04-02 00:00:00,2.0270434725468576
2004-04-05 00:00:00,2.036635434188777
2004-04-06 00:00:00,2.027840830603976
2004-04-07 00:00:00,2.0043711579061467
2004-04-08 00:00:00,2.0179479422928273
2004-04-09 00:00:00,2.0166673749760484
2004-04-12 00:00:00,2.0235288239851736
2004-04-13 00:00:00,2.0431654498957394
2004-04-14 00:00:00,2.047204714580414
2004-04-15 00:00:00,2.051976306899747
2004-04-16 00:00:00,2.0345880612819327
2004-04-19 00:00:00,2.037268307661582
2004-04-20 00:00:00,2.0475001661587013
2004-04-21 00:00:00,2.0551356947413475
2004-04-22 00:00:00,2.049277200812531
2004-04-23 00:00:00,2.059378313126982
2004-04-26 00:00:00,2.0455350959581353
2004-04-27 00:00:00,2.030601226352231
2004-04-28 00:00:00,2.0488193408982203
2004-04-29 00:00:00,2.033048883423303
2004-04-30 00:00:00,2.031533313921406
2004-05-03 00:00:00,2.0358699248839898
2004-05-04 00:00:00,2.012644976348292
2004-05-05 00:00:00,1.9964197070236418
2004-05-06 00:00:00,2.0009164193528814
2004-05-07 00:00:00,2.0338882747029126
2004-05-10 00:00:00,2.058515664446663
2004-05-11 00:00:00,2.0633186063099496
2004-05-12 00:00:00,2.0426519539753154
2004-05-13 00:00:00,2.057527928994387
2004-05-14 00:00:00,2.0558007196855486
2004-05-17 00:00:00,2.032184296731802
2004-05-18 00:00:00,2.028245883956228
2004-05-19 00:00:00,2.0129436432105434
2004-05-20 00:00:00,2.020838569019305
2004-05-21 00:00:00,2.0072516524728545
2004-05-24 00:00:00,2.0180331065342467
2004-05-25 00:00:00,2.0057175144276096
2004-05-26 00:00:00,1.9981302277377442
2004-05-27 00:00:00,1.9701240795484143
2004-05-28 00:00:00,1.9810191665314407
2004-06-01 00:00:00,1.9791630948170256
2004-06-02 00:00:00,1.979343576846684
2004-06-03 00:00:00,1.9910884837506895
2004-06-04 00:00:00,1.9804542184844278
2004-06-07 00:00:00,1.9681643501774242
2004-06-08 00:00:00,1.9708103877287704
2004-06-09 00:00:00,2.0024809320816597
2004-06-10 00:00:00,2.0057636077513448
2004-06-11 00:00:00,2.024510323626219
2004-06-14 00:00:00,2.018492364927756
2004-06-15 00:00:00,2.0027557531913995
2004-06-16 00:00:00,2.0223739853464187
2004-06-17 00:00:00,2.018277686481792
2004-06-18 00:00:00,2.005337652211935
2004-06-21 00:00:00,2.003918324712709
2004-06-22 00:00:00,2.0119957634067887
2004-06-23 00:00:00,2.014080164041308
2004-06-24 00:00:00,1.9986006524823825
2004-06-25 00:00:00,2.002153873066882
2004-06-28 00:00:00,1.9896722795180988
2004-06-29 00:00:00,1.9983884810792414
2004-06-30 00:00:00,1.9963038320857478
2004-07-01 00:00:00,2.0016960131525714
2004-07-02 00:00:00,1.98043807286796
2004-07-06 00:00:00,1.9830179296498245
2004-07-07 00:00:00,1.9664920459829127
2004-07-08 00:00:00,1.9658358096822874
2004-07-09 00:00:00,1.9696695663064856
2004-07-12 00:00:00,1.9677722128893862
2004-07-13 00:00:00,1.9848137823761325
2004-07-14 00:00:00,1.972667286295567
2004-07-15 00:00:00,1.9693466445967551
2004-07-16 00:00:00,1.9591701836745996
2004-07-19 00:00:00,1.9612339546875102
2004-07-20 00:00:00,1.9719403945436489
2004-07-21 00:00:00,1.992727207175503
2004-07-22 00:00:00,1.9864015937497017
2004-07-23 00:00:00,2.0106422529394865
2004-07-26 00:00:00,2.009363068899502
2004-07-27 00:00:00,2.023262292593893
2004-07-28 00:00:00,2.027986431367707
2004-07-29 00:00:00,2.0274908446871684
2004-07-30 00:00:00,2.0339614164037294
2004-08-02 00:00:00,2.028404831984307
2004-08-03 00:00:00,2.0228176078089497
2004-08-04 00:00:00,2.0218093109557813
2004-08-05 00:00:00,2.0200326961949604
2004-08-06 00:00:00,1.9830191482424797
2004-08-09 00:00:00,1.9842322964486445
2004-08-10 00:00:00,1.9790634488758847
2004-08-11 00:00:00,1.9939042554145643
2004-08-12 00:00:00,1.9944463438722078
2004-08-13 00:00:00,1.976851427295873
2004-08-16 00:00:00,1.9810029705395868
2004-08-17 00:00:00,1.982217893392436
2004-08-18 00:00:00,1.9863455613349592
2004-08-19 00:00:00,1.9721092329056653
2004-08-20 00:00:00,1.9760118696230502
2004-08-23 00:00:00,1.992068627878374
2004-08-24 00:00:00,2.0047555033368263
2004-08-25 00:00:00,2.00619717567108
2004-08-26 00:00:00,2.0003647948381644
2004-08-27 00:00:00,2.0070043026765996
2004-08-30 00:00:00,2.0031029341143403
2004-08-31 00:00:00,1.9826661667834196
2004-09-01 00:00:00,1.9826843302432937
2004-09-02 00:00:00,1.985747645831202
2004-09-03 00:00:00,2.0038397835082047
2004-09-07 00:00:00,1.997214786874627
2004-09-08 00:00:00,1.9818285318985136
2004-09-09 00:00:00,1.9755923266167061
2004-09-10 00:00:00,1.9587863816987576
2004-09-13 00:00:00,1.9635465506436585
2004-09-14 00:00:00,1.962891627285529
2004-09-15 00:00:00,1.9898426800509348
2004-09-16 00:00:00,1.9842149897729329
2004-09-17 00:00:00,1.9754393584856687
2004-09-20 00:00:00,1.9697054683555342
2004-09-21 00:00:00,1.9516398852224488
2004-09-22 00:00:00,1.9524265360092126
2004-09-23 00:00:00,1.9407828891318606
2004-09-24 00:00:00,1.9518973236126298
2004-09-27 00:00:00,1.944824096998889
2004-09-28 00:00:00,1.9462205218610527
2004-09-29 00:00:00,1.944732613974504
2004-09-30 00:00:00,1.9249119095056848
2004-10-01 00:00:00,1.9208663067950043
2004-10-04 00:00:00,1.9501451747998164
2004-10-05 00:00:00,1.9390938666869155
2004-10-06 00:00:00,1.9407185037746373
2004-10-07 00:00:00,1.944045824103038
2004-10-08 00:00:00,1.9281411852238461
2004-10-12 00:00:00,1.9460135080475562
2004-10-13 00:00:00,1.9498682715753561
2004-10-14 00:00:00,1.938075480800602
2004-10-15 00:00:00,1.924047477503575
2004-10-18 00:00:00,1.91266400604142
2004-10-19 00:00:00,1.9145871299825017
2004-10-20 00:00:00,1.891718762323376
2004-10-21 00:00:00,1.8980582747749093
2004-10-22 00:00:00,1.8970242727718931
2004-10-25 00:00:00,1.8673128537594903
2004-10-26 00:00:00,1.86037362583852
2004-10-27 00:00:00,1.8649226013713454
2004-10-28 00:00:00,1.863592289474551
2004-10-29 00:00:00,1.8674759206696427
2004-11-01 00:00:00,1.8680410969384493
2004-11-02 00:00:00,1.879939308325978
2004-11-03 00:00:00,1.864350276478457
2004-11-04 00:00:00,1.8539907380052174
2004-11-05 00:00:00,1.8448596932600811
2004-11-08 00:00:00,1.8452280565533736
2004-11-09 00:00:00,1.8493590258126922
2004-11-10 00:00:00,1.8415844360399243
2004-11-12 00:00:00,1.8101986544010764
2004-11-15 00:00:00,1.8101986544010764
2004-11-16 00:00:00,1.8101986544010764
2004-11-17 00:00:00,1.8101986544010764
2004-11-18 00:00:00,1.8101986544010764
2004-11-19 00:00:00,1.8101986544010764
2004-11-22 00:00:00,1.8101986544010764
2004-11-23 00:00:00,1.8101986544010764
2004-11-24 00:00:00,1.8101986544010764
2004-11-26 00:00:00,1.8101986544010764
2004-11-29 00:00:00,1.8101986544010764
2004-11-30 00:00:00,1.8101986544010764
2004-12-01 00:00:00,1.8101986544010764
2004-12-02 00:00:00,1.8101986544010764
2004-12-03 00:00:00,1.8101986544010764
2004-12-06 00:00:00,1.8101986544010764
2004-12-07 00:00:00,1.8101986544010764
2004-12-08 00:00:00,1.8101986544010764
2004-12-09 00:00:00,1.8101986544010764
2004-12-10 00:00:00,1.8101986544010764
2004-12-13 00:00:00,1.8101986544010764
2004-12-14 00:00:00,1.8101986544010764
2004-12-15 00:00:00,1.8101986544010764
2004-12-16 00:00:00,1.8101986544010764
2004-12-17 00:00:00,1.8101986544010764
2004-12-20 00:00:00,1.8101986544010764
2004-12-21 00:00:00,1.8101986544010764
2004-12-22 00:00:00,1.8101986544010764
2004-12-23 00:00:00,1.8101986544010764
2004-12-24 00:00:00,1.8101986544010764
2004-12-27 00:00:00,1.8101986544010764
2004-12-28 00:00:00,1.8101986544010764
2004-12-29 00:00:00,1.8101986544010764
2004-12-30 00:00:00,1.8101986544010764
2004-12-31 00:00:00,1.8101986544010764
2005-01-03 00:00:00,1.8101986544010764
2005-01-04 00:00:00,1.8101986544010764
2005-01-05 00:00:00,1.8101986544010764
2005-01-06 00:00:00,1.8101986544010764
2005-01-07 00:00:00,1.8101986544010764
2005-01-10 00:00:00,1.8101986544010764
2005-01-11 00:00:00,1.8101986544010764
2005-01-12 00:00:00,1.8101986544010764
2005-01-13 00:00:00,1.8101986544010764
2005-01-14 00:00:00,1.8101986544010764
2005-01-18 00:00:00,1.8101986544010764
2005-01-19 00:00:00,1.8101986544010764
2005-01-20 00:00:00,1.8101986544010764
2005-01-21 00:00:00,1.8101986544010764
2005-01-24 00:00:00,1.8101986544010764
2005-01-25 00:00:00,1.8101986544010764
2005-01-26 00:00:00,1.8101986544010764
2005-01-27 00:00:00,1.8101986544010764
2005-01-28 00:00:00,1.8101986544010764
2005-01-31 00:00:00,1.8101986544010764
2005-02-01 00:00:00,1.8101986544010764
2005-02-02 00:00:00,1.8101986544010764
2005-02-03 00:00:00,1.8101986544010764
2005-02-04 00:00:00,1.8101986544010764
2005-02-07 00:00:00,1.8101986544010764
2005-02-08 00:00:00,1.8101986544010764
2005-02-09 00:00:00,1.8101986544010764
2005-02-10 00:00:00,1.8101986544010764
2005-02-11 00:00:00,1.8101986544010764
2005-02-14 00:00:00,1.8101986544010764
2005-02-15 00:00:00,1.8101986544010764
2005-02-16 00:00:00,1.8101986544010764
2005-02-17 00:00:00,1.8101986544010764
2005-02-18 00:00:00,1.8101986544010764
2005-02-22 00:00:00,1.8101986544010764
2005-02-23 00:00:00,1.8101986544010764
2005-02-24 00:00:00,1.8101986544010764
2005-02-25 00:00:00,1.8101986544010764
2005-02-28 00:00:00,1.8101986544010764
2005-03-01 00:00:00,1.8101986544010764
2005-03-02 00:00:00,1.8101986544010764
2005-03-03 00:00:00,1.8101986544010764
2005-03-04 00:00:00,1.8101986544010764
2005-03-07 00:00:00,1.8101986544010764
2005-03-08 00:00:00,1.8101986544010764
2005-03-09 00:00:00,1.8101986544010764
2005-03-10 00:00:00,1.8101986544010764
2005-03-11 00:00:00,1.8101986544010764
2005-03-14 00:00:00,1.8101986544010764
2005-03-15 00:00:00,1.8101986544010764
2005-03-16 00:00:00,1.8101986544010764
2005-03-17 00:00:00,1.8101986544010764
2005-03-18 00:00:00,1.8101986544010764
2005-03-21 00:00:00,1.8101986544010764
2005-03-22 00:00:00,1.8101986544010764
2005-03-23 00:00:00,1.8101986544010764
2005-03-24 00:00:00,1.8101986544010764
2005-03-25 00:00:00,1.8101986544010764
2005-03-28 00:00:00,1.8101986544010764
2005-03-29 00:00:00,1.8101986544010764
2005-03-30 00:00:00,1.8101986544010764
2005-03-31 00:00:00,1.8101986544010764
2005-04-01 00:00:00,1.8101986544010764
2005-04-04 00:00:00,1.819819654388393
2005-04-05 00:00:00,1.8187326911330512
2005-04-06 00:00:00,1.811209628421835
2005-04-07 00:00:00,1.8053411884207435
2005-04-08 00:00:00,1.8069498984838739
2005-04-11 00:00:00,1.7960038583168865
2005-04-12 00:00:00,1.8075587165414977
2005-04-13 00:00:00,1.8017723201662459
2005-04-14 00:00:00,1.8227578992421778
2005-04-15 00:00:00,1.8057654633762008
2005-04-18 00:00:00,1.7941646070923538
2005-04-19 00:00:00,1.79437111589684
2005-04-20 00:00:00,1.785662336852367
2005-04-21 00:00:00,1.7841468017863673
2005-04-22 00:00:00,1.7834670882606378
2005-04-25 00:00:00,1.7898836658679889
2005-04-26 00:00:00,1.7949370133747464
2005-04-27 00:00:00,1.7968723250771304
2005-04-28 00:00:00,1.8029358917136957
2005-04-29 00:00:00,1.8088815161938958
2005-05-02 00:00:00,1.8203297567641117
2005-05-03 00:00:00,1.8128868074715152
2005-05-04 00:00:00,1.8028782419155116
2005-05-05 00:00:00,1.8014932433071493
2005-05-06 00:00:00,1.8156587816777394
2005-05-09 00:00:00,1.8154033177365405
2005-05-10 00:00:00,1.8176687594786598
2005-05-11 00:00:00,1.8308087989712454
2005-05-12 00:00:00,1.8435108857276428
2005-05-13 00:00:00,1.8492556562525793
2005-05-16 00:00:00,1.8562158659208934
2005-05-17 00:00:00,1.848197040094318
2005-05-18 00:00:00,1.84338810725347
2005-05-19 00:00:00,1.8511440293456678
2005-05-20 00:00:00,1.8555105293705663
2005-05-23 00:00:00,1.8516624531602413
2005-05-24 00:00:00,1.8497895764538532
2005-05-25 00:00:00,1.8508005678984425
2005-05-26 00:00:00,1.8649456700752713
2005-05-27 00:00:00,1.8567962938268574
2005-05-31 00:00:00,1.8795791246959368
2005-06-01 00:00:00,1.8940441488169624
2005-06-02 00:00:00,1.887580384064864
2005-06-03 00:00:00,1.8927986015327811
2005-06-06 00:00:00,1.8874419475591304
2005-06-07 00:00:00,1.8852465003672112
2005-06-08 00:00:00,1.8890655123404414
2005-06-09 00:00:00,1.9066355437712275
2005-06-10 00:00:00,1.9228018529383395
2005-06-13 00:00:00,1.9462925262664426
2005-06-14 00:00:00,1.9439780242288784
2005-06-15 00:00:00,1.9353460086413763
2005-06-16 00:00:00,1.936205988512557
2005-06-17 00:00:00,1.9050351578663285
2005-06-20 00:00:00,1.9224002059453444
2005-06-21 00:00:00,1.9259156553257875
2005-06-22 00:00:00,1.9367746306707496
2005-06-23 00:00:00,1.9621936326058331
2005-06-24 00:00:00,1.9569619402773115
2005-06-27 00:00:00,1.9491172330996835
2005-06-28 00:00:00,1.9601191584411368
2005-06-29 00:00:00,1.9664518107204996
2005-06-30 00:00:00,1.964447404854433
2005-07-01 00:00:00,1.9892036106629576
2005-07-05 00:00:00,1.985049595964321
2005-07-06 00:00:00,1.9798390465578568
2005-07-07 00:00:00,1.9810405234664543
2005-07-08 00:00:00,1.9872890702208377
2005-07-11 00:00:00,1.9730933637153878
2005-07-12 00:00:00,1.946653871774457
2005-07-13 00:00:00,1.9542609570494374
2005-07-14 00:00:00,1.9579538605287916
2005-07-15 00:00:00,1.9645266987733279
2005-07-18 00:00:00,1.959170477234426
2005-07-19 00:00:00,1.9718836744623407
2005-07-20 00:00:00,1.9722815080587812
2005-07-21 00:00:00,1.9639627715693413
2005-07-22 00:00:00,1.9663254591880088
2005-07-25 00:00:00,1.9629096821828067
2005-07-26 00:00:00,1.9751408651353826
2005-07-27 00:00:00,1.969877746097447
2005-07-28 00:00:00,1.9518756078867672
2005-07-29 00:00:00,1.953653697806992
2005-08-01 00:00:00,1.94158583786792
2005-08-02 00:00:00,1.9347360576440715
2005-08-03 00:00:00,1.9197535200835136
2005-08-04 00:00:00,1.9035079401640658
2005-08-05 00:00:00,1.91156912172201
2005-08-08 00:00:00,1.9081813466619233
2005-08-09 00:00:00,1.910327816947997
2005-08-10 00:00:00,1.9094817738557242
2005-08-11 00:00:00,1.8894643161397113
2005-08-12 00:00:00,1.8920499455091964
2005-08-15 00:00:00,1.8984853940916815
2005-08-16 00:00:00,1.9056395230007177
2005-08-17 00:00:00,1.9156387813164188
2005-08-18 00:00:00,1.9291065549354782
2005-08-19 00:00:00,1.9414936353454426
2005-08-22 00:00:00,1.9278875952569265
2005-08-23 00:00:00,1.9271896454765418
2005-08-24 00:00:00,1.9221420936627758
2005-08-25 00:00:00,1.912130561903774
2005-08-26 00:00:00,1.9109284757455118
2005-08-29 00:00:00,1.9216086203516438
2005-08-30 00:00:00,1.9274832511083835
2005-08-31 00:00:00,1.9070660210734085
2005-09-01 00:00:00,1.8903639065847693
2005-09-02 00:00:00,1.8685690137945135
2005-09-06 00:00:00,1.8811782227174527
2005-09-07 00:00:00,1.8898221847894527
2005-09-08 00:00:00,1.8966712513403814
2005-09-09 00:00:00,1.8917930187355534
2005-09-12 00:00:00,1.9066979846691023
2005-09-13 00:00:00,1.9171073683496391
2005-09-14 00:00:00,1.9121878113468609
2005-09-15 00:00:00,1.923851079349067
2005-09-16 00:00:00,1.9261688855928019
2005-09-19 00:00:00,1.9330925760824127
2005-09-20 00:00:00,1.9294273005474354
2005-09-21 00:00:00,1.9249549108445287
2005-09-22 00:00:00,1.935370869259497
2005-09-23 00:00:00,1.9498953914281703
2005-09-26 00:00:00,1.9550707346299434
2005-09-27 00:00:00,1.9604655469660874
2005-09-28 00:00:00,1.959053574543846
2005-09-29 00:00:00,1.9497141345612314
2005-09-30 00:00:00,1.9421253852008844
2005-10-03 00:00:00,1.9590158884858233
2005-10-04 00:00:00,1.9582150781875296
2005-10-05 00:00:00,1.949340695380796
2005-10-06 00:00:00,1.932611745137045
2005-10-07 00:00:00,1.9363754289860415
2005-10-11 00:00:00,1.9497541292457474
2005-10-12 00:00:00,1.9478350598962706
2005-10-13 00:00:00,1.9739454777927032
2005-10-14 00:00:00,1.959470043682121
2005-10-17 00:00:00,1.968294251158596
2005-10-18 00:00:00,1.9796367677444562
2005-10-19 00:00:00,1.9731565404380351
2005-10-20 00:00:00,1.9800450956362756
2005-10-21 00:00:00,1.99091632466352
2005-10-24 00:00:00,1.9870753804913057
2005-10-25 00:00:00,1.9656247145139811
2005-10-26 00:00:00,1.969148675624517
2005-10-27 00:00:00,1.9642874425915946
2005-10-28 00:00:00,1.971930968335441
2005-10-31 00:00:00,1.9861072461179385
2005-11-01 00:00:00,1.9954995672414868
2005-11-02 00:00:00,1.9911774782428053
2005-11-03 00:00:00,2.0011878398423137
2005-11-04 00:00:00,2.018887798901573
2005-11-07 00:00:00,2.0234208923713943
2005-11-08 00:00:00,2.016213751594051
2005-11-09 00:00:00,2.027436543673812
2005-11-10 00:00:00,2.0340667155586356
2005-11-14 00:00:00,2.0354556173930947
2005-11-15 00:00:00,2.0402885968395954
2005-11-16 00:00:00,2.0428024263352653
2005-11-17 00:00:00,2.0363663688161826
2005-11-18 00:00:00,2.027932281515792
2005-11-21 00:00:00,2.0230671706986922
2005-11-22 00:00:00,2.0195976326058216
2005-11-23 00:00:00,2.005569661764062
2005-11-25 00:00:00,2.0082976417305662
2005-11-28 00:00:00,1.997366161445201
2005-11-29 00:00:00,2.0091366524790555
2005-11-30 00:00:00,2.0089733861259123
2005-12-01 00:00:00,2.0172950623476305
2005-12-02 00:00:00,2.004151482641347
2005-12-05 00:00:00,1.9954822141187598
2005-12-06 00:00:00,1.985238186985362
2005-12-07 00:00:00,1.9978593394812654
2005-12-08 00:00:00,1.988275851573378
2005-12-09 00:00:00,1.987057566687495
2005-12-12 00:00:00,1.9679599049942855
2005-12-13 00:00:00,1.9764436157163061
2005-12-14 00:00:00,1.9588840918718684
2005-12-15 00:00:00,1.9743441161250113
2005-12-16 00:00:00,1.9661105772530196
2005-12-19 00:00:00,1.960688088469988
2005-12-20 00:00:00,1.984949578501594
2005-12-21 00:00:00,1.987076312390125
2005-12-22 00:00:00,1.9849851657739785
2005-12-23 00:00:00,1.9887090494340347
2005-12-27 00:00:00,1.9866426896605165
2005-12-28 00:00:00,1.9766754538439035
2005-12-29 00:00:00,1.9821902437334684
2005-12-30 00:00:00,1.9794144618832366
2006-01-03 00:00:00,1.9528808177093977
2006-01-04 00:00:00,1.93468748529079
2006-01-05 00:00:00,1.9311907110942392
2006-01-06 00:00:00,1.9210003832468558
2006-01-09 00:00:00,1.932561875483905
2006-01-10 00:00:00,1.9402023421491743
2006-01-11 00:00:00,1.9278244500309227
2006-01-12 00:00:00,1.9352485588017914
2006-01-13 00:00:00,1.9278553816702237
2006-01-17 00:00:00,1.9307006282564563
2006-01-18 00:00:00,1.9317215123806157
2006-01-19 00:00:00,1.9316607137917656
2006-01-20 00:00:00,1.9258301055177658
2006-01-23 00:00:00,1.892246284921544
2006-01-24 00:00:00,1.8931380742345205
2006-01-25 00:00:00,1.8984229429296613
2006-01-26 00:00:00,1.8978017919800514
2006-01-27 00:00:00,1.907825154011597
2006-01-30 00:00:00,1.9144059965998421
2006-01-31 00:00:00,1.9060822927709915
2006-02-01 00:00:00,1.9161139094401776
2006-02-02 00:00:00,1.921076049702928
2006-02-03 00:00:00,1.9298891965277116
2006-02-06 00:00:00,1.9420684892749422
2006-02-07 00:00:00,1.9416233244384216
2006-02-08 00:00:00,1.941433985467805
2006-02-09 00:00:00,1.9363028416203922
2006-02-10 00:00:00,1.9453318724104331
2006-02-13 00:00:00,1.959116420424896
2006-02-14 00:00:00,1.9570485885500284
2006-02-15 00:00:00,1.9567981255881584
2006-02-16 00:00:00,1.9691097277480707
2006-02-17 00:00:00,1.9612212398570052
2006-02-21 00:00:00,1.9644802520840665
2006-02-22 00:00:00,1.9630077578229574
2006-02-23 00:00:00,1.9660105482817323
2006-02-24 00:00:00,1.9723515291617995
2006-02-27 00:00:00,1.9812827796190322
2006-02-28 00:00:00,1.970932483719739
2006-03-01 00:00:00,1.976987665896408
2006-03-02 00:00:00,1.9652836221598275
2006-03-03 00:00:00,1.9592649818740764
2006-03-06 00:00:00,1.961324223066394
2006-03-07 00:00:00,1.979603207335707
2006-03-08 00:00:00,1.9732811786753808
2006-03-09 00:00:00,1.9652389062119195
2006-03-10 00:00:00,1.9635420372501684
2006-03-13 00:00:00,1.957098032746126
2006-03-14 00:00:00,1.9449913735806894
2006-03-15 00:00:00,1.9426610373703799
2006-03-16 00:00:00,1.9235511067274287
2006-03-17 00:00:00,1.9129768291819433
2006-03-20 00:00:00,1.9175229371585822
2006-03-21 00:00:00,1.9359364001477244
2006-03-22 00:00:00,1.9325526388331595
2006-03-23 00:00:00,1.9457017315164498
2006-03-24 00:00:00,1.939274594932408
2006-03-27 00:00:00,1.9410640756238626
2006-03-28 00:00:00,1.936271540473871
2006-03-29 00:00:00,1.9527972873578243
2006-03-30 00:00:00,1.9341377774298738
2006-03-31 00:00:00,1.9371127111889326
2006-04-03 00:00:00,1.9354492394578209
2006-04-04 00:00:00,1.910693995637009
2006-04-05 00:00:00,1.905487348625696
2006-04-06 00:00:00,1.9078169818973327
2006-04-07 00:00:00,1.9249438302879587
2006-04-10 00:00:00,1.932702327729463
2006-04-11 00:00:00,1.9183919401061167
2006-04-12 00:00:00,1.9241987518332941
2006-04-13 00:00:00,1.921448695821702
2006-04-14 00:00:00,1.9205840077446994
2006-04-17 00:00:00,1.8952307000464914
2006-04-18 00:00:00,1.8962908847901505
2006-04-19 00:00:00,1.8829966234991533
2006-04-20 00:00:00,1.8846631219358427
2006-04-21 00:00:00,1.8899839579891695
2006-04-24 00:00:00,1.888188356464497
2006-04-25 00:00:00,1.8807607382028426
2006-04-26 00:00:00,1.8719137358875038
2006-04-27 00:00:00,1.8601369068563582
2006-04-28 00:00:00,1.843270210487831
2006-05-01 00:00:00,1.8439027631232197
2006-05-02 00:00:00,1.8513425625280306
2006-05-03 00:00:00,1.8442170572371812
2006-05-04 00:00:00,1.8394004889365712
2006-05-05 00:00:00,1.8326368147587064
2006-05-08 00:00:00,1.8338303374596572
2006-05-09 00:00:00,1.8287177618787493
2006-05-10 00:00:00,1.8253476897299863
2006-05-11 00:00:00,1.825001245116295
2006-05-12 00:00:00,1.8194253339275133
2006-05-15 00:00:00,1.8318202147096454
2006-05-16 00:00:00,1.8355560742883263
2006-05-17 00:00:00,1.8459258365168558
2006-05-18 00:00:00,1.8311713213825267
2006-05-19 00:00:00,1.834189672161042
2006-05-22 00:00:00,1.8193864090435259
2006-05-23 00:00:00,1.8169389253858754
2006-05-24 00:00:00,1.828201011348524
2006-05-25 00:00:00,1.8237184243005313
2006-05-26 00:00:00,1.8260845336944183
2006-05-30 00:00:00,1.8021072782428174
2006-05-31 00:00:00,1.8061670115088437
2006-06-01 00:00:00,1.8059640651556002
2006-06-02 00:00:00,1.787799698461254
2006-06-05 00:00:00,1.7750159999967492
2006-06-06 00:00:00,1.798426572389283
2006-06-07 00:00:00,1.8000410632576607
2006-06-08 00:00:00,1.8279325192028126
2006-06-09 00:00:00,1.824857977482523
2006-06-12 00:00:00,1.8334439527488373
2006-06-13 00:00:00,1.8416126161904587
2006-06-14 00:00:00,1.8345045016913177
2006-06-15 00:00:00,1.839028491445719
2006-06-16 00:00:00,1.8365657881834634
2006-06-19 00:00:00,1.8463775681890149
2006-06-20 00:00:00,1.834566611447101
2006-06-21 00:00:00,1.8174454397373947
2006-06-22 00:00:00,1.8341672749760627
2006-06-23 00:00:00,1.8418000622649484
2006-06-26 00:00:00,1.834317798816338
2006-06-27 00:00:00,1.836576803941461
2006-06-28 00:00:00,1.841274627495077
2006-06-29 00:00:00,1.8424024565559594
2006-06-30 00:00:00,1.8036804197242016
2006-07-03 00:00:00,1.7989643223859484
2006-07-05 00:00:00,1.8037443625417644
2006-07-06 00:00:00,1.7971139779074896
2006-07-07 00:00:00,1.7849243041896086
2006-07-10 00:00:00,1.7978767090264325
2006-07-11 00:00:00,1.7953312247547284
2006-07-12 00:00:00,1.8047311145320168
2006-07-13 00:00:00,1.8117809451254525
2006-07-14 00:00:00,1.8165604488782428
2006-07-17 00:00:00,1.840737117211807
2006-07-18 00:00:00,1.8506892221973295
2006-07-19 00:00:00,1.8372303196644022
2006-07-20 00:00:00,1.8237092055046598
2006-07-21 00:00:00,1.8205336874295737
2006-07-24 00:00:00,1.8313845720710116
2006-07-25 00:00:00,1.8358387937919185
2006-07-26 00:00:00,1.8297876174221959
2006-07-27 00:00:00,1.810520208245168
2006-07-28 00:00:00,1.8095340549984746
2006-07-31 00:00:00,1.8018964674609728
2006-08-01 00:00:00,1.800258234433149
2006-08-02 00:00:00,1.7929429264142416
2006-08-03 00:00:00,1.7994555735244195
2006-08-04 00:00:00,1.7824648884460566
2006-08-07 00:00:00,1.7824113602543177
2006-08-08 00:00:00,1.7859866513392306
2006-08-09 00:00:00,1.7772909765389653
2006-08-10 00:00:00,1.7986875378811529
2006-08-11 00:00:00,1.8013062248968446
2006-08-14 00:00:00,1.8075557590158926
2006-08-15 00:00:00,1.799465520249005
2006-08-16 00:00:00,1.7828439817664115
2006-08-17 00:00:00,1.782235408356657
2006-08-18 00:00:00,1.7946855426621153
2006-08-21 00:00:00,1.77727082298147
2006-08-22 00:00:00,1.7920105963934259
2006-08-23 00:00:00,1.7923306507689043
2006-08-24 00:00:00,1.7967543148412222
2006-08-25 00:00:00,1.8073307810493093
2006-08-28 00:00:00,1.8057298357988305
2006-08-29 00:00:00,1.803535730026831
2006-08-30 00:00:00,1.7978505862860386
2006-08-31 00:00:00,1.8064241308129736
2006-09-01 00:00:00,1.8121396850607019
2006-09-05 00:00:00,1.8104500545212157
2006-09-06 00:00:00,1.817471043828316
2006-09-07 00:00:00,1.8257554328670784
2006-09-08 00:00:00,1.8306272156809846
2006-09-11 00:00:00,1.8199398237372353
2006-09-12 00:00:00,1.8164007308634063
2006-09-13 00:00:00,1.813164488822179
2006-09-14 00:00:00,1.8050461281367383
2006-09-15 00:00:00,1.8149487207732617
2006-09-18 00:00:00,1.8080475956028161
2006-09-19 00:00:00,1.8069647801863682
2006-09-20 00:00:00,1.8100622374392317
2006-09-21 00:00:00,1.8127348509170513
2006-09-22 00:00:00,1.8044464659666368
2006-09-25 00:00:00,1.8186821613684192
2006-09-26 00:00:00,1.8254579177806682
2006-09-27 00:00:00,1.8191500180765185
2006-09-28 00:00:00,1.8160728703070028
2006-09-29 00:00:00,1.8213276782642651
2006-10-02 00:00:00,1.8236029219473542
2006-10-03 00:00:00,1.8240986982549579
2006-10-04 00:00:00,1.8299941504253217
2006-10-05 00:00:00,1.8195869337304347
2006-10-06 00:00:00,1.8306194097751385
2006-10-10 00:00:00,1.840053714735825
2006-10-11 00:00:00,1.835465684409182
2006-10-12 00:00:00,1.839327626428108
2006-10-13 00:00:00,1.8458403930339018
2006-10-16 00:00:00,1.840037653822013
2006-10-17 00:00:00,1.8329649108514694
2006-10-18 00:00:00,1.840558663355522
2006-10-19 00:00:00,1.8272131655322306
2006-10-20 00:00:00,1.8187152867419079
2006-10-23 00:00:00,1.8258825775193648
2006-10-24 00:00:00,1.8218983903471317
2006-10-25 00:00:00,1.8222263317076777
2006-10-26 00:00:00,1.811793034174375
2006-10-27 00:00:00,1.8021950455807367
2006-10-30 00:00:00,1.8015755816530443
2006-10-31 00:00:00,1.7943477616988344
2006-11-01 00:00:00,1.7927327866261167
2006-11-02 00:00:00,1.7900219518396616
2006-11-03 00:00:00,1.7936643527539995
2006-11-06 00:00:00,1.7900376211719737
2006-11-07 00:00:00,1.775576374176924
2006-11-08 00:00:00,1.7772386223266303
2006-11-09 00:00:00,1.7596743413633726
2006-11-10 00:00:00,1.7565327610476822
2006-11-13 00:00:00,1.7634920822902465
2006-11-14 00:00:00,1.7577932472692432
2006-11-15 00:00:00,1.7618757278557249
2006-11-16 00:00:00,1.7577138861210746
2006-11-17 00:00:00,1.7590244355775724
2006-11-20 00:00:00,1.7631254092951103
2006-11-21 00:00:00,1.7649634505341536
2006-11-22 00:00:00,1.744127353593888
2006-11-24 00:00:00,1.7155685209838043
2006-11-27 00:00:00,1.709466644574434
2006-11-28 00:00:00,1.711285038180687
2006-11-29 00:00:00,1.7153372058876002
2006-11-30 00:00:00,1.693438393458183
2006-12-01 00:00:00,1.6750500385729237
2006-12-04 00:00:00,1.6762096728114202
2006-12-05 00:00:00,1.6806968294378335
2006-12-06 00:00:00,1.6875767573424
2006-12-07 00:00:00,1.6823859256620624
2006-12-08 00:00:00,1.6981461605958217
2006-12-11 00:00:00,1.7005601517581541
2006-12-12 00:00:00,1.6882134703327192
2006-12-13 00:00:00,1.6964627273131705
2006-12-14 00:00:00,1.703113643875759
2006-12-15 00:00:00,1.7121209561076478
2006-12-18 00:00:00,1.7159484439772466
2006-12-19 00:00:00,1.6911483569965908
2006-12-20 00:00:00,1.6916235319922293
2006-12-21 00:00:00,1.6845453963677857
2006-12-22 00:00:00,1.6943061771565386
2006-12-26 00:00:00,1.7024671485265406
2006-12-27 00:00:00,1.7069023840456088
2006-12-28 00:00:00,1.7030761422534737
2006-12-29 00:00:00,1.69166084329551
2007-01-02 00:00:00,1.6770071871165275
2007-01-03 00:00:00,1.696865223983782
2007-01-04 00:00:00,1.718317571174557
2007-01-05 00:00:00,1.7290982505931982
2007-01-08 00:00:00,1.7350067396855446
2007-01-09 00:00:00,1.7417114508121843
2007-01-10 00:00:00,1.7496599392973557
2007-01-11 00:00:00,1.7569481455431415
2007-01-12 00:00:00,1.7439526573309065
2007-01-16 00:00:00,1.738289980489837
2007-01-17 00:00:00,1.7399119499328966
2007-01-18 00:00:00,1.746549923108102
2007-01-19 00:00:00,1.7409571190663802
2007-01-22 00:00:00,1.7444206306971113
2007-01-23 00:00:00,1.7264180932774635
2007-01-24 00:00:00,1.7317044796686352
2007-01-25 00:00:00,1.732785275074605
2007-01-26 00:00:00,1.7453030595587289
2007-01-29 00:00:00,1.7325245795397508
2007-01-30 00:00:00,1.726798515315823
2007-01-31 00:00:00,1.724918940027829
2007-02-01 00:00:00,1.7190407525652796
2007-02-02 00:00:00,1.7309498919495365
2007-02-05 00:00:00,1.7484601350375018
2007-02-06 00:00:00,1.7439257660713532
2007-02-07 00:00:00,1.733373832141041
2007-02-08 00:00:00,1.724294733595277
2007-02-09 00:00:00,1.732035501120613
2007-02-12 00:00:00,1.7439250752427862
2007-02-13 00:00:00,1.7414036120265743
2007-02-14 00:00:00,1.7223387999041433
2007-02-15 00:00:00,1.7410393604627181
2007-02-16 00:00:00,1.742729819930373
2007-02-20 00:00:00,1.7460230594674513
2007-02-21 00:00:00,1.7543957060705389
2007-02-22 00:00:00,1.7538812537399626
2007-02-23 00:00:00,1.7473144291651534
2007-02-26 00:00:00,1.7448559419605116
2007-02-27 00:00:00,1.7245835545591546
2007-02-28 00:00:00,1.7315757897732342
2007-03-01 00:00:00,1.745087713472109
2007-03-02 00:00:00,1.7425207074492457
2007-03-05 00:00:00,1.7592134214561506
2007-03-06 00:00:00,1.7477740423462944
2007-03-07 00:00:00,1.7428573988335572
2007-03-08 00:00:00,1.7514286826312964
2007-03-09 00:00:00,1.7554268632936345
2007-03-12 00:00:00,1.7435564960125072
2007-03-13 00:00:00,1.739296807880416
2007-03-14 00:00:00,1.7387501234751574
2007-03-15 00:00:00,1.7280369285976267
2007-03-16 00:00:00,1.7222507536931284
2007-03-19 00:00:00,1.7270644721239528
2007-03-20 00:00:00,1.727013174482697
2007-03-21 00:00:00,1.7265926741922422
2007-03-22 00:00:00,1.7204550605512416
2007-03-23 00:00:00,1.7256193637275683
2007-03-26 00:00:00,1.7245909148149436
2007-03-27 00:00:00,1.7242225916433962
2007-03-28 00:00:00,1.7326693455941786
2007-03-29 00:00:00,1.7272336793342673
2007-03-30 00:00:00,1.7255214725842098
2007-04-02 00:00:00,1.7312042405226182
2007-04-03 00:00:00,1.7305231619031767
2007-04-04 00:00:00,1.7189344722416888
2007-04-05 00:00:00,1.7047230652809793
2007-04-06 00:00:00,1.7121946144239117
2007-04-09 00:00:00,1.7146821460593145
2007-04-10 00:00:00,1.7025209053886934
2007-04-11 00:00:00,1.7030653222590153
2007-04-12 00:00:00,1.6949320720942123
2007-04-13 00:00:00,1.6949370015464982
2007-04-16 00:00:00,1.6742337430672012
2007-04-17 00:00:00,1.6709503830637038
2007-04-18 00:00:00,1.670063827268034
2007-04-19 00:00:00,1.6647732858795774
2007-04-20 00:00:00,1.6626993854985788
2007-04-23 00:00:00,1.6651553822906746
2007-04-24 00:00:00,1.6602915113010095
2007-04-25 00:00:00,1.649882686070655
2007-04-26 00:00:00,1.6551862007170421
2007-04-27 00:00:00,1.6488179950963413
2007-04-30 00:00:00,1.6445914919497289
2007-05-01 00:00:00,1.6487241868154718
2007-05-02 00:00:00,1.6477628663468433
2007-05-03 00:00:00,1.6542118330736146
2007-05-04 00:00:00,1.6590073654933088
2007-05-07 00:00:00,1.6535209448110215
2007-05-08 00:00:00,1.6695295350099433
2007-05-09 00:00:00,1.6721588459846126
2007-05-10 00:00:00,1.6782452916522603
2007-05-11 00:00:00,1.6811799712676843
2007-05-14 00:00:00,1.675127473860019
2007-05-15 00:00:00,1.6594930413165254
2007-05-16 00:00:00,1.6749471592679985
2007-05-17 00:00:00,1.682637421323729
2007-05-18 00:00:00,1.6774827289286653
2007-05-21 00:00:00,1.6863298532534285
2007-05-22 00:00:00,1.6774130164088574
2007-05-23 00:00:00,1.6781939820918492
2007-05-24 00:00:00,1.6831901263683757
2007-05-25 00:00:00,1.6811595417296479
2007-05-29 00:00:00,1.6929097009235523
2007-05-30 00:00:00,1.7089070167430231
2007-05-31 00:00:00,1.7038431620165455
2007-06-01 00:00:00,1.7064770067891597
2007-06-04 00:00:00,1.7028282977153602
2007-06-05 00:00:00,1.6949161346185309
2007-06-06 00:00:00,1.704340547264154
2007-06-07 00:00:00,1.7057123720519312
2007-06-08 00:00:00,1.7245046382851252
2007-06-11 00:00:00,1.7236121728396208
2007-06-12 00:00:00,1.7412663798388008
2007-06-13 00:00:00,1.7428112260689297
2007-06-14 00:00:00,1.7449181803752856
2007-06-15 00:00:00,1.7347702379749386
2007-06-18 00:00:00,1.7340169111654864
2007-06-19 00:00:00,1.7270280881410562
2007-06-20 00:00:00,1.6963727180255719
2007-06-21 00:00:00,1.698538592746227
2007-06-22 00:00:00,1.6913634791418741
2007-06-25 00:00:00,1.690633749428452
2007-06-26 00:00:00,1.6926227910613825
2007-06-27 00:00:00,1.6942819980842398
2007-06-28 00:00:00,1.684507216120438
2007-06-29 00:00:00,1.6816609208311886
2007-07-02 00:00:00,1.6671391048969288
2007-07-03 00:00:00,1.6598693751253395
2007-07-05 00:00:00,1.6517522018510626
2007-07-06 00:00:00,1.6494355407589028
2007-07-09 00:00:00,1.6536385624554246
2007-07-10 00:00:00,1.6378858323842747
2007-07-11 00:00:00,1.6295564815966392
2007-07-12 00:00:00,1.6231131520498037
2007-07-13 00:00:00,1.6205260832018447
2007-07-16 00:00:00,1.621562113036265
2007-07-17 00:00:00,1.6258013985316846
2007-07-18 00:00:00,1.6242129163208485
2007-07-19 00:00:00,1.6225054517175665
2007-07-20 00:00:00,1.6180148969974506
2007-07-23 00:00:00,1.6255888310126378
2007-07-24 00:00:00,1.6267633998067963
2007-07-25 00:00:00,1.6454382508631389
2007-07-26 00:00:00,1.6484617351148056
2007-07-27 00:00:00,1.6507391151195028
2007-07-30 00:00:00,1.6458663026957634
2007-07-31 00:00:00,1.6428552965767675
2007-08-01 00:00:00,1.6557917137709879
2007-08-02 00:00:00,1.648253753018015
2007-08-03 00:00:00,1.6377359391627797
2007-08-06 00:00:00,1.6367996393646664
2007-08-07 00:00:00,1.645839496121359
2007-08-08 00:00:00,1.6367064086438614
2007-08-09 00:00:00,1.653504856978044
2007-08-10 00:00:00,1.6589130333910491
2007-08-13 00:00:00,1.6772757564687224
2007-08-14 00:00:00,1.6838577801203332
2007-08-15 00:00:00,1.7064655737515533
2007-08-16 00:00:00,1.7191956955276178
2007-08-17 00:00:00,1.695968258556126
2007-08-20 00:00:00,1.7040726803943764
2007-08-21 00:00:00,1.7095336063901934
2007-08-22 00:00:00,1.6996889712999055
2007-08-23 00:00:00,1.6965215924645018
2007-08-24 00:00:00,1.683516856836489
2007-08-27 00:00:00,1.683521976776668
2007-08-28 00:00:00,1.6893747986891623
2007-08-29 00:00:00,1.6808274965429835
2007-08-30 00:00:00,1.684545983090111
2007-08-31 00:00:00,1.6871084600314488
2007-09-03 00:00:00,1.6870044256260235
2007-09-04 00:00:00,1.6902634805236387
2007-09-05 00:00:00,1.6824389378157454
2007-09-06 00:00:00,1.6693060253783125
2007-09-07 00:00:00,1.6602193964645828
2007-09-10 00:00:00,1.6574010842823537
2007-09-11 00:00:00,1.6473250658220606
2007-09-12 00:00:00,1.6263230567009042
2007-09-13 00:00:00,1.6255241942040468
2007-09-14 00:00:00,1.6340697111070677
2007-09-17 00:00:00,1.633247842123045
2007-09-18 00:00:00,1.6316777612057318
2007-09-19 00:00:00,1.6131896378492467
2007-09-20 00:00:00,1.5856703318594432
2007-09-21 00:00:00,1.5856703318594432
2007-09-24 00:00:00,1.5856703318594432
2007-09-25 00:00:00,1.5856703318594432
2007-09-26 00:00:00,1.5856703318594432
2007-09-27 00:00:00,1.5856703318594432
2007-09-28 00:00:00,1.5856703318594432
2007-10-01 00:00:00,1.5856703318594432
2007-10-02 00:00:00,1.5856703318594432
2007-10-03 00:00:00,1.5856703318594432
2007-10-04 00:00:00,1.5856703318594432
2007-10-05 00:00:00,1.5856703318594432
2007-10-08 00:00:00,1.5856703318594432
2007-10-09 00:00:00,1.5856703318594432
2007-10-10 00:00:00,1.5856703318594432
2007-10-11 00:00:00,1.5856703318594432
2007-10-12 00:00:00,1.5856703318594432
2007-10-15 00:00:00,1.5856703318594432
2007-10-16 00:00:00,1.5856703318594432
2007-10-17 00:00:00,1.5856703318594432
2007-10-18 00:00:00,1.5856703318594432
2007-10-19 00:00:00,1.5856703318594432
2007-10-22 00:00:00,1.5856703318594432
2007-10-23 00:00:00,1.5856703318594432
2007-10-24 00:00:00,1.5856703318594432
2007-10-25 00:00:00,1.5856703318594432
2007-10-26 00:00:00,1.5856703318594432
2007-10-29 00:00:00,1.5856703318594432
2007-10-30 00:00:00,1.5856703318594432
2007-10-31 00:00:00,1.5856703318594432
2007-11-01 00:00:00,1.5856703318594432
2007-11-02 00:00:00,1.5856703318594432
2007-11-05 00:00:00,1.5856703318594432
2007-11-06 00:00:00,1.5856703318594432
2007-11-07 00:00:00,1.5856703318594432
2007-11-08 00:00:00,1.5856703318594432
2007-11-09 00:00:00,1.5856703318594432
2007-11-13 00:00:00,1.5856703318594432
2007-11-14 00:00:00,1.5856703318594432
2007-11-15 00:00:00,1.5856703318594432
2007-11-16 00:00:00,1.5856703318594432
2007-11-19 00:00:00,1.5856703318594432
2007-11-20 00:00:00,1.5856703318594432
2007-11-21 00:00:00,1.5856703318594432
2007-11-22 00:00:00,1.5856703318594432
2007-11-23 00:00:00,1.5856703318594432
2007-11-26 00:00:00,1.5856703318594432
2007-11-27 00:00:00,1.5856703318594432
2007-11-28 00:00:00,1.5856703318594432
2007-11-29 00:00:00,1.5856703318594432
2007-11-30 00:00:00,1.5856703318594432
2007-12-03 00:00:00,1.5856703318594432
2007-12-04 00:00:00,1.5856703318594432
2007-12-05 00:00:00,1.5856703318594432
2007-12-06 00:00:00,1.5856703318594432
2007-12-07 00:00:00,1.5856703318594432
2007-12-10 00:00:00,1.5856703318594432
2007-12-11 00:00:00,1.5856703318594432
2007-12-12 00:00:00,1.5856703318594432
2007-12-13 00:00:00,1.5856703318594432
2007-12-14 00:00:00,1.5856703318594432
2007-12-17 00:00:00,1.5856703318594432
2007-12-18 00:00:00,1.5856703318594432
2007-12-19 00:00:00,1.5856703318594432
2007-12-20 00:00:00,1.5856703318594432
2007-12-21 00:00:00,1.5856703318594432
2007-12-24 00:00:00,1.5856703318594432
2007-12-26 00:00:00,1.5856703318594432
2007-12-27 00:00:00,1.5856703318594432
2007-12-28 00:00:00,1.5856703318594432
2007-12-31 00:00:00,1.5856703318594432
2008-01-02 00:00:00,1.5856703318594432
2008-01-03 00:00:00,1.5856703318594432
2008-01-04 00:00:00,1.5856703318594432
2008-01-07 00:00:00,1.5856703318594432
2008-01-08 00:00:00,1.5856703318594432
2008-01-09 00:00:00,1.5856703318594432
2008-01-10 00:00:00,1.5856703318594432
2008-01-11 00:00:00,1.5856703318594432
2008-01-14 00:00:00,1.5856703318594432
2008-01-15 00:00:00,1.5856703318594432
2008-01-16 00:00:00,1.5856703318594432
2008-01-17 00:00:00,1.5856703318594432
2008-01-18 00:00:00,1.5856703318594432
2008-01-22 00:00:00,1.5856703318594432
2008-01-23 00:00:00,1.5856703318594432
2008-01-24 00:00:00,1.5856703318594432
2008-01-25 00:00:00,1.5856703318594432
2008-01-28 00:00:00,1.5856703318594432
2008-01-29 00:00:00,1.5856703318594432
2008-01-30 00:00:00,1.5856703318594432
2008-01-31 00:00:00,1.5856703318594432
2008-02-01 00:00:00,1.5856703318594432
2008-02-04 00:00:00,1.5856703318594432
2008-02-05 00:00:00,1.5856703318594432
2008-02-06 00:00:00,1.5856703318594432
2008-02-07 00:00:00,1.5856703318594432
2008-02-08 00:00:00,1.5856703318594432
2008-02-11 00:00:00,1.5856703318594432
2008-02-12 00:00:00,1.5856703318594432
2008-02-13 00:00:00,1.5856703318594432
2008-02-14 00:00:00,1.5856703318594432
2008-02-15 00:00:00,1.5856703318594432
2008-02-19 00:00:00,1.5856703318594432
2008-02-20 00:00:00,1.5856703318594432
2008-02-21 00:00:00,1.5856703318594432
2008-02-22 00:00:00,1.5856703318594432
2008-02-25 00:00:00,1.5856703318594432
2008-02-26 00:00:00,1.5856703318594432
2008-02-27 00:00:00,1.5856703318594432
2008-02-28 00:00:00,1.5856703318594432
2008-02-29 00:00:00,1.5856703318594432
2008-03-03 00:00:00,1.5856703318594432
2008-03-04 00:00:00,1.5856703318594432
2008-03-05 00:00:00,1.5856703318594432
2008-03-06 00:00:00,1.5856703318594432
2008-03-07 00:00:00,1.5856703318594432
2008-03-10 00:00:00,1.5856703318594432
2008-03-11 00:00:00,1.5856703318594432
2008-03-12 00:00:00,1.5856703318594432
2008-03-13 00:00:00,1.5856703318594432
2008-03-14 00:00:00,1.5856703318594432
2008-03-17 00:00:00,1.5856703318594432
2008-03-18 00:00:00,1.5856703318594432
2008-03-19 00:00:00,1.5856703318594432
2008-03-20 00:00:00,1.5856703318594432
2008-03-21 00:00:00,1.5856703318594432
2008-03-24 00:00:00,1.5856703318594432
2008-03-25 00:00:00,1.5856703318594432
2008-03-26 00:00:00,1.5856703318594432
2008-03-27 00:00:00,1.5856703318594432
2008-03-28 00:00:00,1.5856703318594432
2008-03-31 00:00:00,1.5856703318594432
2008-04-01 00:00:00,1.5856703318594432
2008-04-02 00:00:00,1.5856703318594432
2008-04-03 00:00:00,1.5856703318594432
2008-04-04 00:00:00,1.5856703318594432
2008-04-07 00:00:00,1.5856703318594432
2008-04-08 00:00:00,1.5856703318594432
2008-04-09 00:00:00,1.5856703318594432
2008-04-10 00:00:00,1.5856703318594432
2008-04-11 00:00:00,1.5856703318594432
2008-04-14 00:00:00,1.5856703318594432
2008-04-15 00:00:00,1.5856703318594432
2008-04-16 00:00:00,1.5856703318594432
2008-04-17 00:00:00,1.5856703318594432
2008-04-18 00:00:00,1.5856703318594432
2008-04-21 00:00:00,1.5856703318594432
2008-04-22 00:00:00,1.5856703318594432
2008-04-23 00:00:00,1.5856703318594432
2008-04-24 00:00:00,1.5856703318594432
2008-04-25 00:00:00,1.5856703318594432
2008-04-28 00:00:00,1.5856703318594432
2008-04-29 00:00:00,1.5856703318594432
2008-04-30 00:00:00,1.5856703318594432
2008-05-01 00:00:00,1.5856703318594432
2008-05-02 00:00:00,1.5856703318594432
2008-05-05 00:00:00,1.5856703318594432
2008-05-06 00:00:00,1.5856703318594432
2008-05-07 00:00:00,1.5856703318594432
2008-05-08 00:00:00,1.5856703318594432
2008-05-09 00:00:00,1.5856703318594432
2008-05-12 00:00:00,1.5856703318594432
2008-05-13 00:00:00,1.5856703318594432
2008-05-14 00:00:00,1.5856703318594432
2008-05-15 00:00:00,1.5856703318594432
2008-05-16 00:00:00,1.5856703318594432
2008-05-19 00:00:00,1.5856703318594432
2008-05-20 00:00:00,1.5856703318594432
2008-05-21 00:00:00,1.5856703318594432
2008-05-22 00:00:00,1.5856703318594432
2008-05-23 00:00:00,1.5856703318594432
2008-05-27 00:00:00,1.5856703318594432
2008-05-28 00:00:00,1.5856703318594432
2008-05-29 00:00:00,1.5856703318594432
2008-05-30 00:00:00,1.5856703318594432
2008-06-02 00:00:00,1.5856703318594432
2008-06-03 00:00:00,1.5856703318594432
2008-06-04 00:00:00,1.5856703318594432
2008-06-05 00:00:00,1.5856703318594432
2008-06-06 00:00:00,1.5856703318594432
2008-06-09 00:00:00,1.5856703318594432
2008-06-10 00:00:00,1.5856703318594432
2008-06-11 00:00:00,1.5856703318594432
2008-06-12 00:00:00,1.5856703318594432
2008-06-13 00:00:00,1.5856703318594432
2008-06-16 00:00:00,1.5856703318594432
2008-06-17 00:00:00,1.5856703318594432
2008-06-18 00:00:00,1.5856703318594432
2008-06-19 00:00:00,1.5856703318594432
2008-06-20 00:00:00,1.5856703318594432
2008-06-23 00:00:00,1.5856703318594432
2008-06-24 00:00:00,1.5856703318594432
2008-06-25 00:00:00,1.5856703318594432
2008-06-26 00:00:00,1.5856703318594432
2008-06-27 00:00:00,1.5856703318594432
2008-06-30 00:00:00,1.5856703318594432
2008-07-01 00:00:00,1.5856703318594432
2008-07-02 00:00:00,1.5856703318594432
2008-07-03 00:00:00,1.5856703318594432
2008-07-07 00:00:00,1.5856703318594432
2008-07-08 00:00:00,1.5856703318594432
2008-07-09 00:00:00,1.5856703318594432
2008-07-10 00:00:00,1.5856703318594432
2008-07-11 00:00:00,1.5856703318594432
2008-07-14 00:00:00,1.5856703318594432
2008-07-15 00:00:00,1.5856703318594432
2008-07-16 00:00:00,1.5856703318594432
2008-07-17 00:00:00,1.5856703318594432
2008-07-18 00:00:00,1.5856703318594432
2008-07-21 00:00:00,1.5856703318594432
2008-07-22 00:00:00,1.5856703318594432
2008-07-23 00:00:00,1.5856703318594432
2008-07-24 00:00:00,1.5856703318594432
2008-07-25 00:00:00,1.5856703318594432
2008-07-28 00:00:00,1.5856703318594432
2008-07-29 00:00:00,1.5856703318594432
2008-07-30 00:00:00,1.5856703318594432
2008-07-31 00:00:00,1.5856703318594432
2008-08-01 00:00:00,1.5856703318594432
2008-08-04 00:00:00,1.5856703318594432
2008-08-05 00:00:00,1.5856703318594432
2008-08-06 00:00:00,1.5856703318594432
2008-08-07 00:00:00,1.5856703318594432
2008-08-08 00:00:00,1.5856703318594432
2008-08-11 00:00:00,1.5949482680013978
2008-08-12 00:00:00,1.5997872238777082
2008-08-13 00:00:00,1.5970972574240572
2008-08-14 00:00:00,1.6006769756233705
2008-08-15 00:00:00,1.6161504572910492
2008-08-18 00:00:00,1.6110857834533105
2008-08-19 00:00:00,1.61896632047337
2008-08-20 00:00:00,1.620964579895433
2008-08-21 00:00:00,1.5990495139979295
2008-08-22 00:00:00,1.604354098735294
2008-08-25 00:00:00,1.6053525152719559
2008-08-26 00:00:00,1.6216668738538884
2008-08-27 00:00:00,1.6255873588120584
2008-08-28 00:00:00,1.6286713833875048
2008-08-29 00:00:00,1.6330561077484635
2008-09-02 00:00:00,1.6487201187934808
2008-09-03 00:00:00,1.6563976161544876
2008-09-04 00:00:00,1.6677206127713213
2008-09-05 00:00:00,1.6761058959375246
2008-09-08 00:00:00,1.6937407501872659
2008-09-09 00:00:00,1.6945732312473543
2008-09-10 00:00:00,1.709879367150546
2008-09-11 00:00:00,1.7221219718021594
2008-09-12 00:00:00,1.6954637010076052
2008-09-15 00:00:00,1.7039457346715958
2008-09-16 00:00:00,1.7119855142717695
2008-09-17 00:00:00,1.7171940679779567
2008-09-18 00:00:00,1.687024287209096
2008-09-19 00:00:00,1.6788814209728982
2008-09-22 00:00:00,1.6487757150902238
2008-09-23 00:00:00,1.6549134955805147
2008-09-24 00:00:00,1.6687887846938874
2008-09-25 00:00:00,1.6663536555886838
2008-09-26 00:00:00,1.676517186830335
2008-09-29 00:00:00,1.7091249542299947
2008-09-30 00:00:00,1.7431048642715612
2008-10-01 00:00:00,1.7357556529039875
2008-10-02 00:00:00,1.7551060528303226
2008-10-03 00:00:00,1.760698867386552
2008-10-06 00:00:00,1.7958297799848524
2008-10-07 00:00:00,1.7958297799848524
2008-10-08 00:00:00,1.7958297799848524
2008-10-09 00:00:00,1.7958297799848524
2008-10-10 00:00:00,1.7958297799848524
2008-10-14 00:00:00,1.7958297799848524
2008-10-15 00:00:00,1.7958297799848524
2008-10-16 00:00:00,1.7958297799848524
2008-10-17 00:00:00,1.7958297799848524
2008-10-20 00:00:00,1.7958297799848524
2008-10-21 00:00:00,1.7958297799848524
2008-10-22 00:00:00,1.7958297799848524
2008-10-23 00:00:00,1.7958297799848524
2008-10-24 00:00:00,1.7958297799848524
2008-10-27 00:00:00,1.7958297799848524
2008-10-28 00:00:00,1.7958297799848524
2008-10-29 00:00:00,1.7958297799848524
2008-10-30 00:00:00,1.7958297799848524
2008-10-31 00:00:00,1.7958297799848524
2008-11-03 00:00:00,1.7958297799848524
2008-11-04 00:00:00,1.7958297799848524
2008-11-05 00:00:00,1.7958297799848524
2008-11-06 00:00:00,1.7958297799848524
2008-11-07 00:00:00,1.7958297799848524
2008-11-10 00:00:00,1.7958297799848524
2008-11-12 00:00:00,1.7958297799848524
2008-11-13 00:00:00,1.7958297799848524
2008-11-14 00:00:00,1.7958297799848524
2008-11-17 00:00:00,1.7958297799848524
2008-11-18 00:00:00,1.7958297799848524
2008-11-19 00:00:00,1.7958297799848524
2008-11-20 00:00:00,1.7958297799848524
2008-11-21 00:00:00,1.7958297799848524
2008-11-24 00:00:00,1.7958297799848524
2008-11-25 00:00:00,1.7958297799848524
2008-11-26 00:00:00,1.7958297799848524
2008-11-28 00:00:00,1.7958297799848524
2008-12-01 00:00:00,1.7958297799848524
2008-12-02 00:00:00,1.7958297799848524
2008-12-03 00:00:00,1.7958297799848524
2008-12-04 00:00:00,1.7958297799848524
2008-12-05 00:00:00,1.7958297799848524
2008-12-08 00:00:00,1.7958297799848524
2008-12-09 00:00:00,1.7958297799848524
2008-12-10 00:00:00,1.7958297799848524
2008-12-11 00:00:00,1.7958297799848524
2008-12-12 00:00:00,1.7958297799848524
2008-12-15 00:00:00,1.7958297799848524
2008-12-16 00:00:00,1.7958297799848524
2008-12-17 00:00:00,1.7958297799848524
2008-12-18 00:00:00,1.7958297799848524
2008-12-19 00:00:00,1.7958297799848524
2008-12-22 00:00:00,1.7958297799848524
2008-12-23 00:00:00,1.7958297799848524
2008-12-24 00:00:00,1.7958297799848524
2008-12-26 00:00:00,1.7958297799848524
2008-12-29 00:00:00,1.7958297799848524
2008-12-30 00:00:00,1.7958297799848524
2008-12-31 00:00:00,1.7958297799848524
2009-01-02 00:00:00,1.7958297799848524
2009-01-05 00:00:00,1.7958297799848524
2009-01-06 00:00:00,1.7958297799848524
2009-01-07 00:00:00,1.7958297799848524
2009-01-08 00:00:00,1.7958297799848524
2009-01-09 00:00:00,1.7958297799848524
2009-01-12 00:00:00,1.7958297799848524
2009-01-13 00:00:00,1.7958297799848524
2009-01-14 00:00:00,1.7958297799848524
2009-01-15 00:00:00,1.7958297799848524
2009-01-16 00:00:00,1.7958297799848524
2009-01-20 00:00:00,1.7958297799848524
2009-01-21 00:00:00,1.7958297799848524
2009-01-22 00:00:00,1.7958297799848524
2009-01-23 00:00:00,1.7958297799848524
2009-01-26 00:00:00,1.7958297799848524
2009-01-27 00:00:00,1.7958297799848524
2009-01-28 00:00:00,1.7958297799848524
2009-01-29 00:00:00,1.7958297799848524
2009-01-30 00:00:00,1.7958297799848524
2009-02-02 00:00:00,1.7958297799848524
2009-02-03 00:00:00,1.7958297799848524
2009-02-04 00:00:00,1.7958297799848524
2009-02-05 00:00:00,1.7958297799848524
2009-02-06 00:00:00,1.7958297799848524
2009-02-09 00:00:00,1.7958297799848524
2009-02-10 00:00:00,1.7958297799848524
2009-02-11 00:00:00,1.7958297799848524
2009-02-12 00:00:00,1.7958297799848524
2009-02-13 00:00:00,1.7958297799848524
2009-02-17 00:00:00,1.7958297799848524
2009-02-18 00:00:00,1.7958297799848524
2009-02-19 00:00:00,1.7958297799848524
2009-02-20 00:00:00,1.7958297799848524
2009-02-23 00:00:00,1.7958297799848524
2009-02-24 00:00:00,1.7958297799848524
2009-02-25 00:00:00,1.7958297799848524
2009-02-26 00:00:00,1.7958297799848524
2009-02-27 00:00:00,1.7958297799848524
2009-03-02 00:00:00,1.7958297799848524
2009-03-03 00:00:00,1.7958297799848524
2009-03-04 00:00:00,1.7958297799848524
2009-03-05 00:00:00,1.7958297799848524
2009-03-06 00:00:00,1.7958297799848524
2009-03-09 00:00:00,1.7958297799848524
2009-03-10 00:00:00,1.7958297799848524
2009-03-11 00:00:00,1.7958297799848524
2009-03-12 00:00:00,1.7958297799848524
2009-03-13 00:00:00,1.7958297799848524
2009-03-16 00:00:00,1.7958297799848524
2009-03-17 00:00:00,1.7958297799848524
2009-03-18 00:00:00,1.7958297799848524
2009-03-19 00:00:00,1.7958297799848524
2009-03-20 00:00:00,1.7958297799848524
2009-03-23 00:00:00,1.7958297799848524
2009-03-24 00:00:00,1.7958297799848524
2009-03-25 00:00:00,1.7958297799848524
2009-03-26 00:00:00,1.7958297799848524
2009-03-27 00:00:00,1.7958297799848524
2009-03-30 00:00:00,1.7958297799848524
2009-03-31 00:00:00,1.7958297799848524
2009-04-01 00:00:00,1.7958297799848524
2009-04-02 00:00:00,1.7958297799848524
2009-04-03 00:00:00,1.7958297799848524
2009-04-06 00:00:00,1.7958297799848524
2009-04-07 00:00:00,1.7958297799848524
2009-04-08 00:00:00,1.7958297799848524
2009-04-09 00:00:00,1.7958297799848524
2009-04-10 00:00:00,1.7958297799848524
2009-04-13 00:00:00,1.7958297799848524
2009-04-14 00:00:00,1.7958297799848524
2009-04-15 00:00:00,1.7958297799848524
2009-04-16 00:00:00,1.7958297799848524
2009-04-17 00:00:00,1.7958297799848524
2009-04-20 00:00:00,1.7958297799848524
2009-04-21 00:00:00,1.7958297799848524
2009-04-22 00:00:00,1.7958297799848524
2009-04-23 00:00:00,1.7958297799848524
2009-04-24 00:00:00,1.7958297799848524
2009-04-27 00:00:00,1.7958297799848524
2009-04-28 00:00:00,1.7958297799848524
2009-04-29 00:00:00,1.7958297799848524
2009-04-30 00:00:00,1.7958297799848524
2009-05-01 00:00:00,1.7958297799848524
2009-05-04 00:00:00,1.7958297799848524
2009-05-05 00:00:00,1.7958297799848524
2009-05-06 00:00:00,1.7958297799848524
2009-05-07 00:00:00,1.8129250568662922
2009-05-08 00:00:00,1.8330650311311951
2009-05-11 00:00:00,1.8288025111082646
2009-05-12 00:00:00,1.8188410026566166
2009-05-13 00:00:00,1.8068007988087251
2009-05-14 00:00:00,1.8118649892034786
2009-05-15 00:00:00,1.8098861803469468
2009-05-18 00:00:00,1.8239850959970751
2009-05-19 00:00:00,1.8426395224557734
2009-05-20 00:00:00,1.867308127998028
2009-05-21 00:00:00,1.866550489327573
2009-05-22 00:00:00,1.891916883962044
2009-05-26 00:00:00,1.8707687239122535
2009-05-27 00:00:00,1.8517538640781097
2009-05-28 00:00:00,1.840621592084372
2009-05-29 00:00:00,1.8577226455553046
2009-06-01 00:00:00,1.9073464092380055
2009-06-02 00:00:00,1.8817984281041176
2009-06-03 00:00:00,1.8508459216309296
2009-06-04 00:00:00,1.85299365168917
2009-06-05 00:00:00,1.827920752572558
2009-06-08 00:00:00,1.8112766927364177
2009-06-09 00:00:00,1.8400518046436094
2009-06-10 00:00:00,1.8442535186155764
2009-06-11 00:00:00,1.8513410335416511
2009-06-12 00:00:00,1.8528902617319818
2009-06-15 00:00:00,1.8033784621569042
2009-06-16 00:00:00,1.8159759673102573
2009-06-17 00:00:00,1.7949274013255905
2009-06-18 00:00:00,1.8093384997756903
2009-06-19 00:00:00,1.811315898515236
2009-06-22 00:00:00,1.7802568331782243
2009-06-23 00:00:00,1.79513850051952
2009-06-24 00:00:00,1.8122966925015982
2009-06-25 00:00:00,1.7927622202301199
2009-06-26 00:00:00,1.8239850959970751
2009-06-29 00:00:00,1.8357510953229084
2009-06-30 00:00:00,1.835973664951917
2009-07-01 00:00:00,1.871445713498361
2009-07-02 00:00:00,1.830086854579873
2009-07-03 00:00:00,1.8272200667152956
2009-07-06 00:00:00,1.8115511751365534
2009-07-07 00:00:00,1.802796631294851
2009-07-08 00:00:00,1.7826507998716525
2009-07-09 00:00:00,1.8124930013055982
2009-07-10 00:00:00,1.7909085183491344
2009-07-13 00:00:00,1.80235086030543
2009-07-14 00:00:00,1.805943781342775
2009-07-15 00:00:00,1.8278406422342086
2009-07-16 00:00:00,1.819752133458383
2009-07-17 00:00:00,1.815502777996099
2009-07-20 00:00:00,1.8285418875357118
2009-07-21 00:00:00,1.851402944365957
2009-07-22 00:00:00,1.8619360669642215
2009-07-23 00:00:00,1.8962487563847208
2009-07-24 00:00:00,1.8922643207903658
2009-07-27 00:00:00,1.898587545874097
2009-07-28 00:00:00,1.8981280000189595
2009-07-29 00:00:00,1.8831073173127248
2009-07-30 00:00:00,1.9024492128204729
2009-07-31 00:00:00,1.9467269301465993
2009-08-03 00:00:00,1.9768683757950183
2009-08-04 00:00:00,1.9619230971284294
2009-08-05 00:00:00,1.9619467246683238
2009-08-06 00:00:00,1.962963334297287
2009-08-07 00:00:00,1.9560603328514696
2009-08-10 00:00:00,1.937289899731117
2009-08-11 00:00:00,1.9201234950313797
2009-08-12 00:00:00,1.9517073933448874
2009-08-13 00:00:00,1.963839070977418
2009-08-14 00:00:00,1.9530623450892446
2009-08-17 00:00:00,1.9315965249934475
2009-08-18 00:00:00,1.9323032161109086
2009-08-19 00:00:00,1.9559430232691208
2009-08-20 00:00:00,1.9601057585256223
2009-08-21 00:00:00,1.9923496678647912
2009-08-24 00:00:00,1.9900022481705568
2009-08-25 00:00:00,1.9912240626250268
2009-08-26 00:00:00,1.9664479778764168
2009-08-27 00:00:00,1.9645497939422243
2009-08-28 00:00:00,1.9831678286933871
2009-08-31 00:00:00,1.97183342442043
2009-09-01 00:00:00,1.9398175046597137
2009-09-02 00:00:00,1.9466341185573328
2009-09-03 00:00:00,1.9458456352065576
2009-09-04 00:00:00,1.9542789892844936
2009-09-08 00:00:00,1.9898069190044734
2009-09-09 00:00:00,1.998197073007224
2009-09-10 00:00:00,1.9898557471317257
2009-09-11 00:00:00,1.9989122900159966
2009-09-14 00:00:00,1.9985176142513597
2009-09-15 00:00:00,2.003612896749557
2009-09-16 00:00:00,2.0271227203203557
2009-09-17 00:00:00,2.0331580015767403
2009-09-18 00:00:00,2.032439781946007
2009-09-21 00:00:00,2.0211033521074464
2009-09-22 00:00:00,2.048168333946794
2009-09-23 00:00:00,2.0380213553905016
2009-09-24 00:00:00,2.024120565315902
2009-09-25 00:00:00,2.0144969001961277
2009-09-28 00:00:00,2.0124645355076107
2009-09-29 00:00:00,1.9928150220203675
2009-09-30 00:00:00,2.004829312269637
2009-10-01 00:00:00,1.9885383613043377
2009-10-02 00:00:00,1.989440796511858
2009-10-05 00:00:00,1.9882702526198712
2009-10-06 00:00:00,2.016508838402787
2009-10-07 00:00:00,1.9907106889379154
2009-10-08 00:00:00,2.0093624292076857
2009-10-09 00:00:00,1.9954895580243244
2009-10-13 00:00:00,2.0056494944229746
2009-10-14 00:00:00,2.0186768604250895
2009-10-15 00:00:00,2.018348790500173
2009-10-16 00:00:00,2.00589818778358
2009-10-19 00:00:00,2.015703505828682
2009-10-20 00:00:00,2.007267277706922
2009-10-21 00:00:00,2.0420817551332533
2009-10-22 00:00:00,2.036474526013212
2009-10-23 00:00:00,2.0518561407292877
2009-10-26 00:00:00,2.043898149012968
2009-10-27 00:00:00,2.0097870637030146
2009-10-28 00:00:00,1.9882215145845916
2009-10-29 00:00:00,2.0027698565007572
2009-10-30 00:00:00,1.9862256357728565
2009-11-02 00:00:00,1.9993812019223614
2009-11-03 00:00:00,1.9657593944307163
2009-11-04 00:00:00,1.9903930398009884
2009-11-05 00:00:00,1.9966453653908403
2009-11-06 00:00:00,1.9972607883853564
2009-11-09 00:00:00,2.0366290870004247
2009-11-10 00:00:00,2.0378923493609102
2009-11-12 00:00:00,2.0259511659156293
2009-11-13 00:00:00,2.038692490713913
2009-11-16 00:00:00,2.050756044634729
2009-11-17 00:00:00,2.0248320112875056
2009-11-18 00:00:00,2.0447297427215707
2009-11-19 00:00:00,2.0253659750513133
2009-11-20 00:00:00,2.0151251321737584
2009-11-23 00:00:00,2.0286531889525787
2009-11-24 00:00:00,2.0118883082584977
2009-11-25 00:00:00,2.0299306199558758
2009-11-27 00:00:00,2.0061220728227216
2009-11-30 00:00:00,2.000665842950571
2009-12-01 00:00:00,2.0223444745967467
2009-12-02 00:00:00,2.030749151302243
2009-12-03 00:00:00,2.038563386614584
2009-12-04 00:00:00,2.0064206761644936
2009-12-07 00:00:00,1.987369046844433
2009-12-08 00:00:00,1.9713076738140747
2009-12-09 00:00:00,1.970066282496555
2009-12-10 00:00:00,1.9757389165706463
2009-12-11 00:00:00,1.9657119265464613
2009-12-14 00:00:00,1.9742273059894777
2009-12-15 00:00:00,1.9547005457743984
2009-12-16 00:00:00,1.9595401141011641
2009-12-17 00:00:00,1.9275276910457593
2009-12-18 00:00:00,1.9294573283255179
2009-12-21 00:00:00,1.9344955018579317
2009-12-22 00:00:00,1.920438174384125
2009-12-23 00:00:00,1.932417254919571
2009-12-24 00:00:00,1.9301621983369348
2009-12-28 00:00:00,1.9474233451313494
2009-12-29 00:00:00,1.950471156328051
2009-12-30 00:00:00,1.9574928269737468
2009-12-31 00:00:00,1.9616868580632822
2010-01-04 00:00:00,1.9831920540556451
2010-01-05 00:00:00,1.9762914436128467
2010-01-06 00:00:00,1.980507220000618
2010-01-07 00:00:00,1.9683504243392682
2010-01-08 00:00:00,1.9699231617436284
2010-01-11 00:00:00,1.992717031803363
2010-01-12 00:00:00,1.988635876141644
2010-01-13 00:00:00,1.987563821940514
2010-01-14 00:00:00,1.9933296538234881
2010-01-15 00:00:00,1.9837251856248088
2010-01-19 00:00:00,1.9761232452738584
2010-01-20 00:00:00,1.9531324882625265
2010-01-21 00:00:00,1.9466341185573328
2010-01-22 00:00:00,1.945428503375802
2010-01-25 00:00:00,1.941729782473856
2010-01-26 00:00:00,1.9260098466173399
2010-01-27 00:00:00,1.9287984761234092
2010-01-28 00:00:00,1.9278905735259715
2010-01-29 00:00:00,1.9086085477013703
2010-02-01 00:00:00,1.93303333529835
2010-02-02 00:00:00,1.9408306964180189
2010-02-03 00:00:00,1.9352275509282115
2010-02-04 00:00:00,1.9062629680814969
2010-02-05 00:00:00,1.8883642289064313
2010-02-08 00:00:00,1.9048941391243326
2010-02-09 00:00:00,1.921382933868824
2010-02-10 00:00:00,1.9243592410203068
2010-02-11 00:00:00,1.9341297189297895
2010-02-12 00:00:00,1.9376800289349538
2010-02-16 00:00:00,1.953787440269184
2010-02-17 00:00:00,1.949818784336598
2010-02-18 00:00:00,1.9463093589924219
2010-02-19 00:00:00,1.939518387957198
2010-02-22 00:00:00,1.9498886570776828
2010-02-23 00:00:00,1.9396564284863294
2010-02-24 00:00:00,1.949818784336598
2010-02-25 00:00:00,1.9390124348149864
2010-02-26 00:00:00,1.9741074517795305
2010-03-01 00:00:00,1.9500284200210052
2010-03-02 00:00:00,1.9546771204266409
2010-03-03 00:00:00,1.969374755624305
2010-03-04 00:00:00,1.9588806745352418
2010-03-05 00:00:00,1.9692555837779213
2010-03-08 00:00:00,1.9704241899637105
2010-03-09 00:00:00,1.9633655871877542
2010-03-10 00:00:00,1.9694701051518209
2010-03-11 00:00:00,1.9713554558838815
2010-03-12 00:00:00,1.984064624172768
2010-03-15 00:00:00,1.9669469568890756
2010-03-16 00:00:00,1.9836282279036839
2010-03-17 00:00:00,1.9810870105222296
2010-03-18 00:00:00,1.9641706673984523
2010-03-19 00:00:00,1.9605774186332539
2010-03-22 00:00:00,1.949725629734115
2010-03-23 00:00:00,1.9576573674403184
2010-03-24 00:00:00,1.9361893442978986
2010-03-25 00:00:00,1.9460310938920482
2010-03-26 00:00:00,1.9385527437792067
2010-03-29 00:00:00,1.938874500877915
2010-03-30 00:00:00,1.934266868663199
2010-03-31 00:00:00,1.9500517161086894
2010-04-01 00:00:00,1.9583864329901117
2010-04-02 00:00:00,1.9528052035259504
2010-04-05 00:00:00,1.9573988182719226
2010-04-06 00:00:00,1.9449189578441648
2010-04-07 00:00:00,1.9432766301194921
2010-04-08 00:00:00,1.9421219950401767
2010-04-09 00:00:00,1.948143582704407
2010-04-12 00:00:00,1.9536938444530694
2010-04-13 00:00:00,1.9587629717009905
2010-04-14 00:00:00,1.9701617097373656
2010-04-15 00:00:00,1.961521530014355
2010-04-16 00:00:00,1.9528285767808586
2010-04-19 00:00:00,1.9529922077691935
2010-04-20 00:00:00,1.9632709222317133
2010-04-21 00:00:00,1.9542555756728004
2010-04-22 00:00:00,1.9409228658074362
2010-04-23 00:00:00,1.9558961040123302
2010-04-26 00:00:00,1.958198226671287
2010-04-27 00:00:00,1.9353648819092706
2010-04-28 00:00:00,1.9182379390927817
2010-04-29 00:00:00,1.9384838119903476
2010-04-30 00:00:00,1.9423758778462676
2010-05-03 00:00:00,1.932097985726493
2010-05-04 00:00:00,1.908652868641963
2010-05-05 00:00:00,1.8859038674339577
2010-05-06 00:00:00,1.845338186708333
2010-05-07 00:00:00,1.8434767521822388
2010-05-10 00:00:00,1.8839667614391005
2010-05-11 00:00:00,1.866256046382706
2010-05-12 00:00:00,1.870895615801101
2010-05-13 00:00:00,1.8619360669642215
2010-05-14 00:00:00,1.832218716484862
2010-05-17 00:00:00,1.8208826335682948
2010-05-18 00:00:00,1.8325813103674058
2010-05-19 00:00:00,1.807561228937767
2010-05-20 00:00:00,1.7907558374296382
2010-05-21 00:00:00,1.8218955344925838
2010-05-24 00:00:00,1.8163902460300807
2010-05-25 00:00:00,1.7846547403033783
2010-05-26 00:00:00,1.7938919443494212
2010-05-27 00:00:00,1.8138292293974843
2010-05-28 00:00:00,1.8227306835029158
2010-06-01 00:00:00,1.8195143436933814
2010-06-02 00:00:00,1.8164297127418036
2010-06-03 00:00:00,1.8164691814707876
2010-06-04 00:00:00,1.7832740986757745
2010-06-07 00:00:00,1.7717233532024443
2010-06-08 00:00:00,1.7734745371981102
2010-06-09 00:00:00,1.7894402375268528
2010-06-10 00:00:00,1.8034172666078598
2010-06-11 00:00:00,1.7954648598680132
2010-06-14 00:00:00,1.818821207379145
2010-06-15 00:00:00,1.8312727374832773
2010-06-16 00:00:00,1.8241644634751422
2010-06-17 00:00:00,1.8319166836066503
2010-06-18 00:00:00,1.837533428184153
2010-06-21 00:00:00,1.846978259023769
2010-06-22 00:00:00,1.8325410138355138
2010-06-23 00:00:00,1.8290431641927656
2010-06-24 00:00:00,1.8241246004525626
2010-06-25 00:00:00,1.8335894004798403
2010-06-28 00:00:00,1.8353061460615996
2010-06-29 00:00:00,1.8216968220636565
2010-06-30 00:00:00,1.8311520567706066
2010-07-01 00:00:00,1.837594261152672
2010-07-02 00:00:00,1.8578890889729693
2010-07-06 00:00:00,1.8670555017873522
2010-07-07 00:00:00,1.8591593699550966
2010-07-08 00:00:00,1.8785248145784554
2010-07-09 00:00:00,1.8882993864453756
2010-07-12 00:00:00,1.8815626252099777
2010-07-13 00:00:00,1.9040122399491743
2010-07-14 00:00:00,1.9139442562207951
2010-07-15 00:00:00,1.9253989644962208
2010-07-16 00:00:00,1.9164685513501025
2010-07-19 00:00:00,1.9175655714456308
2010-07-20 00:00:00,1.91189479414993
2010-07-21 00:00:00,1.9126738775394716
2010-07-22 00:00:00,1.924743334280619
2010-07-23 00:00:00,1.9170952408001014
2010-07-26 00:00:00,1.931778839293847
2010-07-27 00:00:00,1.9277544739541579
2010-07-28 00:00:00,1.928934747392003
2010-07-29 00:00:00,1.9393573695546398
2010-07-30 00:00:00,1.9513573302140115
2010-08-02 00:00:00,1.974682905971217
2010-08-03 00:00:00,1.977710435766535
2010-08-04 00:00:00,1.964620899083565
2010-08-05 00:00:00,1.9655458099023777
2010-08-06 00:00:00,1.9790353548269073
2010-08-09 00:00:00,1.9753307572292762
2010-08-10 00:00:00,1.9520108994677237
2010-08-11 00:00:00,1.917005684492542
2010-08-12 00:00:00,1.911183136570314
2010-08-13 00:00:00,1.8973408109676277
2010-08-16 00:00:00,1.9145913446346565
2010-08-17 00:00:00,1.9249919603842514
2010-08-18 00:00:00,1.9191352844854084
2010-08-19 00:00:00,1.910272227504747
2010-08-20 00:00:00,1.8983905658487186
2010-08-23 00:00:00,1.904320796278089
2010-08-24 00:00:00,1.8945916411820758
2010-08-25 00:00:00,1.891114006728249
2010-08-26 00:00:00,1.9050485694846704
2010-08-27 00:00:00,1.917475963922276
2010-08-30 00:00:00,1.9073685352405079
2010-08-31 00:00:00,1.9122063386972181
2010-09-01 00:00:00,1.9346327119673357
2010-09-02 00:00:00,1.9379325629014714
2010-09-03 00:00:00,1.9433228487321144
2010-09-07 00:00:00,1.9246755401417253
2010-09-08 00:00:00,1.9334214723699614
2010-09-09 00:00:00,1.934084007381313
2010-09-10 00:00:00,1.9431379896183887
2010-09-13 00:00:00,1.9660917441362862
2010-09-14 00:00:00,1.987174315972075
2010-09-15 00:00:00,1.978529233793548
2010-09-16 00:00:00,1.9857638383255012
2010-09-17 00:00:00,1.9832889623645682
2010-09-20 00:00:00,2.000913108399459
2010-09-21 00:00:00,2.0068687740484483
2010-09-22 00:00:00,2.0336970510154417
2010-09-23 00:00:00,2.027046266891883
2010-09-24 00:00:00,2.0442358898388484
2010-09-27 00:00:00,2.0395708992972623
2010-09-28 00:00:00,2.058670251300359
2010-09-29 00:00:00,2.072107628871934
2010-09-30 00:00:00,2.0592778886884133
2010-10-01 00:00:00,2.072831757556752
2010-10-04 00:00:00,2.0566653410743183
2010-10-05 00:00:00,2.075491887972202
2010-10-06 00:00:00,2.0762187426233436
2010-10-07 00:00:00,2.087574018536967
2010-10-08 00:00:00,2.0832753288928707
2010-10-12 00:00:00,2.077054002311448
2010-10-13 00:00:00,2.093840741632215
2010-10-14 00:00:00,2.115036538704712
2010-10-15 00:00:00,2.0975278372233284
2010-10-18 00:00:00,2.0927430009905965
2010-10-19 00:00:00,2.062879339715859
2010-10-20 00:00:00,2.084660654004845
2010-10-21 00:00:00,2.0895943529675387
2010-10-22 00:00:00,2.0920575846308687
2010-10-25 00:00:00,2.1107188534391343
2010-10-26 00:00:00,2.0737444524869444
2010-10-27 00:00:00,2.058723072931325
2010-10-28 00:00:00,2.0707949558135037
2010-10-29 00:00:00,2.074684958277809
2010-11-01 00:00:00,2.0780519381314457
2010-11-02 00:00:00,2.091701372032623
2010-11-03 00:00:00,2.090113813160928
2010-11-04 00:00:00,2.127342866807222
2010-11-05 00:00:00,2.103558242347622
2010-11-08 00:00:00,2.077215754814897
2010-11-09 00:00:00,2.0778360747351945
2010-11-10 00:00:00,2.0615535908830216
2010-11-12 00:00:00,2.038873268159507
2010-11-15 00:00:00,2.0324654225595826
2010-11-16 00:00:00,2.0114376138904966
2010-11-17 00:00:00,2.0194091531035885
2010-11-18 00:00:00,2.0290106824505196
2010-11-19 00:00:00,2.031107498515705
2010-11-22 00:00:00,2.0256203578727883
2010-11-23 00:00:00,2.0022247971660687
2010-11-24 00:00:00,2.013091302548517
2010-11-26 00:00:00,1.9994305758847046
2010-11-29 00:00:00,1.9954649832098128
2010-11-30 00:00:00,1.995587864291231
2010-12-01 00:00:00,2.0069434795414174
2010-12-02 00:00:00,2.023079846541144
2010-12-03 00:00:00,2.0427559808157345
2010-12-06 00:00:00,2.0339024899932485
2010-12-07 00:00:00,2.0337997645152197
2010-12-08 00:00:00,2.025696687113871
2010-12-09 00:00:00,2.022369821967689
2010-12-10 00:00:00,2.0261038886512446
2010-12-13 00:00:00,2.0392349340657514
2010-12-14 00:00:00,2.049186835787516
2010-12-15 00:00:00,2.0457182746794143
2010-12-16 00:00:00,2.041511657385593
2010-12-17 00:00:00,2.0380213553905016
2010-12-20 00:00:00,2.0371702637662206
2010-12-21 00:00:00,2.042211374039695
2010-12-22 00:00:00,2.0326705743607993
2010-12-23 00:00:00,2.0357278627818625
2010-12-27 00:00:00,2.041252643429497
2010-12-28 00:00:00,2.0331323407842987
2010-12-29 00:00:00,2.0430154351748273
2010-12-30 00:00:00,2.0607326119273823
2011-01-03 00:00:00,2.0782408609429215
2011-01-04 00:00:00,2.0683622068732794
2011-01-05 00:00:00,2.058564617407702
2011-01-06 00:00:00,2.034416297130512
2011-01-07 00:00:00,2.0242729693997847
2011-01-10 00:00:00,2.0289596030422623
2011-01-11 00:00:00,2.0397260032621887
2011-01-12 00:00:00,2.057139781463725
2011-01-13 00:00:00,2.0785918224779816
2011-01-14 00:00:00,2.0780249523846015
2011-01-18 00:00:00,2.0873013448110025
2011-01-19 00:00:00,2.102476483804306
2011-01-20 00:00:00,2.0845519244733186
2011-01-21 00:00:00,2.1025873745847554
2011-01-24 00:00:00,2.110411221354439
2011-01-25 00:00:00,2.1181894319794
2011-01-26 00:00:00,2.13978578550593
2011-01-27 00:00:00,2.1456419700485476
2011-01-28 00:00:00,2.1456419700485476
2011-01-31 00:00:00,2.1456419700485476
2011-02-01 00:00:00,2.1456419700485476
2011-02-02 00:00:00,2.1456419700485476
2011-02-03 00:00:00,2.1456419700485476
2011-02-04 00:00:00,2.1456419700485476
2011-02-07 00:00:00,2.1456419700485476
2011-02-08 00:00:00,2.1456419700485476
2011-02-09 00:00:00,2.1456419700485476
2011-02-10 00:00:00,2.1456419700485476
2011-02-11 00:00:00,2.1456419700485476
2011-02-14 00:00:00,2.1456419700485476
2011-02-15 00:00:00,2.1456419700485476
2011-02-16 00:00:00,2.1456419700485476
2011-02-17 00:00:00,2.1456419700485476
2011-02-18 00:00:00,2.1456419700485476
2011-02-22 00:00:00,2.1456419700485476
2011-02-23 00:00:00,2.1456419700485476
2011-02-24 00:00:00,2.1456419700485476
2011-02-25 00:00:00,2.1456419700485476
2011-02-28 00:00:00,2.1456419700485476
2011-03-01 00:00:00,2.1456419700485476
2011-03-02 00:00:00,2.1456419700485476
2011-03-03 00:00:00,2.1456419700485476
2011-03-04 00:00:00,2.1456419700485476
2011-03-07 00:00:00,2.1456419700485476
2011-03-08 00:00:00,2.1456419700485476
2011-03-09 00:00:00,2.1456419700485476
2011-03-10 00:00:00,2.1456419700485476
2011-03-11 00:00:00,2.1456419700485476
2011-03-14 00:00:00,2.1456419700485476
2011-03-15 00:00:00,2.1456419700485476
2011-03-16 00:00:00,2.1456419700485476
2011-03-17 00:00:00,2.1456419700485476
2011-03-18 00:00:00,2.1456419700485476
2011-03-21 00:00:00,2.1456419700485476
2011-03-22 00:00:00,2.1456419700485476
2011-03-23 00:00:00,2.1456419700485476
2011-03-24 00:00:00,2.1456419700485476
2011-03-25 00:00:00,2.1456419700485476
2011-03-28 00:00:00,2.1456419700485476
2011-03-29 00:00:00,2.1456419700485476
2011-03-30 00:00:00,2.1456419700485476
2011-03-31 00:00:00,2.1456419700485476
2011-04-01 00:00:00,2.1456419700485476
2011-04-04 00:00:00,2.1456419700485476
2011-04-05 00:00:00,2.1456419700485476
2011-04-06 00:00:00,2.1456419700485476
2011-04-07 00:00:00,2.1456419700485476
2011-04-08 00:00:00,2.1456419700485476
2011-04-11 00:00:00,2.1456419700485476
2011-04-12 00:00:00,2.1456419700485476
2011-04-13 00:00:00,2.1456419700485476
2011-04-14 00:00:00,2.1456419700485476
2011-04-15 00:00:00,2.1456419700485476
2011-04-18 00:00:00,2.1456419700485476
2011-04-19 00:00:00,2.1456419700485476
2011-04-20 00:00:00,2.1456419700485476
2011-04-21 00:00:00,2.1456419700485476
2011-04-22 00:00:00,2.1456419700485476
2011-04-25 00:00:00,2.1456419700485476
2011-04-26 00:00:00,2.1456419700485476
2011-04-27 00:00:00,2.1456419700485476
2011-04-28 00:00:00,2.1456419700485476
2011-04-29 00:00:00,2.1456419700485476
2011-05-02 00:00:00,2.1456419700485476
2011-05-03 00:00:00,2.1456419700485476
2011-05-04 00:00:00,2.1456419700485476
2011-05-05 00:00:00,2.1456419700485476
2011-05-06 00:00:00,2.1456419700485476
2011-05-09 00:00:00,2.1456419700485476
2011-05-10 00:00:00,2.1456419700485476
2011-05-11 00:00:00,2.1456419700485476
2011-05-12 00:00:00,2.1456419700485476
2011-05-13 00:00:00,2.1456419700485476
2011-05-16 00:00:00,2.1456419700485476
2011-05-17 00:00:00,2.1456419700485476
2011-05-18 00:00:00,2.1456419700485476
2011-05-19 00:00:00,2.1456419700485476
2011-05-20 00:00:00,2.1456419700485476
2011-05-23 00:00:00,2.1456419700485476
2011-05-24 00:00:00,2.1456419700485476
2011-05-25 00:00:00,2.1456419700485476
2011-05-26 00:00:00,2.1456419700485476
2011-05-27 00:00:00,2.1456419700485476
2011-05-31 00:00:00,2.1456419700485476
2011-06-01 00:00:00,2.1456419700485476
2011-06-02 00:00:00,2.1456419700485476
2011-06-03 00:00:00,2.1456419700485476
2011-06-06 00:00:00,2.1456419700485476
2011-06-07 00:00:00,2.1456419700485476
2011-06-08 00:00:00,2.1456419700485476
2011-06-09 00:00:00,2.1456419700485476
2011-06-10 00:00:00,2.1456419700485476
2011-06-13 00:00:00,2.1456419700485476
2011-06-14 00:00:00,2.1456419700485476
2011-06-15 00:00:00,2.1456419700485476
2011-06-16 00:00:00,2.1456419700485476
2011-06-17 00:00:00,2.1456419700485476
2011-06-20 00:00:00,2.1456419700485476
2011-06-21 00:00:00,2.1456419700485476
2011-06-22 00:00:00,2.1456419700485476
2011-06-23 00:00:00,2.1456419700485476
2011-06-24 00:00:00,2.1456419700485476
2011-06-27 00:00:00,2.1456419700485476
2011-06-28 00:00:00,2.1456419700485476
2011-06-29 00:00:00,2.1165390141486573
2011-06-30 00:00:00,2.0991986962196476
2011-07-01 00:00:00,2.0892595123034683
2011-07-05 00:00:00,2.084459534203804
2011-07-06 00:00:00,2.112651506105814
2011-07-07 00:00:00,2.105742346022793
2011-07-08 00:00:00,2.128459302872328
2011-07-11 00:00:00,2.18082680831423
2011-07-12 00:00:00,2.181025561976111
2011-07-13 00:00:00,2.1538317768442137
2011-07-14 00:00:00,2.1625577013572674
2011-07-15 00:00:00,2.1615822739393904
2011-07-18 00:00:00,2.19628916024177
2011-07-19 00:00:00,2.1697936732143965
2011-07-20 00:00:00,2.1516284208326533
2011-07-21 00:00:00,2.103299185063283
2011-07-22 00:00:00,2.110312941049344
2011-07-25 00:00:00,2.1080568491592713
2011-07-26 00:00:00,2.081199438263757
2011-07-27 00:00:00,2.104499605779966
2011-07-28 00:00:00,2.1075836059896367
2011-07-29 00:00:00,2.090909389072963
2011-08-01 00:00:00,2.1134152719646377
2011-08-02 00:00:00,2.1103085637247267
2011-08-03 00:00:00,2.1115236466275205
2011-08-04 00:00:00,2.1637503810825485
2011-08-05 00:00:00,2.1700430080926942
2011-08-08 00:00:00,2.1497606604064567
2011-08-09 00:00:00,2.170964652709788
2011-08-10 00:00:00,2.1823573004622627
2011-08-11 00:00:00,2.1582224561066177
2011-08-12 00:00:00,2.1616703173630034
2011-08-15 00:00:00,2.1286650699138714
2011-08-16 00:00:00,2.125772524198059
2011-08-17 00:00:00,2.107749596968729
2011-08-18 00:00:00,2.1426347595485544
2011-08-19 00:00:00,2.1173927991370967
2011-08-22 00:00:00,2.1118737413131377
2011-08-23 00:00:00,2.103882196687325
2011-08-24 00:00:00,2.099682242161161
2011-08-25 00:00:00,2.10287667251362
2011-08-26 00:00:00,2.091654864677038
2011-08-29 00:00:00,2.0904503874737927
2011-08-30 00:00:00,2.110894191772841
2011-08-31 00:00:00,2.1006912490047585
2011-09-01 00:00:00,2.1183589945334407
2011-09-02 00:00:00,2.128017443571261
2011-09-06 00:00:00,2.144245699625727
2011-09-07 00:00:00,2.1219936883005137
2011-09-08 00:00:00,2.12640010055188
2011-09-09 00:00:00,2.1574286098059328
2011-09-12 00:00:00,2.2116806241284652
2011-09-13 00:00:00,2.2156251317548787
2011-09-14 00:00:00,2.229507339239918
2011-09-15 00:00:00,2.196141759637613
2011-09-16 00:00:00,2.2056656851475758
2011-09-19 00:00:00,2.228250401019114
2011-09-20 00:00:00,2.200339468956181
2011-09-21 00:00:00,2.214761283239892
2011-09-22 00:00:00,2.2843047529018197
2011-09-23 00:00:00,2.2748181754635626
2011-09-26 00:00:00,2.26780588318939
2011-09-27 00:00:00,2.23169411296297
2011-09-28 00:00:00,2.2374356641273065
2011-09-29 00:00:00,2.2422998344957525
2011-09-30 00:00:00,2.2572615527303044
2011-10-03 00:00:00,2.267512836122271
2011-10-04 00:00:00,2.2822467884917246
2011-10-05 00:00:00,2.274357399043428
2011-10-06 00:00:00,2.2629290639917445
2011-10-07 00:00:00,2.2344492010722545
2011-10-11 00:00:00,2.2117625083620536
2011-10-12 00:00:00,2.1926901710478317
2011-10-13 00:00:00,2.213097544276433
2011-10-14 00:00:00,2.190608710895301
2011-10-17 00:00:00,2.201164300353356
2011-10-18 00:00:00,2.2066358242185484
2011-10-19 00:00:00,2.1921052141113773
2011-10-20 00:00:00,2.211581900862602
2011-10-21 00:00:00,2.1791390832959743
2011-10-24 00:00:00,2.1709226675947613
2011-10-25 00:00:00,2.1732788506389804
2011-10-26 00:00:00,2.1763028458344302
2011-10-27 00:00:00,2.1079801301832104
2011-10-28 00:00:00,2.111303445659425
2011-10-31 00:00:00,2.1433693408361076
2011-11-01 00:00:00,2.1950961638145934
2011-11-02 00:00:00,2.1809322336025736
2011-11-03 00:00:00,2.180394037703508
2011-11-04 00:00:00,2.187713622942442
2011-11-07 00:00:00,2.1788058991571098
2011-11-08 00:00:00,2.1710803788578907
2011-11-09 00:00:00,2.205753267758159
2011-11-10 00:00:00,2.212024867482627
2011-11-14 00:00:00,2.218595431781064
2011-11-15 00:00:00,2.229360397892194
2011-11-16 00:00:00,2.241695383190187
2011-11-17 00:00:00,2.2388032689534434
2011-11-18 00:00:00,2.240727186353477
2011-11-21 00:00:00,2.2501532077954343
2011-11-22 00:00:00,2.253866179025913
2011-11-23 00:00:00,2.2806006178570914
2011-11-25 00:00:00,2.3054489852654005
2011-11-28 00:00:00,2.2895594652151234
2011-11-29 00:00:00,2.27181430478828
2011-11-30 00:00:00,2.233286245054638
2011-12-01 00:00:00,2.2350681997146555
2011-12-02 00:00:00,2.2359112828308176
2011-12-05 00:00:00,2.219908565844535
2011-12-06 00:00:00,2.230338136600955
2011-12-07 00:00:00,2.2281189953948846
2011-12-08 00:00:00,2.2453309195678863
2011-12-09 00:00:00,2.2270815239506647
2011-12-12 00:00:00,2.266235491726493
2011-12-13 00:00:00,2.287544211627795
2011-12-14 00:00:00,2.305000721198281
2011-12-15 00:00:00,2.2958850758924347
2011-12-16 00:00:00,2.2830683606560074
2011-12-19 00:00:00,2.2763923528867744
2011-12-20 00:00:00,2.262182180760153
2011-12-21 00:00:00,2.275334479979029
2011-12-22 00:00:00,2.265629482195067
2011-12-23 00:00:00,2.271021726675709
2011-12-27 00:00:00,2.260160492261631
2011-12-28 00:00:00,2.2788908987306162
2011-12-29 00:00:00,2.2744860103443494
2011-12-30 00:00:00,2.2658611907929154
2012-01-03 00:00:00,2.2472068387559827
2012-01-04 00:00:00,2.25919088267907
2012-01-05 00:00:00,2.282393896247127
2012-01-06 00:00:00,2.2822130844456665
2012-01-09 00:00:00,2.2782297626906938
2012-01-10 00:00:00,2.266085719471279
2012-01-11 00:00:00,2.284542019383387
2012-01-12 00:00:00,2.2789271413477974
2012-01-13 00:00:00,2.3048681023998174
2012-01-17 00:00:00,2.2788534867479395
2012-01-18 00:00:00,2.2617818924063973
2012-01-19 00:00:00,2.2312732511389233
2012-01-20 00:00:00,2.2360322128520593
2012-01-23 00:00:00,2.222745949026765
2012-01-24 00:00:00,2.232925359026523
2012-01-25 00:00:00,2.2471423809266384
2012-01-26 00:00:00,2.2281159168644438
2012-01-27 00:00:00,2.2276291208810592
2012-01-30 00:00:00,2.228414274072677
2012-01-31 00:00:00,2.2464112803563485
2012-02-01 00:00:00,2.223069821189562
2012-02-02 00:00:00,2.220388051233428
2012-02-03 00:00:00,2.2172412032784736
2012-02-06 00:00:00,2.213379643093863
2012-02-07 00:00:00,2.200095794255427
2012-02-08 00:00:00,2.1943922594040925
2012-02-09 00:00:00,2.1865508286711646
2012-02-10 00:00:00,2.2023652008085666
2012-02-13 00:00:00,2.1940535790279325
2012-02-14 00:00:00,2.2052150928986594
2012-02-15 00:00:00,2.211718019815453
2012-02-16 00:00:00,2.2198256128431875
2012-02-17 00:00:00,2.215273755508254
2012-02-21 00:00:00,2.192405007961802
2012-02-22 00:00:00,2.197462639555007
2012-02-23 00:00:00,2.192877768461247
2012-02-24 00:00:00,2.1639388438502647
2012-02-27 00:00:00,2.1736364819930953
2012-02-28 00:00:00,2.164655973335223
2012-02-29 00:00:00,2.1725935300462607
2012-03-01 00:00:00,2.183973846510466
2012-03-02 00:00:00,2.2020953403630843
2012-03-05 00:00:00,2.206699293456299
2012-03-06 00:00:00,2.23575107780629
2012-03-07 00:00:00,2.2367057919516267
2012-03-08 00:00:00,2.209899048909698
2012-03-09 00:00:00,2.2370874880304283
2012-03-12 00:00:00,2.241381358640978
2012-03-13 00:00:00,2.226891921223498
2012-03-14 00:00:00,2.2533895660200525
2012-03-15 00:00:00,2.240743356145533
2012-03-16 00:00:00,2.2222846041753352
2012-03-19 00:00:00,2.210417332106202
2012-03-20 00:00:00,2.221916652360733
2012-03-21 00:00:00,2.216379720116777
2012-03-22 00:00:00,2.2285024879742945
2012-03-23 00:00:00,2.2196339259235542
2012-03-26 00:00:00,2.20074150965303
2012-03-27 00:00:00,2.200339614747154
2012-03-28 00:00:00,2.1985742388260245
2012-03-29 00:00:00,2.2000310718946956
2012-03-30 00:00:00,2.180911421229283
2012-04-02 00:00:00,2.1760793944000616
2012-04-03 00:00:00,2.173038063277529
2012-04-04 00:00:00,2.2084159072345426
2012-04-05 00:00:00,2.2216192175569343
2012-04-06 00:00:00,2.2213140985829853
2012-04-09 00:00:00,2.227173379880693
2012-04-10 00:00:00,2.2390895568063103
2012-04-11 00:00:00,2.234071813793622
2012-04-12 00:00:00,2.219971991122333
2012-04-13 00:00:00,2.2316089825642016
2012-04-16 00:00:00,2.232414668162299
2012-04-17 00:00:00,2.2257403521246917
2012-04-18 00:00:00,2.2172927287377706
2012-04-19 00:00:00,2.2131190643336405
2012-04-20 00:00:00,2.2022908513324273
2012-04-23 00:00:00,2.2261511179261637
2012-04-24 00:00:00,2.215035125602112
2012-04-25 00:00:00,2.213449359990513
2012-04-26 00:00:00,2.2090180043823926
2012-04-27 00:00:00,2.208864073538813
2012-04-30 00:00:00,2.211920166496426
2012-05-01 00:00:00,2.209719125107614
2012-05-02 00:00:00,2.2175781596220188
2012-05-03 00:00:00,2.220999493261412
2012-05-04 00:00:00,2.2382087932639
2012-05-07 00:00:00,2.2388879519523024
2012-05-08 00:00:00,2.247991752689438
2012-05-09 00:00:00,2.2539732948217663
2012-05-10 00:00:00,2.270564438427887
2012-05-11 00:00:00,2.2746337205669596
2012-05-14 00:00:00,2.299160572897538
2012-05-15 00:00:00,2.326595631607221
2012-05-16 00:00:00,2.333025670695874
2012-05-17 00:00:00,2.3447846313311334
2012-05-18 00:00:00,2.3407346877797757
2012-05-21 00:00:00,2.325314075594815
2012-05-22 00:00:00,2.3218946943123697
2012-05-23 00:00:00,2.342022837295065
2012-05-24 00:00:00,2.3326365792083616
2012-05-25 00:00:00,2.3358259356725224
2012-05-29 00:00:00,2.3464771278180585
2012-05-30 00:00:00,2.352686936279692
2012-05-31 00:00:00,2.3612919574752427
2012-06-01 00:00:00,2.3569459127528503
2012-06-04 00:00:00,2.340143740029533
2012-06-05 00:00:00,2.349866699239584
2012-06-06 00:00:00,2.3414205739002387
2012-06-07 00:00:00,2.3289062915638885
2012-06-08 00:00:00,2.3305397513671022
2012-06-11 00:00:00,2.3160255720507847
2012-06-12 00:00:00,2.3146132956420185
2012-06-13 00:00:00,2.2948365527203345
2012-06-14 00:00:00,2.294545227233631
2012-06-15 00:00:00,2.2867468496127423
2012-06-18 00:00:00,2.2981835405690014
2012-06-19 00:00:00,2.2754884385017893
2012-06-20 00:00:00,2.2737656450770816
2012-06-21 00:00:00,2.286592222432384
2012-06-22 00:00:00,2.291899198259508
2012-06-25 00:00:00,2.311498083909283
2012-06-26 00:00:00,2.310026364194594
2012-06-27 00:00:00,2.306012512250552
2012-06-28 00:00:00,2.3053084291310575
2012-06-29 00:00:00,2.2615467937568114
2012-07-02 00:00:00,2.2633299050737348
2012-07-03 00:00:00,2.265339777596322
2012-07-05 00:00:00,2.2754154304921745
2012-07-06 00:00:00,2.2940668003821467
2012-07-09 00:00:00,2.289177829134752
2012-07-10 00:00:00,2.2795670286738017
2012-07-11 00:00:00,2.284735199597046
2012-07-12 00:00:00,2.2951662899807554
2012-07-13 00:00:00,2.294456478454916
2012-07-16 00:00:00,2.29687213370386
2012-07-17 00:00:00,2.2839879262295013
2012-07-18 00:00:00,2.2682159981464722
2012-07-19 00:00:00,2.2657958385368797
2012-07-20 00:00:00,2.2643494368974983
2012-07-23 00:00:00,2.275388229765286
2012-07-24 00:00:00,2.2787593976963123
2012-07-25 00:00:00,2.2788345874304667
2012-07-26 00:00:00,2.2477824795811965
2012-07-27 00:00:00,2.241498305453038
2012-07-30 00:00:00,2.22475987473349
2012-07-31 00:00:00,2.2220606678744126
2012-08-01 00:00:00,2.2138681155300595
2012-08-02 00:00:00,2.2321973954453953
2012-08-03 00:00:00,2.198916073869853
2012-08-06 00:00:00,2.196705420196122
2012-08-07 00:00:00,2.1957521355711744
2012-08-08 00:00:00,2.1900476238000404
2012-08-09 00:00:00,2.1955670123861846
2012-08-10 00:00:00,2.1810137600852895
2012-08-13 00:00:00,2.1930423535472623
2012-08-14 00:00:00,2.1915004262040485
2012-08-15 00:00:00,2.191037590469344
2012-08-16 00:00:00,2.1923333587216907
2012-08-17 00:00:00,2.191408196432467
2012-08-20 00:00:00,2.1840090292833647
2012-08-21 00:00:00,2.1794331292492175
2012-08-22 00:00:00,2.183202989184602
2012-08-23 00:00:00,2.1630228380433203
2012-08-24 00:00:00,2.15918502099992
2012-08-27 00:00:00,2.158011641863704
2012-08-28 00:00:00,2.162938085649291
2012-08-29 00:00:00,2.1800341535374472
2012-08-30 00:00:00,2.190329233509046
2012-08-31 00:00:00,2.1671205717343165
2012-09-04 00:00:00,2.19580506735982
2012-09-05 00:00:00,2.2003041280635594
2012-09-06 00:00:00,2.206180215331137
2012-09-07 00:00:00,2.1656173838515844
2012-09-10 00:00:00,2.164198660507069
2012-09-11 00:00:00,2.162715018843702
2012-09-12 00:00:00,2.1533390080015247
2012-09-13 00:00:00,2.1663233241120095
2012-09-14 00:00:00,2.143145057677701
2012-09-17 00:00:00,2.154756014505971
2012-09-18 00:00:00,2.148813983752049
2012-09-19 00:00:00,2.1284607959295903
2012-09-20 00:00:00,2.139358183499738
2012-09-21 00:00:00,2.1477064157735475
2012-09-24 00:00:00,2.151457891932062
2012-09-25 00:00:00,2.14070091969019
2012-09-26 00:00:00,2.160471830511304
2012-09-27 00:00:00,2.1408094071737844
2012-09-28 00:00:00,2.1480198218355206
2012-10-01 00:00:00,2.151160920620382
2012-10-02 00:00:00,2.155851664556853
2012-10-03 00:00:00,2.1848364030327727
2012-10-04 00:00:00,2.163937322718057
2012-10-05 00:00:00,2.1530615180062607
2012-10-09 00:00:00,2.188202337308881
2012-10-10 00:00:00,2.1875549654308153
2012-10-11 00:00:00,2.1879865305143893
2012-10-12 00:00:00,2.189064430143894
2012-10-15 00:00:00,2.177270479687513
2012-10-16 00:00:00,2.1626006897609926
2012-10-17 00:00:00,2.1543004075003878
2012-10-18 00:00:00,2.1411145592398513
2012-10-19 00:00:00,2.147414727037843
2012-10-22 00:00:00,2.153866831744538
2012-10-23 00:00:00,2.1726630610464643
2012-10-24 00:00:00,2.1881394910240495
2012-10-25 00:00:00,2.188939181400862
2012-10-26 00:00:00,2.188539054475564
2012-10-29 00:00:00,2.1791148263239117
2012-10-30 00:00:00,2.1631970220574557
2012-10-31 00:00:00,2.1674764685797365
2012-11-01 00:00:00,2.174608392233876
2012-11-02 00:00:00,2.1841627722842123
2012-11-05 00:00:00,2.183792441426665
2012-11-06 00:00:00,2.1833911626639773
2012-11-07 00:00:00,2.184070658761638
2012-11-08 00:00:00,2.1857359806368524
2012-11-09 00:00:00,2.1975596910684767
2012-11-13 00:00:00,2.210479446487207
2012-11-14 00:00:00,2.2110174570268755
2012-11-15 00:00:00,2.20350509717901
2012-11-16 00:00:00,2.2172709638223504
2012-11-19 00:00:00,2.198130223986183
2012-11-20 00:00:00,2.2073338763286747
2012-11-21 00:00:00,2.196940120856292
2012-11-23 00:00:00,2.1637107183709534
2012-11-26 00:00:00,2.1574385745207985
2012-11-27 00:00:00,2.1790662595852655
2012-11-28 00:00:00,2.1732597322724576
2012-11-29 00:00:00,2.1786028162882576
2012-11-30 00:00:00,2.1727016485392445
2012-12-03 00:00:00,2.161775447708823
2012-12-04 00:00:00,2.1540387752038406
2012-12-05 00:00:00,2.150421975801444
2012-12-06 00:00:00,2.1655520510098287
2012-12-07 00:00:00,2.1738902414916215
2012-12-10 00:00:00,2.182067364374054
2012-12-11 00:00:00,2.166028238237857
2012-12-12 00:00:00,2.172213434746974
2012-12-13 00:00:00,2.1739565729002224
2012-12-14 00:00:00,2.1752619323198483
2012-12-17 00:00:00,2.165660280623835
2012-12-18 00:00:00,2.1510921194347365
2012-12-19 00:00:00,2.13506524629464
2012-12-20 00:00:00,2.124378406039565
2012-12-21 00:00:00,2.130942465473448
2012-12-24 00:00:00,2.137914597590262
2012-12-26 00:00:00,2.1227376465565655
2012-12-27 00:00:00,2.1225817286160047
2012-12-28 00:00:00,2.1227192292804955
2012-12-31 00:00:00,2.1217806616593395
2013-01-02 00:00:00,2.114357466008398
2013-01-03 00:00:00,2.1210772197485444
2013-01-04 00:00:00,2.135797054305496
2013-01-07 00:00:00,2.121515745128666
2013-01-08 00:00:00,2.1346489456292055
2013-01-09 00:00:00,2.1370349923810434
2013-01-10 00:00:00,2.1206564584912715
2013-01-11 00:00:00,2.1072018784825777
2013-01-14 00:00:00,2.10021694484143
2013-01-15 00:00:00,2.115216677345238
2013-01-16 00:00:00,2.118334311664087
2013-01-17 00:00:00,2.115133973046014
2013-01-18 00:00:00,2.1284639191885057
2013-01-22 00:00:00,2.1219121509015784
2013-01-23 00:00:00,2.127796418827373
2013-01-24 00:00:00,2.1139520831736816
2013-01-25 00:00:00,2.104173918201734
2013-01-28 00:00:00,2.089553984984625
2013-01-29 00:00:00,2.0766730575437244
2013-01-30 00:00:00,2.0658709017634127
2013-01-31 00:00:00,2.0677001344550514
2013-02-01 00:00:00,2.0458343842086912
2013-02-04 00:00:00,2.056031303134506
2013-02-05 00:00:00,2.060567008469927
2013-02-06 00:00:00,2.068164745897174
2013-02-07 00:00:00,2.093154243320123
2013-02-08 00:00:00,2.09766471975174
2013-02-11 00:00:00,2.0790206449203983
2013-02-12 00:00:00,2.067432108378213
2013-02-13 00:00:00,2.0440096667133707
2013-02-14 00:00:00,2.0581185343027064
2013-02-15 00:00:00,2.054298781645204
2013-02-19 00:00:00,2.05116071133241
2013-02-20 00:00:00,2.0524245258472287
2013-02-21 00:00:00,2.084602009136853
2013-02-22 00:00:00,2.09459048869222
2013-02-25 00:00:00,2.092298816227409
2013-02-26 00:00:00,2.106933325667126
2013-02-27 00:00:00,2.098544161670341
2013-02-28 00:00:00,2.0985536068017088
2013-03-01 00:00:00,2.0988616435173397
2013-03-04 00:00:00,2.0926835781805724
2013-03-05 00:00:00,2.0780504872780137
2013-03-06 00:00:00,2.0839294327819036
2013-03-07 00:00:00,2.060591567797883
2013-03-08 00:00:00,2.0807195711516875
2013-03-11 00:00:00,2.0807985560305826
2013-03-12 00:00:00,2.069185651607567
2013-03-13 00:00:00,2.0878429597762795
2013-03-14 00:00:00,2.0974532206605017
2013-03-15 00:00:00,2.0787871477085993
2013-03-18 00:00:00,2.091450450611579
2013-03-19 00:00:00,2.099800859234545
2013-03-20 00:00:00,2.100703126948935
2013-03-21 00:00:00,2.105001674960157
2013-03-22 00:00:00,2.1072138809685166
2013-03-25 00:00:00,2.119796341004466
2013-03-26 00:00:00,2.1111975999208457
2013-03-27 00:00:00,2.1170467350090587
2013-03-28 00:00:00,2.112455408937474
2013-03-29 00:00:00,2.1209576575939324
2013-04-01 00:00:00,2.114787524720068
2013-04-02 00:00:00,2.10388344201072
2013-04-03 00:00:00,2.111112087034273
2013-04-04 00:00:00,2.1296631362991794
2013-04-05 00:00:00,2.0921900215407385
2013-04-08 00:00:00,2.08428306753603
2013-04-09 00:00:00,2.07425733133247
2013-04-10 00:00:00,2.0740663430780537
2013-04-11 00:00:00,2.057302598251535
2013-04-12 00:00:00,2.0647468421468864
2013-04-15 00:00:00,2.0699337604630936
2013-04-16 00:00:00,2.0700141686711597
2013-04-17 00:00:00,2.109551827989801
2013-04-18 00:00:00,2.1193933523665858
2013-04-19 00:00:00,2.119367271715534
2013-04-22 00:00:00,2.1195032008940364
2013-04-23 00:00:00,2.150380520506254
2013-04-24 00:00:00,2.1527708681137354
2013-04-25 00:00:00,2.146604557015374
2013-04-26 00:00:00,2.1327234230296215
2013-04-29 00:00:00,2.125057230144027
2013-04-30 00:00:00,2.1031284203108638
2013-05-01 00:00:00,2.100272407703422
2013-05-02 00:00:00,2.1186462959864567
2013-05-03 00:00:00,2.1069263213946043
2013-05-06 00:00:00,2.1208266806114717
2013-05-07 00:00:00,2.1156164387564433
2013-05-08 00:00:00,2.105933885326593
2013-05-09 00:00:00,2.1101604216065644
2013-05-10 00:00:00,2.146194646329319
2013-05-13 00:00:00,2.142343358001071
2013-05-14 00:00:00,2.1539590108930247
2013-05-15 00:00:00,2.164793509048929
2013-05-16 00:00:00,2.154494467911651
2013-05-17 00:00:00,2.171060151849475
2013-05-20 00:00:00,2.158087136147404
2013-05-21 00:00:00,2.147064534606401
2013-05-22 00:00:00,2.1497081676781433
2013-05-23 00:00:00,2.1518432645943046
2013-05-24 00:00:00,2.154942230671497
2013-05-28 00:00:00,2.167547127807101
2013-05-29 00:00:00,2.1543519544344902
2013-05-30 00:00:00,2.1266840965837686
2013-05-31 00:00:00,2.1456029712556006
2013-06-03 00:00:00,2.116186309363019
2013-06-04 00:00:00,2.128525363098101
2013-06-05 00:00:00,2.1368831092540415
2013-06-06 00:00:00,2.118469293262577
2013-06-07 00:00:00,2.1254629078893963
2013-06-10 00:00:00,2.134606130452524
2013-06-11 00:00:00,2.1324766839971434
2013-06-12 00:00:00,2.1010062024888763
2013-06-13 00:00:00,2.1077556295941955
2013-06-14 00:00:00,2.0850487164744402
2013-06-17 00:00:00,2.095633882340603
2013-06-18 00:00:00,2.0865998358222493
2013-06-19 00:00:00,2.0667034984536503
2013-06-20 00:00:00,2.1314859914933058
2013-06-21 00:00:00,2.168100645683891
2013-06-24 00:00:00,2.191492307955939
2013-06-25 00:00:00,2.178476669299901
2013-06-26 00:00:00,2.1733159241215185
2013-06-27 00:00:00,2.181878155644435
2013-06-28 00:00:00,2.1771317046090015
2013-07-01 00:00:00,2.156005482364744
2013-07-02 00:00:00,2.163322072095751
2013-07-03 00:00:00,2.1648037053127327
2013-07-05 00:00:00,2.202315991078417
2013-07-08 00:00:00,2.19104389448993
2013-07-09 00:00:00,2.196525210252177
2013-07-10 00:00:00,2.188631084705875
2013-07-11 00:00:00,2.1636935776880177
2013-07-12 00:00:00,2.158869609049867
2013-07-15 00:00:00,2.161624893701534
2013-07-16 00:00:00,2.132699730088694
2013-07-17 00:00:00,2.129457610867394
2013-07-18 00:00:00,2.134389725358753
2013-07-19 00:00:00,2.1151252842680983
2013-07-22 00:00:00,2.097906566262882
2013-07-23 00:00:00,2.0861985759687176
2013-07-24 00:00:00,2.100675674473145
2013-07-25 00:00:00,2.107761893428757
2013-07-26 00:00:00,2.09274176890533
2013-07-29 00:00:00,2.093014027415075
2013-07-30 00:00:00,2.115198416506422
2013-07-31 00:00:00,2.110482421182056
2013-08-01 00:00:00,2.134551283545387
2013-08-02 00:00:00,2.135662616747967
2013-08-05 00:00:00,2.129955985607991
2013-08-06 00:00:00,2.1212412194317807
2013-08-07 00:00:00,2.1083737995970293
2013-08-08 00:00:00,2.09298288412976
2013-08-09 00:00:00,2.102464219730505
2013-08-12 00:00:00,2.108425743089545
2013-08-13 00:00:00,2.1157387931622216
2013-08-14 00:00:00,2.101963742429146
2013-08-15 00:00:00,2.1118128591386
2013-08-16 00:00:00,2.1047805466362597
2013-08-19 00:00:00,2.0987833273976744
2013-08-20 00:00:00,2.092654751904342
2013-08-21 00:00:00,2.116833770898966
2013-08-22 00:00:00,2.104612672264946
2013-08-23 00:00:00,2.0949142333894355
2013-08-26 00:00:00,2.1044311100991
2013-08-27 00:00:00,2.0986323056428793
2013-08-28 00:00:00,2.1056798401048082
2013-08-29 00:00:00,2.12910321335298
2013-08-30 00:00:00,2.141390235861848
2013-09-03 00:00:00,2.1370834817291295
2013-09-04 00:00:00,2.129273169011288
2013-09-05 00:00:00,2.152322304617964
2013-09-06 00:00:00,2.1419323854409162
2013-09-09 00:00:00,2.1191423636047655
2013-09-10 00:00:00,2.1126223245389597
2013-09-11 00:00:00,2.1062903214440443
2013-09-12 00:00:00,2.102137778009614
2013-09-13 00:00:00,2.1181682988476354
2013-09-16 00:00:00,2.0948685093308
2013-09-17 00:00:00,2.0842063352908085
2013-09-18 00:00:00,2.083718892803264
2013-09-19 00:00:00,2.043835132180138
2013-09-20 00:00:00,2.050526255313306
2013-09-23 00:00:00,2.057208800828484
2013-09-24 00:00:00,2.0615540336613023
2013-09-25 00:00:00,2.06591449964398
2013-09-26 00:00:00,2.0716960752090876
2013-09-27 00:00:00,2.0686914660594407
2013-09-30 00:00:00,2.066049083031499
2013-10-01 00:00:00,2.048604325513107
2013-10-02 00:00:00,2.0541723829428253
2013-10-03 00:00:00,2.040160360438001
2013-10-04 00:00:00,2.067101560322755
2013-10-07 00:00:00,2.069292687448979
2013-10-08 00:00:00,2.069437393796468
2013-10-09 00:00:00,2.0866921181418747
2013-10-10 00:00:00,2.0925505603024632
2013-10-11 00:00:00,2.085522236274857
2013-10-15 00:00:00,2.0990667247276718
2013-10-16 00:00:00,2.097150732500852
2013-10-17 00:00:00,2.0644348139309256
2013-10-18 00:00:00,2.0651519509213285
2013-10-21 00:00:00,2.062235817603399
2013-10-22 00:00:00,2.0514810657000777
2013-10-23 00:00:00,2.0518680068539363
2013-10-24 00:00:00,2.0458109420564625
2013-10-25 00:00:00,2.0345861057230534
2013-10-28 00:00:00,2.038221783683849
2013-10-29 00:00:00,2.050898526316866
2013-10-30 00:00:00,2.049549661934484
2013-10-31 00:00:00,2.0832262036900837
2013-11-01 00:00:00,2.104733584662058
2013-11-04 00:00:00,2.093261687268997
2013-11-05 00:00:00,2.1016692988128494
2013-11-06 00:00:00,2.0902981555243283
2013-11-07 00:00:00,2.1024275282435387
2013-11-08 00:00:00,2.1231244196450043
2013-11-12 00:00:00,2.139545876502393
2013-11-13 00:00:00,2.14341678579567
2013-11-14 00:00:00,2.138705047121964
2013-11-15 00:00:00,2.1392072027099114
2013-11-18 00:00:00,2.123365152486643
2013-11-19 00:00:00,2.1301696254205282
2013-11-20 00:00:00,2.13237685799895
2013-11-21 00:00:00,2.1402447596466594
2013-11-22 00:00:00,2.1204251634090996
2013-11-25 00:00:00,2.1140479113998594
2013-11-26 00:00:00,2.1162901593270678
2013-11-27 00:00:00,2.116773361734951
2013-11-29 00:00:00,2.106420320754442
2013-12-02 00:00:00,2.106586987308036
2013-12-03 00:00:00,2.0922909229340454
2013-12-04 00:00:00,2.095264818773262
2013-12-05 00:00:00,2.087594619799785
2013-12-06 00:00:00,2.093030498284918
2013-12-09 00:00:00,2.1015152965261783
2013-12-10 00:00:00,2.100356221948739
2013-12-11 00:00:00,2.1023680570137313
2013-12-12 00:00:00,2.1209514001798
2013-12-13 00:00:00,2.1147146086594333
2013-12-16 00:00:00,2.1130253640318646
2013-12-17 00:00:00,2.111013440304066
2013-12-18 00:00:00,2.1017191746678487
2013-12-19 00:00:00,2.114572572725772
2013-12-20 00:00:00,2.1135550267803365
2013-12-23 00:00:00,2.1072792534492173
2013-12-24 00:00:00,2.1098200142792307
2013-12-26 00:00:00,2.103104493918307
2013-12-27 00:00:00,2.0923798924840473
2013-12-30 00:00:00,2.059602528879616
2013-12-31 00:00:00,2.063737139473564
2014-01-02 00:00:00,2.0853094146186453
2014-01-03 00:00:00,2.0939373645303765
2014-01-06 00:00:00,2.092414781688477
2014-01-07 00:00:00,2.09352812806203
2014-01-08 00:00:00,2.108229239222872
2014-01-09 00:00:00,2.1070149355663577
2014-01-10 00:00:00,2.0861094960790614
2014-01-13 00:00:00,2.089190002580036
2014-01-14 00:00:00,2.0661016128612197
2014-01-15 00:00:00,2.076003750987044
2014-01-16 00:00:00,2.0771682919861627
2014-01-17 00:00:00,2.0726135350286103
2014-01-21 00:00:00,2.082451640746815
2014-01-22 00:00:00,2.0792377106356854
2014-01-23 00:00:00,2.063258461513618
2014-01-24 00:00:00,2.0684022535614
2014-01-27 00:00:00,2.0630786699753743
2014-01-28 00:00:00,2.062554290986072
2014-01-29 00:00:00,2.0717834843315583
2014-01-30 00:00:00,2.094089016814163
2014-01-31 00:00:00,2.0992090954982365
2014-02-03 00:00:00,2.0993763208556055
2014-02-04 00:00:00,2.0940434985471508
2014-02-05 00:00:00,2.0958969967999903
2014-02-06 00:00:00,2.085231415276447
2014-02-07 00:00:00,2.083635580207973
2014-02-10 00:00:00,2.0795426803862664
2014-02-11 00:00:00,2.0629912856642214
2014-02-12 00:00:00,2.067397599554161
2014-02-13 00:00:00,2.072049578953827
2014-02-14 00:00:00,2.0686123527592053
2014-02-18 00:00:00,2.0791890260348187
2014-02-19 00:00:00,2.0820517482623555
2014-02-20 00:00:00,2.100926306235196
2014-02-21 00:00:00,2.097773255015914
2014-02-24 00:00:00,2.0812557461115033
2014-02-25 00:00:00,2.0813946467036244
2014-02-26 00:00:00,2.089628176083367
2014-02-27 00:00:00,2.08764984596199
2014-02-28 00:00:00,2.0539418557009297
2014-03-03 00:00:00,2.070031176787437
2014-03-04 00:00:00,2.0664258282467003
2014-03-05 00:00:00,2.0593711821086065
2014-03-06 00:00:00,2.0497111771075747
2014-03-07 00:00:00,2.0457020562808665
2014-03-10 00:00:00,2.044867650059951
2014-03-11 00:00:00,2.039242999955814
2014-03-12 00:00:00,2.0363585120337175
2014-03-13 00:00:00,2.033638065925153
2014-03-14 00:00:00,2.041219641130253
2014-03-17 00:00:00,2.0322618023350705
2014-03-18 00:00:00,2.0281583075780425
2014-03-19 00:00:00,2.03362370089831
2014-03-20 00:00:00,2.051845679226865
2014-03-21 00:00:00,2.061129402880319
2014-03-24 00:00:00,2.0577681162689148
2014-03-25 00:00:00,2.0573104360447902
2014-03-26 00:00:00,2.0672393586728974
2014-03-27 00:00:00,2.074741768217169
2014-03-28 00:00:00,2.0817980038721506
2014-03-31 00:00:00,2.072684429734531
2014-04-01 00:00:00,2.0650883301381446
2014-04-02 00:00:00,2.0754649048830407
2014-04-03 00:00:00,2.0954874990020698
2014-04-04 00:00:00,2.0969104829925955
2014-04-07 00:00:00,2.089389591827701
2014-04-08 00:00:00,2.0780557018580814
2014-04-09 00:00:00,2.082182878338677
2014-04-10 00:00:00,2.0873650859399393
2014-04-11 00:00:00,2.0871768354563365
2014-04-14 00:00:00,2.0966533595806975
2014-04-15 00:00:00,2.104415779925045
2014-04-16 00:00:00,2.1090401645197474
2014-04-17 00:00:00,2.1090122225747274
2014-04-18 00:00:00,2.1094609524518835
2014-04-21 00:00:00,2.118479528039391
2014-04-22 00:00:00,2.1055223414375464
2014-04-23 00:00:00,2.103005034712349
2014-04-24 00:00:00,2.1021464691470646
2014-04-25 00:00:00,2.106618022241469
2014-04-28 00:00:00,2.0932944632906114
2014-04-29 00:00:00,2.1004645857808093
2014-04-30 00:00:00,2.0797783193439714
2014-05-01 00:00:00,2.078479034861998
2014-05-02 00:00:00,2.08220544317999
2014-05-05 00:00:00,2.092484435219058
2014-05-06 00:00:00,2.0799051954421346
2014-05-07 00:00:00,2.0731046856362427
2014-05-08 00:00:00,2.0798217010895486
2014-05-09 00:00:00,2.096335569043623
2014-05-12 00:00:00,2.0991626416137468
2014-05-13 00:00:00,2.093355678096683
2014-05-14 00:00:00,2.092813710956061
2014-05-15 00:00:00,2.101894497356231
2014-05-16 00:00:00,2.0962969056779843
2014-05-19 00:00:00,2.103944325356649
2014-05-20 00:00:00,2.1026415182744613
2014-05-21 00:00:00,2.1022630053157094
2014-05-22 00:00:00,2.1059611919939365
2014-05-23 00:00:00,2.1236453986316715
2014-05-27 00:00:00,2.1161523104337183
2014-05-28 00:00:00,2.12261723168065
2014-05-29 00:00:00,2.1209603909165082
2014-05-30 00:00:00,2.134557904537717
2014-06-02 00:00:00,2.134001792615836
2014-06-03 00:00:00,2.1341876406170286
2014-06-04 00:00:00,2.1225321800263144
2014-06-05 00:00:00,2.131712990986854
2014-06-06 00:00:00,2.115889412794812
2014-06-09 00:00:00,2.132271483737095
2014-06-10 00:00:00,2.138012758225694
2014-06-11 00:00:00,2.1358252074413873
2014-06-12 00:00:00,2.134930597440794
2014-06-13 00:00:00,2.124104212617761
2014-06-16 00:00:00,2.1139537451805723
2014-06-17 00:00:00,2.1159378787513026
2014-06-18 00:00:00,2.125043185017668
2014-06-19 00:00:00,2.13468432825877
2014-06-20 00:00:00,2.1468286229143914
2014-06-23 00:00:00,2.1380411271235498
2014-06-24 00:00:00,2.1465819974005926
2014-06-25 00:00:00,2.1453300535477062
2014-06-26 00:00:00,2.148862658187972
2014-06-27 00:00:00,2.1475221536565425
2014-06-30 00:00:00,2.1325554170912904
2014-07-01 00:00:00,2.1343763548142625
2014-07-02 00:00:00,2.138591226111586
2014-07-03 00:00:00,2.171220232893876
2014-07-07 00:00:00,2.176346173465103
2014-07-08 00:00:00,2.174831644537138
2014-07-09 00:00:00,2.1656035966671205
2014-07-10 00:00:00,2.160176306728298
2014-07-11 00:00:00,2.1644300218178234
2014-07-14 00:00:00,2.1639775882324077
2014-07-15 00:00:00,2.1701488855491924
2014-07-16 00:00:00,2.172520650754972
2014-07-17 00:00:00,2.1724270043085987
2014-07-18 00:00:00,2.177954058761366
2014-07-21 00:00:00,2.18042345622671
2014-07-22 00:00:00,2.179122464890058
2014-07-23 00:00:00,2.1761966438462874
2014-07-24 00:00:00,2.1744472644699573
2014-07-25 00:00:00,2.1710342680233214
2014-07-28 00:00:00,2.173371817253378
2014-07-29 00:00:00,2.1795364450641728
2014-07-30 00:00:00,2.19059270596751
2014-07-31 00:00:00,2.1922721960550526
2014-08-01 00:00:00,2.183805601920287
2014-08-04 00:00:00,2.1910082579378547
2014-08-05 00:00:00,2.1925411830233097
2014-08-06 00:00:00,2.1963296417505407
2014-08-07 00:00:00,2.1933681949962116
2014-08-08 00:00:00,2.189642201970441
2014-08-11 00:00:00,2.1834464727944676
2014-08-12 00:00:00,2.1864807287799435
2014-08-13 00:00:00,2.186123862078445
2014-08-14 00:00:00,2.1786156893257647
2014-08-15 00:00:00,2.1728292617566893
2014-08-18 00:00:00,2.1791335054610577
2014-08-19 00:00:00,2.183204279302139
2014-08-20 00:00:00,2.1921423667674014
2014-08-21 00:00:00,2.188677907431957
2014-08-22 00:00:00,2.1966701571334712
2014-08-25 00:00:00,2.198133259155254
2014-08-26 00:00:00,2.2032702833616464
2014-08-27 00:00:00,2.204464881881083
2014-08-28 00:00:00,2.2107912520556026
2014-08-29 00:00:00,2.2125151978063045
2014-09-02 00:00:00,2.2229541890074485
2014-09-03 00:00:00,2.224458798426554
2014-09-04 00:00:00,2.2388666026160666
2014-09-05 00:00:00,2.2432094213888596
2014-09-08 00:00:00,2.2433061293439467
2014-09-09 00:00:00,2.250279251215751
2014-09-10 00:00:00,2.2460797597610815
2014-09-11 00:00:00,2.2512057994672325
2014-09-12 00:00:00,2.255082420417325
2014-09-15 00:00:00,2.248966666568589
2014-09-16 00:00:00,2.24832408483571
2014-09-17 00:00:00,2.252319947172169
2014-09-18 00:00:00,2.2456962041972806
2014-09-19 00:00:00,2.258097716871297
2014-09-22 00:00:00,2.261080455827967
2014-09-23 00:00:00,2.257120394780436
2014-09-24 00:00:00,2.265782805755893
2014-09-25 00:00:00,2.275986097397534
2014-09-26 00:00:00,2.2878368654588894
2014-09-29 00:00:00,2.2822199113959334
2014-09-30 00:00:00,2.2757488529180403
2014-10-01 00:00:00,2.277560777248516
2014-10-02 00:00:00,2.2685242155243532
2014-10-03 00:00:00,2.290099006462605
2014-10-06 00:00:00,2.2767140207041416
2014-10-07 00:00:00,2.2724216914055027
2014-10-08 00:00:00,2.276467395190343
2014-10-09 00:00:00,2.274779510058153
2014-10-10 00:00:00,2.276406227251116
2014-10-14 00:00:00,2.281961651940565
2014-10-15 00:00:00,2.2700737785679577
2014-10-16 00:00:00,2.2605199636055717
2014-10-17 00:00:00,2.267130690370625
2014-10-20 00:00:00,2.2666330124317833
2014-10-21 00:00:00,2.2784703201481604
2014-10-22 00:00:00,2.2871809905787384
2014-10-23 00:00:00,2.2843583381403523
2014-10-24 00:00:00,2.2845761412921575
2014-10-27 00:00:00,2.2933571148979275
2014-10-28 00:00:00,2.3029045059183386
2014-10-29 00:00:00,2.295291148902915
2014-10-30 00:00:00,2.3046623379854307
2014-10-31 00:00:00,2.3201448495114505
2014-11-03 00:00:00,2.3225176631364093
2014-11-04 00:00:00,2.3182810076583804
2014-11-05 00:00:00,2.3136704614058896
2014-11-06 00:00:00,2.32448650030767
2014-11-07 00:00:00,2.327522510002194
2014-11-10 00:00:00,2.327749571659614
2014-11-12 00:00:00,2.323739737010073
2014-11-13 00:00:00,2.3251478961255554
2014-11-14 00:00:00,2.3222862462020277
2014-11-17 00:00:00,2.3272312982668573
2014-11-18 00:00:00,2.309502006995854
2014-11-19 00:00:00,2.3157318280043726
2014-11-20 00:00:00,2.321742675188377
2014-11-21 00:00:00,2.3379799210240275
2014-11-24 00:00:00,2.3299866727360903
2014-11-25 00:00:00,2.327666745260786
2014-11-26 00:00:00,2.3169369972039195
2014-11-28 00:00:00,2.332280631493224
2014-12-01 00:00:00,2.321531023058384
2014-12-02 00:00:00,2.3463172928247813
2014-12-03 00:00:00,2.3502484944627104
2014-12-04 00:00:00,2.3353603900347477
2014-12-05 00:00:00,2.3540385435878717
2014-12-08 00:00:00,2.3572091732615985
2014-12-09 00:00:00,2.3470949603192324
2014-12-10 00:00:00,2.3479487937708203
2014-12-11 00:00:00,2.3556296054222727
2014-12-12 00:00:00,2.3502622394336483
2014-12-15 00:00:00,2.374594318523715
2014-12-16 00:00:00,2.3670454343449183
2014-12-17 00:00:00,2.377683604414285
2014-12-18 00:00:00,2.384523481259227
2014-12-19 00:00:00,2.39654990545062
2014-12-22 00:00:00,2.406742646473649
2014-12-23 00:00:00,2.406742646473649
2014-12-24 00:00:00,2.406742646473649
2014-12-29 00:00:00,2.406742646473649
2014-12-30 00:00:00,2.406742646473649
2014-12-31 00:00:00,2.406742646473649
2015-01-02 00:00:00,2.406742646473649
2015-01-05 00:00:00,2.406742646473649
2015-01-06 00:00:00,2.406742646473649
2015-01-07 00:00:00,2.406742646473649
2015-01-08 00:00:00,2.406742646473649
2015-01-09 00:00:00,2.406742646473649
2015-01-12 00:00:00,2.406742646473649
2015-01-13 00:00:00,2.406742646473649
2015-01-14 00:00:00,2.406742646473649
2015-01-15 00:00:00,2.406742646473649
2015-01-16 00:00:00,2.406742646473649
2015-01-20 00:00:00,2.406742646473649
2015-01-21 00:00:00,2.406742646473649
2015-01-22 00:00:00,2.406742646473649
2015-01-23 00:00:00,2.406742646473649
2015-01-26 00:00:00,2.406742646473649
2015-01-27 00:00:00,2.406742646473649
2015-01-28 00:00:00,2.406742646473649
2015-01-29 00:00:00,2.406742646473649
2015-01-30 00:00:00,2.406742646473649
2015-02-02 00:00:00,2.406742646473649
2015-02-03 00:00:00,2.406742646473649
2015-02-04 00:00:00,2.406742646473649
2015-02-05 00:00:00,2.406742646473649
2015-02-06 00:00:00,2.406742646473649
2015-02-09 00:00:00,2.406742646473649
2015-02-10 00:00:00,2.406742646473649
2015-02-11 00:00:00,2.406742646473649
2015-02-12 00:00:00,2.406742646473649
2015-02-13 00:00:00,2.406742646473649
2015-02-17 00:00:00,2.406742646473649
2015-02-18 00:00:00,2.406742646473649
2015-02-19 00:00:00,2.406742646473649
2015-02-20 00:00:00,2.406742646473649
2015-02-23 00:00:00,2.406742646473649
2015-02-24 00:00:00,2.406742646473649
2015-02-25 00:00:00,2.406742646473649
2015-02-26 00:00:00,2.406742646473649
2015-02-27 00:00:00,2.406742646473649
2015-03-02 00:00:00,2.406742646473649
2015-03-03 00:00:00,2.406742646473649
2015-03-04 00:00:00,2.406742646473649
2015-03-05 00:00:00,2.406742646473649
2015-03-06 00:00:00,2.406742646473649
2015-03-09 00:00:00,2.406742646473649
2015-03-10 00:00:00,2.406742646473649
2015-03-11 00:00:00,2.406742646473649
2015-03-12 00:00:00,2.406742646473649
2015-03-13 00:00:00,2.406742646473649
2015-03-16 00:00:00,2.406742646473649
2015-03-17 00:00:00,2.406742646473649
2015-03-18 00:00:00,2.406742646473649
2015-03-19 00:00:00,2.406742646473649
2015-03-20 00:00:00,2.406742646473649
2015-03-23 00:00:00,2.406742646473649
2015-03-24 00:00:00,2.406742646473649
2015-03-25 00:00:00,2.406742646473649
2015-03-26 00:00:00,2.406742646473649
2015-03-27 00:00:00,2.406742646473649
2015-03-30 00:00:00,2.406742646473649
2015-03-31 00:00:00,2.406742646473649
2015-04-01 00:00:00,2.406742646473649
2015-04-02 00:00:00,2.406742646473649
2015-04-03 00:00:00,2.406742646473649
2015-04-06 00:00:00,2.406742646473649
2015-04-07 00:00:00,2.406742646473649
2015-04-08 00:00:00,2.406742646473649
2015-04-09 00:00:00,2.406742646473649
2015-04-10 00:00:00,2.406742646473649
2015-04-13 00:00:00,2.406742646473649
2015-04-14 00:00:00,2.406742646473649
2015-04-15 00:00:00,2.406742646473649
2015-04-16 00:00:00,2.406742646473649
2015-04-17 00:00:00,2.406742646473649
2015-04-20 00:00:00,2.406742646473649
2015-04-21 00:00:00,2.406742646473649
2015-04-22 00:00:00,2.406742646473649
2015-04-23 00:00:00,2.406742646473649
2015-04-24 00:00:00,2.406742646473649
2015-04-27 00:00:00,2.406742646473649
2015-04-28 00:00:00,2.406742646473649
2015-04-29 00:00:00,2.406742646473649
2015-04-30 00:00:00,2.406742646473649
2015-05-01 00:00:00,2.406742646473649
2015-05-04 00:00:00,2.406742646473649
2015-05-05 00:00:00,2.406742646473649
2015-05-06 00:00:00,2.406742646473649
2015-05-07 00:00:00,2.406742646473649
2015-05-08 00:00:00,2.406742646473649
2015-05-11 00:00:00,2.406742646473649
2015-05-12 00:00:00,2.406742646473649
2015-05-13 00:00:00,2.406742646473649
2015-05-14 00:00:00,2.406742646473649
2015-05-15 00:00:00,2.406742646473649
2015-05-18 00:00:00,2.406742646473649
2015-05-19 00:00:00,2.406742646473649
2015-05-20 00:00:00,2.406742646473649
2015-05-21 00:00:00,2.406742646473649
2015-05-22 00:00:00,2.406742646473649
2015-05-26 00:00:00,2.406742646473649
2015-05-27 00:00:00,2.406742646473649
2015-05-28 00:00:00,2.406742646473649
2015-05-29 00:00:00,2.406742646473649
2015-06-01 00:00:00,2.406742646473649
2015-06-02 00:00:00,2.406742646473649
2015-06-03 00:00:00,2.406742646473649
2015-06-04 00:00:00,2.406742646473649
2015-06-05 00:00:00,2.406742646473649
2015-06-08 00:00:00,2.406742646473649
2015-06-09 00:00:00,2.406742646473649
2015-06-10 00:00:00,2.406742646473649
2015-06-11 00:00:00,2.406742646473649
2015-06-12 00:00:00,2.406742646473649
2015-06-15 00:00:00,2.406742646473649
2015-06-16 00:00:00,2.406742646473649
2015-06-17 00:00:00,2.406742646473649
2015-06-18 00:00:00,2.406742646473649
2015-06-19 00:00:00,2.398518410963168
2015-06-22 00:00:00,2.404577589440382
2015-06-23 00:00:00,2.3664629233227124
2015-06-24 00:00:00,2.3619656325941145
2015-06-25 00:00:00,2.3668073699177326
2015-06-26 00:00:00,2.3477562692418465
2015-06-29 00:00:00,2.3653728368790166
2015-06-30 00:00:00,2.3527384256182113
2015-07-01 00:00:00,2.337070973680399
2015-07-02 00:00:00,2.307990618079101
2015-07-06 00:00:00,2.310094554215769
2015-07-07 00:00:00,2.2826651709169963
2015-07-08 00:00:00,2.304556067667768
2015-07-09 00:00:00,2.296825024783389
2015-07-10 00:00:00,2.3126407917688603
2015-07-13 00:00:00,2.303685427971826
2015-07-14 00:00:00,2.294907109571049
2015-07-15 00:00:00,2.2949610915083514
2015-07-16 00:00:00,2.284937197656826
2015-07-17 00:00:00,2.2583859957581724
2015-07-20 00:00:00,2.2666233018016166
2015-07-21 00:00:00,2.2794386571363208
2015-07-22 00:00:00,2.261920164205288
2015-07-23 00:00:00,2.2722453194235523
2015-07-24 00:00:00,2.272218859815287
2015-07-27 00:00:00,2.2979069528180505
2015-07-28 00:00:00,2.2763009123153637
2015-07-29 00:00:00,2.26918010961028
2015-07-30 00:00:00,2.259903025172538
2015-07-31 00:00:00,2.270923093459384
2015-08-03 00:00:00,2.2577066090329243
2015-08-04 00:00:00,2.2570537379327216
2015-08-05 00:00:00,2.234387573634462
2015-08-06 00:00:00,2.230632815545773
2015-08-07 00:00:00,2.2254937534129904
2015-08-10 00:00:00,2.243223815389805
2015-08-11 00:00:00,2.2508572609094086
2015-08-12 00:00:00,2.277629409906359
2015-08-13 00:00:00,2.3001552085332073
2015-08-14 00:00:00,2.290946378067222
2015-08-17 00:00:00,2.290301025910204
2015-08-18 00:00:00,2.283386383700355
2015-08-19 00:00:00,2.2746822424664277
2015-08-20 00:00:00,2.2940167741064843
2015-08-21 00:00:00,2.3322663814677296
2015-08-24 00:00:00,2.357513885699931
2015-08-25 00:00:00,2.311818811746906
2015-08-26 00:00:00,2.3059722616137934
2015-08-27 00:00:00,2.302353535084689
2015-08-28 00:00:00,2.3051550143001993
2015-08-31 00:00:00,2.3025437111982723
2015-09-01 00:00:00,2.3062448061730736
2015-09-02 00:00:00,2.3176400271459334
2015-09-03 00:00:00,2.3156322455735117
2015-09-04 00:00:00,2.304093458406121
2015-09-08 00:00:00,2.3199822467006417
2015-09-09 00:00:00,2.32003741475635
2015-09-10 00:00:00,2.332322135298729
2015-09-11 00:00:00,2.3687898853474665
2015-09-14 00:00:00,2.363023963445766
2015-09-15 00:00:00,2.3499616644246113
2015-09-16 00:00:00,2.366950918927905
2015-09-17 00:00:00,2.362623402415517
2015-09-18 00:00:00,2.3767532711177672
2015-09-21 00:00:00,2.340743585872431
2015-09-22 00:00:00,2.3243486218641762
2015-09-23 00:00:00,2.313134260411081
2015-09-24 00:00:00,2.326011047866225
2015-09-25 00:00:00,2.320810043120645
2015-09-28 00:00:00,2.304093458406121
2015-09-29 00:00:00,2.32723167241726
2015-09-30 00:00:00,2.3254012156246735
2015-10-01 00:00:00,2.3331587627551036
2015-10-02 00:00:00,2.3455832047781895
2015-10-05 00:00:00,2.339929570403252
2015-10-06 00:00:00,2.3691637746229763
2015-10-07 00:00:00,2.3674678395736226
2015-10-08 00:00:00,2.3698543419259344
2015-10-09 00:00:00,2.3845663791457605
2015-10-13 00:00:00,2.3991377030909664
2015-10-14 00:00:00,2.3989017445752765
2015-10-15 00:00:00,2.3713807717748994
2015-10-16 00:00:00,2.373342092334889
2015-10-19 00:00:00,2.3457241907254622
2015-10-20 00:00:00,2.3560905928047617
2015-10-21 00:00:00,2.345470428221958
2015-10-22 00:00:00,2.3121201365677373
2015-10-23 00:00:00,2.2931540780037794
2015-10-26 00:00:00,2.2957171053742784
2015-10-27 00:00:00,2.2973929099369825
2015-10-28 00:00:00,2.318190712051342
2015-10-29 00:00:00,2.2812507810219977
2015-10-30 00:00:00,2.2977445986375447
2015-11-02 00:00:00,2.293504470027828
2015-11-03 00:00:00,2.281517512867404
2015-11-04 00:00:00,2.2611600399265037
2015-11-05 00:00:00,2.256531712852539
2015-11-06 00:00:00,2.2376416729412703
2015-11-09 00:00:00,2.2498191742917477
2015-11-10 00:00:00,2.2394136250544863
2015-11-12 00:00:00,2.2568971050497644
2015-11-13 00:00:00,2.238925416285126
2015-11-16 00:00:00,2.2439719264176268
2015-11-17 00:00:00,2.226661951610667
2015-11-18 00:00:00,2.232010647146604
2015-11-19 00:00:00,2.254862854102841
2015-11-20 00:00:00,2.244694714140248
2015-11-23 00:00:00,2.2333901819352127
2015-11-24 00:00:00,2.2426308405509494
2015-11-25 00:00:00,2.233901553601044
2015-11-27 00:00:00,2.2353602484247994
2015-11-30 00:00:00,2.237564695152829
2015-12-01 00:00:00,2.243533318066291
2015-12-02 00:00:00,2.2410854242669327
2015-12-03 00:00:00,2.296770955124857
2015-12-04 00:00:00,2.3000467579652457
2015-12-07 00:00:00,2.2853118477173426
2015-12-08 00:00:00,2.29110777293699
2015-12-09 00:00:00,2.315604765869173
2015-12-10 00:00:00,2.2976093210109574
2015-12-11 00:00:00,2.300616237567176
2015-12-14 00:00:00,2.3023263696329046
2015-12-15 00:00:00,2.295015075985293
2015-12-16 00:00:00,2.2896560372380086
2015-12-17 00:00:00,2.278480462464941
2015-12-18 00:00:00,2.2794919138045557
2015-12-21 00:00:00,2.2931540780037794
2015-12-22 00:00:00,2.319844338039275
2015-12-23 00:00:00,2.305781518747165
2015-12-24 00:00:00,2.3227438673161793
2015-12-28 00:00:00,2.3334656765623594
2015-12-29 00:00:00,2.329231823781813
2015-12-30 00:00:00,2.3153849517116294
2015-12-31 00:00:00,2.309629718950081
2016-01-04 00:00:00,2.294097685146403
2016-01-05 00:00:00,2.2692856688278185
2016-01-06 00:00:00,2.268309620634911
2016-01-07 00:00:00,2.292776852460433
2016-01-08 00:00:00,2.2879110158112907
2016-01-11 00:00:00,2.2888234643414025
2016-01-12 00:00:00,2.2812774513999834
2016-01-13 00:00:00,2.291188478899754
2016-01-14 00:00:00,2.286275797974148
2016-01-15 00:00:00,2.281891042257199
2016-01-19 00:00:00,2.2828254010493767
2016-01-20 00:00:00,2.273569085994729
2016-01-21 00:00:00,2.27808145240205
2016-01-22 00:00:00,2.2754514868752196
2016-01-25 00:00:00,2.2770446799717314
2016-01-26 00:00:00,2.27917241111848
2016-01-27 00:00:00,2.29229203051428
2016-01-28 00:00:00,2.294340452515022
2016-01-29 00:00:00,2.276646172578114
2016-02-01 00:00:00,2.2852850829243727
2016-02-02 00:00:00,2.2755841678095092
2016-02-03 00:00:00,2.3025437111982723
2016-02-04 00:00:00,2.3234353000666514
2016-02-05 00:00:00,2.3009960473278643
2016-02-08 00:00:00,2.3066810114961944
2016-02-09 00:00:00,2.3212793900322097
2016-02-10 00:00:00,2.3061630360409584
2016-02-11 00:00:00,2.338555450689089
2016-02-12 00:00:00,2.313682805951096
2016-02-16 00:00:00,2.296743921250221
2016-02-17 00:00:00,2.292830734225155
2016-02-18 00:00:00,2.3021905519891646
2016-02-19 00:00:00,2.311243773310326
2016-02-22 00:00:00,2.295015075985293
2016-02-23 00:00:00,2.3002636693288565
2016-02-24 00:00:00,2.2994504625967496
2016-02-25 00:00:00,2.2914037226005797
2016-02-26 00:00:00,2.280690847101904
2016-02-29 00:00:00,2.276646172578114
2016-03-01 00:00:00,2.2607408796632864
2016-03-02 00:00:00,2.2605051703003625
2016-03-03 00:00:00,2.2844021963227608
2016-03-04 00:00:00,2.301620292826025
2016-03-07 00:00:00,2.302353535084689
2016-03-08 00:00:00,2.3017017411236385
2016-03-09 00:00:00,2.3164019421816473
2016-03-10 00:00:00,2.33095693336078
2016-03-11 00:00:00,2.341389587174043
2016-03-14 00:00:00,2.3417548760950675
2016-03-15 00:00:00,2.350074873306326
2016-03-16 00:00:00,2.3462036697467483
2016-03-17 00:00:00,2.383488668272901
2016-03-18 00:00:00,2.3770138482823437
2016-03-21 00:00:00,2.3748152131720857
2016-03-22 00:00:00,2.3741795250583735
2016-03-23 00:00:00,2.3602799836159467
2016-03-24 00:00:00,2.350357943237224
2016-03-25 00:00:00,2.349084665272164
2016-03-28 00:00:00,2.3564035697698
2016-03-29 00:00:00,2.363882766039512
2016-03-30 00:00:00,2.3942216785950623
2016-03-31 00:00:00,2.410131503736291
2016-04-01 00:00:00,2.4041331970516184
2016-04-04 00:00:00,2.4019136966912145
2016-04-05 00:00:00,2.396927412606839
2016-04-06 00:00:00,2.397811039906333
2016-04-07 00:00:00,2.3936342836788222
2016-04-08 00:00:00,2.3956031920923424
2016-04-11 00:00:00,2.4056744600736955
2016-04-12 00:00:00,2.417926256248344
2016-04-13 00:00:00,2.3967213266044043
2016-04-14 00:00:00,2.4011747736451268
2016-04-15 00:00:00,2.4020615358778046
2016-04-18 00:00:00,2.402653074660743
2016-04-19 00:00:00,2.416758320603141
2016-04-20 00:00:00,2.4122767561564786
2016-04-21 00:00:00,2.403096919980512
2016-04-22 00:00:00,2.4017658757015607
2016-04-25 00:00:00,2.401027043589777
2016-04-26 00:00:00,2.4108461637981864
2016-04-27 00:00:00,2.4145453362721505
2016-04-28 00:00:00,2.413440363205125
2016-04-29 00:00:00,2.430999872992607
2016-05-02 00:00:00,2.4464220208560272
2016-05-03 00:00:00,2.430848450337572
2016-05-04 00:00:00,2.4185855898746587
2016-05-05 00:00:00,2.406831704827718
2016-05-06 00:00:00,2.401470288299623
2016-05-09 00:00:00,2.3928711010411003
2016-05-10 00:00:00,2.395220911858906
2016-05-11 00:00:00,2.402860182071713
2016-05-12 00:00:00,2.3831102443270344
2016-05-13 00:00:00,2.3634246603219107
2016-05-16 00:00:00,2.36761146871357
2016-05-17 00:00:00,2.371496053833784
2016-05-18 00:00:00,2.354697432126968
2016-05-19 00:00:00,2.340378612359791
2016-05-20 00:00:00,2.342260848964056
2016-05-23 00:00:00,2.334107666425407
2016-05-24 00:00:00,2.3447658203715207
2016-05-25 00:00:00,2.350159787126001
2016-05-26 00:00:00,2.3552942991960792
2016-05-27 00:00:00,2.344624949599846
2016-05-31 00:00:00,2.340799745747332
2016-06-01 00:00:00,2.350103177231092
2016-06-02 00:00:00,2.343104623135733
2016-06-03 00:00:00,2.3871335030400234
2016-06-06 00:00:00,2.401352073709636
2016-06-07 00:00:00,2.3970451919499975
2016-06-08 00:00:00,2.4059710833949537
2016-06-09 00:00:00,2.388799250847739
2016-06-10 00:00:00,2.358254677803531
2016-06-13 00:00:00,2.3638254931130684
2016-06-14 00:00:00,2.350018267502048
2016-06-15 00:00:00,2.34445592701547
2016-06-16 00:00:00,2.3170070628561983
2016-06-17 00:00:00,2.3395087500359395
2016-06-20 00:00:00,2.3688186418711923
2016-06-21 00:00:00,2.3630525801452933
2016-06-22 00:00:00,2.3587107813107884
2016-06-23 00:00:00,2.389706160206451
2016-06-24 00:00:00,2.313463356517844
2016-06-27 00:00:00,2.279598434607089
2016-06-28 00:00:00,2.285633074140205
2016-06-29 00:00:00,2.3064356257003094
2016-06-30 00:00:00,2.294880119554706
2016-07-01 00:00:00,2.314670843827447
2016-07-05 00:00:00,2.2880988133852904
2016-07-06 00:00:00,2.288206140127323
2016-07-07 00:00:00,2.276247804646278
2016-07-08 00:00:00,2.2693648446861925
2016-07-11 00:00:00,2.273171794099459
2016-07-12 00:00:00,2.290166623305489
2016-07-13 00:00:00,2.3023807011775386
2016-07-14 00:00:00,2.3004263797024103
2016-07-15 00:00:00,2.283413104037184
2016-07-18 00:00:00,2.2820778528214443
2016-07-19 00:00:00,2.265938950757108
2016-07-20 00:00:00,2.268863490872383
2016-07-21 00:00:00,2.2703418014066528
2016-07-22 00:00:00,2.25314442693091
2016-07-25 00:00:00,2.2554883867799935
2016-07-26 00:00:00,2.2540553877356246
2016-07-27 00:00:00,2.2481084231655193
2016-07-28 00:00:00,2.2625496191632664
2016-07-29 00:00:00,2.282131232886537
2016-08-01 00:00:00,2.2768586924948084
2016-08-02 00:00:00,2.292803793026233
2016-08-03 00:00:00,2.2900591125787506
2016-08-04 00:00:00,2.2898709930938295
2016-08-05 00:00:00,2.278640105629745
2016-08-08 00:00:00,2.27245701847622
2016-08-09 00:00:00,2.2871869424185665
2016-08-10 00:00:00,2.304147873385183
2016-08-11 00:00:00,2.3145335658849615
2016-08-12 00:00:00,2.3119557678376492
2016-08-15 00:00:00,2.3080725178668304
2016-08-16 00:00:00,2.320451258820772
2016-08-17 00:00:00,2.3123941363943117
2016-08-18 00:00:00,2.3346382723797268
2016-08-19 00:00:00,2.329037213753686
2016-08-22 00:00:00,2.3277869253632235
2016-08-23 00:00:00,2.329037213753686
2016-08-24 00:00:00,2.3210861065506205
2016-08-25 00:00:00,2.3193204346205674
2016-08-26 00:00:00,2.310203954412502
2016-08-29 00:00:00,2.3019461206070475
2016-08-30 00:00:00,2.285178030021403
2016-08-31 00:00:00,2.2771775467737703
2016-09-01 00:00:00,2.282104542541841
2016-09-02 00:00:00,2.271954297621237
2016-09-06 00:00:00,2.302000434206307
2016-09-07 00:00:00,2.3107784754863943
2016-09-08 00:00:00,2.30968439574231
2016-09-09 00:00:00,2.2957711254249964
2016-09-12 00:00:00,2.2958521602679967
2016-09-13 00:00:00,2.2936931870121495
2016-09-14 00:00:00,2.305727026581008
2016-09-15 00:00:00,2.3023263696329046
2016-09-16 00:00:00,2.275265759558512
2016-09-19 00:00:00,2.2826651709169963
2016-09-20 00:00:00,2.274205041963352
2016-09-21 00:00:00,2.2734101525730517
2016-09-22 00:00:00,2.286972490160774
2016-09-23 00:00:00,2.283359663988878
2016-09-26 00:00:00,2.290919481132933
2016-09-27 00:00:00,2.2657810822747044
2016-09-28 00:00:00,2.271874940976115
2016-09-29 00:00:00,2.283947642131417
2016-09-30 00:00:00,2.276194699455213
2016-10-03 00:00:00,2.2784538574455877
2016-10-04 00:00:00,2.273224758329616
2016-10-05 00:00:00,2.269232887991459
2016-10-06 00:00:00,2.262470918135306
2016-10-07 00:00:00,2.252806257567858
2016-10-11 00:00:00,2.212328229049019
2016-10-12 00:00:00,2.212328229049019
2016-10-13 00:00:00,2.212328229049019
2016-10-14 00:00:00,2.212328229049019
2016-10-17 00:00:00,2.212328229049019
2016-10-18 00:00:00,2.212328229049019
2016-10-19 00:00:00,2.212328229049019
2016-10-20 00:00:00,2.212328229049019
2016-10-21 00:00:00,2.212328229049019
2016-10-24 00:00:00,2.212328229049019
2016-10-25 00:00:00,2.212328229049019
2016-10-26 00:00:00,2.212328229049019
2016-10-27 00:00:00,2.212328229049019
2016-10-28 00:00:00,2.212328229049019
2016-10-31 00:00:00,2.212328229049019
2016-11-01 00:00:00,2.212328229049019
2016-11-02 00:00:00,2.212328229049019
2016-11-03 00:00:00,2.212328229049019
2016-11-04 00:00:00,2.212328229049019
2016-11-07 00:00:00,2.212328229049019
2016-11-08 00:00:00,2.212328229049019
2016-11-09 00:00:00,2.212328229049019
2016-11-10 00:00:00,2.212328229049019
2016-11-14 00:00:00,2.212328229049019
2016-11-15 00:00:00,2.212328229049019
2016-11-16 00:00:00,2.212328229049019
2016-11-17 00:00:00,2.212328229049019
2016-11-18 00:00:00,2.212328229049019
2016-11-21 00:00:00,2.212328229049019
2016-11-22 00:00:00,2.212328229049019
2016-11-23 00:00:00,2.212328229049019
2016-11-25 00:00:00,2.212328229049019
2016-11-28 00:00:00,2.212328229049019
2016-11-29 00:00:00,2.212328229049019
2016-11-30 00:00:00,2.212328229049019
2016-12-01 00:00:00,2.212328229049019
2016-12-02 00:00:00,2.212328229049019
2016-12-05 00:00:00,2.212328229049019
2016-12-06 00:00:00,2.212328229049019
2016-12-07 00:00:00,2.212328229049019
2016-12-08 00:00:00,2.212328229049019
2016-12-09 00:00:00,2.212328229049019
2016-12-12 00:00:00,2.212328229049019
2016-12-13 00:00:00,2.212328229049019
2016-12-14 00:00:00,2.212328229049019
2016-12-15 00:00:00,2.212328229049019
2016-12-16 00:00:00,2.212328229049019
2016-12-19 00:00:00,2.212328229049019
2016-12-20 00:00:00,2.212328229049019
2016-12-21 00:00:00,2.212328229049019
2016-12-22 00:00:00,2.212328229049019
2016-12-23 00:00:00,2.212328229049019
2016-12-27 00:00:00,2.212328229049019
2016-12-28 00:00:00,2.212328229049019
2016-12-29 00:00:00,2.212328229049019
2016-12-30 00:00:00,2.212328229049019
2017-01-03 00:00:00,2.212328229049019
2017-01-04 00:00:00,2.212328229049019
2017-01-05 00:00:00,2.212328229049019
2017-01-06 00:00:00,2.212328229049019
2017-01-09 00:00:00,2.212328229049019
2017-01-10 00:00:00,2.212328229049019
2017-01-11 00:00:00,2.212328229049019
2017-01-12 00:00:00,2.212328229049019
2017-01-13 00:00:00,2.212328229049019
2017-01-17 00:00:00,2.212328229049019
2017-01-18 00:00:00,2.212328229049019
2017-01-19 00:00:00,2.212328229049019
2017-01-23 00:00:00,2.212328229049019
2017-01-24 00:00:00,2.212328229049019
2017-01-25 00:00:00,2.212328229049019
2017-01-26 00:00:00,2.212328229049019
2017-01-27 00:00:00,2.212328229049019
2017-01-30 00:00:00,2.212328229049019
2017-01-31 00:00:00,2.212328229049019
2017-02-01 00:00:00,2.212328229049019
2017-02-02 00:00:00,2.212328229049019
2017-02-03 00:00:00,2.212328229049019
2017-02-06 00:00:00,2.212328229049019
2017-02-07 00:00:00,2.212328229049019
2017-02-08 00:00:00,2.212328229049019
2017-02-09 00:00:00,2.1955504662621497
2017-02-10 00:00:00,2.1956984809003246
2017-02-13 00:00:00,2.1868038405600694
2017-02-14 00:00:00,2.1858743266233662
2017-02-15 00:00:00,2.1909964548006964
2017-02-16 00:00:00,2.205312652915281
2017-02-17 00:00:00,2.191389568826789
2017-02-21 00:00:00,2.1791224594949528
2017-02-22 00:00:00,2.175653137387318
2017-02-23 00:00:00,2.17468467393867
2017-02-24 00:00:00,2.171446594218825
2017-02-27 00:00:00,2.168073810106385
2017-02-28 00:00:00,2.1689400963409717
2017-03-01 00:00:00,2.164255975547705
2017-03-02 00:00:00,2.1553997705829095
2017-03-03 00:00:00,2.162364059665924
2017-03-06 00:00:00,2.1685309304791534
2017-03-07 00:00:00,2.172122410689915
2017-03-08 00:00:00,2.1606426606533202
2017-03-09 00:00:00,2.163968382704489
2017-03-10 00:00:00,2.1679535473006015
2017-03-13 00:00:00,2.1842617843664507
2017-03-14 00:00:00,2.1841397190165406
2017-03-15 00:00:00,2.181701273851234
2017-03-16 00:00:00,2.214584657926915
2017-03-17 00:00:00,2.216443394922464
2017-03-20 00:00:00,2.2144340861460323
2017-03-21 00:00:00,2.2234288861091014
2017-03-22 00:00:00,2.221053427897446
2017-03-23 00:00:00,2.217147514722528
2017-03-24 00:00:00,2.2178520820343532
2017-03-27 00:00:00,2.2282204855147483
2017-03-28 00:00:00,2.224086825094793
2017-03-29 00:00:00,2.2006189660040865
2017-03-30 00:00:00,2.1934311139061746
2017-03-31 00:00:00,2.1871220136781484
2017-04-03 00:00:00,2.1800462388037447
2017-04-04 00:00:00,2.1709641255818974
2017-04-05 00:00:00,2.1766224638018365
2017-04-06 00:00:00,2.1694698343635253
2017-04-07 00:00:00,2.159234111577836
2017-04-10 00:00:00,2.156089422409984
2017-04-11 00:00:00,2.1604993344403414
2017-04-12 00:00:00,2.1673283957203893
2017-04-13 00:00:00,2.1651671907387837
2017-04-14 00:00:00,2.164351856816765
2017-04-17 00:00:00,2.1745878750125627
2017-04-18 00:00:00,2.177665453493307
2017-04-19 00:00:00,2.175653137387318
2017-04-20 00:00:00,2.1823103745575336
2017-04-21 00:00:00,2.167568795963939
2017-04-24 00:00:00,2.202330216834162
2017-04-25 00:00:00,2.2288812637596678
2017-04-26 00:00:00,2.22431466393636
2017-04-27 00:00:00,2.20812850766821
2017-04-28 00:00:00,2.2047403937511016
2017-05-01 00:00:00,2.2135812326562787
2017-05-02 00:00:00,2.2133305184008436
2017-05-03 00:00:00,2.216921141717667
2017-05-04 00:00:00,2.216619382941571
2017-05-05 00:00:00,2.222139443491988
2017-05-08 00:00:00,2.211301824108642
2017-05-09 00:00:00,2.1987619244804995
2017-05-10 00:00:00,2.19249595871344
2017-05-11 00:00:00,2.200668530052466
2017-05-12 00:00:00,2.2096265765118206
2017-05-15 00:00:00,2.215865345278704
2017-05-16 00:00:00,2.2211039167117015
2017-05-17 00:00:00,2.2324970559689366
2017-05-18 00:00:00,2.226849351035598
2017-05-19 00:00:00,2.235945499898498
2017-05-22 00:00:00,2.246329227304514
2017-05-23 00:00:00,2.2443942712116702
2017-05-24 00:00:00,2.2434151652580034
2017-05-25 00:00:00,2.253140916167563
2017-05-26 00:00:00,2.2480864735536996
2017-05-30 00:00:00,2.2395842669859825
2017-05-31 00:00:00,2.2516611144412693
2017-06-01 00:00:00,2.24837099235033
2017-06-02 00:00:00,2.2637902389876263
2017-06-05 00:00:00,2.256002179611513
2017-06-06 00:00:00,2.253088960374124
2017-06-07 00:00:00,2.24759520156569
2017-06-08 00:00:00,2.242076719559987
2017-06-09 00:00:00,2.2415880703862086
2017-06-12 00:00:00,2.2355873884607256
2017-06-13 00:00:00,2.2452710380896064
2017-06-14 00:00:00,2.2612231378962164
2017-06-15 00:00:00,2.233262457288652
2017-06-16 00:00:00,2.2452710380896064
2017-06-19 00:00:00,2.237455945226404
2017-06-20 00:00:00,2.222139443491988
2017-06-21 00:00:00,2.2303058103850635
2017-06-22 00:00:00,2.232573572490905
2017-06-23 00:00:00,2.2425913173220815
2017-06-26 00:00:00,2.2428229633895205
2017-06-27 00:00:00,2.2684152065670182
2017-06-28 00:00:00,2.2811786003633796
2017-06-29 00:00:00,2.3003786321380684
2017-06-30 00:00:00,2.3153692511863615
2017-07-03 00:00:00,2.3060249321485085
2017-07-05 00:00:00,2.298187305807634
2017-07-06 00:00:00,2.3138888010056236
2017-07-07 00:00:00,2.3161101869096616
2017-07-10 00:00:00,2.316247449271393
2017-07-11 00:00:00,2.319243817279209
2017-07-12 00:00:00,2.321530659571955
2017-07-13 00:00:00,2.3357936076131205
2017-07-14 00:00:00,2.3460006818906685
2017-07-17 00:00:00,2.35396989496156
2017-07-18 00:00:00,2.3617650624849396
2017-07-19 00:00:00,2.357462811095375
2017-07-20 00:00:00,2.374045299707569
2017-07-21 00:00:00,2.3689513377232534
2017-07-24 00:00:00,2.3771931731662175
2017-07-25 00:00:00,2.3824098116443633
2017-07-26 00:00:00,2.3744202962312597
2017-07-27 00:00:00,2.3745357036116617
2017-07-28 00:00:00,2.4072971999473856
2017-07-31 00:00:00,2.419966871410354
2017-08-01 00:00:00,2.408869937381403
2017-08-02 00:00:00,2.4138091948927705
2017-08-03 00:00:00,2.4148830330457587
2017-08-04 00:00:00,2.394378053055552
2017-08-07 00:00:00,2.3949062441036912
2017-08-08 00:00:00,2.3852305048350857
2017-08-09 00:00:00,2.386657931827805
2017-08-10 00:00:00,2.398492357166356
2017-08-11 00:00:00,2.400554816044824
2017-08-14 00:00:00,2.4093748357124407
2017-08-15 00:00:00,2.41712326740793
2017-08-16 00:00:00,2.4072971999473856
2017-08-17 00:00:00,2.408038801263418
2017-08-18 00:00:00,2.4101177178674535
2017-08-21 00:00:00,2.4217362695664915
2017-08-22 00:00:00,2.4115453365269994
2017-08-23 00:00:00,2.4199369038937117
2017-08-24 00:00:00,2.4250119726016193
2017-08-25 00:00:00,2.4438448382392965
2017-08-28 00:00:00,2.455267113117424
2017-08-29 00:00:00,2.4695087297190637
2017-08-30 00:00:00,2.453910526780045
2017-08-31 00:00:00,2.456532555627013
2017-09-01 00:00:00,2.4454351065576567
2017-09-05 00:00:00,2.453756464090016
2017-09-06 00:00:00,2.4578920433694176
2017-09-07 00:00:00,2.4600889381271336
2017-09-08 00:00:00,2.462382842959752
2017-09-11 00:00:00,2.4407924359582944
2017-09-12 00:00:00,2.454403657420074
2017-09-13 00:00:00,2.4337401432234747
2017-09-14 00:00:00,2.439177752260833
2017-09-15 00:00:00,2.4553288117720906
2017-09-18 00:00:00,2.452740135304669
2017-09-19 00:00:00,2.455452218384481
2017-09-20 00:00:00,2.4589435876803014
2017-09-21 00:00:00,2.451755408068865
2017-09-22 00:00:00,2.456964956750766
2017-09-25 00:00:00,2.4279646746033956
2017-09-26 00:00:00,2.398610116484748
2017-09-27 00:00:00,2.3975212838019444
2017-09-28 00:00:00,2.400377894880654
2017-09-29 00:00:00,2.396639171921422
2017-10-02 00:00:00,2.394964946383098
2017-10-03 00:00:00,2.405075134152131
2017-10-04 00:00:00,2.413779379687606
2017-10-05 00:00:00,2.402059699586116
2017-10-06 00:00:00,2.4066746077505465
2017-10-10 00:00:00,2.4202366124633583
2017-10-11 00:00:00,2.4265175553198515
2017-10-12 00:00:00,2.411039528199885
2017-10-13 00:00:00,2.4128554735168404
2017-10-16 00:00:00,2.4121109029208037
2017-10-17 00:00:00,2.3945834329983446
2017-10-18 00:00:00,2.397109550797685
2017-10-19 00:00:00,2.4009087366251265
2017-10-20 00:00:00,2.391038245911841
2017-10-23 00:00:00,2.386483053063796
2017-10-24 00:00:00,2.3818580859066953
2017-10-25 00:00:00,2.3765282482868235
2017-10-26 00:00:00,2.349413477284933
2017-10-27 00:00:00,2.331863594383601
2017-10-30 00:00:00,2.3374699744040677
2017-10-31 00:00:00,2.3371904128609393
2017-11-01 00:00:00,2.3259240963153753
2017-11-02 00:00:00,2.3305843218181366
2017-11-03 00:00:00,2.3170164192569236
2017-11-06 00:00:00,2.325398219812091
2017-11-07 00:00:00,2.3258133657077265
2017-11-08 00:00:00,2.3312237825988227
2017-11-09 00:00:00,2.3352074471532918
2017-11-13 00:00:00,2.3280022491735832
2017-11-14 00:00:00,2.321199752935441
2017-11-15 00:00:00,2.3143820739984
2017-11-16 00:00:00,2.3253428782232906
2017-11-17 00:00:00,2.3160552865200463
2017-11-20 00:00:00,2.3043661757264355
2017-11-21 00:00:00,2.3181983320892665
2017-11-22 00:00:00,2.332364561677256
2017-11-24 00:00:00,2.36099463325797
2017-11-27 00:00:00,2.3552465897738832
2017-11-28 00:00:00,2.343777838014427
2017-11-29 00:00:00,2.3400450820276477
2017-11-30 00:00:00,2.3375538559089093
2017-12-01 00:00:00,2.336882972389521
2017-12-04 00:00:00,2.319821990077268
2017-12-05 00:00:00,2.3329771474294008
2017-12-06 00:00:00,2.3181708320497387
2017-12-07 00:00:00,2.307822343995098
2017-12-08 00:00:00,2.3072773779178344
2017-12-11 00:00:00,2.3000537275503037
2017-12-12 00:00:00,2.313587459896157
2017-12-13 00:00:00,2.31361485129912
2017-12-14 00:00:00,2.3184458618086667
2017-12-15 00:00:00,2.2975928515176287
2017-12-18 00:00:00,2.3217237320168813
2017-12-19 00:00:00,2.321006767624312
2017-12-20 00:00:00,2.332420237997314
2017-12-21 00:00:00,2.3281963995964605
2017-12-22 00:00:00,2.338085245275531
2017-12-26 00:00:00,2.341699497910497
2017-12-27 00:00:00,2.363421759955117
2017-12-28 00:00:00,2.3704743540615847
2017-12-29 00:00:00,2.3909504820649063
2018-01-02 00:00:00,2.391184533308807
2018-01-03 00:00:00,2.3916527732918307
2018-01-04 00:00:00,2.4015873761844526
2018-01-05 00:00:00,2.402738990054578
2018-01-08 00:00:00,2.383543102482483
2018-01-09 00:00:00,2.371193437930046
2018-01-10 00:00:00,2.383921105731508
2018-01-11 00:00:00,2.402916259454398
2018-01-12 00:00:00,2.414554814477764
2018-01-16 00:00:00,2.4305012910142643
2018-01-17 00:00:00,2.433315877425057
2018-01-18 00:00:00,2.4381126224267806
2018-01-19 00:00:00,2.43213477373586
2018-01-22 00:00:00,2.430199034971508
2018-01-23 00:00:00,2.433922016716224
2018-01-24 00:00:00,2.4609254080209664
2018-01-25 00:00:00,2.4878377165861933
2018-01-26 00:00:00,2.482338894606772
2018-01-29 00:00:00,2.4716639237080416
2018-01-30 00:00:00,2.4759856167263714
2018-01-31 00:00:00,2.4819290388148865
2018-02-01 00:00:00,2.4866031048013553
2018-02-02 00:00:00,2.470757659436212
2018-02-05 00:00:00,2.4655828408505
2018-02-06 00:00:00,2.456841398040343
2018-02-07 00:00:00,2.4306826807319877
2018-02-08 00:00:00,2.405874605110851
2018-02-09 00:00:00,2.4105041976603743
2018-02-12 00:00:00,2.4164955829268546
2018-02-13 00:00:00,2.434892467948327
2018-02-14 00:00:00,2.4411583215716095
2018-02-15 00:00:00,2.455112880045843
2018-02-16 00:00:00,2.4599340986924583
2018-02-20 00:00:00,2.41927780625353
2018-02-21 00:00:00,2.419547393706868
2018-02-22 00:00:00,2.405785748758173
2018-02-23 00:00:00,2.3944954087087393
2018-02-26 00:00:00,2.394554090849403
2018-02-27 00:00:00,2.3763259536709294
2018-02-28 00:00:00,2.3631359566610506
2018-03-01 00:00:00,2.36573931697552
2018-03-02 00:00:00,2.366111693911235
2018-03-05 00:00:00,2.3670288136840627
2018-03-06 00:00:00,2.380523386528553
2018-03-07 00:00:00,2.3675736900147677
2018-03-08 00:00:00,2.3628216528641426
2018-03-09 00:00:00,2.37424720619302
2018-03-12 00:00:00,2.3698131819906245
2018-03-13 00:00:00,2.3827584017183727
2018-03-14 00:00:00,2.383921105731508
2018-03-15 00:00:00,2.3887292783117653
2018-03-16 00:00:00,2.3842992288937155
2018-03-19 00:00:00,2.3916820443796607
2018-03-20 00:00:00,2.381887117732517
2018-03-21 00:00:00,2.3764704463107003
2018-03-22 00:00:00,2.370186842617515
2018-03-23 00:00:00,2.3694970996232527
2018-03-26 00:00:00,2.384852086258758
2018-03-27 00:00:00,2.3797116929312563
2018-03-28 00:00:00,2.350656956925997
2018-03-29 00:00:00,2.3369947595657554
2018-03-30 00:00:00,2.3369947595657554
2018-04-02 00:00:00,2.329167637665422
2018-04-03 00:00:00,2.3271428292442677
2018-04-04 00:00:00,2.3255919361188266
2018-04-05 00:00:00,2.3179508552194257
2018-04-06 00:00:00,2.32900108216491
2018-04-09 00:00:00,2.3370506571645584
2018-04-10 00:00:00,2.3499785321756304
2018-04-11 00:00:00,2.3466768114913283
2018-04-12 00:00:00,2.3198495293057553
2018-04-13 00:00:00,2.3137244233972165
2018-04-16 00:00:00,2.3186934443945573
2018-04-17 00:00:00,2.3213376192358184
2018-04-18 00:00:00,2.3285570505961357
2018-04-19 00:00:00,2.324457770906731
2018-04-20 00:00:00,2.3139161995444675
2018-04-23 00:00:00,2.298755026468991
2018-04-24 00:00:00,2.2952989828293933
2018-04-25 00:00:00,2.2829908151001663
2018-04-26 00:00:00,2.2564450233260462
2018-04-27 00:00:00,2.2521541656597277
2018-04-30 00:00:00,2.2300258450317116
2018-05-01 00:00:00,2.2109515624661022
2018-05-02 00:00:00,2.1963401083477074
2018-05-03 00:00:00,2.2101763778473473
2018-05-04 00:00:00,2.2198171685632535
2018-05-07 00:00:00,2.2160161117677686
2018-05-08 00:00:00,2.21722298266462
2018-05-09 00:00:00,2.245038886082084
2018-05-10 00:00:00,2.255741764496876
2018-05-11 00:00:00,2.2746201322298267
2018-05-14 00:00:00,2.272213350698567
2018-05-15 00:00:00,2.254778751097624
2018-05-16 00:00:00,2.254882821011365
2018-05-17 00:00:00,2.2347181666414575
2018-05-18 00:00:00,2.233236935455852
2018-05-21 00:00:00,2.245787103374463
2018-05-22 00:00:00,2.2537385800633034
2018-05-23 00:00:00,2.2284745846224685
2018-05-24 00:00:00,2.2323440386585283
2018-05-25 00:00:00,2.235075999635476
2018-05-29 00:00:00,2.1818717877733116
2018-05-30 00:00:00,2.220018912810325
2018-05-31 00:00:00,2.2147854521565504
2018-06-01 00:00:00,2.2154885187929136
2018-06-04 00:00:00,2.232573572490905
2018-06-05 00:00:00,2.2263673160631727
2018-06-06 00:00:00,2.2389940856349053
2018-06-07 00:00:00,2.251531399999181
2018-06-08 00:00:00,2.242050995871144
2018-06-11 00:00:00,2.25887071933198
2018-06-12 00:00:00,2.2707347842774017
2018-06-13 00:00:00,2.2675728982713754
2018-06-14 00:00:00,2.2503387279923643
2018-06-15 00:00:00,2.22515047254821
2018-06-18 00:00:00,2.2130798609316873
2018-06-19 00:00:00,2.194071416703668
2018-06-20 00:00:00,2.203050232800795
2018-06-21 00:00:00,2.193800473748879
2018-06-22 00:00:00,2.2031744210707
2018-06-25 00:00:00,2.2031495822966316
2018-06-26 00:00:00,2.2066573861212864
2018-06-27 00:00:00,2.187048580894987
2018-06-28 00:00:00,2.169108621284356
2018-06-29 00:00:00,2.183163687146037
2018-07-02 00:00:00,2.1715913766294275
2018-07-03 00:00:00,2.214057746256927
2018-07-05 00:00:00,2.229008381431834
2018-07-06 00:00:00,2.2390967035248233
2018-07-09 00:00:00,2.2399693355203274
2018-07-10 00:00:00,2.2340028442752002
2018-07-11 00:00:00,2.2264941471377013
2018-07-12 00:00:00,2.2092518687694045
2018-07-13 00:00:00,2.1947120934425977
2018-07-16 00:00:00,2.2154885187929136
2018-07-17 00:00:00,2.2143588079334724
2018-07-18 00:00:00,2.204466809558569
2018-07-19 00:00:00,2.1852387985611443
2018-07-20 00:00:00,2.203845279743421
2018-07-23 00:00:00,2.2075547863822425
2018-07-24 00:00:00,2.2136063072058096
2018-07-25 00:00:00,2.219766738230578
2018-07-26 00:00:00,2.219338172899297
2018-07-27 00:00:00,2.2112768017395457
2018-07-30 00:00:00,2.232777642194293
2018-07-31 00:00:00,2.2242893462043445
2018-08-01 00:00:00,2.2198171685632535
2018-08-02 00:00:00,2.2024046794185543
2018-08-03 00:00:00,2.1954764664261917
2018-08-06 00:00:00,2.1905789256583366
2018-08-07 00:00:00,2.1930864902490166
2018-08-08 00:00:00,2.1809708016665983
2018-08-09 00:00:00,2.176477009780243
2018-08-10 00:00:00,2.138815598631113
2018-08-13 00:00:00,2.139799231318137
2018-08-14 00:00:00,2.1401976256201967
2018-08-15 00:00:00,2.1188485579230703
2018-08-16 00:00:00,2.1270127000035797
2018-08-17 00:00:00,2.1304446372907235
2018-08-20 00:00:00,2.1292375602010165
2018-08-21 00:00:00,2.1427790609457324
2018-08-22 00:00:00,2.1553046808149388
2018-08-23 00:00:00,2.142544127709509
2018-08-24 00:00:00,2.1441897430284724
2018-08-27 00:00:00,2.148551062638164
2018-08-28 00:00:00,2.143813379556892
2018-08-29 00:00:00,2.1352866627344227
2018-08-30 00:00:00,2.13832412133025
2018-08-31 00:00:00,2.1341673197489124
2018-09-04 00:00:00,2.1446603832407307
2018-09-05 00:00:00,2.1544967564125255
2018-09-06 00:00:00,2.154615530834856
2018-09-07 00:00:00,2.151863332343705
2018-09-10 00:00:00,2.1627230297611573
2018-09-11 00:00:00,2.1627948380827515
2018-09-12 00:00:00,2.1556613107136986
2018-09-13 00:00:00,2.174200765466499
2018-09-14 00:00:00,2.1641121695714114
2018-09-17 00:00:00,2.1922254046973775
2018-09-18 00:00:00,2.1958711898703145
2018-09-19 00:00:00,2.203621614796221
2018-09-20 00:00:00,2.2223921574885863
2018-09-21 00:00:00,2.2222152516560407
2018-09-24 00:00:00,2.2218362625507817
2018-09-25 00:00:00,2.22218998169332
2018-09-26 00:00:00,2.2185822846907306
2018-09-27 00:00:00,2.2155638738365218
2018-09-28 00:00:00,2.201139499888814
2018-10-01 00:00:00,2.1837247988571526
2018-10-02 00:00:00,2.1748056847156962
2018-10-03 00:00:00,2.164327885703056
2018-10-04 00:00:00,2.159806859051591
2018-10-05 00:00:00,2.1508212333681382
2018-10-09 00:00:00,2.143907458037618
2018-10-10 00:00:00,2.1485038183731398
2018-10-11 00:00:00,2.167785201785203
2018-10-12 00:00:00,2.179681495528687
2018-10-15 00:00:00,2.1857520809812523
2018-10-16 00:00:00,2.1991578302962966
2018-10-17 00:00:00,2.1836759950846902
2018-10-18 00:00:00,2.1669198376630465
2018-10-19 00:00:00,2.1745878750125627
2018-10-22 00:00:00,2.1720982671438294
2018-10-23 00:00:00,2.1628905899294844
2018-10-24 00:00:00,2.148409336075912
2018-10-25 00:00:00,2.145343178650868
2018-10-26 00:00:00,2.141417164900159
2018-10-29 00:00:00,2.140901036395724
2018-10-30 00:00:00,2.134144012582359
2018-10-31 00:00:00,2.136594047802682
2018-11-01 00:00:00,2.136594047802682
2018-11-02 00:00:00,2.1527167101813114
2018-11-05 00:00:00,2.154021789644506
2018-11-06 00:00:00,2.15416425768474
2018-11-07 00:00:00,2.1706265250825174
2018-11-08 00:00:00,2.1753625077937584
2018-11-09 00:00:00,2.15416425768474
2018-11-13 00:00:00,2.142567618714889
2018-11-14 00:00:00,2.1506792071594476
2018-11-15 00:00:00,2.158470920639851
2018-11-16 00:00:00,2.1676649709945415
2018-11-19 00:00:00,2.1706988592072083
2018-11-20 00:00:00,2.156018058652319
2018-11-21 00:00:00,2.164615574116938
2018-11-23 00:00:00,2.1495909623923803
2018-11-26 00:00:00,2.14911815592527
2018-11-27 00:00:00,2.1439309789479744
2018-11-28 00:00:00,2.147276196337962
2018-11-29 00:00:00,2.156946156140011
2018-11-30 00:00:00,2.147866224089698
2018-12-03 00:00:00,2.165671086288194
2018-12-04 00:00:00,2.1692290122785884
2018-12-06 00:00:00,2.170409551630206
2018-12-07 00:00:00,2.1636569100304355
2018-12-10 00:00:00,2.1520766133664697
2018-12-11 00:00:00,2.1517211684793813
2018-12-12 00:00:00,2.1494254564667266
2018-12-13 00:00:00,2.1583517207878162
2018-12-14 00:00:00,2.1531673769819624
2018-12-17 00:00:00,2.160570995169866
2018-12-18 00:00:00,2.1542829954485003
2018-12-19 00:00:00,2.157589153382159
2018-12-20 00:00:00,2.1731852583364346
2018-12-21 00:00:00,2.165839103595696
2018-12-26 00:00:00,2.1544492503101176
2018-12-27 00:00:00,2.1688678793812377
2018-12-28 00:00:00,2.1811168569689032
2018-12-31 00:00:00,2.2042678818793164
2019-01-02 00:00:00,2.1729677730718984
2019-01-03 00:00:00,2.1712053330977388
2019-01-04 00:00:00,2.1837247988571526
2019-01-07 00:00:00,2.1953778077373967
2019-01-08 00:00:00,2.18878781375801
2019-01-09 00:00:00,2.1997519564155175
2019-01-10 00:00:00,2.199925303674801
2019-01-11 00:00:00,2.1881995946489994
2019-01-15 00:00:00,2.177034689127245
2019-01-16 00:00:00,2.175023538055438
2019-01-17 00:00:00,2.1648074088858857
2019-01-18 00:00:00,2.1667997028410846
2019-01-22 00:00:00,2.164975292203105
2019-01-23 00:00:00,2.1684587407635423
2019-01-24 00:00:00,2.1538556007464966
2019-01-25 00:00:00,2.158876298638159
2019-01-28 00:00:00,2.158661667791144
2019-01-29 00:00:00,2.1539268214197573
2019-01-30 00:00:00,2.1496146081767162
2019-01-31 00:00:00,2.1601411020851033
2019-02-01 00:00:00,2.1620769693765367
2019-02-04 00:00:00,2.148196781287144
2019-02-05 00:00:00,2.1451312301052594
2019-02-06 00:00:00,2.1305607745241426
2019-02-07 00:00:00,2.1153622515709993
2019-02-08 00:00:00,2.1091976772814776
2019-02-11 00:00:00,2.101079098573552
2019-02-12 00:00:00,2.1103821335247943
2019-02-13 00:00:00,2.1143323213430234
2019-02-14 00:00:00,2.1005370711167006
2019-02-15 00:00:00,2.10426916773589
2019-02-19 00:00:00,2.0954916016141474
2019-02-21 00:00:00,2.089598528642617
2019-02-22 00:00:00,2.089799644959137
2019-02-25 00:00:00,2.096345821623816
2019-02-26 00:00:00,2.1008532198083048
2019-02-27 00:00:00,2.1087197159858952
2019-02-28 00:00:00,2.1162556697472295
2019-03-01 00:00:00,2.110177036294545
2019-03-04 00:00:00,2.0912756816930878
2019-03-05 00:00:00,2.095761280083747
2019-03-06 00:00:00,2.103974642550914
2019-03-07 00:00:00,2.0702725315718378
2019-03-08 00:00:00,2.0707771068902807
2019-03-11 00:00:00,2.075197145528512
2019-03-12 00:00:00,2.0867423921762462
2019-03-13 00:00:00,2.100559650010522
2019-03-14 00:00:00,2.098033827556863
2019-03-15 00:00:00,2.114927269777042
2019-03-18 00:00:00,2.1160265162275333
2019-03-19 00:00:00,2.123637956967278
2019-03-20 00:00:00,2.127823308182024
2019-03-21 00:00:00,2.1291215671761536
2019-03-22 00:00:00,2.102458011556359
2019-03-25 00:00:00,2.1176086864191164
2019-03-26 00:00:00,2.116737053727566
2019-03-27 00:00:00,2.106423972751788
2019-03-28 00:00:00,2.1021187668093293
2019-03-29 00:00:00,2.1024127725971113
2019-04-01 00:00:00,2.1053119962091436
2019-04-02 00:00:00,2.0934039443392956
2019-04-03 00:00:00,2.1095164385350067
2019-04-04 00:00:00,2.1065147982076677
2019-04-05 00:00:00,2.1040879117106748
2019-04-08 00:00:00,2.112092828811527
2019-04-09 00:00:00,2.1140578426401646
2019-04-10 00:00:00,2.109493666678853
2019-04-11 00:00:00,2.107037196615763
2019-04-12 00:00:00,2.1095164385350067
2019-04-15 00:00:00,2.110952057296716
2019-04-16 00:00:00,2.1138748964262954
2019-04-17 00:00:00,2.1137605711209186
2019-04-18 00:00:00,2.1011016891215593
2019-04-19 00:00:00,2.1006499704400756
2019-04-22 00:00:00,2.1007177158596586
2019-04-23 00:00:00,2.0863413740471777
2019-04-24 00:00:00,2.079304173140909
2019-04-25 00:00:00,2.0508271306697545
2019-04-26 00:00:00,2.0574775982072766
2019-04-29 00:00:00,2.0517961067609765
2019-04-30 00:00:00,2.0561354026170697
2019-05-01 00:00:00,2.057715912729855
2019-05-02 00:00:00,2.0427664279829076
2019-05-03 00:00:00,2.046617353875862
2019-05-06 00:00:00,2.0437278002063306
2019-05-07 00:00:00,2.035680286679954
2019-05-08 00:00:00,2.037845587837914
2019-05-09 00:00:00,2.025098381436422
2019-05-10 00:00:00,2.025098381436422
2019-05-13 00:00:00,2.025098381436422
2019-05-14 00:00:00,2.025098381436422
2019-05-15 00:00:00,2.025098381436422
2019-05-16 00:00:00,2.025098381436422
2019-05-17 00:00:00,2.025098381436422
2019-05-20 00:00:00,2.025098381436422
2019-05-21 00:00:00,2.025098381436422
2019-05-22 00:00:00,2.025098381436422
2019-05-23 00:00:00,2.025098381436422
2019-05-24 00:00:00,2.025098381436422
2019-05-28 00:00:00,2.025098381436422
2019-05-29 00:00:00,2.025098381436422
2019-05-30 00:00:00,2.025098381436422
2019-05-31 00:00:00,2.025098381436422
2019-06-03 00:00:00,2.025098381436422
2019-06-04 00:00:00,2.025098381436422
2019-06-05 00:00:00,2.025098381436422
2019-06-06 00:00:00,2.025098381436422
2019-06-07 00:00:00,2.025098381436422
2019-06-10 00:00:00,2.025098381436422
2019-06-11 00:00:00,2.025098381436422
2019-06-12 00:00:00,2.025098381436422
2019-06-13 00:00:00,2.025098381436422
2019-06-14 00:00:00,2.025098381436422
2019-06-17 00:00:00,2.025098381436422
2019-06-18 00:00:00,2.025098381436422
2019-06-19 00:00:00,2.025098381436422
2019-06-20 00:00:00,2.025098381436422
2019-06-21 00:00:00,2.025098381436422
2019-06-24 00:00:00,2.025098381436422
2019-06-25 00:00:00,2.025098381436422
2019-06-26 00:00:00,2.025098381436422
2019-06-27 00:00:00,2.025098381436422
2019-06-28 00:00:00,2.025098381436422
2019-07-01 00:00:00,2.025098381436422
2019-07-02 00:00:00,2.025098381436422
2019-07-03 00:00:00,2.025098381436422
2019-07-05 00:00:00,2.025098381436422
2019-07-08 00:00:00,2.025098381436422
2019-07-09 00:00:00,2.025098381436422
2019-07-10 00:00:00,2.025098381436422
2019-07-11 00:00:00,2.025098381436422
2019-07-12 00:00:00,2.025098381436422
2019-07-15 00:00:00,2.025098381436422
2019-07-16 00:00:00,2.025098381436422
2019-07-17 00:00:00,2.025098381436422
2019-07-18 00:00:00,2.025098381436422
2019-07-19 00:00:00,2.025098381436422
2019-07-22 00:00:00,2.025098381436422
2019-07-23 00:00:00,2.025098381436422
2019-07-24 00:00:00,2.025098381436422
2019-07-25 00:00:00,2.025098381436422
2019-07-26 00:00:00,2.025098381436422
2019-07-29 00:00:00,2.025098381436422
2019-07-30 00:00:00,2.025098381436422
2019-07-31 00:00:00,2.025098381436422
2019-08-01 00:00:00,2.025098381436422
2019-08-02 00:00:00,2.025098381436422
2019-08-05 00:00:00,2.025098381436422
2019-08-06 00:00:00,2.025098381436422
2019-08-07 00:00:00,2.025098381436422
2019-08-08 00:00:00,2.025098381436422
2019-08-09 00:00:00,2.025098381436422
2019-08-12 00:00:00,2.025098381436422
2019-08-13 00:00:00,2.025098381436422
2019-08-14 00:00:00,2.025098381436422
2019-08-15 00:00:00,2.025098381436422
2019-08-16 00:00:00,2.025098381436422
2019-08-19 00:00:00,2.025098381436422
2019-08-20 00:00:00,2.025098381436422
2019-08-21 00:00:00,2.025098381436422
2019-08-22 00:00:00,2.025098381436422
2019-08-23 00:00:00,2.025098381436422
2019-08-26 00:00:00,2.025098381436422
2019-08-27 00:00:00,2.025098381436422
2019-08-28 00:00:00,2.025098381436422
2019-08-29 00:00:00,2.025098381436422
2019-08-30 00:00:00,2.025098381436422
2019-09-03 00:00:00,2.025098381436422
2019-09-04 00:00:00,2.025098381436422
2019-09-05 00:00:00,2.025098381436422
2019-09-06 00:00:00,2.025098381436422
2019-09-09 00:00:00,2.025098381436422
2019-09-10 00:00:00,2.025098381436422
2019-09-11 00:00:00,2.025098381436422
2019-09-12 00:00:00,2.025098381436422
2019-09-13 00:00:00,2.025098381436422
2019-09-16 00:00:00,2.025098381436422
2019-09-17 00:00:00,2.025098381436422
2019-09-18 00:00:00,2.025098381436422
2019-09-19 00:00:00,2.025098381436422
2019-09-20 00:00:00,2.025098381436422
2019-09-23 00:00:00,2.025098381436422
2019-09-24 00:00:00,2.025098381436422
2019-09-25 00:00:00,2.025098381436422
2019-09-26 00:00:00,2.025098381436422
2019-09-27 00:00:00,2.025098381436422
2019-09-30 00:00:00,2.025098381436422
2019-10-01 00:00:00,2.025098381436422
2019-10-02 00:00:00,2.025098381436422
2019-10-03 00:00:00,2.025098381436422
2019-10-04 00:00:00,2.025098381436422
2019-10-07 00:00:00,2.025098381436422
2019-10-08 00:00:00,2.025098381436422
2019-10-09 00:00:00,2.025098381436422
2019-10-10 00:00:00,2.025098381436422
2019-10-11 00:00:00,2.025098381436422
2019-10-15 00:00:00,2.025098381436422
2019-10-16 00:00:00,2.025098381436422
2019-10-17 00:00:00,2.025098381436422
2019-10-18 00:00:00,2.025098381436422
2019-10-21 00:00:00,2.025098381436422
2019-10-22 00:00:00,2.025098381436422
2019-10-23 00:00:00,2.025098381436422
2019-10-24 00:00:00,2.025098381436422
2019-10-25 00:00:00,2.025098381436422
2019-10-28 00:00:00,2.025098381436422
2019-10-29 00:00:00,2.025098381436422
2019-10-30 00:00:00,2.025098381436422
2019-10-31 00:00:00,2.025098381436422
2019-11-01 00:00:00,2.025098381436422
2019-11-04 00:00:00,2.025098381436422
2019-11-05 00:00:00,2.025098381436422
2019-11-06 00:00:00,2.025098381436422
2019-11-07 00:00:00,2.025098381436422
2019-11-08 00:00:00,2.025098381436422
2019-11-12 00:00:00,2.025098381436422
2019-11-13 00:00:00,2.025098381436422
2019-11-14 00:00:00,2.025098381436422
2019-11-15 00:00:00,2.025098381436422
2019-11-18 00:00:00,2.025098381436422
2019-11-19 00:00:00,2.025098381436422
2019-11-20 00:00:00,2.025098381436422
2019-11-21 00:00:00,2.025098381436422
2019-11-22 00:00:00,2.025098381436422
2019-11-25 00:00:00,2.025098381436422
2019-11-26 00:00:00,2.025098381436422
2019-11-27 00:00:00,2.025098381436422
2019-11-29 00:00:00,2.025098381436422
2019-12-02 00:00:00,2.025098381436422
2019-12-03 00:00:00,2.025098381436422
2019-12-04 00:00:00,2.025098381436422
2019-12-05 00:00:00,2.025098381436422
2019-12-06 00:00:00,2.025098381436422
2019-12-09 00:00:00,2.0173840852472202
2019-12-10 00:00:00,2.024202801395985
2019-12-11 00:00:00,2.0364250829056694
2019-12-12 00:00:00,2.0438078274652143
2019-12-13 00:00:00,2.045068873549266
2019-12-16 00:00:00,2.051682133762133
2019-12-17 00:00:00,2.0504785315973515
2019-12-18 00:00:00,2.0407053305242733
2019-12-19 00:00:00,2.0405320424512863
2019-12-20 00:00:00,2.042700260876817
2019-12-23 00:00:00,2.038714292925161
2019-12-24 00:00:00,2.0422228575672516
2019-12-26 00:00:00,2.0427653786222013
2019-12-27 00:00:00,2.0581399737848947
2019-12-30 00:00:00,2.0638849562658015
2019-12-31 00:00:00,2.0576993765199694
2020-01-02 00:00:00,2.051901122344972
2020-01-03 00:00:00,2.0485120439386444
2020-01-06 00:00:00,2.042244552876579
2020-01-07 00:00:00,2.0342055812598208
2020-01-08 00:00:00,2.033990353295576
2020-01-09 00:00:00,2.0262082933838346
2020-01-10 00:00:00,2.0227970606329966
2020-01-13 00:00:00,2.030445655862209
2020-01-14 00:00:00,2.0332589187648398
2020-01-15 00:00:00,2.0355625655316874
2020-01-16 00:00:00,2.0262296497678873
2020-01-17 00:00:00,2.02058591197673
2020-01-21 00:00:00,2.0214782936874007
2020-01-22 00:00:00,2.0203735562566667
2020-01-23 00:00:00,2.012863738941827
2020-01-24 00:00:00,2.0098333952052077
2020-01-27 00:00:00,1.9981972647663695
2020-01-28 00:00:00,1.998072653917642
2020-01-29 00:00:00,1.9978442410560575
2020-01-30 00:00:00,1.9944656878145195
2020-01-31 00:00:00,1.9951694732014371
2020-02-03 00:00:00,1.9912841616658012
2020-02-04 00:00:00,2.003779112262772
2020-02-05 00:00:00,2.0035285119631694
2020-02-06 00:00:00,1.9966407454288249
2020-02-07 00:00:00,1.9922747168331185
2020-02-10 00:00:00,1.9890795903834337
2020-02-11 00:00:00,1.9955422665840878
2020-02-12 00:00:00,1.997615880411265
2020-02-13 00:00:00,1.986818291525022
2020-02-14 00:00:00,1.978272045066458
2020-02-18 00:00:00,1.967359814269847
2020-02-19 00:00:00,1.9608180684752106
2020-02-20 00:00:00,1.958281356973536
2020-02-21 00:00:00,1.9763805966071213
2020-02-24 00:00:00,1.9762180602956307
2020-02-25 00:00:00,1.9760961756049678
2020-02-26 00:00:00,1.9765025163873013
2020-02-27 00:00:00,1.9907274071263577
2020-02-28 00:00:00,1.9859152109602913
2020-03-02 00:00:00,2.02494906306752
2020-03-03 00:00:00,2.0385845775906737
2020-03-04 00:00:00,2.0235848868566113
2020-03-05 00:00:00,2.0341194846084787
2020-03-06 00:00:00,2.0527337054743477
2020-03-09 00:00:00,2.04191917162924
2020-03-10 00:00:00,2.023542285966381
2020-03-11 00:00:00,2.024629169270235
2020-03-12 00:00:00,1.9552737950078634
2020-03-13 00:00:00,1.9593791266333527
2020-03-16 00:00:00,1.9535650043328905
2020-03-17 00:00:00,1.9329790378508251
2020-03-18 00:00:00,1.8762651810412687
2020-03-19 00:00:00,1.8762651810412687
2020-03-20 00:00:00,1.8674794258148628
2020-03-23 00:00:00,1.86254426771633
2020-03-24 00:00:00,1.835324691577872
2020-03-25 00:00:00,1.8381548127478657
2020-03-26 00:00:00,1.7941517369539484
2020-03-27 00:00:00,1.793650294888305
2020-03-30 00:00:00,1.8152474009622088
2020-03-31 00:00:00,1.7867982278200505
2020-04-01 00:00:00,1.8125645288165961
2020-04-02 00:00:00,1.8241012206426443
2020-04-03 00:00:00,1.8389406936270238
2020-04-06 00:00:00,1.8269697152937137
2020-04-07 00:00:00,1.8092339301499212
2020-04-08 00:00:00,1.8139919379884302
2020-04-09 00:00:00,1.7940567585394813
2020-04-10 00:00:00,1.7871041520132425
2020-04-13 00:00:00,1.8012822836020514
2020-04-14 00:00:00,1.794813792697136
2020-04-15 00:00:00,1.8099990040703433
2020-04-16 00:00:00,1.8097558585651345
2020-04-17 00:00:00,1.7983116656511766
2020-04-20 00:00:00,1.8040732297932964
2020-04-21 00:00:00,1.8222225823417546
2020-04-22 00:00:00,1.8201859494010848
2020-04-23 00:00:00,1.810819927677358
2020-04-24 00:00:00,1.8158131454907807
2020-04-27 00:00:00,1.8107200581902079
2020-04-28 00:00:00,1.7791365960475458
2020-04-29 00:00:00,1.7781514831085652
2020-04-30 00:00:00,1.7564054777466576
2020-05-01 00:00:00,1.767750337925137
2020-05-04 00:00:00,1.7784660895473243
2020-05-05 00:00:00,1.7671315180105358
2020-05-06 00:00:00,1.7708470694730094
2020-05-07 00:00:00,1.7635228463282537
2020-05-08 00:00:00,1.752470701239584
2020-05-11 00:00:00,1.773791898271766
2020-05-12 00:00:00,1.748237842077931
2020-05-13 00:00:00,1.7592604719155152
2020-05-14 00:00:00,1.7692355675996323
2020-05-15 00:00:00,1.773580745614083
2020-05-18 00:00:00,1.7436493908977069
2020-05-19 00:00:00,1.731132895165729
2020-05-20 00:00:00,1.7149677501345992
2020-05-21 00:00:00,1.725138188515507
2020-05-22 00:00:00,1.7358909767445962
2020-05-26 00:00:00,1.7271878307944017
2020-05-27 00:00:00,1.7281479638204227
2020-05-28 00:00:00,1.6975098322742705
2020-05-29 00:00:00,1.6801773219964107
2020-06-01 00:00:00,1.6715250515877988
2020-06-02 00:00:00,1.664272392443958
2020-06-03 00:00:00,1.64306816376334
2020-06-04 00:00:00,1.6277563244716666
2020-06-05 00:00:00,1.6277563244716666
2020-06-08 00:00:00,1.6277563244716666
2020-06-09 00:00:00,1.6277563244716666
2020-06-10 00:00:00,1.6277563244716666
2020-06-11 00:00:00,1.6277563244716666
2020-06-12 00:00:00,1.6277563244716666
2020-06-15 00:00:00,1.6277563244716666
2020-06-16 00:00:00,1.6277563244716666
2020-06-17 00:00:00,1.6277563244716666
2020-06-18 00:00:00,1.6277563244716666
2020-06-19 00:00:00,1.6277563244716666
2020-06-22 00:00:00,1.6277563244716666
2020-06-23 00:00:00,1.6277563244716666
2020-06-24 00:00:00,1.6277563244716666
2020-06-25 00:00:00,1.6277563244716666
2020-06-26 00:00:00,1.6277563244716666
2020-06-29 00:00:00,1.6277563244716666
2020-06-30 00:00:00,1.6277563244716666
2020-07-01 00:00:00,1.6277563244716666
2020-07-02 00:00:00,1.6277563244716666
2020-07-06 00:00:00,1.6277563244716666
2020-07-07 00:00:00,1.6277563244716666
2020-07-08 00:00:00,1.6277563244716666
2020-07-09 00:00:00,1.6277563244716666
2020-07-10 00:00:00,1.6277563244716666
2020-07-13 00:00:00,1.6277563244716666
2020-07-14 00:00:00,1.6277563244716666
2020-07-15 00:00:00,1.6277563244716666
2020-07-16 00:00:00,1.6277563244716666
2020-07-17 00:00:00,1.6277563244716666
2020-07-20 00:00:00,1.6277563244716666
2020-07-21 00:00:00,1.6277563244716666
2020-07-22 00:00:00,1.6277563244716666
2020-07-23 00:00:00,1.6277563244716666
2020-07-24 00:00:00,1.6277563244716666
2020-07-27 00:00:00,1.6277563244716666
2020-07-28 00:00:00,1.6277563244716666
2020-07-29 00:00:00,1.6277563244716666
2020-07-30 00:00:00,1.6277563244716666
2020-07-31 00:00:00,1.6277563244716666
2020-08-03 00:00:00,1.6277563244716666
2020-08-04 00:00:00,1.6277563244716666
2020-08-05 00:00:00,1.6277563244716666
2020-08-06 00:00:00,1.6277563244716666
2020-08-07 00:00:00,1.6277563244716666
2020-08-10 00:00:00,1.6277563244716666
2020-08-11 00:00:00,1.6277563244716666
2020-08-12 00:00:00,1.6277563244716666
2020-08-13 00:00:00,1.6277563244716666
2020-08-14 00:00:00,1.6277563244716666
2020-08-17 00:00:00,1.6277563244716666
2020-08-18 00:00:00,1.6277563244716666
2020-08-19 00:00:00,1.6277563244716666
2020-08-20 00:00:00,1.6277563244716666
2020-08-21 00:00:00,1.6277563244716666
2020-08-24 00:00:00,1.6277563244716666
2020-08-25 00:00:00,1.6277563244716666
2020-08-26 00:00:00,1.6277563244716666
2020-08-27 00:00:00,1.6277563244716666
2020-08-28 00:00:00,1.6277563244716666
2020-08-31 00:00:00,1.6277563244716666
2020-09-01 00:00:00,1.6277563244716666
2020-09-02 00:00:00,1.6277563244716666
2020-09-03 00:00:00,1.6277563244716666
2020-09-04 00:00:00,1.6277563244716666
2020-09-08 00:00:00,1.6277563244716666
2020-09-09 00:00:00,1.6277563244716666
2020-09-10 00:00:00,1.6277563244716666
2020-09-11 00:00:00,1.6277563244716666
2020-09-14 00:00:00,1.6277563244716666
2020-09-15 00:00:00,1.6277563244716666
2020-09-16 00:00:00,1.6277563244716666
2020-09-17 00:00:00,1.6277563244716666
2020-09-18 00:00:00,1.6277563244716666
2020-09-21 00:00:00,1.6277563244716666
2020-09-22 00:00:00,1.6277563244716666
2020-09-23 00:00:00,1.6277563244716666
2020-09-24 00:00:00,1.6277563244716666
2020-09-25 00:00:00,1.6277563244716666
2020-09-28 00:00:00,1.6277563244716666
2020-09-29 00:00:00,1.6277563244716666
2020-09-30 00:00:00,1.6277563244716666
2020-10-01 00:00:00,1.6277563244716666
2020-10-02 00:00:00,1.6277563244716666
2020-10-05 00:00:00,1.6277563244716666
2020-10-06 00:00:00,1.6277563244716666
2020-10-07 00:00:00,1.6277563244716666
2020-10-08 00:00:00,1.6277563244716666
2020-10-09 00:00:00,1.6277563244716666
2020-10-13 00:00:00,1.6277563244716666
2020-10-14 00:00:00,1.6277563244716666
2020-10-15 00:00:00,1.6277563244716666
2020-10-16 00:00:00,1.6277563244716666
2020-10-19 00:00:00,1.6277563244716666
2020-10-20 00:00:00,1.6277563244716666
2020-10-21 00:00:00,1.6277563244716666
2020-10-22 00:00:00,1.6277563244716666
2020-10-23 00:00:00,1.6277563244716666
2020-10-26 00:00:00,1.6277563244716666
2020-10-27 00:00:00,1.6277563244716666
2020-10-28 00:00:00,1.6277563244716666
2020-10-29 00:00:00,1.6277563244716666
2020-10-30 00:00:00,1.6277563244716666
2020-11-02 00:00:00,1.6277563244716666
2020-11-03 00:00:00,1.6277563244716666
2020-11-04 00:00:00,1.6277563244716666
2020-11-05 00:00:00,1.6277563244716666
2020-11-06 00:00:00,1.6277563244716666
2020-11-09 00:00:00,1.6277563244716666
2020-11-10 00:00:00,1.6277563244716666
2020-11-12 00:00:00,1.6277563244716666
2020-11-13 00:00:00,1.6277563244716666
2020-11-16 00:00:00,1.6277563244716666
2020-11-17 00:00:00,1.6277563244716666
2020-11-18 00:00:00,1.6277563244716666
2020-11-19 00:00:00,1.6277563244716666
2020-11-20 00:00:00,1.6277563244716666
2020-11-23 00:00:00,1.6277563244716666
2020-11-24 00:00:00,1.6277563244716666
2020-11-25 00:00:00,1.6277563244716666
2020-11-30 00:00:00,1.6277563244716666
2020-12-01 00:00:00,1.6277563244716666
2020-12-02 00:00:00,1.6277563244716666
2020-12-03 00:00:00,1.6277563244716666
2020-12-04 00:00:00,1.6277563244716666
2020-12-07 00:00:00,1.6277563244716666
2020-12-08 00:00:00,1.6277563244716666
2020-12-09 00:00:00,1.6277563244716666
2020-12-10 00:00:00,1.6277563244716666
2020-12-11 00:00:00,1.6277563244716666
2020-12-14 00:00:00,1.6277563244716666
2020-12-15 00:00:00,1.6277563244716666
2020-12-16 00:00:00,1.6277563244716666
2020-12-17 00:00:00,1.6277563244716666
2020-12-18 00:00:00,1.6277563244716666
2020-12-21 00:00:00,1.6277563244716666
2020-12-22 00:00:00,1.6277563244716666
2020-12-23 00:00:00,1.6277563244716666
2020-12-28 00:00:00,1.6277563244716666
2020-12-29 00:00:00,1.6277563244716666
2020-12-30 00:00:00,1.6277563244716666
2020-12-31 00:00:00,1.6277563244716666
2021-01-04 00:00:00,1.6277563244716666
2021-01-05 00:00:00,1.6277563244716666
2021-01-06 00:00:00,1.6277563244716666
2021-01-07 00:00:00,1.6277563244716666
2021-01-08 00:00:00,1.6277563244716666
2021-01-11 00:00:00,1.6277563244716666
2021-01-12 00:00:00,1.6277563244716666
2021-01-13 00:00:00,1.6277563244716666
2021-01-14 00:00:00,1.6277563244716666
2021-01-15 00:00:00,1.6277563244716666
2021-01-19 00:00:00,1.6277563244716666
2021-01-21 00:00:00,1.6277563244716666
2021-01-22 00:00:00,1.6277563244716666
2021-01-25 00:00:00,1.6277563244716666
2021-01-26 00:00:00,1.6277563244716666
2021-01-27 00:00:00,1.6277563244716666
2021-01-28 00:00:00,1.6277563244716666
2021-01-29 00:00:00,1.6277563244716666
2021-02-01 00:00:00,1.6277563244716666
2021-02-02 00:00:00,1.6277563244716666
2021-02-03 00:00:00,1.6277563244716666
2021-02-04 00:00:00,1.6277563244716666
2021-02-05 00:00:00,1.6277563244716666
2021-02-08 00:00:00,1.6277563244716666
2021-02-09 00:00:00,1.6277563244716666
2021-02-10 00:00:00,1.6277563244716666
2021-02-11 00:00:00,1.6277563244716666
2021-02-12 00:00:00,1.6277563244716666
2021-02-16 00:00:00,1.6277563244716666
2021-02-17 00:00:00,1.6277563244716666
2021-02-18 00:00:00,1.6277563244716666
2021-02-19 00:00:00,1.6277563244716666
2021-02-22 00:00:00,1.6277563244716666
2021-02-23 00:00:00,1.6277563244716666
2021-02-24 00:00:00,1.6277563244716666
2021-02-25 00:00:00,1.6277563244716666
2021-02-26 00:00:00,1.6277563244716666
2021-03-01 00:00:00,1.6277563244716666
2021-03-02 00:00:00,1.6277563244716666
2021-03-03 00:00:00,1.6277563244716666
2021-03-04 00:00:00,1.6277563244716666
2021-03-05 00:00:00,1.6277563244716666
2021-03-08 00:00:00,1.6277563244716666
2021-03-09 00:00:00,1.6277563244716666
2021-03-10 00:00:00,1.6277563244716666
2021-03-11 00:00:00,1.6277563244716666
2021-03-12 00:00:00,1.6277563244716666
2021-03-15 00:00:00,1.6277563244716666
2021-03-16 00:00:00,1.6277563244716666
2021-03-17 00:00:00,1.6277563244716666
2021-03-18 00:00:00,1.6277563244716666
2021-03-19 00:00:00,1.6277563244716666
2021-03-22 00:00:00,1.6277563244716666
2021-03-23 00:00:00,1.6277563244716666
2021-03-24 00:00:00,1.6277563244716666
2021-03-25 00:00:00,1.6277563244716666
2021-03-26 00:00:00,1.6277563244716666
2021-03-29 00:00:00,1.6277563244716666
2021-03-30 00:00:00,1.6364186604936874
2021-03-31 00:00:00,1.6327968657849448
2021-04-01 00:00:00,1.6314368364285383
2021-04-02 00:00:00,1.6344129487965324
2021-04-05 00:00:00,1.6294023533062094
2021-04-06 00:00:00,1.6171880987650809
2021-04-07 00:00:00,1.6116536020217622
2021-04-08 00:00:00,1.601825362506961
2021-04-09 00:00:00,1.598209115386896
2021-04-12 00:00:00,1.6057612190650832
2021-04-13 00:00:00,1.5955355082559473
2021-04-14 00:00:00,1.5812754931142299
2021-04-15 00:00:00,1.5816567378600281
2021-04-16 00:00:00,1.5786309921857768
2021-04-19 00:00:00,1.571822242786975
2021-04-20 00:00:00,1.5748638242675352
2021-04-21 00:00:00,1.5726348633728433
2021-04-22 00:00:00,1.5767073079324507
2021-04-23 00:00:00,1.5702868813973836
2021-04-26 00:00:00,1.5659354037373487
2021-04-27 00:00:00,1.5649755892983535
2021-04-28 00:00:00,1.5623789858082926
2021-04-29 00:00:00,1.5651512217125756
2021-04-30 00:00:00,1.5792421269518397
2021-05-03 00:00:00,1.5737029124278121
2021-05-04 00:00:00,1.5856062917189253
2021-05-05 00:00:00,1.586671610865206
2021-05-06 00:00:00,1.5766661003862492
2021-05-07 00:00:00,1.551371281498573
2021-05-10 00:00:00,1.5502948867706308
2021-05-11 00:00:00,1.5494019390839506
2021-05-12 00:00:00,1.5717510096218634
2021-05-13 00:00:00,1.571677430324815
2021-05-14 00:00:00,1.5561466091958858
2021-05-17 00:00:00,1.5542817890138738
2021-05-18 00:00:00,1.5472304075584788
2021-05-19 00:00:00,1.552830146303237
2021-05-20 00:00:00,1.5472693079393693
2021-05-21 00:00:00,1.5526634586952077
2021-05-24 00:00:00,1.5520594918319555
2021-05-25 00:00:00,1.5431797836684245
2021-05-26 00:00:00,1.5496433846625404
2021-05-27 00:00:00,1.5454652446568546
2021-05-28 00:00:00,1.5474472263886883
2021-06-01 00:00:00,1.5392076184438952
2021-06-02 00:00:00,1.539963230397819
2021-06-03 00:00:00,1.5545643028213678
2021-06-04 00:00:00,1.5396519170998535
2021-06-07 00:00:00,1.5378382102047068
2021-06-08 00:00:00,1.5389056285277607
2021-06-09 00:00:00,1.538024451601418
2021-06-10 00:00:00,1.5358547305598105
2021-06-11 00:00:00,1.5515986612980264
2021-06-14 00:00:00,1.5496871512637949
2021-06-15 00:00:00,1.553937982204274
2021-06-16 00:00:00,1.5577010155116544
2021-06-17 00:00:00,1.5938351253336003
2021-06-18 00:00:00,1.6088843375051174
2021-06-21 00:00:00,1.5932988611785002
2021-06-22 00:00:00,1.5864452819633308
2021-06-23 00:00:00,1.5813880712589976
2021-06-24 00:00:00,1.5795413613005278
2021-06-25 00:00:00,1.5819680525582147
2021-06-28 00:00:00,1.5865990603405549
2021-06-29 00:00:00,1.5894326144724982
2021-06-30 00:00:00,1.596940132196954
2021-07-01 00:00:00,1.5995444075360379
2021-07-02 00:00:00,1.5958260329519665
2021-07-06 00:00:00,1.6015284226410427
2021-07-07 00:00:00,1.609055515465487
2021-07-08 00:00:00,1.6016674574774081
2021-07-09 00:00:00,1.5998266301947306
2021-07-12 00:00:00,1.5990023507408808
2021-07-13 00:00:00,1.609042448246299
2021-07-14 00:00:00,1.6082835368134534
2021-07-15 00:00:00,1.6168730671663663
2021-07-16 00:00:00,1.6178701881859152
2021-07-19 00:00:00,1.6186030717476654
2021-07-20 00:00:00,1.62285325923864
2021-07-21 00:00:00,1.620159997815595
2021-07-22 00:00:00,1.6188103770629616
2021-07-23 00:00:00,1.620066558408599
2021-07-26 00:00:00,1.6082955130013026
2021-07-27 00:00:00,1.6045839141360136
2021-07-28 00:00:00,1.6071578419801857
2021-07-29 00:00:00,1.593581579910017
2021-07-30 00:00:00,1.6008033838237898
2021-08-02 00:00:00,1.59923274569229
2021-08-03 00:00:00,1.603104072323639
2021-08-04 00:00:00,1.6029723064034853
2021-08-05 00:00:00,1.6042725168618321
2021-08-06 00:00:00,1.6142841493396127
2021-08-09 00:00:00,1.6206467670221876
2021-08-10 00:00:00,1.62283065637242
2021-08-11 00:00:00,1.6189440668703745
2021-08-12 00:00:00,1.617763535104704
2021-08-13 00:00:00,1.6081819780640358
2021-08-16 00:00:00,1.61049442552456
2021-08-17 00:00:00,1.6286023496390014
2021-08-18 00:00:00,1.6245404294869883
2021-08-19 00:00:00,1.6365138030943196
2021-08-20 00:00:00,1.64154998944991
2021-08-23 00:00:00,1.6234414407378959
2021-08-24 00:00:00,1.6190005991388297
2021-08-25 00:00:00,1.619374613021611
2021-08-26 00:00:00,1.6220062731982638
2021-08-27 00:00:00,1.6083082696168653
2021-08-30 00:00:00,1.6047779085889189
2021-08-31 00:00:00,1.6066228986783635
2021-09-01 00:00:00,1.6004513661769522
2021-09-02 00:00:00,1.5964472640932599
2021-09-03 00:00:00,1.5899108404118272
2021-09-07 00:00:00,1.5957219713426547
2021-09-08 00:00:00,1.605167450429349
2021-09-09 00:00:00,1.6000218670341786
2021-09-10 00:00:00,1.6028679991626364
2021-09-13 00:00:00,1.6022979436443994
2021-09-14 00:00:00,1.5965222645860488
2021-09-15 00:00:00,1.5962367135571205
2021-09-16 00:00:00,1.6053280545825273
2021-09-17 00:00:00,1.6129079399614863
2021-09-20 00:00:00,1.6174476580506674
2021-09-21 00:00:00,1.6130405760010618
2021-09-22 00:00:00,1.60815672565401
2021-09-23 00:00:00,1.6051640760359807
2021-09-24 00:00:00,1.6098400556930201
2021-09-27 00:00:00,1.6185682750733437
2021-09-28 00:00:00,1.6233882759223195
2021-09-29 00:00:00,1.6335647118113514
2021-09-30 00:00:00,1.6285276374798736
2021-10-01 00:00:00,1.627013433151226
2021-10-04 00:00:00,1.621918555028898
2021-10-05 00:00:00,1.6224193721407774
2021-10-06 00:00:00,1.637172241412719
2021-10-07 00:00:00,1.6316832114383992
2021-10-08 00:00:00,1.624530350750896
2021-10-12 00:00:00,1.6299899063424634
2021-10-13 00:00:00,1.6189940635952655
2021-10-14 00:00:00,1.6042908556343745
2021-10-15 00:00:00,1.6008323932096622
2021-10-18 00:00:00,1.6086821116214463
2021-10-19 00:00:00,1.6018065140838298
2021-10-20 00:00:00,1.595871223216092
2021-10-21 00:00:00,1.5956627141159974
2021-10-22 00:00:00,1.593516347367292
2021-10-25 00:00:00,1.5960694023420932
2021-10-26 00:00:00,1.6009582214326377
2021-10-27 00:00:00,1.593562190291762
2021-10-28 00:00:00,1.5835395984379914
2021-10-29 00:00:00,1.5952546951122042
2021-11-01 00:00:00,1.57947617616557
2021-11-02 00:00:00,1.5907843024083235
2021-11-03 00:00:00,1.588299354208681
2021-11-04 00:00:00,1.5926551950849606
2021-11-05 00:00:00,1.5928881440460827
2021-11-08 00:00:00,1.5907374193816453
2021-11-09 00:00:00,1.5906438701675951
2021-11-10 00:00:00,1.6087314649713835
2021-11-12 00:00:00,1.6239692186624541
2021-11-15 00:00:00,1.6276727875311214
2021-11-16 00:00:00,1.6451857799982095
2021-11-17 00:00:00,1.6436517292249446
2021-11-18 00:00:00,1.6488392783293637
2021-11-19 00:00:00,1.6531912494021972
2021-11-22 00:00:00,1.6625130342210284
2021-11-23 00:00:00,1.673547174603968
2021-11-24 00:00:00,1.6880769968481644
2021-11-26 00:00:00,1.6869784205419662
2021-11-29 00:00:00,1.6857419896670764
2021-11-30 00:00:00,1.6810256971533253
2021-12-01 00:00:00,1.6812068547775665
2021-12-02 00:00:00,1.6757044248168236
2021-12-03 00:00:00,1.6920645811619808
2021-12-06 00:00:00,1.6835139914579431
2021-12-07 00:00:00,1.6880602612988758
2021-12-08 00:00:00,1.6754684999350955
2021-12-09 00:00:00,1.6808172020978571
2021-12-10 00:00:00,1.6761450476302224
2021-12-13 00:00:00,1.6829093598634033
2021-12-14 00:00:00,1.6917650522576768
2021-12-15 00:00:00,1.6881109866411486
2021-12-16 00:00:00,1.6754773181592426
2021-12-17 00:00:00,1.6833048308950886
2021-12-20 00:00:00,1.6904260474566801
2021-12-21 00:00:00,1.6918046169009904
2021-12-22 00:00:00,1.6817752262731156
2021-12-23 00:00:00,1.6821951897903404
2021-12-27 00:00:00,1.6836059915947283
2021-12-28 00:00:00,1.6747879331622606
2021-12-29 00:00:00,1.6739341065603293
2021-12-30 00:00:00,1.6745144768083318
2022-01-03 00:00:00,1.6865549564164426
2022-01-04 00:00:00,1.6806750631333411
2022-01-05 00:00:00,1.6766310301750738
2022-01-06 00:00:00,1.6882274692521055
2022-01-07 00:00:00,1.675875477911039
2022-01-10 00:00:00,1.6832591635930148
2022-01-11 00:00:00,1.6741532103316161
2022-01-12 00:00:00,1.6567772447278704
2022-01-13 00:00:00,1.6509798699292604
2022-01-14 00:00:00,1.6668135386899148
2022-01-18 00:00:00,1.6857384930734158
2022-01-19 00:00:00,1.6827490690915374
2022-01-20 00:00:00,1.6855003845406793
2022-01-21 00:00:00,1.6969341984282253
2022-01-24 00:00:00,1.7204453236066086
2022-01-25 00:00:00,1.712908919357643
2022-01-26 00:00:00,1.708802691719905
2022-01-27 00:00:00,1.7276798987205142
2022-01-28 00:00:00,1.736316104174504
2022-01-31 00:00:00,1.720253646307671
2022-02-01 00:00:00,1.7114892514637523
2022-02-02 00:00:00,1.711609167474197
2022-02-03 00:00:00,1.6849558841374768
2022-02-04 00:00:00,1.6873905138614762
2022-02-07 00:00:00,1.6881604216241974
2022-02-08 00:00:00,1.6895713845289877
2022-02-09 00:00:00,1.6791411459199157
2022-02-10 00:00:00,1.6961436494462174
2022-02-11 00:00:00,1.7070037640208509
2022-02-14 00:00:00,1.7264929788470356
2022-02-15 00:00:00,1.7083169941990768
2022-02-16 00:00:00,1.7093097532676322
2022-02-17 00:00:00,1.7183715223357667
2022-02-18 00:00:00,1.7281425226284355
2022-02-22 00:00:00,1.7162481263124851
2022-02-23 00:00:00,1.7239508752185149
2022-02-24 00:00:00,1.7563450919523433
2022-02-25 00:00:00,1.7325968431642342
2022-02-28 00:00:00,1.7367623527406724
2022-03-01 00:00:00,1.7670214978003225
2022-03-02 00:00:00,1.772987188053815
2022-03-03 00:00:00,1.7858567281152258
2022-03-04 00:00:00,1.800083453114124
2022-03-07 00:00:00,1.8197045530762697
2022-03-08 00:00:00,1.81316652930999
2022-03-09 00:00:00,1.771236045701619
2022-03-10 00:00:00,1.768811531367691
2022-03-11 00:00:00,1.7774884159664572
2022-03-14 00:00:00,1.7559169307754725
2022-03-15 00:00:00,1.7618757390830275
2022-03-16 00:00:00,1.7383920595889322
2022-03-17 00:00:00,1.7270999589767464
2022-03-18 00:00:00,1.73065154395033
2022-03-21 00:00:00,1.7338680194232294
2022-03-22 00:00:00,1.73054418492047
2022-03-23 00:00:00,1.7360905742700299
2022-03-24 00:00:00,1.7270007259559768
2022-03-25 00:00:00,1.7318088080079954
2022-03-28 00:00:00,1.74535592392901
2022-03-29 00:00:00,1.7097434874742095
2022-03-30 00:00:00,1.703498414495468
2022-03-31 00:00:00,1.7183999901507234
2022-04-01 00:00:00,1.720020842635948
2022-04-04 00:00:00,1.7282336804491722
2022-04-05 00:00:00,1.7293694491821765
2022-04-06 00:00:00,1.7289887070246914
2022-04-07 00:00:00,1.7356469210741625
2022-04-08 00:00:00,1.7317957740769825
2022-04-11 00:00:00,1.7396076626492198
2022-04-12 00:00:00,1.739938635594292
2022-04-13 00:00:00,1.7412427277102922
2022-04-14 00:00:00,1.746884915576504
2022-04-15 00:00:00,1.7524213064502003
2022-04-18 00:00:00,1.7566720339843602
2022-04-19 00:00:00,1.7518323822336266
2022-04-20 00:00:00,1.731698778889328
2022-04-21 00:00:00,1.740100708843482
2022-04-22 00:00:00,1.7480652503243517
2022-04-25 00:00:00,1.7777719870512143
2022-04-26 00:00:00,1.7865866446155385
2022-04-27 00:00:00,1.7937776558762386
2022-04-28 00:00:00,1.7935090881272657
2022-04-29 00:00:00,1.786571113491042
2022-05-02 00:00:00,1.7995236012965308
2022-05-03 00:00:00,1.7941468122430535
2022-05-04 00:00:00,1.795174123942112
2022-05-05 00:00:00,1.8102491713641846
2022-05-06 00:00:00,1.8034170817024526
2022-05-09 00:00:00,1.8265009061155122
2022-05-10 00:00:00,1.82444311363422
2022-05-11 00:00:00,1.8165642340517067
2022-05-12 00:00:00,1.8341668153351651
2022-05-13 00:00:00,1.8341668153351651
2022-05-16 00:00:00,1.8341668153351651
2022-05-17 00:00:00,1.8341668153351651
2022-05-18 00:00:00,1.8341668153351651
2022-05-19 00:00:00,1.8341668153351651
2022-05-20 00:00:00,1.8341668153351651
2022-05-23 00:00:00,1.8341668153351651
2022-05-24 00:00:00,1.8341668153351651
2022-05-25 00:00:00,1.8341668153351651
2022-05-26 00:00:00,1.8341668153351651
2022-05-27 00:00:00,1.8341668153351651
2022-05-31 00:00:00,1.8341668153351651
2022-06-01 00:00:00,1.8341668153351651
2022-06-02 00:00:00,1.8341668153351651
2022-06-03 00:00:00,1.8341668153351651
2022-06-06 00:00:00,1.8341668153351651
2022-06-07 00:00:00,1.8341668153351651
2022-06-08 00:00:00,1.8341668153351651
2022-06-09 00:00:00,1.8341668153351651
2022-06-10 00:00:00,1.8341668153351651
2022-06-13 00:00:00,1.8341668153351651
2022-06-14 00:00:00,1.8341668153351651
2022-06-15 00:00:00,1.8341668153351651
2022-06-16 00:00:00,1.8341668153351651
2022-06-17 00:00:00,1.8341668153351651
2022-06-21 00:00:00,1.8341668153351651
2022-06-22 00:00:00,1.8341668153351651
2022-06-23 00:00:00,1.8341668153351651
2022-06-24 00:00:00,1.8341668153351651
2022-06-27 00:00:00,1.8341668153351651
2022-06-28 00:00:00,1.8341668153351651
2022-06-29 00:00:00,1.8341668153351651
2022-06-30 00:00:00,1.8341668153351651
2022-07-01 00:00:00,1.8341668153351651
2022-07-05 00:00:00,1.8341668153351651
2022-07-06 00:00:00,1.8341668153351651
2022-07-07 00:00:00,1.8341668153351651
2022-07-08 00:00:00,1.8341668153351651
2022-07-11 00:00:00,1.8341668153351651
2022-07-12 00:00:00,1.8341668153351651
2022-07-13 00:00:00,1.8341668153351651
2022-07-14 00:00:00,1.8341668153351651
2022-07-15 00:00:00,1.8341668153351651
2022-07-18 00:00:00,1.8341668153351651
2022-07-19 00:00:00,1.8341668153351651
2022-07-20 00:00:00,1.8341668153351651
2022-07-21 00:00:00,1.8341668153351651
2022-07-22 00:00:00,1.8341668153351651
2022-07-25 00:00:00,1.8341668153351651
2022-07-26 00:00:00,1.8341668153351651
2022-07-27 00:00:00,1.8341668153351651
2022-07-28 00:00:00,1.8341668153351651
2022-07-29 00:00:00,1.8341668153351651
2022-08-01 00:00:00,1.8341668153351651
2022-08-02 00:00:00,1.8341668153351651
2022-08-03 00:00:00,1.8341668153351651
2022-08-04 00:00:00,1.8341668153351651
2022-08-05 00:00:00,1.8341668153351651
2022-08-08 00:00:00,1.8341668153351651
2022-08-09 00:00:00,1.8341668153351651
2022-08-10 00:00:00,1.8341668153351651
2022-08-11 00:00:00,1.8341668153351651
2022-08-12 00:00:00,1.8341668153351651
2022-08-15 00:00:00,1.8341668153351651
2022-08-16 00:00:00,1.8341668153351651
2022-08-17 00:00:00,1.8341668153351651
2022-08-18 00:00:00,1.8341668153351651
2022-08-19 00:00:00,1.8341668153351651
2022-08-22 00:00:00,1.8341668153351651
2022-08-23 00:00:00,1.8341668153351651
2022-08-24 00:00:00,1.8341668153351651
2022-08-25 00:00:00,1.8341668153351651
2022-08-26 00:00:00,1.8341668153351651
2022-08-29 00:00:00,1.8341668153351651
2022-08-30 00:00:00,1.8341668153351651
2022-08-31 00:00:00,1.8341668153351651
2022-09-01 00:00:00,1.8341668153351651
2022-09-02 00:00:00,1.8341668153351651
2022-09-06 00:00:00,1.8341668153351651
2022-09-07 00:00:00,1.8341668153351651
2022-09-08 00:00:00,1.8341668153351651
2022-09-09 00:00:00,1.8341668153351651
2022-09-12 00:00:00,1.8341668153351651
2022-09-13 00:00:00,1.8341668153351651
2022-09-14 00:00:00,1.8341668153351651
2022-09-15 00:00:00,1.8341668153351651
2022-09-16 00:00:00,1.8341668153351651
2022-09-19 00:00:00,1.8341668153351651
2022-09-20 00:00:00,1.8341668153351651
2022-09-21 00:00:00,1.8341668153351651
2022-09-22 00:00:00,1.8341668153351651
2022-09-23 00:00:00,1.8341668153351651
2022-09-26 00:00:00,1.8341668153351651
2022-09-27 00:00:00,1.8341668153351651
2022-09-28 00:00:00,1.8341668153351651
2022-09-29 00:00:00,1.8341668153351651
2022-09-30 00:00:00,1.8341668153351651
2022-10-03 00:00:00,1.8341668153351651
2022-10-04 00:00:00,1.8341668153351651
2022-10-05 00:00:00,1.8341668153351651
2022-10-06 00:00:00,1.8341668153351651
2022-10-07 00:00:00,1.8341668153351651
2022-10-11 00:00:00,1.8341668153351651
2022-10-12 00:00:00,1.8341668153351651
2022-10-13 00:00:00,1.8341668153351651
2022-10-14 00:00:00,1.8341668153351651
2022-10-17 00:00:00,1.8341668153351651
2022-10-18 00:00:00,1.8341668153351651
2022-10-19 00:00:00,1.8341668153351651
2022-10-20 00:00:00,1.8341668153351651
2022-10-21 00:00:00,1.8341668153351651
2022-10-24 00:00:00,1.8341668153351651
2022-10-25 00:00:00,1.8341668153351651
2022-10-26 00:00:00,1.8341668153351651
2022-10-27 00:00:00,1.8341668153351651
2022-10-28 00:00:00,1.8341668153351651
2022-10-31 00:00:00,1.8341668153351651
2022-11-01 00:00:00,1.8341668153351651
2022-11-02 00:00:00,1.8341668153351651
2022-11-03 00:00:00,1.8341668153351651
2022-11-04 00:00:00,1.8341668153351651
2022-11-07 00:00:00,1.8341668153351651
2022-11-08 00:00:00,1.8341668153351651
2022-11-09 00:00:00,1.8341668153351651
2022-11-10 00:00:00,1.8341668153351651
2022-11-14 00:00:00,1.8341668153351651
2022-11-15 00:00:00,1.8341668153351651
2022-11-16 00:00:00,1.8341668153351651
2022-11-17 00:00:00,1.8341668153351651
2022-11-18 00:00:00,1.8341668153351651
2022-11-21 00:00:00,1.8341668153351651
2022-11-22 00:00:00,1.8341668153351651
2022-11-23 00:00:00,1.8341668153351651
2022-11-25 00:00:00,1.8341668153351651
2022-11-28 00:00:00,1.8341668153351651
2022-11-29 00:00:00,1.8341668153351651
2022-11-30 00:00:00,1.8341668153351651
2022-12-01 00:00:00,1.8341668153351651
2022-12-02 00:00:00,1.8341668153351651
2022-12-05 00:00:00,1.8235205785227562
2022-12-06 00:00:00,1.8248533691132156
2022-12-07 00:00:00,1.828458130629801
2022-12-08 00:00:00,1.8345214664330205
2022-12-09 00:00:00,1.842573316765869
2022-12-12 00:00:00,1.8390018499219785
2022-12-13 00:00:00,1.858053638976739
2022-12-14 00:00:00,1.8617360937227072
2022-12-15 00:00:00,1.8385563898195825
2022-12-16 00:00:00,1.8265748460364777
2022-12-19 00:00:00,1.8293395021643095
2022-12-20 00:00:00,1.8213676823299563
2022-12-21 00:00:00,1.8195338621352566
2022-12-22 00:00:00,1.8118719719702419
2022-12-23 00:00:00,1.8031256212750342
2022-12-27 00:00:00,1.8160684482179381
2022-12-28 00:00:00,1.8134303778789682
2022-12-29 00:00:00,1.8159641683621663
2022-12-30 00:00:00,1.821629958436928
2023-01-03 00:00:00,1.7968592547607503
2023-01-04 00:00:00,1.8090735807083562
2023-01-05 00:00:00,1.7737806059293073
2023-01-06 00:00:00,1.79883519182932
2023-01-09 00:00:00,1.8317411371582701
2023-01-10 00:00:00,1.8184353414518397
2023-01-11 00:00:00,1.8098845691223973
2023-01-12 00:00:00,1.8156861472853705
2023-01-13 00:00:00,1.8228198914542837
2023-01-17 00:00:00,1.8239412493920266
2023-01-18 00:00:00,1.842430191769179
2023-01-19 00:00:00,1.8334047796140938
2023-01-20 00:00:00,1.8410001637754507
2023-01-23 00:00:00,1.8532990309365396
2023-01-24 00:00:00,1.858672438123826
2023-01-25 00:00:00,1.8529913663577544
2023-01-26 00:00:00,1.8420188312316725
2023-01-27 00:00:00,1.8390018499219785
2023-01-30 00:00:00,1.8277888560578281
2023-01-31 00:00:00,1.8131184822704811
2023-02-01 00:00:00,1.8194291839385146
2023-02-02 00:00:00,1.8323071444621426
2023-02-03 00:00:00,1.8043258075851463
2023-02-06 00:00:00,1.7815578619894796
2023-02-07 00:00:00,1.7887963487636522
2023-02-08 00:00:00,1.793174521645242
2023-02-09 00:00:00,1.8383782661987202
2023-02-10 00:00:00,1.8139677830403271
2023-02-13 00:00:00,1.8277360394580906
2023-02-14 00:00:00,1.8283876575947613
2023-02-15 00:00:00,1.819237305189633
2023-02-16 00:00:00,1.8192024224924692
2023-02-17 00:00:00,1.8131184822704811
2023-02-21 00:00:00,1.8345746759271742
2023-02-22 00:00:00,1.8240990510112807
2023-02-23 00:00:00,1.8162422745941604
2023-02-24 00:00:00,1.8100572136684012
2023-02-27 00:00:00,1.8224872536977228
2023-02-28 00:00:00,1.8185050493598172
2023-03-01 00:00:00,1.820144725093998
2023-03-02 00:00:00,1.8060947039442954
2023-03-03 00:00:00,1.8097119575071718
2023-03-06 00:00:00,1.8176514955744958
2023-03-07 00:00:00,1.773465623766304
2023-03-08 00:00:00,1.7719420278695979
2023-03-09 00:00:00,1.7729188152790318
2023-03-10 00:00:00,1.7791691549276576
2023-03-13 00:00:00,1.7931067421426095
2023-03-14 00:00:00,1.8108345218965864
2023-03-15 00:00:00,1.7841542746509285
2023-03-16 00:00:00,1.8059228144290111
2023-03-17 00:00:00,1.8077637318798419
2023-03-20 00:00:00,1.8287224529022819
2023-03-21 00:00:00,1.8339186411437194
2023-03-22 00:00:00,1.8334402090950324
2023-03-23 00:00:00,1.8498481924047991
2023-03-24 00:00:00,1.8191326611111063
2023-03-27 00:00:00,1.8259596601279782
2023-03-28 00:00:00,1.8348585120339165
2023-03-29 00:00:00,1.822347232012173
2023-03-30 00:00:00,1.830221723803502
2023-03-31 00:00:00,1.8340249932874504
2023-04-03 00:00:00,1.827929715248338
2023-04-04 00:00:00,1.845009848420464
2023-04-05 00:00:00,1.8270497013277696
2023-04-06 00:00:00,1.8211928735459488
2023-04-07 00:00:00,1.820965672285394
2023-04-10 00:00:00,1.797437958875233
2023-04-11 00:00:00,1.8131011578824108
2023-04-12 00:00:00,1.8358703923267397
2023-04-13 00:00:00,1.8492893204348497
2023-04-14 00:00:00,1.8360657959563755
2023-04-17 00:00:00,1.8289868516067729
2023-04-18 00:00:00,1.8387167305933145
2023-04-19 00:00:00,1.834681104175928
2023-04-20 00:00:00,1.8403930738615926
2023-04-21 00:00:00,1.8403038297012848
2023-04-24 00:00:00,1.8467336364658202
2023-04-25 00:00:00,1.8389483833126539
2023-04-26 00:00:00,1.8395366870619319
2023-04-27 00:00:00,1.8408037085087552
2023-04-28 00:00:00,1.8519786051190659
2023-05-01 00:00:00,1.8370078695048115
2023-05-02 00:00:00,1.840607295165525
2023-05-03 00:00:00,1.8518520877989937
2023-05-04 00:00:00,1.8493614139710488
2023-05-05 00:00:00,1.867783487843646
2023-05-08 00:00:00,1.871154007302036
2023-05-09 00:00:00,1.8607867406766314
2023-05-10 00:00:00,1.8544944623342177
2023-05-11 00:00:00,1.835781586243755
2023-05-12 00:00:00,1.827612812595106
2023-05-15 00:00:00,1.833085975892611
2023-05-16 00:00:00,1.8225747781785127
2023-05-17 00:00:00,1.814505506813222
2023-05-18 00:00:00,1.7946669681884337
2023-05-19 00:00:00,1.8053386347293663
2023-05-22 00:00:00,1.7967741826424086
2023-05-23 00:00:00,1.784909489986826
2023-05-24 00:00:00,1.7703219439152456
2023-05-25 00:00:00,1.7527917371510604
2023-05-26 00:00:00,1.755239974104355
2023-05-30 00:00:00,1.7445891481837275
2023-05-31 00:00:00,1.7421225280753894
2023-06-01 00:00:00,1.7540231081002338
2023-06-02 00:00:00,1.758672498336356
2023-06-05 00:00:00,1.7488500477456592
2023-06-06 00:00:00,1.7403808848986468
2023-06-07 00:00:00,1.742618494632193
2023-06-08 00:00:00,1.7556134847017086
2023-06-09 00:00:00,1.7529698548735715
2023-06-12 00:00:00,1.7530184387171528
2023-06-13 00:00:00,1.7704375659457496
2023-06-14 00:00:00,1.7802875413328159
2023-06-15 00:00:00,1.789690527611147
2023-06-16 00:00:00,1.7815913159621763
2023-06-20 00:00:00,1.7529860491888798
2023-06-21 00:00:00,1.7746100412477626
2023-06-22 00:00:00,1.7738137684552417
2023-06-23 00:00:00,1.7663175481527285
2023-06-26 00:00:00,1.771627698287689
2023-06-27 00:00:00,1.7723392352284566
2023-06-28 00:00:00,1.7563934973573578
2023-06-29 00:00:00,1.7484955206267692
2023-06-30 00:00:00,1.7598795040019615
2023-07-03 00:00:00,1.752921273722859
2023-07-05 00:00:00,1.7421385225899697
2023-07-06 00:00:00,1.7315666184286123
2023-07-07 00:00:00,1.7523223275231514
2023-07-10 00:00:00,1.7580044644607455
2023-07-11 00:00:00,1.7778689216862906
2023-07-12 00:00:00,1.8241165862100408
2023-07-13 00:00:00,1.8575989024033235
2023-07-14 00:00:00,1.8545488367686966
2023-07-17 00:00:00,1.8510030618305742
2023-07-18 00:00:00,1.8571080368429242
2023-07-19 00:00:00,1.8465898644449588
2023-07-20 00:00:00,1.8336882538074206
2023-07-21 00:00:00,1.8255380578051594
2023-07-24 00:00:00,1.8231526506581428
2023-07-25 00:00:00,1.8277360394580906
2023-07-26 00:00:00,1.8188362349200062
2023-07-27 00:00:00,1.8140891766778153
2023-07-28 00:00:00,1.8046346852103654
2023-07-31 00:00:00,1.8073677040499432
2023-08-01 00:00:00,1.7875493662967556
2023-08-02 00:00:00,1.7675844686684876
2023-08-03 00:00:00,1.7722730216357783
2023-08-04 00:00:00,1.7979999988676802
2023-08-07 00:00:00,1.7906024976455994
2023-08-08 00:00:00,1.7691005769205617
2023-08-09 00:00:00,1.773996184515346
2023-08-10 00:00:00,1.7841207243575834
2023-08-11 00:00:00,1.7516429384606107
2023-08-14 00:00:00,1.7567349708882978
2023-08-15 00:00:00,1.7509156059617574
2023-08-16 00:00:00,1.7440599989016496
2023-08-17 00:00:00,1.7395033953384929
2023-08-18 00:00:00,1.7311242998595011
2023-08-21 00:00:00,1.7296883238578311
2023-08-22 00:00:00,1.733924192043747
2023-08-23 00:00:00,1.7374805688065367
2023-08-24 00:00:00,1.7260695315416479
2023-08-25 00:00:00,1.7146059680714518
2023-08-28 00:00:00,1.7253005271769228
2023-08-29 00:00:00,1.7378943076997007
2023-08-30 00:00:00,1.7543312212170474
2023-08-31 00:00:00,1.7325468429507913
2023-09-01 00:00:00,1.7176324554238962
2023-09-05 00:00:00,1.7106334662793168
2023-09-06 00:00:00,1.7056208237200186
2023-09-07 00:00:00,1.7048852460062847
2023-09-08 00:00:00,1.7081388438040066
2023-09-11 00:00:00,1.713862621643465
2023-09-12 00:00:00,1.708677189094392
2023-09-13 00:00:00,1.7066025819377946
2023-09-14 00:00:00,1.6988560623170195
2023-09-15 00:00:00,1.7008966205080582
2023-09-18 00:00:00,1.7010185999524843
2023-09-19 00:00:00,1.701872946182404
2023-09-20 00:00:00,1.7153499595962747
2023-09-21 00:00:00,1.6989016928741494
2023-09-22 00:00:00,1.707462547965478
2023-09-25 00:00:00,1.717135068507588
2023-09-26 00:00:00,1.720934935703139
2023-09-27 00:00:00,1.7189238966990017
2023-09-28 00:00:00,1.739009200121884
2023-09-29 00:00:00,1.7418826455946566
2023-10-02 00:00:00,1.7215126140213153
2023-10-03 00:00:00,1.705023118495651
2023-10-04 00:00:00,1.7160014820218983
2023-10-05 00:00:00,1.7208569007998722
2023-10-06 00:00:00,1.7344789159194112
2023-10-10 00:00:00,1.747448893354755
2023-10-11 00:00:00,1.741067539068875
2023-10-12 00:00:00,1.7303665649638384
2023-10-13 00:00:00,1.7205916350558512
2023-10-16 00:00:00,1.7359705039979094
2023-10-17 00:00:00,1.742762537821103
2023-10-18 00:00:00,1.7202172814347056
2023-10-19 00:00:00,1.7298460068964527
2023-10-20 00:00:00,1.7304454647306076
2023-10-23 00:00:00,1.7275309572973616
2023-10-24 00:00:00,1.7083849024101436
2023-10-25 00:00:00,1.7084925753432627
2023-10-26 00:00:00,1.6959862704274025
2023-10-27 00:00:00,1.7049465199153562
2023-10-30 00:00:00,1.70356892141292
2023-10-31 00:00:00,1.6978831940201637
2023-11-01 00:00:00,1.6906069839673867
2023-11-02 00:00:00,1.7046095679090487
2023-11-03 00:00:00,1.7398383323598943
2023-11-06 00:00:00,1.7436272972745686
2023-11-07 00:00:00,1.7350974550620828
2023-11-08 00:00:00,1.7443485859838899
2023-11-09 00:00:00,1.749075730776671
2023-11-13 00:00:00,1.7513519329607603
2023-11-14 00:00:00,1.7879536025073213
2023-11-15 00:00:00,1.802937165719683
2023-11-16 00:00:00,1.788206342994322
2023-11-17 00:00:00,1.797557150115567
2023-11-20 00:00:00,1.81551242733787
2023-11-21 00:00:00,1.8159641683621663
2023-11-22 00:00:00,1.8052699325522492
2023-11-24 00:00:00,1.8156166553170878
2023-11-27 00:00:00,1.8163465863932184
2023-11-28 00:00:00,1.8380755352399816
2023-11-29 00:00:00,1.8303629582376724
2023-11-30 00:00:00,1.817808210684378
2023-12-01 00:00:00,1.8289692226479242
2023-12-04 00:00:00,1.8157208952643817
2023-12-05 00:00:00,1.8076087438009
2023-12-06 00:00:00,1.8163118144622434
2023-12-07 00:00:00,1.824590164046419
2023-12-08 00:00:00,1.8089528573791387
2023-12-11 00:00:00,1.806507372314088
2023-12-12 00:00:00,1.815060911008757
2023-12-13 00:00:00,1.8168161378024328
2023-12-14 00:00:00,1.859801898288717
2023-12-15 00:00:00,1.850551769380426
2023-12-18 00:00:00,1.856399466624594
2023-12-19 00:00:00,1.8667544971470404
2023-12-20 00:00:00,1.8701581632943653
2023-12-21 00:00:00,1.8784708001831363
2023-12-22 00:00:00,1.8947141547144701
2023-12-26 00:00:00,1.8921446665054547
2023-12-27 00:00:00,1.911086884818357
2023-12-28 00:00:00,1.9023311533113396
2023-12-29 00:00:00,1.8879840793634162
