date,combined_equity
1971-01-04 00:00:00,1.0
1971-01-05 00:00:00,1.0
1971-01-06 00:00:00,1.0
1971-01-07 00:00:00,1.0
1971-01-08 00:00:00,1.0
1971-01-11 00:00:00,1.0
1971-01-12 00:00:00,1.0
1971-01-13 00:00:00,1.0
1971-01-14 00:00:00,1.0
1971-01-15 00:00:00,1.0
1971-01-18 00:00:00,1.0
1971-01-19 00:00:00,1.0
1971-01-20 00:00:00,1.0
1971-01-21 00:00:00,1.0
1971-01-22 00:00:00,1.0
1971-01-25 00:00:00,1.0
1971-01-26 00:00:00,1.0
1971-01-27 00:00:00,1.0
1971-01-28 00:00:00,1.0
1971-01-29 00:00:00,1.0
1971-02-01 00:00:00,1.0
1971-02-02 00:00:00,1.0
1971-02-03 00:00:00,1.0
1971-02-04 00:00:00,1.0
1971-02-05 00:00:00,1.0
1971-02-08 00:00:00,1.0
1971-02-09 00:00:00,1.0
1971-02-10 00:00:00,1.0
1971-02-11 00:00:00,1.0
1971-02-16 00:00:00,1.0
1971-02-17 00:00:00,1.0
1971-02-18 00:00:00,1.0
1971-02-19 00:00:00,1.0
1971-02-22 00:00:00,1.0
1971-02-23 00:00:00,1.0
1971-02-24 00:00:00,1.0
1971-02-25 00:00:00,1.0
1971-02-26 00:00:00,1.0
1971-03-01 00:00:00,1.0
1971-03-02 00:00:00,1.0
1971-03-03 00:00:00,1.0
1971-03-04 00:00:00,1.0
1971-03-05 00:00:00,1.0
1971-03-08 00:00:00,1.0
1971-03-09 00:00:00,1.0
1971-03-10 00:00:00,1.0
1971-03-11 00:00:00,1.0
1971-03-12 00:00:00,1.0
1971-03-15 00:00:00,1.0
1971-03-16 00:00:00,1.0
1971-03-17 00:00:00,1.0
1971-03-18 00:00:00,1.0
1971-03-19 00:00:00,1.0
1971-03-22 00:00:00,1.0
1971-03-23 00:00:00,1.0
1971-03-24 00:00:00,1.0
1971-03-25 00:00:00,1.0
1971-03-26 00:00:00,1.0
1971-03-29 00:00:00,1.0
1971-03-30 00:00:00,1.0
1971-03-31 00:00:00,1.0
1971-04-01 00:00:00,1.0
1971-04-02 00:00:00,1.0
1971-04-05 00:00:00,1.0
1971-04-06 00:00:00,1.0
1971-04-07 00:00:00,1.0
1971-04-08 00:00:00,1.0
1971-04-09 00:00:00,1.0
1971-04-12 00:00:00,1.0
1971-04-13 00:00:00,1.0
1971-04-14 00:00:00,1.0
1971-04-15 00:00:00,1.0
1971-04-16 00:00:00,1.0
1971-04-19 00:00:00,1.0
1971-04-20 00:00:00,1.0
1971-04-21 00:00:00,1.0
1971-04-22 00:00:00,1.0
1971-04-23 00:00:00,1.0
1971-04-26 00:00:00,1.0
1971-04-27 00:00:00,1.0
1971-04-28 00:00:00,1.0
1971-04-29 00:00:00,1.0
1971-04-30 00:00:00,1.0
1971-05-03 00:00:00,1.0
1971-05-04 00:00:00,1.0
1971-05-05 00:00:00,1.0
1971-05-06 00:00:00,1.0
1971-05-07 00:00:00,1.0
1971-05-10 00:00:00,1.0
1971-05-11 00:00:00,1.0
1971-05-12 00:00:00,1.0
1971-05-13 00:00:00,1.0
1971-05-14 00:00:00,1.0
1971-05-17 00:00:00,1.0
1971-05-18 00:00:00,1.0
1971-05-19 00:00:00,1.0
1971-05-20 00:00:00,1.0
1971-05-21 00:00:00,1.0
1971-05-24 00:00:00,1.0
1971-05-25 00:00:00,1.0
1971-05-26 00:00:00,1.0
1971-05-27 00:00:00,1.0
1971-05-28 00:00:00,1.0
1971-06-01 00:00:00,1.0
1971-06-02 00:00:00,1.0
1971-06-03 00:00:00,1.0
1971-06-04 00:00:00,1.0
1971-06-07 00:00:00,1.0
1971-06-08 00:00:00,1.0
1971-06-09 00:00:00,1.0
1971-06-10 00:00:00,1.0
1971-06-11 00:00:00,1.0
1971-06-14 00:00:00,1.0
1971-06-15 00:00:00,1.0
1971-06-16 00:00:00,1.0
1971-06-17 00:00:00,1.0
1971-06-18 00:00:00,1.0
1971-06-21 00:00:00,1.0
1971-06-22 00:00:00,1.0
1971-06-23 00:00:00,1.0
1971-06-24 00:00:00,1.0
1971-06-25 00:00:00,1.0
1971-06-28 00:00:00,1.0
1971-06-29 00:00:00,1.0
1971-06-30 00:00:00,1.0
1971-07-01 00:00:00,1.0
1971-07-02 00:00:00,1.0
1971-07-06 00:00:00,1.0
1971-07-07 00:00:00,1.0
1971-07-08 00:00:00,1.0
1971-07-09 00:00:00,1.0
1971-07-12 00:00:00,1.0
1971-07-13 00:00:00,1.0
1971-07-14 00:00:00,1.0
1971-07-15 00:00:00,1.0
1971-07-16 00:00:00,1.0
1971-07-19 00:00:00,1.0
1971-07-20 00:00:00,1.0
1971-07-21 00:00:00,1.0
1971-07-22 00:00:00,1.0
1971-07-23 00:00:00,1.0
1971-07-26 00:00:00,1.0
1971-07-27 00:00:00,1.0
1971-07-28 00:00:00,1.0
1971-07-29 00:00:00,1.0
1971-07-30 00:00:00,1.0
1971-08-02 00:00:00,1.0
1971-08-03 00:00:00,1.0
1971-08-04 00:00:00,1.0
1971-08-05 00:00:00,1.0
1971-08-06 00:00:00,1.0
1971-08-09 00:00:00,1.0
1971-08-10 00:00:00,1.0
1971-08-11 00:00:00,1.0
1971-08-12 00:00:00,1.0
1971-08-13 00:00:00,1.0
1971-08-23 00:00:00,1.0
1971-08-24 00:00:00,1.0
1971-08-25 00:00:00,1.0
1971-08-26 00:00:00,1.0
1971-08-27 00:00:00,1.0
1971-08-30 00:00:00,1.0
1971-08-31 00:00:00,1.0
1971-09-01 00:00:00,1.0
1971-09-02 00:00:00,1.0
1971-09-03 00:00:00,1.0
1971-09-07 00:00:00,1.0
1971-09-08 00:00:00,1.0
1971-09-09 00:00:00,1.0
1971-09-10 00:00:00,1.0
1971-09-13 00:00:00,1.0
1971-09-14 00:00:00,1.0
1971-09-15 00:00:00,1.0
1971-09-16 00:00:00,1.0
1971-09-17 00:00:00,1.0
1971-09-20 00:00:00,1.0
1971-09-21 00:00:00,1.0
1971-09-22 00:00:00,1.0
1971-09-23 00:00:00,1.0
1971-09-24 00:00:00,1.0
1971-09-27 00:00:00,1.0
1971-09-28 00:00:00,1.0
1971-09-29 00:00:00,1.0
1971-09-30 00:00:00,1.0
1971-10-01 00:00:00,1.0
1971-10-04 00:00:00,1.0
1971-10-05 00:00:00,1.0
1971-10-06 00:00:00,1.0
1971-10-07 00:00:00,1.0
1971-10-08 00:00:00,1.0
1971-10-12 00:00:00,1.0
1971-10-13 00:00:00,1.0
1971-10-14 00:00:00,1.0
1971-10-15 00:00:00,1.0
1971-10-18 00:00:00,1.0
1971-10-19 00:00:00,1.0
1971-10-20 00:00:00,1.0
1971-10-21 00:00:00,1.0
1971-10-22 00:00:00,1.0
1971-10-26 00:00:00,1.0
1971-10-27 00:00:00,1.0
1971-10-28 00:00:00,1.0
1971-10-29 00:00:00,1.0
1971-11-01 00:00:00,1.0
1971-11-03 00:00:00,1.0
1971-11-04 00:00:00,1.0
1971-11-05 00:00:00,1.0
1971-11-08 00:00:00,1.0
1971-11-09 00:00:00,1.0
1971-11-10 00:00:00,1.0
1971-11-11 00:00:00,1.0
1971-11-12 00:00:00,1.0
1971-11-15 00:00:00,1.0
1971-11-16 00:00:00,1.0
1971-11-17 00:00:00,1.0
1971-11-18 00:00:00,1.0
1971-11-19 00:00:00,1.0
1971-11-22 00:00:00,1.0
1971-11-23 00:00:00,1.0
1971-11-24 00:00:00,1.0
1971-11-26 00:00:00,1.0
1971-11-29 00:00:00,1.0
1971-11-30 00:00:00,1.0
1971-12-01 00:00:00,1.0
1971-12-02 00:00:00,1.0
1971-12-03 00:00:00,1.0
1971-12-06 00:00:00,1.0
1971-12-07 00:00:00,1.0
1971-12-08 00:00:00,1.0
1971-12-09 00:00:00,1.0
1971-12-10 00:00:00,1.0
1971-12-13 00:00:00,1.0
1971-12-14 00:00:00,1.0
1971-12-15 00:00:00,1.0
1971-12-16 00:00:00,1.0
1971-12-17 00:00:00,1.0
1971-12-21 00:00:00,1.0
1971-12-22 00:00:00,1.0
1971-12-23 00:00:00,1.0
1971-12-24 00:00:00,1.0
1971-12-27 00:00:00,1.0
1971-12-28 00:00:00,1.0
1971-12-29 00:00:00,1.0
1971-12-30 00:00:00,1.0
1971-12-31 00:00:00,1.0
1972-01-03 00:00:00,1.0
1972-01-04 00:00:00,1.0
1972-01-05 00:00:00,1.0
1972-01-06 00:00:00,1.0
1972-01-07 00:00:00,1.0
1972-01-10 00:00:00,1.0
1972-01-11 00:00:00,1.0
1972-01-12 00:00:00,1.0
1972-01-13 00:00:00,1.0
1972-01-14 00:00:00,1.0
1972-01-17 00:00:00,1.0
1972-01-18 00:00:00,1.0
1972-01-19 00:00:00,1.0
1972-01-20 00:00:00,1.0
1972-01-21 00:00:00,1.0
1972-01-24 00:00:00,1.0
1972-01-25 00:00:00,1.0
1972-01-26 00:00:00,1.0
1972-01-27 00:00:00,1.0
1972-01-28 00:00:00,1.0
1972-01-31 00:00:00,1.0
1972-02-01 00:00:00,1.0
1972-02-02 00:00:00,1.0
1972-02-03 00:00:00,1.0
1972-02-04 00:00:00,1.0
1972-02-07 00:00:00,1.0
1972-02-08 00:00:00,1.0
1972-02-09 00:00:00,1.0
1972-02-10 00:00:00,1.0
1972-02-11 00:00:00,1.0
1972-02-14 00:00:00,1.0
1972-02-15 00:00:00,1.0
1972-02-16 00:00:00,1.0
1972-02-17 00:00:00,1.0
1972-02-18 00:00:00,1.0
1972-02-22 00:00:00,1.0
1972-02-23 00:00:00,1.0
1972-02-24 00:00:00,1.0
1972-02-25 00:00:00,1.0
1972-02-28 00:00:00,1.0
1972-02-29 00:00:00,1.0
1972-03-01 00:00:00,1.0
1972-03-02 00:00:00,1.0
1972-03-03 00:00:00,1.0
1972-03-06 00:00:00,1.0
1972-03-07 00:00:00,1.0
1972-03-08 00:00:00,1.0
1972-03-09 00:00:00,1.0
1972-03-10 00:00:00,1.0
1972-03-13 00:00:00,1.0
1972-03-14 00:00:00,1.0
1972-03-15 00:00:00,1.0
1972-03-16 00:00:00,1.0
1972-03-17 00:00:00,1.0
1972-03-20 00:00:00,1.0
1972-03-21 00:00:00,1.0
1972-03-22 00:00:00,1.0
1972-03-23 00:00:00,1.0
1972-03-24 00:00:00,1.0
1972-03-27 00:00:00,1.0
1972-03-28 00:00:00,1.0
1972-03-29 00:00:00,1.0
1972-03-30 00:00:00,1.0
1972-03-31 00:00:00,1.0
1972-04-03 00:00:00,1.0
1972-04-04 00:00:00,1.0
1972-04-05 00:00:00,1.0
1972-04-06 00:00:00,1.0
1972-04-07 00:00:00,1.0
1972-04-10 00:00:00,1.0
1972-04-11 00:00:00,1.0
1972-04-12 00:00:00,1.0
1972-04-13 00:00:00,1.0
1972-04-14 00:00:00,1.0
1972-04-17 00:00:00,1.0
1972-04-18 00:00:00,1.0
1972-04-19 00:00:00,1.0
1972-04-20 00:00:00,1.0
1972-04-21 00:00:00,1.0
1972-04-24 00:00:00,1.0
1972-04-25 00:00:00,1.0
1972-04-26 00:00:00,1.0
1972-04-27 00:00:00,1.0
1972-04-28 00:00:00,1.0
1972-05-01 00:00:00,1.0
1972-05-02 00:00:00,1.0
1972-05-03 00:00:00,1.0
1972-05-04 00:00:00,1.0
1972-05-05 00:00:00,1.0
1972-05-08 00:00:00,1.0
1972-05-09 00:00:00,1.0
1972-05-10 00:00:00,1.0
1972-05-11 00:00:00,1.0
1972-05-12 00:00:00,1.0
1972-05-15 00:00:00,1.0
1972-05-16 00:00:00,1.0
1972-05-17 00:00:00,1.0
1972-05-18 00:00:00,1.0
1972-05-19 00:00:00,1.0
1972-05-22 00:00:00,1.0
1972-05-23 00:00:00,1.0
1972-05-24 00:00:00,1.0
1972-05-25 00:00:00,1.0
1972-05-26 00:00:00,1.0
1972-05-30 00:00:00,1.0
1972-05-31 00:00:00,1.0
1972-06-01 00:00:00,1.0
1972-06-02 00:00:00,1.0
1972-06-05 00:00:00,1.0
1972-06-06 00:00:00,1.0
1972-06-07 00:00:00,1.0
1972-06-08 00:00:00,1.0
1972-06-09 00:00:00,1.0
1972-06-12 00:00:00,1.0
1972-06-13 00:00:00,1.0
1972-06-14 00:00:00,1.0
1972-06-15 00:00:00,1.0
1972-06-16 00:00:00,1.0
1972-06-19 00:00:00,1.0
1972-06-20 00:00:00,1.0
1972-06-21 00:00:00,1.0
1972-06-22 00:00:00,1.0
1972-06-23 00:00:00,1.0
1972-06-26 00:00:00,1.0
1972-06-27 00:00:00,1.0
1972-06-28 00:00:00,1.0
1972-06-29 00:00:00,1.0
1972-06-30 00:00:00,1.0
1972-07-03 00:00:00,1.0
1972-07-05 00:00:00,1.0
1972-07-06 00:00:00,1.0
1972-07-07 00:00:00,1.0
1972-07-10 00:00:00,1.0
1972-07-11 00:00:00,1.0
1972-07-12 00:00:00,1.0
1972-07-13 00:00:00,1.0
1972-07-14 00:00:00,1.0
1972-07-17 00:00:00,1.0
1972-07-18 00:00:00,1.0
1972-07-19 00:00:00,1.0
1972-07-20 00:00:00,1.0
1972-07-21 00:00:00,1.0
1972-07-24 00:00:00,1.0
1972-07-25 00:00:00,1.0
1972-07-26 00:00:00,1.0
1972-07-27 00:00:00,1.0
1972-07-28 00:00:00,1.0
1972-07-31 00:00:00,1.0
1972-08-01 00:00:00,1.0
1972-08-02 00:00:00,1.0
1972-08-03 00:00:00,1.0
1972-08-04 00:00:00,1.0
1972-08-07 00:00:00,1.0
1972-08-08 00:00:00,1.0
1972-08-09 00:00:00,1.0
1972-08-10 00:00:00,1.0
1972-08-11 00:00:00,1.0
1972-08-14 00:00:00,1.0
1972-08-15 00:00:00,1.0
1972-08-16 00:00:00,1.0
1972-08-17 00:00:00,1.0
1972-08-18 00:00:00,1.0
1972-08-21 00:00:00,1.0
1972-08-22 00:00:00,1.0
1972-08-23 00:00:00,1.0
1972-08-24 00:00:00,1.0
1972-08-25 00:00:00,1.0
1972-08-28 00:00:00,1.0
1972-08-29 00:00:00,1.0
1972-08-30 00:00:00,1.0
1972-08-31 00:00:00,1.0
1972-09-01 00:00:00,1.0
1972-09-05 00:00:00,1.0
1972-09-06 00:00:00,1.0
1972-09-07 00:00:00,1.0
1972-09-08 00:00:00,1.0
1972-09-11 00:00:00,1.0
1972-09-12 00:00:00,1.0
1972-09-13 00:00:00,1.0
1972-09-14 00:00:00,1.0
1972-09-15 00:00:00,1.0
1972-09-18 00:00:00,1.0
1972-09-19 00:00:00,1.0
1972-09-20 00:00:00,1.0
1972-09-21 00:00:00,1.0
1972-09-22 00:00:00,1.0
1972-09-25 00:00:00,1.0
1972-09-26 00:00:00,1.0
1972-09-27 00:00:00,1.0
1972-09-28 00:00:00,1.0
1972-09-29 00:00:00,1.0
1972-10-02 00:00:00,1.0
1972-10-03 00:00:00,1.0
1972-10-04 00:00:00,1.0
1972-10-05 00:00:00,1.0
1972-10-06 00:00:00,1.0
1972-10-10 00:00:00,1.0
1972-10-11 00:00:00,1.0
1972-10-12 00:00:00,1.0
1972-10-13 00:00:00,1.0
1972-10-16 00:00:00,1.0
1972-10-17 00:00:00,1.0
1972-10-18 00:00:00,1.0
1972-10-19 00:00:00,1.0
1972-10-20 00:00:00,1.0
1972-10-24 00:00:00,1.0
1972-10-25 00:00:00,1.0
1972-10-26 00:00:00,1.0
1972-10-27 00:00:00,1.0
1972-10-30 00:00:00,1.0
1972-10-31 00:00:00,1.0
1972-11-01 00:00:00,1.0
1972-11-02 00:00:00,1.0
1972-11-03 00:00:00,1.0
1972-11-06 00:00:00,0.9950384775629243
1972-11-08 00:00:00,0.9973264220768081
1972-11-09 00:00:00,0.9999555179766195
1972-11-10 00:00:00,0.9984907972453007
1972-11-13 00:00:00,0.9980068867485234
1972-11-14 00:00:00,0.9973524005587825
1972-11-15 00:00:00,0.9951627331323678
1972-11-16 00:00:00,0.9933568610151214
1972-11-17 00:00:00,0.9971799867656791
1972-11-20 00:00:00,0.9968666519618656
1972-11-21 00:00:00,0.9964680293115703
1972-11-22 00:00:00,0.9967943533563708
1972-11-24 00:00:00,0.9972059652476534
1972-11-27 00:00:00,0.9968073425973581
1972-11-28 00:00:00,0.996195500330858
1972-11-29 00:00:00,0.9957542337573219
1972-11-30 00:00:00,0.9959526260323996
1972-12-01 00:00:00,0.9979420630835968
1972-12-04 00:00:00,0.9977140161262653
1972-12-05 00:00:00,0.9990211504056077
1972-12-06 00:00:00,0.9990916109109625
1972-12-07 00:00:00,1.0006546087297503
1972-12-08 00:00:00,0.9994457515378772
1972-12-11 00:00:00,1.0016057642820382
1972-12-12 00:00:00,1.0015056490944294
1972-12-13 00:00:00,1.0006379432884838
1972-12-14 00:00:00,0.9999408131755019
1972-12-15 00:00:00,0.9975379261328824
1972-12-18 00:00:00,0.9971393034825871
1972-12-19 00:00:00,0.9987875891478569
1972-12-20 00:00:00,0.9977066637257065
1972-12-21 00:00:00,0.9982888513099528
1972-12-22 00:00:00,0.9970373501948385
1972-12-26 00:00:00,0.9965107957748207
1972-12-27 00:00:00,0.9956857338921158
1972-12-28 00:00:00,0.9968222924784943
1972-12-29 00:00:00,0.9965942455211627
1973-01-02 00:00:00,0.9968779256427224
1973-01-03 00:00:00,0.9961807955297406
1973-01-04 00:00:00,0.9951410214935178
1973-01-05 00:00:00,0.9951410214935178
1973-01-08 00:00:00,0.9953800401858296
1973-01-09 00:00:00,0.9951535849130765
1973-01-10 00:00:00,0.9946309189352823
1973-01-11 00:00:00,0.9950815167026232
1973-01-12 00:00:00,0.9948127456148644
1973-01-15 00:00:00,0.9951363959371878
1973-01-16 00:00:00,0.9950792039244583
1973-01-17 00:00:00,0.9942603272416227
1973-01-18 00:00:00,0.9940338719688697
1973-01-19 00:00:00,0.9942305748461757
1973-01-22 00:00:00,0.9937502246833873
1973-01-23 00:00:00,0.9929313480005516
1973-01-24 00:00:00,0.9910968917575748
1973-01-25 00:00:00,0.9906165415947863
1973-01-26 00:00:00,0.9903477705070273
1973-01-29 00:00:00,0.9860589969937089
1973-01-30 00:00:00,0.982616539780508
1973-01-31 00:00:00,0.9814168207626196
1973-02-01 00:00:00,0.9790745747395718
1973-02-02 00:00:00,0.988792335993203
1973-02-05 00:00:00,0.9816260870594841
1973-02-06 00:00:00,0.9823305797168604
1973-02-07 00:00:00,0.9805807551038954
1973-02-08 00:00:00,0.9806081947211776
1973-02-09 00:00:00,0.9809741608585071
1973-02-13 00:00:00,0.9562891645123496
1973-02-14 00:00:00,0.9435372279978529
1973-02-15 00:00:00,0.9519431989863014
1973-02-16 00:00:00,0.9590373797095675
1973-02-20 00:00:00,0.9566951336865199
1973-02-21 00:00:00,0.9551568881485841
1973-02-22 00:00:00,0.9470596912847357
1973-02-23 00:00:00,0.9415014433212402
1973-02-26 00:00:00,0.9452526746590411
1973-02-27 00:00:00,0.9439260081961347
1973-02-28 00:00:00,0.9345593368821093
1973-03-01 00:00:00,0.9302705633687908
1973-03-02 00:00:00,0.9302133713560612
1973-03-05 00:00:00,0.9525835612964535
1973-03-06 00:00:00,0.9458804547263925
1973-03-07 00:00:00,0.9458804547263925
1973-03-08 00:00:00,0.9458804547263925
1973-03-09 00:00:00,0.9458804547263925
1973-03-12 00:00:00,0.9458804547263925
1973-03-13 00:00:00,0.9458804547263925
1973-03-14 00:00:00,0.9458804547263925
1973-03-15 00:00:00,0.9458804547263925
1973-03-16 00:00:00,0.9458804547263925
1973-03-19 00:00:00,0.9458804547263925
1973-03-20 00:00:00,0.9458804547263925
1973-03-21 00:00:00,0.9458804547263925
1973-03-22 00:00:00,0.9458804547263925
1973-03-23 00:00:00,0.9458804547263925
1973-03-26 00:00:00,0.9458804547263925
1973-03-27 00:00:00,0.9458804547263925
1973-03-28 00:00:00,0.9458804547263925
1973-03-29 00:00:00,0.9458804547263925
1973-03-30 00:00:00,0.9458804547263925
1973-04-02 00:00:00,0.9458804547263925
1973-04-03 00:00:00,0.9458804547263925
1973-04-04 00:00:00,0.9458804547263925
1973-04-05 00:00:00,0.9458804547263925
1973-04-06 00:00:00,0.9458804547263925
1973-04-09 00:00:00,0.9458804547263925
1973-04-10 00:00:00,0.9458804547263925
1973-04-11 00:00:00,0.9458804547263925
1973-04-12 00:00:00,0.9458804547263925
1973-04-13 00:00:00,0.9458804547263925
1973-04-16 00:00:00,0.9458804547263925
1973-04-17 00:00:00,0.9458804547263925
1973-04-18 00:00:00,0.9458804547263925
1973-04-19 00:00:00,0.9458804547263925
1973-04-20 00:00:00,0.9458804547263925
1973-04-23 00:00:00,0.9458804547263925
1973-04-24 00:00:00,0.9458804547263925
1973-04-25 00:00:00,0.9458804547263925
1973-04-26 00:00:00,0.9458804547263925
1973-04-27 00:00:00,0.9458804547263925
1973-04-30 00:00:00,0.9458804547263925
1973-05-01 00:00:00,0.9458804547263925
1973-05-02 00:00:00,0.9478571369450065
1973-05-03 00:00:00,0.9462605859222797
1973-05-04 00:00:00,0.9463746252810458
1973-05-07 00:00:00,0.9470208483140543
1973-05-08 00:00:00,0.9497197798048544
1973-05-09 00:00:00,0.9520005669801781
1973-05-10 00:00:00,0.9524187112956543
1973-05-11 00:00:00,0.9545094328730344
1973-05-14 00:00:00,0.9651531063578791
1973-05-15 00:00:00,0.9746563862550617
1973-05-16 00:00:00,0.9668636967393718
1973-05-17 00:00:00,0.9681941559249775
1973-05-18 00:00:00,0.9695246151105831
1973-05-21 00:00:00,0.976747107832442
1973-05-22 00:00:00,0.9733259270694562
1973-05-23 00:00:00,0.9714252710900195
1973-05-24 00:00:00,0.9678140247290901
1973-05-25 00:00:00,0.9653431719558225
1973-05-29 00:00:00,0.9716153366879634
1973-05-30 00:00:00,0.9748464518530053
1973-05-31 00:00:00,0.975454661766425
1973-06-01 00:00:00,0.9780775670180474
1973-06-04 00:00:00,0.9818788789769208
1973-06-05 00:00:00,0.9807384853892587
1973-06-06 00:00:00,0.9769371734303856
1973-06-07 00:00:00,0.9780775670180474
1973-06-08 00:00:00,0.9784576982139348
1973-06-11 00:00:00,0.9778875014201038
1973-06-12 00:00:00,0.9785337244531122
1973-06-13 00:00:00,0.9780775670180474
1973-06-14 00:00:00,0.9795980918015967
1973-06-15 00:00:00,0.9807384853892587
1973-06-18 00:00:00,0.981118616585146
1973-06-19 00:00:00,0.977317304626273
1973-06-20 00:00:00,0.9784576982139348
1973-06-21 00:00:00,0.9780775670180474
1973-06-22 00:00:00,0.9784576982139348
1973-06-25 00:00:00,0.9788378294098222
1973-06-26 00:00:00,0.9795980918015967
1973-06-27 00:00:00,0.9806447868507844
1973-06-28 00:00:00,0.9806447868507844
1973-06-29 00:00:00,0.9798854800084685
1973-07-02 00:00:00,0.9795817572715423
1973-07-03 00:00:00,0.9791261731661529
1973-07-05 00:00:00,0.9770380793497846
1973-07-06 00:00:00,0.9709636246112586
1973-07-09 00:00:00,0.9711534513218374
1973-07-10 00:00:00,0.966977263689101
1973-07-11 00:00:00,0.966977263689101
1973-07-12 00:00:00,0.9659521994519745
1973-07-13 00:00:00,0.9650789965833114
1973-07-16 00:00:00,0.966787436978522
1973-07-17 00:00:00,0.9658383034256273
1973-07-18 00:00:00,0.9660281301362063
1973-07-19 00:00:00,0.9618519425034696
1973-07-20 00:00:00,0.9641298630304168
1973-07-23 00:00:00,0.9624214226352065
1973-07-24 00:00:00,0.9569164480284174
1973-07-25 00:00:00,0.9504623398687334
1973-07-26 00:00:00,0.9434387515773128
1973-07-27 00:00:00,0.9506521665793124
1973-07-30 00:00:00,0.9504623398687334
1973-07-31 00:00:00,0.9487538994735231
1973-08-01 00:00:00,0.9555876610543647
1973-08-02 00:00:00,0.954828354212049
1973-08-03 00:00:00,0.9523606069745228
1973-08-06 00:00:00,0.9462861522359969
1973-08-07 00:00:00,0.9479945926312072
1973-08-08 00:00:00,0.9491335528946809
1973-08-09 00:00:00,0.9419201378926813
1973-08-10 00:00:00,0.9396422173657342
1973-08-13 00:00:00,0.9396422173657342
1973-08-14 00:00:00,0.9375541235493658
1973-08-15 00:00:00,0.9347067228906818
1973-08-16 00:00:00,0.9335677626272081
1973-08-17 00:00:00,0.9352762030224185
1973-08-20 00:00:00,0.9404015242080498
1973-08-21 00:00:00,0.9373642968387869
1973-08-22 00:00:00,0.9360355098647344
1973-08-23 00:00:00,0.9328084557848924
1973-08-24 00:00:00,0.9330837424805739
1973-08-27 00:00:00,0.9330837424805739
1973-08-28 00:00:00,0.9343571357098195
1973-08-29 00:00:00,0.9314598986394773
1973-08-30 00:00:00,0.9344394588094634
1973-08-31 00:00:00,0.9340066850979685
1973-09-04 00:00:00,0.9403985791494361
1973-09-05 00:00:00,0.9475487696190104
1973-09-06 00:00:00,0.947495144116569
1973-09-07 00:00:00,0.9487685373458148
1973-09-10 00:00:00,0.9509898010976942
1973-09-11 00:00:00,0.9524527684314665
1973-09-12 00:00:00,0.9531574393471322
1973-09-13 00:00:00,0.9504497763813164
1973-09-14 00:00:00,0.951154447296982
1973-09-17 00:00:00,0.9512903958990673
1973-09-18 00:00:00,0.9491514552468318
1973-09-19 00:00:00,0.9485291074308102
1973-09-20 00:00:00,0.9473380373012085
1973-09-21 00:00:00,0.9461469671716066
1973-09-24 00:00:00,0.9466620639827454
1973-09-25 00:00:00,0.9466084384803041
1973-09-26 00:00:00,0.9463652388733358
1973-09-27 00:00:00,0.9477144617443923
1973-09-28 00:00:00,0.9498598958544608
1973-10-01 00:00:00,0.9498062703520195
1973-10-02 00:00:00,0.950510941267685
1973-10-03 00:00:00,0.9495852748844206
1973-10-04 00:00:00,0.9499107975910327
1973-10-05 00:00:00,0.9497813424467806
1973-10-09 00:00:00,0.9501826947952033
1973-10-10 00:00:00,0.9468304798739967
1973-10-11 00:00:00,0.944881113326288
1973-10-12 00:00:00,0.9446379137193198
1973-10-15 00:00:00,0.9421198248580309
1973-10-16 00:00:00,0.9399808842057954
1973-10-17 00:00:00,0.9344296096720788
1973-10-18 00:00:00,0.9374091698420651
1973-10-19 00:00:00,0.9401991559075248
1973-10-23 00:00:00,0.9369227706281288
1973-10-24 00:00:00,0.9380065897528479
1973-10-25 00:00:00,0.9378626132321889
1973-10-26 00:00:00,0.9378626132321889
1973-10-29 00:00:00,0.9424296744282509
1973-10-30 00:00:00,0.9389100532683793
1973-10-31 00:00:00,0.9365456724450698
1973-11-01 00:00:00,0.9380320927436332
1973-11-02 00:00:00,0.9379781925934475
1973-11-05 00:00:00,0.9396571529481045
1973-11-07 00:00:00,0.9424913536393237
1973-11-08 00:00:00,0.9439007579154498
1973-11-09 00:00:00,0.9504702356948856
1973-11-12 00:00:00,0.9556149170592286
1973-11-13 00:00:00,0.9538281564041998
1973-11-14 00:00:00,0.9520413957491713
1973-11-15 00:00:00,0.9519874955989855
1973-11-16 00:00:00,0.9563620167389538
1973-11-19 00:00:00,0.9545752560839251
1973-11-20 00:00:00,0.9541362758215521
1973-11-21 00:00:00,0.9538898356152726
1973-11-23 00:00:00,0.9713570805696093
1973-11-26 00:00:00,0.9724584207559857
1973-11-27 00:00:00,0.9668208589790839
1973-11-28 00:00:00,0.9750461812409253
1973-11-29 00:00:00,0.9734519606419904
1973-11-30 00:00:00,0.9722428201552425
1973-12-03 00:00:00,0.9733441603416187
1973-12-04 00:00:00,0.9754082008084632
1973-12-05 00:00:00,0.9741990603217154
1973-12-06 00:00:00,0.9743377002276232
1973-12-07 00:00:00,0.9785196813114979
1973-12-10 00:00:00,0.9836643626758409
1973-12-11 00:00:00,0.9859209431987789
1973-12-12 00:00:00,0.9835565623754694
1973-12-13 00:00:00,0.9819623417765343
1973-12-14 00:00:00,0.9844114623555661
1973-12-17 00:00:00,0.9855128025419424
1973-12-18 00:00:00,0.9848812822234756
1973-12-19 00:00:00,0.9842497619050089
1973-12-20 00:00:00,0.9849660219791978
1973-12-21 00:00:00,0.9851046618851056
1973-12-24 00:00:00,0.9838955213983579
1973-12-26 00:00:00,0.9839453425763898
1973-12-27 00:00:00,0.9839453425763898
1973-12-28 00:00:00,0.9817618044937503
1973-12-31 00:00:00,0.9797909653610843
1974-01-02 00:00:00,0.9873915789772155
1974-01-03 00:00:00,0.9954175904932936
1974-01-04 00:00:00,0.9994023219598791
1974-01-07 00:00:00,1.0204029694243268
1974-01-08 00:00:00,1.0190702271415808
1974-01-09 00:00:00,1.0141216027092885
1974-01-10 00:00:00,1.015553946776195
1974-01-11 00:00:00,1.010818021293876
1974-01-14 00:00:00,1.0182059359600342
1974-01-15 00:00:00,1.0351653033749897
1974-01-16 00:00:00,1.0408516264413614
1974-01-17 00:00:00,1.0397315831085885
1974-01-18 00:00:00,1.0371226471260024
1974-01-21 00:00:00,1.0423835722924277
1974-01-22 00:00:00,1.0387111415599755
1974-01-23 00:00:00,1.037378399277229
1974-01-24 00:00:00,1.030302785345204
1974-01-25 00:00:00,1.0291827420124309
1974-01-28 00:00:00,1.028275397629631
1974-01-29 00:00:00,1.0222632784474726
1974-01-30 00:00:00,1.0073178033664365
1974-01-31 00:00:00,0.9940739198851863
1974-02-01 00:00:00,0.998058651351772
1974-02-04 00:00:00,1.0035322754681706
1974-02-05 00:00:00,1.0100693943344354
1974-02-06 00:00:00,1.016181115300754
1974-02-07 00:00:00,1.0122959856183282
1974-02-08 00:00:00,1.0139410286352077
1974-02-11 00:00:00,1.0121828884525148
1974-02-13 00:00:00,1.0019167902708908
1974-02-14 00:00:00,0.9988824563883583
1974-02-15 00:00:00,0.996911617255692
1974-02-19 00:00:00,0.9951534770729991
1974-02-20 00:00:00,0.9927572400403862
1974-02-21 00:00:00,0.9895102072078804
1974-02-22 00:00:00,0.9807330016760691
1974-02-25 00:00:00,0.9906733037419068
1974-02-26 00:00:00,0.9822390114572425
1974-02-27 00:00:00,0.9822390114572425
1974-02-28 00:00:00,0.9822390114572425
1974-03-01 00:00:00,0.9822390114572425
1974-03-04 00:00:00,0.9822390114572425
1974-03-05 00:00:00,0.9822390114572425
1974-03-06 00:00:00,0.9822390114572425
1974-03-07 00:00:00,0.9822390114572425
1974-03-08 00:00:00,0.9822390114572425
1974-03-11 00:00:00,0.9822390114572425
1974-03-12 00:00:00,0.9822390114572425
1974-03-13 00:00:00,0.9822390114572425
1974-03-14 00:00:00,0.9822390114572425
1974-03-15 00:00:00,0.9822390114572425
1974-03-18 00:00:00,0.9822390114572425
1974-03-19 00:00:00,0.9822390114572425
1974-03-20 00:00:00,0.9822390114572425
1974-03-21 00:00:00,0.9822390114572425
1974-03-22 00:00:00,0.9822390114572425
1974-03-25 00:00:00,0.9822390114572425
1974-03-26 00:00:00,0.9822390114572425
1974-03-27 00:00:00,0.9822390114572425
1974-03-28 00:00:00,0.9822390114572425
1974-03-29 00:00:00,0.9822390114572425
1974-04-01 00:00:00,0.9822390114572425
1974-04-02 00:00:00,0.9822390114572425
1974-04-03 00:00:00,0.9822390114572425
1974-04-04 00:00:00,0.9822390114572425
1974-04-05 00:00:00,0.9822390114572425
1974-04-08 00:00:00,0.9822390114572425
1974-04-09 00:00:00,0.9822390114572425
1974-04-10 00:00:00,0.9822390114572425
1974-04-11 00:00:00,0.9822390114572425
1974-04-12 00:00:00,0.9822390114572425
1974-04-15 00:00:00,0.9822390114572425
1974-04-16 00:00:00,0.9822390114572425
1974-04-17 00:00:00,0.9822390114572425
1974-04-18 00:00:00,0.9822390114572425
1974-04-19 00:00:00,0.9822390114572425
1974-04-22 00:00:00,0.9822390114572425
1974-04-23 00:00:00,0.9822390114572425
1974-04-24 00:00:00,0.9822390114572425
1974-04-25 00:00:00,0.9822390114572425
1974-04-26 00:00:00,0.9822390114572425
1974-04-29 00:00:00,0.9822390114572425
1974-04-30 00:00:00,0.9822390114572425
1974-05-01 00:00:00,0.9822390114572425
1974-05-02 00:00:00,0.9822390114572425
1974-05-03 00:00:00,0.9822390114572425
1974-05-06 00:00:00,0.9822390114572425
1974-05-07 00:00:00,0.9822390114572425
1974-05-08 00:00:00,0.9822390114572425
1974-05-09 00:00:00,0.9822390114572425
1974-05-10 00:00:00,0.9822390114572425
1974-05-13 00:00:00,0.9822390114572425
1974-05-14 00:00:00,0.9822390114572425
1974-05-15 00:00:00,0.9822390114572425
1974-05-16 00:00:00,0.9822390114572425
1974-05-17 00:00:00,0.9812211471966651
1974-05-20 00:00:00,0.97918541867551
1974-05-21 00:00:00,0.9795925643797411
1974-05-22 00:00:00,0.9830533028657044
1974-05-23 00:00:00,0.9818318657530115
1974-05-24 00:00:00,0.9775568358585861
1974-05-28 00:00:00,0.9742996702247382
1974-05-29 00:00:00,0.9734853788162763
1974-05-30 00:00:00,0.9738925245205072
1974-05-31 00:00:00,0.9755211073374312
1974-06-03 00:00:00,0.9763353987458931
1974-06-04 00:00:00,0.9775568358585861
1974-06-05 00:00:00,0.980406855788203
1974-06-06 00:00:00,0.9802032829360876
1974-06-07 00:00:00,0.9781675544149325
1974-06-10 00:00:00,0.9771496901543552
1974-06-11 00:00:00,0.9751139616332003
1974-06-12 00:00:00,0.9749103887810846
1974-06-13 00:00:00,0.9732818059641608
1974-06-14 00:00:00,0.9740960973726228
1974-06-17 00:00:00,0.9728746602599299
1974-06-18 00:00:00,0.972060368851468
1974-06-19 00:00:00,0.9730782331120454
1974-06-20 00:00:00,0.9714496502951214
1974-06-21 00:00:00,0.9677853389570424
1974-06-24 00:00:00,0.9590317063160766
1974-06-25 00:00:00,0.9651388918795412
1974-06-26 00:00:00,0.9683960575133891
1974-06-27 00:00:00,0.9726710874078143
1974-06-28 00:00:00,0.9732818059641608
1974-07-01 00:00:00,0.9714496502951214
1974-07-02 00:00:00,0.9763353987458931
1974-07-03 00:00:00,0.9759282530416622
1974-07-05 00:00:00,0.9722639417035833
1974-07-08 00:00:00,0.9722639417035833
1974-07-09 00:00:00,0.972060368851468
1974-07-10 00:00:00,0.9722639417035833
1974-07-11 00:00:00,0.9700246403303129
1974-07-12 00:00:00,0.9714496502951214
1974-07-15 00:00:00,0.9717656971480308
1974-07-16 00:00:00,0.9717656971480308
1974-07-17 00:00:00,0.9700807358923609
1974-07-18 00:00:00,0.9690066918813354
1974-07-19 00:00:00,0.9688286598291224
1974-07-22 00:00:00,0.9693022728378631
1974-07-23 00:00:00,0.9698573414792234
1974-07-24 00:00:00,0.9681723802235535
1974-07-25 00:00:00,0.9695420051911064
1974-07-26 00:00:00,0.9687530558942485
1974-07-29 00:00:00,0.9684121125767968
1974-07-30 00:00:00,0.9726326846860247
1974-07-31 00:00:00,0.9707440843488063
1974-08-01 00:00:00,0.9723173483979076
1974-08-02 00:00:00,0.9716505825499787
1974-08-05 00:00:00,0.9717983730282426
1974-08-06 00:00:00,0.9733716370773439
1974-08-07 00:00:00,0.9748634454938259
1974-08-08 00:00:00,0.9795727513987693
1974-08-09 00:00:00,0.9760550384091654
1974-08-12 00:00:00,0.9774246633767186
1974-08-13 00:00:00,0.9818488745674948
1974-08-14 00:00:00,0.9826075822904032
1974-08-15 00:00:00,0.9873576160116564
1974-08-16 00:00:00,0.9898268920195699
1974-08-19 00:00:00,0.9954729376996351
1974-08-20 00:00:00,0.9972498408302847
1974-08-21 00:00:00,0.9961757968192593
1974-08-22 00:00:00,0.9999890907653907
1974-08-23 00:00:00,0.9960640996126906
1974-08-26 00:00:00,0.9951936946832133
1974-08-27 00:00:00,1.0000251840370857
1974-08-28 00:00:00,0.9975256664552231
1974-08-29 00:00:00,0.9982843741781315
1974-08-30 00:00:00,0.9983507090237761
1974-09-03 00:00:00,1.0008199850316895
1974-09-04 00:00:00,0.9993386628575677
1974-09-05 00:00:00,1.0003010096620244
1974-09-06 00:00:00,1.0004080723239785
1974-09-09 00:00:00,0.9993747561292626
1974-09-10 00:00:00,0.9978934339551409
1974-09-11 00:00:00,0.9981569728873567
1974-09-12 00:00:00,0.9981569728873567
1974-09-13 00:00:00,0.9996083742921358
1974-09-16 00:00:00,0.9989906098710198
1974-09-17 00:00:00,0.9973382625369563
1974-09-18 00:00:00,0.9962032066593669
1974-09-19 00:00:00,0.9980856842778738
1974-09-20 00:00:00,0.9983731799055869
1974-09-23 00:00:00,0.9973243392707429
1974-09-24 00:00:00,0.9979998034908113
1974-09-25 00:00:00,0.9974251466910684
1974-09-26 00:00:00,0.9943502478517025
1974-09-27 00:00:00,0.9904131965848804
1974-09-30 00:00:00,0.9901402931347467
1974-10-01 00:00:00,0.9884879458006838
1974-10-02 00:00:00,0.9895944862344801
1974-10-03 00:00:00,0.992339116280443
1974-10-04 00:00:00,0.9888331412273491
1974-10-07 00:00:00,0.98847402253447
1974-10-08 00:00:00,0.98902016389042
1974-10-09 00:00:00,0.9860745879151724
1974-10-10 00:00:00,0.9929144419915523
1974-10-11 00:00:00,0.9889773907247303
1974-10-15 00:00:00,0.990213254022645
1974-10-16 00:00:00,0.9889919829023099
1974-10-17 00:00:00,0.9894088013941413
1974-10-18 00:00:00,0.9894376512936176
1974-10-21 00:00:00,0.9904579764846686
1974-10-22 00:00:00,0.9905730416268903
1974-10-23 00:00:00,0.9892224476424365
1974-10-24 00:00:00,0.9895961585128953
1974-10-25 00:00:00,0.988805963606288
1974-10-28 00:00:00,0.989136566855374
1974-10-29 00:00:00,0.9882601567060214
1974-10-30 00:00:00,0.9877717151490238
1974-10-31 00:00:00,0.9875850269416361
1974-11-01 00:00:00,0.9864499710640464
1974-11-04 00:00:00,0.9842372246521367
1974-11-06 00:00:00,0.9823693392112094
1974-11-07 00:00:00,0.9826568348389224
1974-11-08 00:00:00,0.9875137383321532
1974-11-12 00:00:00,1.0026756695912282
1974-11-13 00:00:00,1.0026756695912282
1974-11-14 00:00:00,0.998046574934549
1974-11-15 00:00:00,0.9975535718371908
1974-11-18 00:00:00,0.989659141738942
1974-11-19 00:00:00,0.9935199192303429
1974-11-20 00:00:00,0.9951167308155892
1974-11-21 00:00:00,0.9944931143005681
1974-11-22 00:00:00,0.9948708673209619
1974-11-25 00:00:00,0.9938554105529527
1974-11-26 00:00:00,0.9927964159790558
1974-11-27 00:00:00,0.9926517153287984
1974-11-29 00:00:00,0.9922457878432154
1974-12-02 00:00:00,0.992623540863609
1974-12-03 00:00:00,0.9930012938840026
1974-12-04 00:00:00,0.9912021566100168
1974-12-05 00:00:00,0.9904914644832205
1974-12-06 00:00:00,0.9901290748035253
1974-12-09 00:00:00,0.9877639460530008
1974-12-10 00:00:00,0.9924084040503784
1974-12-11 00:00:00,0.9960514925123413
1974-12-12 00:00:00,1.0002170346449553
1974-12-13 00:00:00,0.9971117631943416
1974-12-16 00:00:00,0.9899574757961822
1974-12-17 00:00:00,0.9877229604633204
1974-12-18 00:00:00,0.9845306134009314
1974-12-19 00:00:00,0.9896975250689601
1974-12-20 00:00:00,0.9913814122659816
1974-12-23 00:00:00,0.9895822749919957
1974-12-24 00:00:00,0.9888715828651994
1974-12-26 00:00:00,0.9883785797678413
1974-12-27 00:00:00,0.9834447204699489
1974-12-30 00:00:00,0.982168036866614
1974-12-31 00:00:00,0.9816750337692559
1975-01-02 00:00:00,0.9877127015550364
1975-01-03 00:00:00,0.9839979008219963
1975-01-06 00:00:00,0.9786722012711156
1975-01-07 00:00:00,0.9783968872031954
1975-01-08 00:00:00,0.9813869085768446
1975-01-09 00:00:00,0.9800231493617346
1975-01-10 00:00:00,0.9790947682055007
1975-01-13 00:00:00,0.9782574246013774
1975-01-14 00:00:00,0.9782574246013774
1975-01-15 00:00:00,0.9809243386912773
1975-01-16 00:00:00,0.9807159860280038
1975-01-17 00:00:00,0.9802992807014571
1975-01-20 00:00:00,0.9830078653240115
1975-01-21 00:00:00,0.9848830392934723
1975-01-22 00:00:00,0.9900918558753078
1975-01-23 00:00:00,0.9923837351713155
1975-01-24 00:00:00,0.9932171458244093
1975-01-27 00:00:00,1.000092783712432
1975-01-28 00:00:00,0.9944672618040498
1975-01-29 00:00:00,0.987591623916027
1975-01-30 00:00:00,0.9903002085385814
1975-01-31 00:00:00,0.9928004404978624
1975-02-03 00:00:00,0.9896751505487612
1975-02-04 00:00:00,0.98717491858948
1975-02-05 00:00:00,0.9867582132629332
1975-02-06 00:00:00,0.9880083292425736
1975-02-07 00:00:00,0.9892584452222143
1975-02-10 00:00:00,0.9948839671305967
1975-02-11 00:00:00,0.9934254984876827
1975-02-13 00:00:00,0.9957173777836904
1975-02-14 00:00:00,0.9961340831102371
1975-02-18 00:00:00,0.9973008580245684
1975-02-19 00:00:00,0.9992593730593385
1975-02-20 00:00:00,1.0003011363757057
1975-02-21 00:00:00,1.0012178880941087
1975-02-24 00:00:00,1.0082185375800958
1975-02-25 00:00:00,1.0067600689371818
1975-02-26 00:00:00,1.0109271222026504
1975-02-27 00:00:00,1.012802296172111
1975-02-28 00:00:00,1.0125939435088376
1975-03-03 00:00:00,1.013344013096622
1975-03-04 00:00:00,1.0119688855190174
1975-03-05 00:00:00,1.0132190014986582
1975-03-06 00:00:00,1.011760532855744
1975-03-07 00:00:00,1.0046765423044475
1975-03-10 00:00:00,1.0023846630084399
1975-03-11 00:00:00,1.008426890243369
1975-03-12 00:00:00,1.0038431316513539
1975-03-13 00:00:00,1.0060498863832545
1975-03-14 00:00:00,1.0060498863832545
1975-03-17 00:00:00,1.006341133248626
1975-03-18 00:00:00,1.0091703885122347
1975-03-19 00:00:00,1.0102937692786678
1975-03-20 00:00:00,1.0084214680012795
1975-03-21 00:00:00,1.007506120710112
1975-03-24 00:00:00,1.0055089993475645
1975-03-25 00:00:00,1.004593652056397
1975-03-26 00:00:00,1.0035534846800702
1975-03-27 00:00:00,1.0002249490758246
1975-03-28 00:00:00,1.0018892168779474
1975-03-31 00:00:00,1.001057082976886
1975-04-01 00:00:00,1.0018892168779474
1975-04-02 00:00:00,1.0018892168779474
1975-04-03 00:00:00,0.9994760285648694
1975-04-04 00:00:00,0.9945248318535538
1975-04-07 00:00:00,0.9902809489581407
1975-04-08 00:00:00,0.9906970159086713
1975-04-09 00:00:00,0.9889079280213892
1975-04-10 00:00:00,0.9825421036782694
1975-04-11 00:00:00,0.983998338005127
1975-04-14 00:00:00,0.9802121287552974
1975-04-15 00:00:00,0.9846224384309229
1975-04-16 00:00:00,0.9842063714803923
1975-04-17 00:00:00,0.9860786727577805
1975-04-18 00:00:00,0.9879509740351686
1975-04-21 00:00:00,0.982916563933747
1975-04-22 00:00:00,0.9796296350245544
1975-04-23 00:00:00,0.9856626058072497
1975-04-24 00:00:00,0.981709969777208
1975-04-25 00:00:00,0.9785894676482276
1975-04-28 00:00:00,0.9760930659450434
1975-04-29 00:00:00,0.9802537354503504
1975-04-30 00:00:00,0.978173400697697
1975-05-01 00:00:00,0.977008413236211
1975-05-02 00:00:00,0.972265250000161
1975-05-05 00:00:00,0.9738046977171246
1975-05-06 00:00:00,0.972972563816063
1975-05-07 00:00:00,0.9727229236457446
1975-05-08 00:00:00,0.9739295178022838
1975-05-09 00:00:00,0.9637253094137379
1975-05-12 00:00:00,0.9637253094137379
1975-05-13 00:00:00,0.9605259734364554
1975-05-14 00:00:00,0.9598417970313708
1975-05-15 00:00:00,0.9629303599845827
1975-05-16 00:00:00,0.9621204256008883
1975-05-19 00:00:00,0.9617716038054297
1975-05-20 00:00:00,0.9613808626837682
1975-05-21 00:00:00,0.9568401082679804
1975-05-22 00:00:00,0.9515448059805334
1975-05-23 00:00:00,0.9516990160995146
1975-05-27 00:00:00,0.9516436295874793
1975-05-28 00:00:00,0.9543129992786582
1975-05-29 00:00:00,0.9557247891837382
1975-05-30 00:00:00,0.9558789993027192
1975-06-02 00:00:00,0.9541468397425524
1975-06-03 00:00:00,0.953965695251907
1975-06-04 00:00:00,0.9548744532425476
1975-06-05 00:00:00,0.9529326970513642
1975-06-06 00:00:00,0.954051051673021
1975-06-09 00:00:00,0.9551274869684747
1975-06-10 00:00:00,0.9554912937184723
1975-06-11 00:00:00,0.9698980747465737
1975-06-12 00:00:00,0.9715194612826703
1975-06-13 00:00:00,0.9689489151984372
1975-06-16 00:00:00,0.9724566714136821
1975-06-17 00:00:00,0.9736588646877457
1975-06-18 00:00:00,0.9732262042398807
1975-06-19 00:00:00,0.9729193017706256
1975-06-20 00:00:00,0.9730735118896068
1975-06-23 00:00:00,0.9736469152706209
1975-06-24 00:00:00,0.9796698310580634
1975-06-25 00:00:00,0.9798240411770446
1975-06-26 00:00:00,0.9862661502265199
1975-06-27 00:00:00,0.9929178559070118
1975-06-30 00:00:00,1.0060670571490142
1975-07-01 00:00:00,0.9995141750754684
1975-07-02 00:00:00,1.003441124552746
1975-07-03 00:00:00,1.0054817043508755
1975-07-07 00:00:00,1.0089894605661203
1975-07-08 00:00:00,1.0053709313268049
1975-07-09 00:00:00,1.0002057047085666
1975-07-10 00:00:00,1.0002057047085666
1975-07-11 00:00:00,0.9996932724728016
1975-07-14 00:00:00,1.0032753825806242
1975-07-15 00:00:00,1.0073124418377342
1975-07-16 00:00:00,1.0061175858780378
1975-07-17 00:00:00,1.008698807857428
1975-07-18 00:00:00,1.0105521111979578
1975-07-21 00:00:00,1.0102671535368366
1975-07-22 00:00:00,1.0090722975771405
1975-07-23 00:00:00,1.0081049161920879
1975-07-24 00:00:00,1.0087298568295415
1975-07-25 00:00:00,1.008672373743064
1975-07-28 00:00:00,1.0097522635298053
1975-07-29 00:00:00,1.0099222550179716
1975-07-30 00:00:00,1.0155516362975878
1975-07-31 00:00:00,1.0195886955546978
1975-08-01 00:00:00,1.022488381938589
1975-08-04 00:00:00,1.0251605937478365
1975-08-05 00:00:00,1.0255580598106466
1975-08-06 00:00:00,1.0311874410902628
1975-08-07 00:00:00,1.0420487375866854
1975-08-08 00:00:00,1.0419912545002077
1975-08-11 00:00:00,1.0428436697123054
1975-08-12 00:00:00,1.0421037629018965
1975-08-13 00:00:00,1.040226483218269
1975-08-14 00:00:00,1.0399415255571478
1975-08-15 00:00:00,1.0398840424706703
1975-08-18 00:00:00,1.0398265593841927
1975-08-19 00:00:00,1.035447059379484
1975-08-20 00:00:00,1.0347071525690752
1975-08-21 00:00:00,1.0382892626768976
1975-08-22 00:00:00,1.0405065253368577
1975-08-25 00:00:00,1.0406765168250238
1975-08-26 00:00:00,1.0390267117160403
1975-08-27 00:00:00,1.0382868049056315
1975-08-28 00:00:00,1.0386842709684414
1975-08-29 00:00:00,1.0383993133073204
1975-09-02 00:00:00,1.0387967793701303
1975-09-03 00:00:00,1.03737444883579
1975-09-04 00:00:00,1.0389092877718191
1975-09-05 00:00:00,1.0383242683992853
1975-09-08 00:00:00,1.0383242683992853
1975-09-09 00:00:00,1.0390023901391217
1975-09-10 00:00:00,1.038450852631683
1975-09-11 00:00:00,1.0386371106726096
1975-09-12 00:00:00,1.040298959810266
1975-09-15 00:00:00,1.0407311497006475
1975-09-16 00:00:00,1.048049431375771
1975-09-17 00:00:00,1.0526624627068886
1975-09-18 00:00:00,1.053832448145635
1975-09-19 00:00:00,1.0530349787887412
1975-09-22 00:00:00,1.0574020782704034
1975-09-23 00:00:00,1.0706227243324484
1975-09-24 00:00:00,1.0703171186744644
1975-09-25 00:00:00,1.0690277856186605
1975-09-26 00:00:00,1.070197771057407
1975-09-29 00:00:00,1.0740730068401596
1975-09-30 00:00:00,1.0708162189887152
1975-10-01 00:00:00,1.0722321362769167
1975-10-02 00:00:00,1.0729102580167533
1975-10-03 00:00:00,1.0733424479071347
1975-10-06 00:00:00,1.0705775237546002
1975-10-07 00:00:00,1.0712556454944369
1975-10-08 00:00:00,1.070458176137543
1975-10-09 00:00:00,1.0681851156839188
1975-10-10 00:00:00,1.0629608730368336
1975-10-14 00:00:00,1.0680657680668613
1975-10-15 00:00:00,1.0640711846670516
1975-10-16 00:00:00,1.0640115108585229
1975-10-17 00:00:00,1.062968109652174
1975-10-20 00:00:00,1.0611869128974598
1975-10-21 00:00:00,1.061127239088931
1975-10-22 00:00:00,1.0544274053451157
1975-10-23 00:00:00,1.058302641127868
1975-10-24 00:00:00,1.0567673762226089
1975-10-27 00:00:00,1.0569536342635353
1975-10-28 00:00:00,1.058369551551737
1975-10-29 00:00:00,1.057326150345388
1975-10-30 00:00:00,1.0552990217412186
1975-10-31 00:00:00,1.0522881657392293
1975-11-03 00:00:00,1.053950014876886
1975-11-05 00:00:00,1.058497480776939
1975-11-06 00:00:00,1.058497480776939
1975-11-07 00:00:00,1.059971814348036
1975-11-10 00:00:00,1.0596551200328777
1975-11-12 00:00:00,1.060873592477367
1975-11-13 00:00:00,1.0661858429475826
1975-11-14 00:00:00,1.0699629266581507
1975-11-17 00:00:00,1.076810343888014
1975-11-18 00:00:00,1.0749584828132084
1975-11-19 00:00:00,1.0723390383585787
1975-11-20 00:00:00,1.0694637327773415
1975-11-21 00:00:00,1.0717056497282622
1975-11-24 00:00:00,1.073691705552575
1975-11-25 00:00:00,1.0737332168146678
1975-11-26 00:00:00,1.0763845115681614
1975-11-28 00:00:00,1.082464345418201
1975-12-01 00:00:00,1.0818917899764346
1975-12-02 00:00:00,1.0823426790411002
1975-12-03 00:00:00,1.0802349568396863
1975-12-04 00:00:00,1.077615512385057
1975-12-05 00:00:00,1.0803691515891936
1975-12-08 00:00:00,1.080564179527251
1975-12-09 00:00:00,1.0807592074653085
1975-12-10 00:00:00,1.08044251315015
1975-12-11 00:00:00,1.0808934022148158
1975-12-12 00:00:00,1.0826235969125206
1975-12-15 00:00:00,1.083330347103794
1975-12-16 00:00:00,1.0825019305354198
1975-12-17 00:00:00,1.0807524139112574
1975-12-18 00:00:00,1.0806915807227069
1975-12-19 00:00:00,1.0808354364354429
1975-12-22 00:00:00,1.080825775472214
1975-12-23 00:00:00,1.0806625978330204
1975-12-24 00:00:00,1.0798341812646461
1975-12-26 00:00:00,1.0797733480760958
1975-12-29 00:00:00,1.0799683760141534
1975-12-30 00:00:00,1.0793958205723873
1975-12-31 00:00:00,1.0793349873838367
1976-01-02 00:00:00,1.0787624319420703
1976-01-05 00:00:00,1.0746078207277934
1976-01-06 00:00:00,1.074546987539243
1976-01-07 00:00:00,1.073145160600028
1976-01-08 00:00:00,1.073145160600028
1976-01-09 00:00:00,1.0749300972240823
1976-01-12 00:00:00,1.0746046205529545
1976-01-13 00:00:00,1.0777085654864975
1976-01-14 00:00:00,1.0765916838296767
1976-01-15 00:00:00,1.0762662071585491
1976-01-16 00:00:00,1.0751493255017281
1976-01-19 00:00:00,1.0735048405211118
1976-01-20 00:00:00,1.074498372159473
1976-01-21 00:00:00,1.0781299204168115
1976-01-22 00:00:00,1.0783320470694793
1976-01-23 00:00:00,1.0782703720602496
1976-01-26 00:00:00,1.0770479697386697
1976-01-27 00:00:00,1.0765642120704033
1976-01-28 00:00:00,1.0750780080869256
1976-01-29 00:00:00,1.0743304487567615
1976-01-30 00:00:00,1.0745325754094293
1976-02-02 00:00:00,1.0749985037239949
1976-02-03 00:00:00,1.075411671706181
1976-02-04 00:00:00,1.073503385063667
1976-02-05 00:00:00,1.0750772803582032
1976-02-06 00:00:00,1.0758070103346664
1976-02-09 00:00:00,1.0749539303397433
1976-02-10 00:00:00,1.0756836603162065
1976-02-11 00:00:00,1.0739864150032108
1976-02-13 00:00:00,1.0766155169453377
1976-02-17 00:00:00,1.0776618089160783
1976-02-18 00:00:00,1.0767559685887758
1976-02-19 00:00:00,1.0769580952414437
1976-02-20 00:00:00,1.076527097905557
1976-02-23 00:00:00,1.0760433402372906
1976-02-24 00:00:00,1.0759816652280607
1976-02-25 00:00:00,1.0752868662302764
1976-02-26 00:00:00,1.0753307118858055
1976-02-27 00:00:00,1.0756911195356123
1976-03-01 00:00:00,1.0763153288473164
1976-03-02 00:00:00,1.076306414170466
1976-03-03 00:00:00,1.075875416834579
1976-03-04 00:00:00,1.0816173783870997
1976-03-05 00:00:00,1.0997580180488142
1976-03-08 00:00:00,1.1191595241337353
1976-03-09 00:00:00,1.1191595241337353
1976-03-10 00:00:00,1.1355279951606847
1976-03-11 00:00:00,1.1236435982419604
1976-03-12 00:00:00,1.1281919918630667
1976-03-15 00:00:00,1.1298574397754308
1976-03-16 00:00:00,1.13515539928081
1976-03-17 00:00:00,1.1303053898914168
1976-03-18 00:00:00,1.1286266207816398
1976-03-19 00:00:00,1.1301767508656542
1976-03-22 00:00:00,1.1297088189535491
1976-03-23 00:00:00,1.127741755272898
1976-03-24 00:00:00,1.1267548931332192
1976-03-25 00:00:00,1.128535658873933
1976-03-26 00:00:00,1.1304317424429966
1976-03-29 00:00:00,1.1320971903553605
1976-03-30 00:00:00,1.132897754555102
1976-03-31 00:00:00,1.1326027993855214
1976-04-01 00:00:00,1.1509316734944155
1976-04-02 00:00:00,1.1583630128242641
1976-04-05 00:00:00,1.1620465227327477
1976-04-06 00:00:00,1.1645768543577346
1976-04-07 00:00:00,1.160937682166013
1976-04-08 00:00:00,1.1794395330174317
1976-04-09 00:00:00,1.1779337406501793
1976-04-12 00:00:00,1.1729684134324363
1976-04-13 00:00:00,1.1682913807855675
1976-04-14 00:00:00,1.1662089992765665
1976-04-15 00:00:00,1.1687393309015535
1976-04-16 00:00:00,1.167521833105175
1976-04-19 00:00:00,1.167457513592294
1976-04-20 00:00:00,1.171429318071652
1976-04-21 00:00:00,1.1754011225510097
1976-04-22 00:00:00,1.1816792835973613
1976-04-23 00:00:00,1.1873808555019647
1976-04-26 00:00:00,1.1876048305599576
1976-04-27 00:00:00,1.1852341544800826
1976-04-28 00:00:00,1.1799805326914654
1976-04-29 00:00:00,1.1744386163319738
1976-04-30 00:00:00,1.174950885960841
1976-05-03 00:00:00,1.181805636148941
1976-05-04 00:00:00,1.1828470416331909
1976-05-05 00:00:00,1.1828470416331909
1976-05-06 00:00:00,1.1828470416331909
1976-05-07 00:00:00,1.1828470416331909
1976-05-10 00:00:00,1.1828470416331909
1976-05-11 00:00:00,1.1828470416331909
1976-05-12 00:00:00,1.1828470416331909
1976-05-13 00:00:00,1.1828470416331909
1976-05-14 00:00:00,1.1828470416331909
1976-05-17 00:00:00,1.1828470416331909
1976-05-18 00:00:00,1.1828470416331909
1976-05-19 00:00:00,1.1828470416331909
1976-05-20 00:00:00,1.1828470416331909
1976-05-21 00:00:00,1.1828470416331909
1976-05-24 00:00:00,1.1828470416331909
1976-05-25 00:00:00,1.1828470416331909
1976-05-26 00:00:00,1.1828470416331909
1976-05-27 00:00:00,1.1828470416331909
1976-05-28 00:00:00,1.1828470416331909
1976-06-01 00:00:00,1.1828470416331909
1976-06-02 00:00:00,1.1828470416331909
1976-06-03 00:00:00,1.1828470416331909
1976-06-04 00:00:00,1.1828470416331909
1976-06-07 00:00:00,1.1828470416331909
1976-06-08 00:00:00,1.1828470416331909
1976-06-09 00:00:00,1.1828470416331909
1976-06-10 00:00:00,1.1828470416331909
1976-06-11 00:00:00,1.1828470416331909
1976-06-14 00:00:00,1.1828470416331909
1976-06-15 00:00:00,1.1828470416331909
1976-06-16 00:00:00,1.1828470416331909
1976-06-17 00:00:00,1.1828470416331909
1976-06-18 00:00:00,1.1828470416331909
1976-06-21 00:00:00,1.1828470416331909
1976-06-22 00:00:00,1.1828470416331909
1976-06-23 00:00:00,1.1828470416331909
1976-06-24 00:00:00,1.1828470416331909
1976-06-25 00:00:00,1.1828470416331909
1976-06-28 00:00:00,1.1828470416331909
1976-06-29 00:00:00,1.1828470416331909
1976-06-30 00:00:00,1.1828470416331909
1976-07-01 00:00:00,1.1828470416331909
1976-07-02 00:00:00,1.1828470416331909
1976-07-06 00:00:00,1.1828470416331909
1976-07-07 00:00:00,1.1828470416331909
1976-07-08 00:00:00,1.1828470416331909
1976-07-09 00:00:00,1.1828470416331909
1976-07-12 00:00:00,1.1828470416331909
1976-07-13 00:00:00,1.1828470416331909
1976-07-14 00:00:00,1.1828470416331909
1976-07-15 00:00:00,1.1828470416331909
1976-07-16 00:00:00,1.1828470416331909
1976-07-19 00:00:00,1.1828470416331909
1976-07-20 00:00:00,1.1828470416331909
1976-07-21 00:00:00,1.1828470416331909
1976-07-22 00:00:00,1.1828470416331909
1976-07-23 00:00:00,1.1828470416331909
1976-07-26 00:00:00,1.1828470416331909
1976-07-27 00:00:00,1.1828470416331909
1976-07-28 00:00:00,1.1828470416331909
1976-07-29 00:00:00,1.1828470416331909
1976-07-30 00:00:00,1.1828470416331909
1976-08-02 00:00:00,1.1828470416331909
1976-08-03 00:00:00,1.1828470416331909
1976-08-04 00:00:00,1.1828470416331909
1976-08-05 00:00:00,1.1828470416331909
1976-08-06 00:00:00,1.1828470416331909
1976-08-09 00:00:00,1.1828470416331909
1976-08-10 00:00:00,1.1828470416331909
1976-08-11 00:00:00,1.1825807640067325
1976-08-12 00:00:00,1.1855533522668358
1976-08-13 00:00:00,1.1879310467926727
1976-08-16 00:00:00,1.1879291663814437
1976-08-17 00:00:00,1.184556221476038
1976-08-18 00:00:00,1.186735618090453
1976-08-19 00:00:00,1.187659127932527
1976-08-20 00:00:00,1.1880538433441425
1976-08-23 00:00:00,1.186928274768188
1976-08-24 00:00:00,1.191421147015861
1976-08-25 00:00:00,1.1947242317950015
1976-08-26 00:00:00,1.1934003653076248
1976-08-27 00:00:00,1.1948526695801582
1976-08-30 00:00:00,1.1914797246747526
1976-08-31 00:00:00,1.1897592623645314
1976-09-01 00:00:00,1.1913437652446799
1976-09-02 00:00:00,1.1925977716057914
1976-09-03 00:00:00,1.1928602884097919
1976-09-07 00:00:00,1.1936515996442514
1976-09-08 00:00:00,1.1933853220177928
1976-09-09 00:00:00,1.2088506786974924
1976-09-10 00:00:00,1.2054777337920868
1976-09-13 00:00:00,1.2087147192674195
1976-09-14 00:00:00,1.214265180376011
1976-09-15 00:00:00,1.2177665630665735
1976-09-16 00:00:00,1.2143275188573603
1976-09-17 00:00:00,1.2176967029403083
1976-09-20 00:00:00,1.2254284410745435
1976-09-21 00:00:00,1.2294586181955651
1976-09-22 00:00:00,1.2293906384805287
1976-09-23 00:00:00,1.2328259218672837
1976-09-24 00:00:00,1.236261205254039
1976-09-27 00:00:00,1.2533129452251157
1976-09-28 00:00:00,1.2819981626662929
1976-09-29 00:00:00,1.2617698952900032
1976-09-30 00:00:00,1.265998370322447
1976-10-01 00:00:00,1.2619644323789674
1976-10-04 00:00:00,1.2589219839925987
1976-10-05 00:00:00,1.2634809555440794
1976-10-06 00:00:00,1.2709900381734394
1976-10-07 00:00:00,1.2709900381734394
1976-10-08 00:00:00,1.2709900381734394
1976-10-12 00:00:00,1.2709900381734394
1976-10-13 00:00:00,1.2704557928760503
1976-10-14 00:00:00,1.2819896114427816
1976-10-15 00:00:00,1.273461234668523
1976-10-18 00:00:00,1.2697754567696757
1976-10-19 00:00:00,1.2750830767823067
1976-10-20 00:00:00,1.2760861644612387
1976-10-21 00:00:00,1.275859385759114
1976-10-22 00:00:00,1.2744796073247482
1976-10-25 00:00:00,1.315299619090396
1976-10-26 00:00:00,1.3083085752924584
1976-10-27 00:00:00,1.324377526139337
1976-10-28 00:00:00,1.3369874777894928
1976-10-29 00:00:00,1.3203881028895486
1976-11-01 00:00:00,1.3206993907291364
1976-11-03 00:00:00,1.3052530155614328
1976-11-04 00:00:00,1.291728306614131
1976-11-05 00:00:00,1.2916552612096381
1976-11-08 00:00:00,1.2988845474426705
1976-11-09 00:00:00,1.2890494376385389
1976-11-10 00:00:00,1.2850561931444275
1976-11-12 00:00:00,1.2890570801271857
1976-11-15 00:00:00,1.2797600368647666
1976-11-16 00:00:00,1.2776115919422404
1976-11-17 00:00:00,1.260781617095848
1976-11-18 00:00:00,1.260324238447275
1976-11-19 00:00:00,1.2494898622085349
1976-11-22 00:00:00,1.27478281091334
1976-11-23 00:00:00,1.2766314317292484
1976-11-24 00:00:00,1.2734837203721134
1976-11-26 00:00:00,1.2745636746998616
1976-11-29 00:00:00,1.2726458297237835
1976-11-30 00:00:00,1.2705742514500735
1976-12-01 00:00:00,1.2618152747293667
1976-12-02 00:00:00,1.2608198295390813
1976-12-03 00:00:00,1.2613617173251168
1976-12-06 00:00:00,1.2659006708495875
1976-12-07 00:00:00,1.2548356946643993
1976-12-08 00:00:00,1.2551469825039867
1976-12-09 00:00:00,1.2554582703435744
1976-12-10 00:00:00,1.2553882611717098
1976-12-13 00:00:00,1.2553882611717098
1976-12-14 00:00:00,1.2553882611717098
1976-12-15 00:00:00,1.2553882611717098
1976-12-16 00:00:00,1.2553882611717098
1976-12-17 00:00:00,1.2553882611717098
1976-12-20 00:00:00,1.2553882611717098
1976-12-21 00:00:00,1.2553882611717098
1976-12-22 00:00:00,1.2553882611717098
1976-12-23 00:00:00,1.2553882611717098
1976-12-24 00:00:00,1.2553882611717098
1976-12-27 00:00:00,1.2553882611717098
1976-12-28 00:00:00,1.2553882611717098
1976-12-29 00:00:00,1.2553882611717098
1976-12-30 00:00:00,1.2553882611717098
1976-12-31 00:00:00,1.2553882611717098
1977-01-03 00:00:00,1.2553882611717098
1977-01-04 00:00:00,1.2553882611717098
1977-01-05 00:00:00,1.2553882611717098
1977-01-06 00:00:00,1.2553882611717098
1977-01-07 00:00:00,1.2553882611717098
1977-01-10 00:00:00,1.2553882611717098
1977-01-11 00:00:00,1.2553882611717098
1977-01-12 00:00:00,1.2553882611717098
1977-01-13 00:00:00,1.2553882611717098
1977-01-14 00:00:00,1.2553882611717098
1977-01-17 00:00:00,1.2553882611717098
1977-01-18 00:00:00,1.2553882611717098
1977-01-19 00:00:00,1.2553882611717098
1977-01-20 00:00:00,1.2553882611717098
1977-01-21 00:00:00,1.2553882611717098
1977-01-24 00:00:00,1.2553882611717098
1977-01-25 00:00:00,1.2553882611717098
1977-01-26 00:00:00,1.2553882611717098
1977-01-27 00:00:00,1.2553882611717098
1977-01-28 00:00:00,1.2553882611717098
1977-01-31 00:00:00,1.2553882611717098
1977-02-01 00:00:00,1.2556078626168126
1977-02-02 00:00:00,1.2561202659887194
1977-02-03 00:00:00,1.2541438529827933
1977-02-04 00:00:00,1.2551686597266067
1977-02-07 00:00:00,1.2550222587632047
1977-02-08 00:00:00,1.2559006645436166
1977-02-09 00:00:00,1.257364674177636
1977-02-10 00:00:00,1.2559738650253174
1977-02-11 00:00:00,1.2534118481657834
1977-02-14 00:00:00,1.2421389739838335
1977-02-15 00:00:00,1.2469702057760976
1977-02-16 00:00:00,1.2492394207088278
1977-02-17 00:00:00,1.2483610149284161
1977-02-18 00:00:00,1.2475558096297055
1977-02-22 00:00:00,1.2496786235990338
1977-02-23 00:00:00,1.2500446260075386
1977-02-24 00:00:00,1.2501910269709404
1977-02-25 00:00:00,1.2506302298611462
1977-02-28 00:00:00,1.2539242515376903
1977-03-01 00:00:00,1.254070652501092
1977-03-02 00:00:00,1.254949058281504
1977-03-03 00:00:00,1.254363454427896
1977-03-04 00:00:00,1.2550222587632047
1977-03-07 00:00:00,1.2569254712874303
1977-03-08 00:00:00,1.257218273214234
1977-03-09 00:00:00,1.25765747610444
1977-03-10 00:00:00,1.2559738650253174
1977-03-11 00:00:00,1.257584275622739
1977-03-14 00:00:00,1.2584626814031508
1977-03-15 00:00:00,1.2583162804397485
1977-03-16 00:00:00,1.2585358818848518
1977-03-17 00:00:00,1.2582430799580477
1977-03-18 00:00:00,1.2567058698423275
1977-03-21 00:00:00,1.257071872250832
1977-03-22 00:00:00,1.2564130679155234
1977-03-23 00:00:00,1.257584275622739
1977-03-24 00:00:00,1.257437874659337
1977-03-25 00:00:00,1.257218273214234
1977-03-28 00:00:00,1.2578038770678417
1977-03-29 00:00:00,1.2580128644430981
1977-03-30 00:00:00,1.2580128644430981
1977-03-31 00:00:00,1.2575741757771293
1977-04-01 00:00:00,1.2571354871111606
1977-04-04 00:00:00,1.2574279462218065
1977-04-05 00:00:00,1.257354831444145
1977-04-06 00:00:00,1.256696798445192
1977-04-07 00:00:00,1.2566236836675304
1977-04-08 00:00:00,1.2563312245568845
1977-04-11 00:00:00,1.2564774541122075
1977-04-12 00:00:00,1.2569161427781763
1977-04-13 00:00:00,1.2572817166664836
1977-04-14 00:00:00,1.2562581097792231
1977-04-15 00:00:00,1.2561118802239002
1977-04-18 00:00:00,1.2571354871111606
1977-04-19 00:00:00,1.2569161427781763
1977-04-20 00:00:00,1.2572817166664836
1977-04-21 00:00:00,1.2569892575558377
1977-04-22 00:00:00,1.2562581097792231
1977-04-25 00:00:00,1.256696798445192
1977-04-26 00:00:00,1.2569161427781763
1977-04-27 00:00:00,1.2574279462218065
1977-04-28 00:00:00,1.2569892575558377
1977-04-29 00:00:00,1.2569892575558377
1977-05-02 00:00:00,1.2572086018888222
1977-05-03 00:00:00,1.2571354871111606
1977-05-04 00:00:00,1.2572817166664836
1977-05-05 00:00:00,1.2565505688898688
1977-05-06 00:00:00,1.2561849950015616
1977-05-09 00:00:00,1.2567699132228534
1977-05-10 00:00:00,1.256843028000515
1977-05-11 00:00:00,1.2572817166664836
1977-05-12 00:00:00,1.2567699132228534
1977-05-13 00:00:00,1.2566236836675304
1977-05-16 00:00:00,1.256696798445192
1977-05-17 00:00:00,1.2566236836675304
1977-05-18 00:00:00,1.2564774541122075
1977-05-19 00:00:00,1.2559656506685772
1977-05-20 00:00:00,1.2556731915579316
1977-05-23 00:00:00,1.2555269620026086
1977-05-24 00:00:00,1.2550151585589782
1977-05-25 00:00:00,1.2566849684741663
1977-05-26 00:00:00,1.2566849684741663
1977-05-27 00:00:00,1.2564654090480745
1977-05-31 00:00:00,1.258148697981445
1977-06-01 00:00:00,1.258075511506081
1977-06-02 00:00:00,1.2565385955234385
1977-06-03 00:00:00,1.25712408732635
1977-06-06 00:00:00,1.2574900197031698
1977-06-07 00:00:00,1.2577095791292614
1977-06-08 00:00:00,1.2576363926538974
1977-06-09 00:00:00,1.2574900197031698
1977-06-10 00:00:00,1.2577827656046252
1977-06-13 00:00:00,1.258295070932173
1977-06-14 00:00:00,1.2582218844568092
1977-06-15 00:00:00,1.2585146303582646
1977-06-16 00:00:00,1.2582218844568092
1977-06-17 00:00:00,1.258368257407537
1977-06-20 00:00:00,1.2585146303582646
1977-06-21 00:00:00,1.258368257407537
1977-06-22 00:00:00,1.2585146303582646
1977-06-23 00:00:00,1.2585878168336286
1977-06-24 00:00:00,1.2585146303582646
1977-06-27 00:00:00,1.2588805627350845
1977-06-28 00:00:00,1.2590269356858121
1977-06-29 00:00:00,1.2594660545379959
1977-06-30 00:00:00,1.2585878168336286
1977-07-01 00:00:00,1.2585878168336286
1977-07-05 00:00:00,1.2589537492104483
1977-07-06 00:00:00,1.2592464951119038
1977-07-07 00:00:00,1.2585878168336286
1977-07-08 00:00:00,1.2584414438829008
1977-07-11 00:00:00,1.2588073762597205
1977-07-12 00:00:00,1.2587341897843565
1977-07-13 00:00:00,1.25917330863654
1977-07-15 00:00:00,1.2584414438829008
1977-07-18 00:00:00,1.2587341897843565
1977-07-19 00:00:00,1.2588073762597205
1977-07-20 00:00:00,1.2590269356858121
1977-07-21 00:00:00,1.258368257407537
1977-07-22 00:00:00,1.2585146303582646
1977-07-25 00:00:00,1.2586610033089924
1977-07-26 00:00:00,1.2585035572445422
1977-07-27 00:00:00,1.2585035572445422
1977-07-28 00:00:00,1.2586484626627628
1977-07-29 00:00:00,1.2581412936989909
1977-08-01 00:00:00,1.2588658207900931
1977-08-02 00:00:00,1.2590107262083137
1977-08-03 00:00:00,1.2595903478811954
1977-08-04 00:00:00,1.2602424222631876
1977-08-05 00:00:00,1.259735253299416
1977-08-08 00:00:00,1.2587209153718728
1977-08-09 00:00:00,1.2593005370447545
1977-08-10 00:00:00,1.2599526114267467
1977-08-11 00:00:00,1.2592280843356445
1977-08-12 00:00:00,1.259083178917424
1977-08-15 00:00:00,1.2600250641358568
1977-08-16 00:00:00,1.2608944966451794
1977-08-17 00:00:00,1.2611843074816205
1977-08-18 00:00:00,1.2603148749722977
1977-08-19 00:00:00,1.2608944966451794
1977-08-22 00:00:00,1.2604597803905182
1977-08-23 00:00:00,1.260749591226959
1977-08-24 00:00:00,1.2611843074816205
1977-08-25 00:00:00,1.2615465710271714
1977-08-26 00:00:00,1.262053739990943
1977-08-29 00:00:00,1.2618363818636122
1977-08-30 00:00:00,1.2622710981182736
1977-08-31 00:00:00,1.262705814372935
1977-09-01 00:00:00,1.2622710981182736
1977-09-02 00:00:00,1.2618363818636122
1977-09-06 00:00:00,1.2614741183180613
1977-09-07 00:00:00,1.2628507197911554
1977-09-08 00:00:00,1.262778267082045
1977-09-09 00:00:00,1.262416003536494
1977-09-12 00:00:00,1.262995625209376
1977-09-13 00:00:00,1.2631405306275962
1977-09-14 00:00:00,1.2635752468822576
1977-09-15 00:00:00,1.263357888754927
1977-09-16 00:00:00,1.2626333616638246
1977-09-19 00:00:00,1.262053739990943
1977-09-20 00:00:00,1.261691476445392
1977-09-21 00:00:00,1.2626333616638246
1977-09-22 00:00:00,1.262473168723982
1977-09-23 00:00:00,1.262473168723982
1977-09-26 00:00:00,1.2631975623254992
1977-09-27 00:00:00,1.2628353655247408
1977-09-28 00:00:00,1.2635597591262577
1977-09-29 00:00:00,1.263994395287168
1977-09-30 00:00:00,1.265950258011264
1977-10-03 00:00:00,1.271962724903856
1977-10-04 00:00:00,1.2716729674632494
1977-10-05 00:00:00,1.2729044365858284
1977-10-06 00:00:00,1.274642981229469
1977-10-07 00:00:00,1.2739910269881038
1977-10-11 00:00:00,1.2742807844287107
1977-10-12 00:00:00,1.2763090865129585
1977-10-13 00:00:00,1.2779027524362963
1977-10-14 00:00:00,1.2805105694017576
1977-10-17 00:00:00,1.2837703406085847
1977-10-18 00:00:00,1.285146688451467
1977-10-19 00:00:00,1.2844947342101019
1977-10-20 00:00:00,1.2825388714860055
1977-10-21 00:00:00,1.2817420385243368
1977-10-24 00:00:00,1.2852915671717704
1977-10-25 00:00:00,1.2869576724552598
1977-10-26 00:00:00,1.2879718234973836
1977-10-27 00:00:00,1.2870301118154115
1977-10-28 00:00:00,1.2875371873364734
1977-10-31 00:00:00,1.3325220299906846
1977-11-01 00:00:00,1.3357818011975116
1977-11-02 00:00:00,1.3281756683815822
1977-11-03 00:00:00,1.3104280251444131
1977-11-04 00:00:00,1.307530450738345
1977-11-07 00:00:00,1.3062989816157657
1977-11-09 00:00:00,1.3104280251444131
1977-11-10 00:00:00,1.3180341579603427
1977-11-14 00:00:00,1.3153539016347295
1977-11-15 00:00:00,1.3154263409948814
1977-11-16 00:00:00,1.3169475675580673
1977-11-17 00:00:00,1.317454643079129
1977-11-18 00:00:00,1.3216561259679283
1977-11-21 00:00:00,1.31622317395655
1977-11-22 00:00:00,1.31622317395655
1977-11-23 00:00:00,1.3176554160097256
1977-11-25 00:00:00,1.3176554160097256
1977-11-28 00:00:00,1.3177278743773917
1977-11-29 00:00:00,1.314467247832413
1977-11-30 00:00:00,1.3165685404947327
1977-12-01 00:00:00,1.3164236237594003
1977-12-02 00:00:00,1.3191045833630495
1977-12-05 00:00:00,1.3263504201296688
1977-12-06 00:00:00,1.319829167039711
1977-12-07 00:00:00,1.3228724184816916
1977-12-08 00:00:00,1.3240317523643506
1977-12-09 00:00:00,1.3262055033943365
1977-12-12 00:00:00,1.3266402536003334
1977-12-13 00:00:00,1.3334513401609558
1977-12-14 00:00:00,1.3383060507945905
1977-12-15 00:00:00,1.3379437589562595
1977-12-16 00:00:00,1.3433781365312243
1977-12-19 00:00:00,1.357145226387801
1977-12-20 00:00:00,1.3611304366094414
1977-12-21 00:00:00,1.365695313772412
1977-12-22 00:00:00,1.3433781365312243
1977-12-23 00:00:00,1.3517108488128364
1977-12-27 00:00:00,1.3607681447711104
1977-12-28 00:00:00,1.3723614835977014
1977-12-29 00:00:00,1.3839548224242924
1977-12-30 00:00:00,1.3890269081609259
1978-01-03 00:00:00,1.4209085899340512
1978-01-04 00:00:00,1.4201840062573892
1978-01-05 00:00:00,1.366927106022737
1978-01-06 00:00:00,1.3984464959575311
1978-01-09 00:00:00,1.388664616322595
1978-01-10 00:00:00,1.389751491837588
1978-01-11 00:00:00,1.4060546245624814
1978-01-12 00:00:00,1.3948235775742213
1978-01-13 00:00:00,1.3984464959575311
1978-01-16 00:00:00,1.3969973286042072
1978-01-17 00:00:00,1.3933744102208978
1978-01-18 00:00:00,1.3940989938975594
1978-01-19 00:00:00,1.4001130384138534
1978-01-20 00:00:00,1.3995333714725238
1978-01-23 00:00:00,1.4069241249744757
1978-01-24 00:00:00,1.409934371629984
1978-01-25 00:00:00,1.409934371629984
1978-01-26 00:00:00,1.409934371629984
1978-01-27 00:00:00,1.409934371629984
1978-01-30 00:00:00,1.409934371629984
1978-01-31 00:00:00,1.409934371629984
1978-02-01 00:00:00,1.409934371629984
1978-02-02 00:00:00,1.409934371629984
1978-02-03 00:00:00,1.409934371629984
1978-02-06 00:00:00,1.409934371629984
1978-02-07 00:00:00,1.409934371629984
1978-02-08 00:00:00,1.409934371629984
1978-02-09 00:00:00,1.409934371629984
1978-02-10 00:00:00,1.409934371629984
1978-02-14 00:00:00,1.409934371629984
1978-02-15 00:00:00,1.409934371629984
1978-02-16 00:00:00,1.409934371629984
1978-02-17 00:00:00,1.409934371629984
1978-02-21 00:00:00,1.409934371629984
1978-02-22 00:00:00,1.409934371629984
1978-02-23 00:00:00,1.409934371629984
1978-02-24 00:00:00,1.409934371629984
1978-02-27 00:00:00,1.409934371629984
1978-02-28 00:00:00,1.409934371629984
1978-03-01 00:00:00,1.409934371629984
1978-03-02 00:00:00,1.409934371629984
1978-03-03 00:00:00,1.409934371629984
1978-03-06 00:00:00,1.409934371629984
1978-03-07 00:00:00,1.409934371629984
1978-03-08 00:00:00,1.409934371629984
1978-03-09 00:00:00,1.409934371629984
1978-03-10 00:00:00,1.409934371629984
1978-03-13 00:00:00,1.409934371629984
1978-03-14 00:00:00,1.409934371629984
1978-03-15 00:00:00,1.409934371629984
1978-03-16 00:00:00,1.409934371629984
1978-03-17 00:00:00,1.4051461932519302
1978-03-20 00:00:00,1.4024206147905764
1978-03-21 00:00:00,1.3988847292190907
1978-03-22 00:00:00,1.3981480863916977
1978-03-23 00:00:00,1.380836979947965
1978-03-24 00:00:00,1.3812053013616614
1978-03-27 00:00:00,1.3856251583260188
1978-03-28 00:00:00,1.387466765394501
1978-03-29 00:00:00,1.3839308798230152
1978-03-30 00:00:00,1.3731022302603397
1978-03-31 00:00:00,1.3716289446055538
1978-04-03 00:00:00,1.3734705516740362
1978-04-04 00:00:00,1.3757541444389538
1978-04-05 00:00:00,1.3797320157068758
1978-04-06 00:00:00,1.380100337120572
1978-04-07 00:00:00,1.3809106442307042
1978-04-10 00:00:00,1.3814262942098794
1978-04-11 00:00:00,1.3848885154986257
1978-04-12 00:00:00,1.3812053013616614
1978-04-13 00:00:00,1.3723655874329468
1978-04-14 00:00:00,1.3672090876411966
1978-04-17 00:00:00,1.3598426593672677
1978-04-18 00:00:00,1.358369373712482
1978-04-19 00:00:00,1.3560121166648247
1978-04-20 00:00:00,1.3436365171646243
1978-04-21 00:00:00,1.3462147670604994
1978-04-24 00:00:00,1.341794910096142
1978-04-25 00:00:00,1.3367857388698703
1978-04-26 00:00:00,1.3381853602419167
1978-04-27 00:00:00,1.3502663026111603
1978-04-28 00:00:00,1.3428998743372313
1978-05-01 00:00:00,1.3447414814057135
1978-05-02 00:00:00,1.345330795667628
1978-05-03 00:00:00,1.344373159992017
1978-05-04 00:00:00,1.3465830884741958
1978-05-05 00:00:00,1.3459937742122814
1978-05-08 00:00:00,1.3392166602002669
1978-05-09 00:00:00,1.3340601604085165
1978-05-10 00:00:00,1.3437838457301028
1978-05-11 00:00:00,1.338793679888778
1978-05-12 00:00:00,1.338793679888778
1978-05-15 00:00:00,1.3374655286766421
1978-05-16 00:00:00,1.3459998487731977
1978-05-17 00:00:00,1.3437148906430545
1978-05-18 00:00:00,1.3397371202733597
1978-05-19 00:00:00,1.3472410329197535
1978-05-22 00:00:00,1.342600857760669
1978-05-23 00:00:00,1.3453943363491803
1978-05-24 00:00:00,1.3431829787511913
1978-05-25 00:00:00,1.3428852349892173
1978-05-26 00:00:00,1.3428818933558608
1978-05-29 00:00:00,1.3394193267112469
1978-05-31 00:00:00,1.327198296740258
1978-06-01 00:00:00,1.3328621960827913
1978-06-02 00:00:00,1.3347724682854496
1978-06-05 00:00:00,1.3369035420845712
1978-06-06 00:00:00,1.3335145759721116
1978-06-07 00:00:00,1.3346152423210715
1978-06-08 00:00:00,1.3332134905767812
1978-06-09 00:00:00,1.3318853393646453
1978-06-12 00:00:00,1.3232707354692226
1978-06-13 00:00:00,1.3262850156541968
1978-06-14 00:00:00,1.3267968777459216
1978-06-15 00:00:00,1.328927951545043
1978-06-16 00:00:00,1.3281150040579879
1978-06-19 00:00:00,1.325535643799227
1978-06-20 00:00:00,1.321337071833069
1978-06-21 00:00:00,1.3141208780485802
1978-06-22 00:00:00,1.3226551981451358
1978-06-23 00:00:00,1.3148502001034112
1978-06-26 00:00:00,1.314846858470055
1978-06-27 00:00:00,1.315800323754706
1978-06-28 00:00:00,1.3102769422097684
1978-06-29 00:00:00,1.3023983436358897
1978-06-30 00:00:00,1.3052654227565557
1978-07-03 00:00:00,1.3004780465331622
1978-07-05 00:00:00,1.2990026942567177
1978-07-06 00:00:00,1.3002505616699864
1978-07-07 00:00:00,1.2957575875752105
1978-07-10 00:00:00,1.2839045602649934
1978-07-11 00:00:00,1.287474009264009
1978-07-12 00:00:00,1.287474009264009
1978-07-13 00:00:00,1.287474009264009
1978-07-14 00:00:00,1.2854249790105383
1978-07-17 00:00:00,1.2837174537993128
1978-07-18 00:00:00,1.2864494941372735
1978-07-19 00:00:00,1.294304110108911
1978-07-20 00:00:00,1.3001096958270775
1978-07-21 00:00:00,1.3052322714607538
1978-07-24 00:00:00,1.3141114025591263
1978-07-25 00:00:00,1.3151359176858617
1978-07-26 00:00:00,1.3048907664185088
1978-07-27 00:00:00,1.3026368331396911
1978-07-28 00:00:00,1.3141114025591263
1978-07-31 00:00:00,1.3188924731505576
1978-08-01 00:00:00,1.3161604328125969
1978-08-02 00:00:00,1.316843442897087
1978-08-03 00:00:00,1.3178679580238224
1978-08-04 00:00:00,1.3147944126436164
1978-08-07 00:00:00,1.3176630549984751
1978-08-08 00:00:00,1.3209415034040282
1978-08-09 00:00:00,1.3308451496291358
1978-08-10 00:00:00,1.3335771899670967
1978-08-11 00:00:00,1.341431805938734
1978-08-14 00:00:00,1.3527014723328221
1978-08-15 00:00:00,1.3468958866146556
1978-08-16 00:00:00,1.3496279269526161
1978-08-17 00:00:00,1.3243565538264792
1978-08-18 00:00:00,1.3250395639109693
1978-08-21 00:00:00,1.316706840880189
1978-08-22 00:00:00,1.3182094630660672
1978-08-23 00:00:00,1.3154774227281067
1978-08-24 00:00:00,1.3180728610491694
1978-08-25 00:00:00,1.3151359176858617
1978-08-28 00:00:00,1.312745382390146
1978-08-29 00:00:00,1.327430099206685
1978-08-30 00:00:00,1.3257225739954597
1978-08-31 00:00:00,1.3270885941644401
1978-09-01 00:00:00,1.3318696647558714
1978-09-05 00:00:00,1.3270885941644401
1978-09-06 00:00:00,1.3266104871052966
1978-09-07 00:00:00,1.3229457964969646
1978-09-08 00:00:00,1.3229457964969646
1978-09-11 00:00:00,1.3272503923640913
1978-09-12 00:00:00,1.3290952191642889
1978-09-13 00:00:00,1.3392076031061104
1978-09-14 00:00:00,1.3385243339208521
1978-09-15 00:00:00,1.3402325068839978
1978-09-18 00:00:00,1.3383193531652746
1978-09-19 00:00:00,1.3398908722913685
1978-09-20 00:00:00,1.3518480830333872
1978-09-21 00:00:00,1.3528729868112745
1978-09-22 00:00:00,1.3474068333292089
1978-09-25 00:00:00,1.3494566408849835
1978-09-26 00:00:00,1.3460402949586927
1978-09-27 00:00:00,1.3465185833883733
1978-09-28 00:00:00,1.3477484679218381
1978-09-29 00:00:00,1.3494566408849835
1978-10-02 00:00:00,1.34706519873658
1978-10-03 00:00:00,1.3484317371070962
1978-10-04 00:00:00,1.3542395251817911
1978-10-05 00:00:00,1.3540345444262136
1978-10-06 00:00:00,1.353556255996533
1978-10-10 00:00:00,1.3552644289596785
1978-10-11 00:00:00,1.361208870871425
1978-10-12 00:00:00,1.3562893327375658
1978-10-13 00:00:00,1.356972601922824
1978-10-16 00:00:00,1.3590224094785988
1978-10-17 00:00:00,1.3638052937754062
1978-10-18 00:00:00,1.3634636591827771
1978-10-19 00:00:00,1.3620971208122608
1978-10-20 00:00:00,1.3665383705164391
1978-10-23 00:00:00,1.3713212548132467
1978-10-24 00:00:00,1.3709796202206175
1978-10-25 00:00:00,1.3863531768889275
1978-10-26 00:00:00,1.4136839442992561
1978-10-27 00:00:00,1.4092426945950778
1978-10-30 00:00:00,1.4334987506717445
1978-10-31 00:00:00,1.4184668285960638
1978-11-01 00:00:00,1.373371062369021
1978-11-02 00:00:00,1.363122024590148
1978-11-03 00:00:00,1.3545811597744202
1978-11-06 00:00:00,1.3500846609239219
1978-11-08 00:00:00,1.3500846609239219
1978-11-09 00:00:00,1.3480338994136576
1978-11-10 00:00:00,1.3446159635632173
1978-11-13 00:00:00,1.3446159635632173
1978-11-14 00:00:00,1.3474870296775872
1978-11-15 00:00:00,1.3448893984312527
1978-11-16 00:00:00,1.3336785688418085
1978-11-17 00:00:00,1.317956063929783
1978-11-20 00:00:00,1.3230829677054434
1978-11-21 00:00:00,1.328551665066148
1978-11-22 00:00:00,1.3312860137465001
1978-11-24 00:00:00,1.3258173163857956
1978-11-27 00:00:00,1.328551665066148
1978-11-28 00:00:00,1.3314910898975265
1978-11-29 00:00:00,1.333815286275826
1978-11-30 00:00:00,1.328893458651192
1978-12-01 00:00:00,1.324586859479637
1978-12-04 00:00:00,1.330944220161456
1978-12-05 00:00:00,1.333815286275826
1978-12-06 00:00:00,1.3336785688418085
1978-12-07 00:00:00,1.3340203624268523
1978-12-08 00:00:00,1.340172646957645
1978-12-11 00:00:00,1.3514518352640978
1978-12-12 00:00:00,1.348580769149728
1978-12-13 00:00:00,1.3511100416790538
1978-12-14 00:00:00,1.3504264545089657
1978-12-15 00:00:00,1.3528190096042743
1978-12-18 00:00:00,1.3699086888564755
1978-12-19 00:00:00,1.374010211877004
1978-12-20 00:00:00,1.374010211877004
1978-12-21 00:00:00,1.365123578665859
1978-12-22 00:00:00,1.3699086888564755
1978-12-26 00:00:00,1.374010211877004
1978-12-27 00:00:00,1.3924670654693816
1978-12-28 00:00:00,1.3869983681086773
1978-12-29 00:00:00,1.395543207734778
1979-01-02 00:00:00,1.3876819552787651
1979-01-03 00:00:00,1.3849476065984128
1979-01-04 00:00:00,1.3781117348975325
1979-01-05 00:00:00,1.3805042899928404
1979-01-08 00:00:00,1.3838589940300476
1979-01-09 00:00:00,1.3838589940300476
1979-01-10 00:00:00,1.3759747342176398
1979-01-11 00:00:00,1.371518413454105
1979-01-12 00:00:00,1.3680904744052318
1979-01-15 00:00:00,1.3658965934139529
1979-01-16 00:00:00,1.3722040012638794
1979-01-17 00:00:00,1.375289146407865
1979-01-18 00:00:00,1.3776887037420762
1979-01-19 00:00:00,1.3735751768834286
1979-01-22 00:00:00,1.3702843553965103
1979-01-23 00:00:00,1.3702843553965103
1979-01-24 00:00:00,1.3711756195492175
1979-01-25 00:00:00,1.3663765048807952
1979-01-26 00:00:00,1.3677476805003446
1979-01-29 00:00:00,1.3678847980622995
1979-01-30 00:00:00,1.368433268310119
1979-01-31 00:00:00,1.3640455063275616
1979-02-01 00:00:00,1.3578066572586125
1979-02-02 00:00:00,1.3567782755439506
1979-02-05 00:00:00,1.3637712712036518
1979-02-06 00:00:00,1.3678847980622995
1979-02-07 00:00:00,1.3800882610762872
1979-02-08 00:00:00,1.3742607646932032
1979-02-09 00:00:00,1.3728895890736539
1979-02-13 00:00:00,1.3735751768834286
1979-02-14 00:00:00,1.3746035585980902
1979-02-15 00:00:00,1.3735751768834286
1979-02-16 00:00:00,1.3725467951687664
1979-02-20 00:00:00,1.3739179707883158
1979-02-21 00:00:00,1.3761118517795947
1979-02-22 00:00:00,1.3776887037420762
1979-02-23 00:00:00,1.3794026732665128
1979-02-26 00:00:00,1.385230169649597
1979-02-27 00:00:00,1.3861214338023038
1979-02-28 00:00:00,1.3872183742979431
1979-03-01 00:00:00,1.3870126979550108
1979-03-02 00:00:00,1.3862585513642587
1979-03-05 00:00:00,1.3864642277071912
1979-03-06 00:00:00,1.388041079669673
1979-03-07 00:00:00,1.3949655165483963
1979-03-08 00:00:00,1.399555149861542
1979-03-09 00:00:00,1.399555149861542
1979-03-12 00:00:00,1.4017529006121343
1979-03-13 00:00:00,1.4010661035025742
1979-03-14 00:00:00,1.398662313619114
1979-03-15 00:00:00,1.3981128759314658
1979-03-16 00:00:00,1.3941981324069734
1979-03-19 00:00:00,1.3905581077263052
1979-03-20 00:00:00,1.3957777657589618
1979-03-21 00:00:00,1.3971513599780818
1979-03-22 00:00:00,1.3971513599780818
1979-03-23 00:00:00,1.4003793063930143
1979-03-26 00:00:00,1.4104752239035476
1979-03-27 00:00:00,1.4086208717077355
1979-03-28 00:00:00,1.4090329499734713
1979-03-29 00:00:00,1.4134284514746556
1979-03-30 00:00:00,1.4165190384676762
1979-04-02 00:00:00,1.4198156645935645
1979-04-03 00:00:00,1.4196096254606967
1979-04-04 00:00:00,1.4196783051716524
1979-04-05 00:00:00,1.4264775965562975
1979-04-06 00:00:00,1.4341697241833704
1979-04-09 00:00:00,1.4412437344118394
1979-04-10 00:00:00,1.4439909228500796
1979-04-11 00:00:00,1.4354059589805785
1979-04-12 00:00:00,1.4247606037823972
1979-04-13 00:00:00,1.4285379878849775
1979-04-16 00:00:00,1.433688966206678
1979-04-17 00:00:00,1.4308044183465258
1979-04-18 00:00:00,1.4242111660947492
1979-04-19 00:00:00,1.4233870095632768
1979-04-20 00:00:00,1.421326618234597
1979-04-23 00:00:00,1.422631532742761
1979-04-24 00:00:00,1.4185794297963563
1979-04-25 00:00:00,1.398662313619114
1979-04-26 00:00:00,1.4060797224023627
1979-04-27 00:00:00,1.4115054195678878
1979-04-30 00:00:00,1.4202964225702568
1979-05-01 00:00:00,1.414458647138996
1979-05-02 00:00:00,1.4200903834373886
1979-05-03 00:00:00,1.4261341980015172
1979-05-04 00:00:00,1.4264011285661191
1979-05-07 00:00:00,1.4264011285661191
1979-05-08 00:00:00,1.4152370363757671
1979-05-09 00:00:00,1.415374019102029
1979-05-10 00:00:00,1.4030455737384497
1979-05-11 00:00:00,1.3982511783192801
1979-05-14 00:00:00,1.3996210055818998
1979-05-15 00:00:00,1.413319278208099
1979-05-16 00:00:00,1.4116069941298242
1979-05-17 00:00:00,1.4074975123419646
1979-05-18 00:00:00,1.4085248827889296
1979-05-21 00:00:00,1.3996210055818998
1979-05-22 00:00:00,1.399963462397555
1979-05-23 00:00:00,1.4090043223308462
1979-05-24 00:00:00,1.4057852282636896
1979-05-25 00:00:00,1.4044838923642007
1979-05-28 00:00:00,1.4057852282636896
1979-05-29 00:00:00,1.4078399691576193
1979-05-31 00:00:00,1.4177712168116137
1979-06-01 00:00:00,1.4205108713368535
1979-06-04 00:00:00,1.4224286295045216
1979-06-05 00:00:00,1.4246203531247135
1979-06-06 00:00:00,1.4203738886105917
1979-06-07 00:00:00,1.4140041918394088
1979-06-08 00:00:00,1.412291907761134
1979-06-11 00:00:00,1.4170863031803038
1979-06-12 00:00:00,1.4314694894378128
1979-06-13 00:00:00,1.4414007370918072
1979-06-14 00:00:00,1.4354419884994107
1979-06-15 00:00:00,1.4424281075387722
1979-06-18 00:00:00,1.4424281075387722
1979-06-19 00:00:00,1.4520168983771116
1979-06-20 00:00:00,1.460235861952831
1979-06-21 00:00:00,1.4652357314613937
1979-06-22 00:00:00,1.4669480155396688
1979-06-25 00:00:00,1.4785230559088072
1979-06-26 00:00:00,1.4732492209477202
1979-06-27 00:00:00,1.4766052977411392
1979-06-28 00:00:00,1.4852352094956447
1979-06-29 00:00:00,1.4937966298870191
1979-07-02 00:00:00,1.4989334821218436
1979-07-03 00:00:00,1.5074094389903032
1979-07-05 00:00:00,1.5074094389903032
1979-07-06 00:00:00,1.5006467227992295
1979-07-09 00:00:00,1.4884738336552972
1979-07-10 00:00:00,1.5026755376565517
1979-07-11 00:00:00,1.509776389657179
1979-07-12 00:00:00,1.5063950315616421
1979-07-13 00:00:00,1.5074094389903032
1979-07-16 00:00:00,1.516200970038699
1979-07-17 00:00:00,1.5347984395641512
1979-07-18 00:00:00,1.5405467483265638
1979-07-19 00:00:00,1.5503526868036204
1979-07-20 00:00:00,1.5378416618501345
1979-07-23 00:00:00,1.5564391313755865
1979-07-24 00:00:00,1.5726696502341633
1979-07-25 00:00:00,1.5692882921386264
1979-07-26 00:00:00,1.5750366009010393
1979-07-27 00:00:00,1.5642162549953214
1979-07-30 00:00:00,1.564351509319143
1979-07-31 00:00:00,1.5199204639437893
1979-08-01 00:00:00,1.5347984395641512
1979-08-02 00:00:00,1.5324314888972754
1979-08-03 00:00:00,1.5341221679450439
1979-08-06 00:00:00,1.5138340193718232
1979-08-07 00:00:00,1.4992941795610149
1979-08-08 00:00:00,1.4979416363228
1979-08-09 00:00:00,1.5111289328953936
1979-08-10 00:00:00,1.520258599753343
1979-08-13 00:00:00,1.511805204514501
1979-08-14 00:00:00,1.5094382538476254
1979-08-15 00:00:00,1.5094382538476254
1979-08-16 00:00:00,1.5019992660374444
1979-08-17 00:00:00,1.4999704511801222
1979-08-20 00:00:00,1.502337401846998
1979-08-21 00:00:00,1.4948984140368171
1979-08-22 00:00:00,1.4999028240182117
1979-08-23 00:00:00,1.5026755376565517
1979-08-24 00:00:00,1.5094382538476254
1979-08-27 00:00:00,1.516877241657806
1979-08-28 00:00:00,1.5209348713724502
1979-08-29 00:00:00,1.523301822039326
1979-08-30 00:00:00,1.5204826485407532
1979-08-31 00:00:00,1.5204826485407532
1979-09-04 00:00:00,1.5113031909919656
1979-09-05 00:00:00,1.5132605753222217
1979-09-06 00:00:00,1.516635375891629
1979-09-07 00:00:00,1.5183227761763325
1979-09-10 00:00:00,1.5150829676297015
1979-09-11 00:00:00,1.511910655094459
1979-09-12 00:00:00,1.4997613730445927
1979-09-13 00:00:00,1.4869371308808448
1979-09-14 00:00:00,1.4633135268949942
1979-09-17 00:00:00,1.4525141650728908
1979-09-18 00:00:00,1.4535266052437132
1979-09-19 00:00:00,1.4476544522529442
1979-09-20 00:00:00,1.458251326040883
1979-09-21 00:00:00,1.4599387263255867
1979-09-24 00:00:00,1.4555514855853573
1979-09-25 00:00:00,1.456766413790344
1979-09-26 00:00:00,1.47546280894486
1979-09-27 00:00:00,1.4862621707669634
1979-09-28 00:00:00,1.4869371308808448
1979-10-01 00:00:00,1.4798500496850895
1979-10-02 00:00:00,1.4789726015370437
1979-10-03 00:00:00,1.4734379286032158
1979-10-04 00:00:00,1.47546280894486
1979-10-05 00:00:00,1.4700631280338086
1979-10-09 00:00:00,1.4542015653575946
1979-10-10 00:00:00,1.4636510069519346
1979-10-11 00:00:00,1.4602762063825274
1979-10-12 00:00:00,1.4555514855853573
1979-10-15 00:00:00,1.455888965642298
1979-10-16 00:00:00,1.4528516451298314
1979-10-17 00:00:00,1.4474519642187798
1979-10-18 00:00:00,1.4528516451298314
1979-10-19 00:00:00,1.4542015653575946
1979-10-22 00:00:00,1.4501518046743056
1979-10-23 00:00:00,1.4258532405745732
1979-10-24 00:00:00,1.4245033203468105
1979-10-25 00:00:00,1.4265282006884548
1979-10-26 00:00:00,1.4206560476976862
1979-10-29 00:00:00,1.4149188867296936
1979-10-30 00:00:00,1.3948888986325694
1979-10-31 00:00:00,1.3948888986325694
1979-11-01 00:00:00,1.3948888986325694
1979-11-02 00:00:00,1.3948888986325694
1979-11-05 00:00:00,1.3948888986325694
1979-11-07 00:00:00,1.3948888986325694
1979-11-08 00:00:00,1.3948888986325694
1979-11-09 00:00:00,1.3948888986325694
1979-11-13 00:00:00,1.3948888986325694
1979-11-14 00:00:00,1.3948888986325694
1979-11-15 00:00:00,1.3948888986325694
1979-11-16 00:00:00,1.3948888986325694
1979-11-19 00:00:00,1.3948888986325694
1979-11-20 00:00:00,1.3948888986325694
1979-11-21 00:00:00,1.3948888986325694
1979-11-23 00:00:00,1.3948888986325694
1979-11-26 00:00:00,1.3948888986325694
1979-11-27 00:00:00,1.3948888986325694
1979-11-28 00:00:00,1.3948888986325694
1979-11-29 00:00:00,1.3948888986325694
1979-11-30 00:00:00,1.3948888986325694
1979-12-03 00:00:00,1.3948888986325694
1979-12-04 00:00:00,1.3948888986325694
1979-12-05 00:00:00,1.3948888986325694
1979-12-06 00:00:00,1.3948888986325694
1979-12-07 00:00:00,1.3948888986325694
1979-12-10 00:00:00,1.3948888986325694
1979-12-11 00:00:00,1.3948888986325694
1979-12-12 00:00:00,1.3948888986325694
1979-12-13 00:00:00,1.4031652818741136
1979-12-14 00:00:00,1.3999820575504427
1979-12-17 00:00:00,1.3993454126857088
1979-12-18 00:00:00,1.3993454126857088
1979-12-19 00:00:00,1.4034836043064807
1979-12-20 00:00:00,1.3990270902533415
1979-12-21 00:00:00,1.401573669712278
1979-12-24 00:00:00,1.4060301837654174
1979-12-26 00:00:00,1.4095317305214554
1979-12-27 00:00:00,1.4295860437605816
1979-12-28 00:00:00,1.4219463053837715
1979-12-31 00:00:00,1.4123966324127593
1980-01-02 00:00:00,1.427803438139326
1980-01-03 00:00:00,1.426084497004544
1980-01-04 00:00:00,1.4241745624103415
1980-01-07 00:00:00,1.4397723615963285
1980-01-08 00:00:00,1.4400906840286956
1980-01-09 00:00:00,1.4426372634876323
1980-01-10 00:00:00,1.437544104569759
1980-01-11 00:00:00,1.4369074597050249
1980-01-14 00:00:00,1.448685389702607
1980-01-15 00:00:00,1.449322034567341
1980-01-16 00:00:00,1.445820487811303
1980-01-17 00:00:00,1.4496403569997083
1980-01-18 00:00:00,1.4550518383499484
1980-01-21 00:00:00,1.4537785486204804
1980-01-22 00:00:00,1.4483670672702398
1980-01-23 00:00:00,1.4499586794320751
1980-01-24 00:00:00,1.4501496728914958
1980-01-25 00:00:00,1.4394540391639616
1980-01-28 00:00:00,1.4308593334900501
1980-01-29 00:00:00,1.4321326232195184
1980-01-30 00:00:00,1.4400906840286956
1980-01-31 00:00:00,1.4430829148929463
1980-02-01 00:00:00,1.4477304224055056
1980-02-04 00:00:00,1.455688483214683
1980-02-05 00:00:00,1.4582350626736198
1980-02-06 00:00:00,1.471922927265404
1980-02-07 00:00:00,1.4652381561856953
1980-02-08 00:00:00,1.4625914324895362
1980-02-11 00:00:00,1.4625914324895362
1980-02-13 00:00:00,1.4646856537448905
1980-02-14 00:00:00,1.467922177503166
1980-02-15 00:00:00,1.4564356912237972
1980-02-19 00:00:00,1.441839603686478
1980-02-20 00:00:00,1.446535736198485
1980-02-21 00:00:00,1.4510414849600055
1980-02-22 00:00:00,1.4434261349405346
1980-02-25 00:00:00,1.4443780536929682
1980-02-26 00:00:00,1.4448222824441042
1980-02-27 00:00:00,1.4513587912108166
1980-02-28 00:00:00,1.4499626437072473
1980-02-29 00:00:00,1.4424742161881008
1980-03-03 00:00:00,1.4228012286378011
1980-03-04 00:00:00,1.418358941126443
1980-03-05 00:00:00,1.421532003634556
1980-03-06 00:00:00,1.4174070223740092
1980-03-07 00:00:00,1.4132820411134626
1980-03-10 00:00:00,1.4068089935969124
1980-03-11 00:00:00,1.4129647348626513
1980-03-12 00:00:00,1.4174070223740092
1980-03-13 00:00:00,1.4107435911069721
1980-03-14 00:00:00,1.4043974660907466
1980-03-17 00:00:00,1.3882148472993712
1980-03-18 00:00:00,1.3872629285469371
1980-03-19 00:00:00,1.3901186848042388
1980-03-20 00:00:00,1.3923398285599178
1980-03-21 00:00:00,1.3856763972928807
1980-03-24 00:00:00,1.3872629285469371
1980-03-25 00:00:00,1.3888494598009935
1980-03-26 00:00:00,1.386945622296126
1980-03-27 00:00:00,1.3796475785274662
1980-03-28 00:00:00,1.3764745160193534
1980-03-31 00:00:00,1.3707630035047504
1980-04-01 00:00:00,1.3653687972409585
1980-04-02 00:00:00,1.3669553284950149
1980-04-03 00:00:00,1.357436140970676
1980-04-04 00:00:00,1.354897690964186
1980-04-07 00:00:00,1.3580707534722989
1980-04-08 00:00:00,1.382820641035579
1980-04-09 00:00:00,1.3868241511171904
1980-04-10 00:00:00,1.3868241511171904
1980-04-11 00:00:00,1.3845295799834159
1980-04-14 00:00:00,1.3790709108548493
1980-04-15 00:00:00,1.389116321900762
1980-04-16 00:00:00,1.3703684411940706
1980-04-17 00:00:00,1.371554377854567
1980-04-18 00:00:00,1.3692598067207922
1980-04-21 00:00:00,1.3543088436078508
1980-04-22 00:00:00,1.3589752880626176
1980-04-23 00:00:00,1.3370633093611344
1980-04-24 00:00:00,1.340464114617985
1980-04-25 00:00:00,1.3340562160909812
1980-04-28 00:00:00,1.3279647273634565
1980-04-29 00:00:00,1.3364280894119733
1980-04-30 00:00:00,1.3433094024630945
1980-05-01 00:00:00,1.342913290126195
1980-05-02 00:00:00,1.3450484561851286
1980-05-05 00:00:00,1.3307303126711454
1980-05-06 00:00:00,1.3297013807352873
1980-05-07 00:00:00,1.3283560389999503
1980-05-08 00:00:00,1.3260614678661755
1980-05-09 00:00:00,1.3373725181100051
1980-05-12 00:00:00,1.3284333411871676
1980-05-13 00:00:00,1.3296192778476639
1980-05-14 00:00:00,1.3178324127295142
1980-05-15 00:00:00,1.3158542513952187
1980-05-16 00:00:00,1.3262160722406109
1980-05-19 00:00:00,1.3264527795026693
1980-05-20 00:00:00,1.3216269299730614
1980-05-21 00:00:00,1.2965508532767869
1980-05-22 00:00:00,1.2977367899372827
1980-05-23 00:00:00,1.287848383616008
1980-05-27 00:00:00,1.2713153715056706
1980-05-28 00:00:00,1.2781966845567918
1980-05-29 00:00:00,1.2863436368058296
1980-05-30 00:00:00,1.2884788028647634
1980-06-02 00:00:00,1.2921960179210927
1980-06-03 00:00:00,1.3133157719487767
1980-06-04 00:00:00,1.301528906830627
1980-06-05 00:00:00,1.2957538279025815
1980-06-06 00:00:00,1.29443541264118
1980-06-09 00:00:00,1.29443541264118
1980-06-10 00:00:00,1.2846328385739547
1980-06-11 00:00:00,1.2857893220313241
1980-06-12 00:00:00,1.287826935741927
1980-06-13 00:00:00,1.2900297613750111
1980-06-16 00:00:00,1.2889283485584693
1980-06-17 00:00:00,1.2834763551165853
1980-06-18 00:00:00,1.2844125560106463
1980-06-19 00:00:00,1.2861748165171139
1980-06-20 00:00:00,1.285899463312978
1980-06-23 00:00:00,1.2892037017626048
1980-06-24 00:00:00,1.286284957798768
1980-06-25 00:00:00,1.2864501697212491
1980-06-26 00:00:00,1.2905804677832824
1980-06-27 00:00:00,1.292507940212231
1980-06-30 00:00:00,1.2971889446825355
1980-07-01 00:00:00,1.300493183132162
1980-07-02 00:00:00,1.2985657107032131
1980-07-03 00:00:00,1.2932238585429836
1980-07-07 00:00:00,1.3120580177058545
1980-07-08 00:00:00,1.3068263068272794
1980-07-09 00:00:00,1.307101660031415
1980-07-10 00:00:00,1.3082030728479572
1980-07-11 00:00:00,1.3094146269461535
1980-07-14 00:00:00,1.3082030728479572
1980-07-15 00:00:00,1.3060002472148728
1980-07-16 00:00:00,1.3060002472148728
1980-07-17 00:00:00,1.310681251685177
1980-07-18 00:00:00,1.3074871545172049
1980-07-21 00:00:00,1.3104058984810416
1980-07-22 00:00:00,1.3150869029513454
1980-07-23 00:00:00,1.313159430522397
1980-07-24 00:00:00,1.31976790742165
1980-07-25 00:00:00,1.3164636689720233
1980-07-28 00:00:00,1.3140956314164578
1980-07-29 00:00:00,1.3057248940107373
1980-07-30 00:00:00,1.293058646620502
1980-07-31 00:00:00,1.2900297613750111
1980-08-01 00:00:00,1.2847980504964363
1980-08-04 00:00:00,1.2900297613750111
1980-08-05 00:00:00,1.2968006140587434
1980-08-06 00:00:00,1.2968006140587434
1980-08-07 00:00:00,1.2945063585494567
1980-08-08 00:00:00,1.2957081114352733
1980-08-11 00:00:00,1.2955988611729263
1980-08-12 00:00:00,1.2962543627470084
1980-08-13 00:00:00,1.2976199910263457
1980-08-14 00:00:00,1.2976199910263457
1980-08-15 00:00:00,1.2998049962732854
1980-08-18 00:00:00,1.2940693575000688
1980-08-19 00:00:00,1.2891530956944541
1980-08-20 00:00:00,1.2937962318442011
1980-08-21 00:00:00,1.2940693575000688
1980-08-22 00:00:00,1.2921574779089964
1980-08-25 00:00:00,1.2937962318442011
1980-08-26 00:00:00,1.2998049962732854
1980-08-27 00:00:00,1.3058137607023699
1980-08-28 00:00:00,1.3049943837347673
1980-08-29 00:00:00,1.308818142916912
1980-09-02 00:00:00,1.3208356717750807
1980-09-03 00:00:00,1.3194700434957436
1980-09-04 00:00:00,1.3208356717750807
1980-09-05 00:00:00,1.3181044152164056
1980-09-08 00:00:00,1.3205625461192132
1980-09-09 00:00:00,1.3112762738197192
1980-09-10 00:00:00,1.3120956507873216
1980-09-11 00:00:00,1.3172850382488037
1980-09-12 00:00:00,1.3183775408722735
1980-09-15 00:00:00,1.308818142916912
1980-09-16 00:00:00,1.30362875545543
1980-09-17 00:00:00,1.3067970130634927
1980-09-18 00:00:00,1.3022631271760925
1980-09-19 00:00:00,1.303082504143695
1980-09-22 00:00:00,1.3126419020990565
1980-09-23 00:00:00,1.3120956507873216
1980-09-24 00:00:00,1.3104568968521169
1980-09-25 00:00:00,1.3105661471144636
1980-09-26 00:00:00,1.3063600120141046
1980-09-29 00:00:00,1.3058137607023699
1980-09-30 00:00:00,1.3039018811112975
1980-10-01 00:00:00,1.3060868863582373
1980-10-02 00:00:00,1.302966589615345
1980-10-03 00:00:00,1.302966589615345
1980-10-06 00:00:00,1.308149432056138
1980-10-07 00:00:00,1.3052579515365377
1980-10-08 00:00:00,1.305530732717632
1980-10-09 00:00:00,1.3078220946388248
1980-10-10 00:00:00,1.3108772438670817
1980-10-14 00:00:00,1.3136050556780252
1980-10-15 00:00:00,1.3131686057882743
1980-10-16 00:00:00,1.3183514482290672
1980-10-17 00:00:00,1.3164419799614064
1980-10-20 00:00:00,1.3254437589375208
1980-10-21 00:00:00,1.3284443519295586
1980-10-22 00:00:00,1.3281715707484643
1980-10-23 00:00:00,1.33226328846488
1980-10-24 00:00:00,1.3311721637405025
1980-10-27 00:00:00,1.3300810390161248
1980-10-28 00:00:00,1.3281715707484643
1980-10-29 00:00:00,1.331717726102691
1980-10-30 00:00:00,1.3300810390161248
1980-10-31 00:00:00,1.3292626954728417
1980-11-03 00:00:00,1.3328088508270688
1980-11-05 00:00:00,1.3344455379136348
1980-11-06 00:00:00,1.3300810390161248
1980-11-07 00:00:00,1.3191697917723504
1980-11-10 00:00:00,1.3074402009852926
1980-11-12 00:00:00,1.3164419799614064
1980-11-13 00:00:00,1.3188970105912559
1980-11-14 00:00:00,1.3109863563395192
1980-11-17 00:00:00,1.3060762950798208
1980-11-18 00:00:00,1.303894045631066
1980-11-19 00:00:00,1.2962561725604236
1980-11-20 00:00:00,1.301166233820122
1980-11-21 00:00:00,1.2867088312221207
1980-11-24 00:00:00,1.2760703651594405
1980-11-25 00:00:00,1.2847993629544603
1980-11-26 00:00:00,1.2927100172061967
1980-11-28 00:00:00,1.286163268859932
1980-12-01 00:00:00,1.2812532076002336
1980-12-02 00:00:00,1.2774342710649125
1980-12-03 00:00:00,1.2798893016947617
1980-12-04 00:00:00,1.2785163994659372
1980-12-05 00:00:00,1.2785163994659372
1980-12-08 00:00:00,1.2759831849588894
1980-12-09 00:00:00,1.2802825719881068
1980-12-10 00:00:00,1.2777493574810592
1980-12-11 00:00:00,1.2916143866610479
1980-12-12 00:00:00,1.2866214356009444
1980-12-15 00:00:00,1.2843615251553473
1980-12-16 00:00:00,1.2944002974750273
1980-12-17 00:00:00,1.2828480489401097
1980-12-18 00:00:00,1.286054219723525
1980-12-19 00:00:00,1.2766884036802117
1980-12-22 00:00:00,1.2711488444972074
1980-12-23 00:00:00,1.2617830284538947
1980-12-24 00:00:00,1.2660824154831118
1980-12-26 00:00:00,1.2556233831939967
1980-12-29 00:00:00,1.26265581083772
1980-12-30 00:00:00,1.2494637379340985
1980-12-31 00:00:00,1.2499368681030076
1981-01-02 00:00:00,1.2536896470093235
1981-01-05 00:00:00,1.2353047969381408
1981-01-06 00:00:00,1.23140506212384
1981-01-07 00:00:00,1.237344273521761
1981-01-08 00:00:00,1.2416436605509782
1981-01-09 00:00:00,1.2462163516416462
1981-01-12 00:00:00,1.245049657441852
1981-01-13 00:00:00,1.2498956525939706
1981-01-14 00:00:00,1.2418963568579107
1981-01-15 00:00:00,1.2429160951497207
1981-01-16 00:00:00,1.246668874056037
1981-01-19 00:00:00,1.2403094026886807
1981-01-20 00:00:00,1.2328567150755219
1981-01-21 00:00:00,1.2281370680768693
1981-01-22 00:00:00,1.2411821850725062
1981-01-23 00:00:00,1.2389222746269088
1981-01-26 00:00:00,1.2339293235668058
1981-01-27 00:00:00,1.2415083593334302
1981-01-28 00:00:00,1.2379912502051604
1981-01-29 00:00:00,1.2442037656645324
1981-01-30 00:00:00,1.2612391219573478
1981-02-02 00:00:00,1.2701846780312256
1981-02-03 00:00:00,1.2689077329730416
1981-02-04 00:00:00,1.2689077329730416
1981-02-05 00:00:00,1.2605596557824295
1981-02-06 00:00:00,1.2602903629698292
1981-02-09 00:00:00,1.2605596557824295
1981-02-10 00:00:00,1.2586746060942269
1981-02-11 00:00:00,1.2589438989068271
1981-02-13 00:00:00,1.2303988607711858
1981-02-17 00:00:00,1.218819269829369
1981-02-18 00:00:00,1.2204350267049713
1981-02-19 00:00:00,1.2301295679585853
1981-02-20 00:00:00,1.2441327942138058
1981-02-23 00:00:00,1.2085861429505542
1981-02-24 00:00:00,1.2026617010733456
1981-02-25 00:00:00,1.1999687729473418
1981-02-26 00:00:00,1.1991608945095404
1981-02-27 00:00:00,1.187042717942523
1981-03-02 00:00:00,1.1743859557503042
1981-03-03 00:00:00,1.1875813035677236
1981-03-04 00:00:00,1.183811204191318
1981-03-05 00:00:00,1.187042717942523
1981-03-06 00:00:00,1.1808489832527138
1981-03-09 00:00:00,1.1929671598197313
1981-03-10 00:00:00,1.1999687729473418
1981-03-11 00:00:00,1.1937750382575325
1981-03-12 00:00:00,1.1951215023205346
1981-03-13 00:00:00,1.194044331070133
1981-03-16 00:00:00,1.2045467507615482
1981-03-17 00:00:00,1.2112790710765582
1981-03-18 00:00:00,1.2271673470199813
1981-03-19 00:00:00,1.2282445182703825
1981-03-20 00:00:00,1.218819269829369
1981-03-23 00:00:00,1.2115483638891584
1981-03-24 00:00:00,1.2201657338923708
1981-03-25 00:00:00,1.2185499770167687
1981-03-26 00:00:00,1.209124728575755
1981-03-27 00:00:00,1.1988916016969402
1981-03-30 00:00:00,1.2050853363867489
1981-03-31 00:00:00,1.2023924082607451
1981-04-01 00:00:00,1.2096633142009556
1981-04-02 00:00:00,1.194582916695334
1981-04-03 00:00:00,1.1818147749958237
1981-04-06 00:00:00,1.1818147749958237
1981-04-07 00:00:00,1.1818147749958237
1981-04-08 00:00:00,1.1818147749958237
1981-04-09 00:00:00,1.1818147749958237
1981-04-10 00:00:00,1.1818147749958237
1981-04-13 00:00:00,1.1818147749958237
1981-04-14 00:00:00,1.1818147749958237
1981-04-15 00:00:00,1.1818147749958237
1981-04-16 00:00:00,1.1818147749958237
1981-04-17 00:00:00,1.1818147749958237
1981-04-20 00:00:00,1.1818147749958237
1981-04-21 00:00:00,1.1818147749958237
1981-04-22 00:00:00,1.1818147749958237
1981-04-23 00:00:00,1.1818147749958237
1981-04-24 00:00:00,1.1818147749958237
1981-04-27 00:00:00,1.1818147749958237
1981-04-28 00:00:00,1.1818147749958237
1981-04-29 00:00:00,1.1818147749958237
1981-04-30 00:00:00,1.1818147749958237
1981-05-01 00:00:00,1.1818147749958237
1981-05-04 00:00:00,1.1818147749958237
1981-05-05 00:00:00,1.1818147749958237
1981-05-06 00:00:00,1.1818147749958237
1981-05-07 00:00:00,1.1818147749958237
1981-05-08 00:00:00,1.1818147749958237
1981-05-11 00:00:00,1.1818147749958237
1981-05-12 00:00:00,1.1818147749958237
1981-05-13 00:00:00,1.1818147749958237
1981-05-14 00:00:00,1.1818147749958237
1981-05-15 00:00:00,1.1818147749958237
1981-05-18 00:00:00,1.1739421486930106
1981-05-19 00:00:00,1.1805395610910383
1981-05-20 00:00:00,1.177908051168057
1981-05-21 00:00:00,1.1852460560980174
1981-05-22 00:00:00,1.1826145461750364
1981-05-26 00:00:00,1.1862495884453328
1981-05-27 00:00:00,1.1895997874341164
1981-05-28 00:00:00,1.184974374540547
1981-05-29 00:00:00,1.183767081025129
1981-06-01 00:00:00,1.1908202426735766
1981-06-02 00:00:00,1.2030005833892514
1981-06-03 00:00:00,1.2143263942603881
1981-06-04 00:00:00,1.2575546526609376
1981-06-05 00:00:00,1.2631835979018222
1981-06-08 00:00:00,1.2574188118822025
1981-06-09 00:00:00,1.2570660482113223
1981-06-10 00:00:00,1.239907530931198
1981-06-11 00:00:00,1.2520878716468726
1981-06-12 00:00:00,1.2474624587533034
1981-06-15 00:00:00,1.221758643027801
1981-06-16 00:00:00,1.2257924658922148
1981-06-17 00:00:00,1.2244712350641915
1981-06-18 00:00:00,1.2363667324983538
1981-06-19 00:00:00,1.2385775583610872
1981-06-22 00:00:00,1.22722984402382
1981-06-23 00:00:00,1.2235159296310911
1981-06-24 00:00:00,1.2343859912518078
1981-06-25 00:00:00,1.249129921501096
1981-06-26 00:00:00,1.2513407473638294
1981-06-29 00:00:00,1.2544061030711005
1981-06-30 00:00:00,1.2620289512825735
1981-07-01 00:00:00,1.2776274113763995
1981-07-02 00:00:00,1.2880986924029987
1981-07-03 00:00:00,1.2829035929464039
1981-07-06 00:00:00,1.2788478666158598
1981-07-07 00:00:00,1.277355729818929
1981-07-08 00:00:00,1.2906754436606545
1981-07-09 00:00:00,1.291746896397337
1981-07-10 00:00:00,1.2828488342810787
1981-07-13 00:00:00,1.289262608215515
1981-07-14 00:00:00,1.289262608215515
1981-07-15 00:00:00,1.289262608215515
1981-07-16 00:00:00,1.289262608215515
1981-07-17 00:00:00,1.289262608215515
1981-07-20 00:00:00,1.289262608215515
1981-07-21 00:00:00,1.289262608215515
1981-07-22 00:00:00,1.289262608215515
1981-07-23 00:00:00,1.289262608215515
1981-07-24 00:00:00,1.289262608215515
1981-07-27 00:00:00,1.289262608215515
1981-07-28 00:00:00,1.289262608215515
1981-07-29 00:00:00,1.289262608215515
1981-07-30 00:00:00,1.289262608215515
1981-07-31 00:00:00,1.3009911321246346
1981-08-03 00:00:00,1.3276464982936538
1981-08-04 00:00:00,1.3331265766056062
1981-08-05 00:00:00,1.324721220257187
1981-08-06 00:00:00,1.3298541627026301
1981-08-07 00:00:00,1.3349871051480733
1981-08-10 00:00:00,1.3484513083897394
1981-08-11 00:00:00,1.3449058541724501
1981-08-12 00:00:00,1.3201851120980939
1981-08-13 00:00:00,1.325318054543537
1981-08-14 00:00:00,1.326632502457378
1981-08-17 00:00:00,1.3123258363783006
1981-08-18 00:00:00,1.3077389745614836
1981-08-19 00:00:00,1.3059291996767408
1981-08-20 00:00:00,1.2864154956000242
1981-08-21 00:00:00,1.2745387805865118
1981-08-24 00:00:00,1.2935571576923266
1981-08-25 00:00:00,1.3111869913321044
1981-08-26 00:00:00,1.2961860535200085
1981-08-27 00:00:00,1.2978476373003585
1981-08-28 00:00:00,1.2932607754835415
1981-08-31 00:00:00,1.2959637668634196
1981-09-01 00:00:00,1.3049152038404648
1981-09-02 00:00:00,1.298245526824592
1981-09-03 00:00:00,1.2960886160733398
1981-09-04 00:00:00,1.2970559281206715
1981-09-08 00:00:00,1.3313482833528951
1981-09-09 00:00:00,1.3399525844634312
1981-09-10 00:00:00,1.3239102390518074
1981-09-11 00:00:00,1.341192936825076
1981-09-14 00:00:00,1.3300104935445822
1981-09-15 00:00:00,1.3035540721376797
1981-09-16 00:00:00,1.2934130364567138
1981-09-17 00:00:00,1.3041001527663056
1981-09-18 00:00:00,1.3026375137480721
1981-09-21 00:00:00,1.288677983535504
1981-09-22 00:00:00,1.3045721378427353
1981-09-23 00:00:00,1.3180363410844014
1981-09-24 00:00:00,1.3339304953916327
1981-09-25 00:00:00,1.3355524362560274
1981-09-28 00:00:00,1.3355524362560274
1981-09-29 00:00:00,1.3355524362560274
1981-09-30 00:00:00,1.3355524362560274
1981-10-01 00:00:00,1.3355524362560274
1981-10-02 00:00:00,1.3355524362560274
1981-10-05 00:00:00,1.3355524362560274
1981-10-06 00:00:00,1.3355524362560274
1981-10-07 00:00:00,1.3355524362560274
1981-10-08 00:00:00,1.3355524362560274
1981-10-09 00:00:00,1.3355524362560274
1981-10-13 00:00:00,1.3355524362560274
1981-10-14 00:00:00,1.3355524362560274
1981-10-15 00:00:00,1.3355524362560274
1981-10-16 00:00:00,1.3355524362560274
1981-10-19 00:00:00,1.3355524362560274
1981-10-20 00:00:00,1.3355524362560274
1981-10-21 00:00:00,1.3355524362560274
1981-10-22 00:00:00,1.3355524362560274
1981-10-23 00:00:00,1.3355524362560274
1981-10-26 00:00:00,1.3355524362560274
1981-10-27 00:00:00,1.3355524362560274
1981-10-28 00:00:00,1.3355524362560274
1981-10-29 00:00:00,1.3355524362560274
1981-10-30 00:00:00,1.3355524362560274
1981-11-02 00:00:00,1.3355524362560274
1981-11-04 00:00:00,1.3355524362560274
1981-11-05 00:00:00,1.3355524362560274
1981-11-06 00:00:00,1.3355524362560274
1981-11-09 00:00:00,1.3355524362560274
1981-11-10 00:00:00,1.3355524362560274
1981-11-12 00:00:00,1.35522447267651
1981-11-13 00:00:00,1.3641663074130927
1981-11-16 00:00:00,1.3684583880866528
1981-11-17 00:00:00,1.35415145250812
1981-11-18 00:00:00,1.3673853679182628
1981-11-19 00:00:00,1.3670276945287994
1981-11-20 00:00:00,1.3570128396238264
1981-11-23 00:00:00,1.361805663042635
1981-11-24 00:00:00,1.372392795370749
1981-11-25 00:00:00,1.3791885897705523
1981-11-27 00:00:00,1.3992182995804978
1981-11-30 00:00:00,1.398502952801571
1981-12-01 00:00:00,1.3917071584017684
1981-12-02 00:00:00,1.3967145858542547
1981-12-03 00:00:00,1.3827653236651856
1981-12-04 00:00:00,1.3888457712860618
1981-12-07 00:00:00,1.3841960172230385
1981-12-08 00:00:00,1.3781155696021623
1981-12-09 00:00:00,1.3752541824864557
1981-12-10 00:00:00,1.3540083831523346
1981-12-11 00:00:00,1.343063577434757
1981-12-14 00:00:00,1.3344794160876374
1981-12-15 00:00:00,1.3487863516661702
1981-12-16 00:00:00,1.3495016984450967
1981-12-17 00:00:00,1.3495016984450967
1981-12-18 00:00:00,1.343063577434757
1981-12-21 00:00:00,1.3387714967611972
1981-12-22 00:00:00,1.3491440250556335
1981-12-23 00:00:00,1.3495016984450967
1981-12-24 00:00:00,1.35415145250812
1981-12-28 00:00:00,1.35200541217134
1981-12-29 00:00:00,1.3523630855608033
1981-12-30 00:00:00,1.3681007146971893
1981-12-31 00:00:00,1.3698890816445057
1982-01-04 00:00:00,1.3777578962126988
1982-01-05 00:00:00,1.3677430413077258
1982-01-06 00:00:00,1.3772571534674503
1982-01-07 00:00:00,1.373465815539139
1982-01-08 00:00:00,1.373465815539139
1982-01-11 00:00:00,1.3494587061036833
1982-01-12 00:00:00,1.3494587061036833
1982-01-13 00:00:00,1.3458563069950242
1982-01-14 00:00:00,1.342614147797231
1982-01-15 00:00:00,1.347297266638488
1982-01-18 00:00:00,1.3570237442318673
1982-01-19 00:00:00,1.3645887823600513
1982-01-20 00:00:00,1.3568076002853477
1982-01-21 00:00:00,1.3545020648558062
1982-01-22 00:00:00,1.347657506549354
1982-01-25 00:00:00,1.3361298294016448
1982-01-26 00:00:00,1.347657506549354
1982-01-27 00:00:00,1.3444153473515608
1982-01-28 00:00:00,1.350539425836281
1982-01-29 00:00:00,1.353781585034074
1982-02-01 00:00:00,1.3404527083320357
1982-02-02 00:00:00,1.3418936679754994
1982-02-03 00:00:00,1.339011748688572
1982-02-04 00:00:00,1.347297266638488
1982-02-05 00:00:00,1.3404527083320357
1982-02-08 00:00:00,1.3418936679754994
1982-02-09 00:00:00,1.3271238316299971
1982-02-10 00:00:00,1.331086470649522
1982-02-11 00:00:00,1.3321671903821197
1982-02-16 00:00:00,1.3200631293770253
1982-02-17 00:00:00,1.3224407127887403
1982-02-18 00:00:00,1.3339683899364494
1982-02-19 00:00:00,1.3346888697581811
1982-02-22 00:00:00,1.331086470649522
1982-02-23 00:00:00,1.3191985535909474
1982-02-24 00:00:00,1.3181178338583495
1982-02-25 00:00:00,1.3204233692878915
1982-02-26 00:00:00,1.3112732755518974
1982-03-01 00:00:00,1.3124980912488415
1982-03-02 00:00:00,1.3058696768889089
1982-03-03 00:00:00,1.3134347150170926
1982-03-04 00:00:00,1.3166768742148858
1982-03-05 00:00:00,1.323881672432204
1982-03-08 00:00:00,1.3148756746605563
1982-03-09 00:00:00,1.2993853584933226
1982-03-10 00:00:00,1.3040684773345792
1982-03-11 00:00:00,1.300061240614089
1982-03-12 00:00:00,1.300061240614089
1982-03-15 00:00:00,1.2931155471012756
1982-03-16 00:00:00,1.2966571348062113
1982-03-17 00:00:00,1.2913749410727648
1982-03-18 00:00:00,1.2910832466774196
1982-03-19 00:00:00,1.298602768637364
1982-03-22 00:00:00,1.2993959654024756
1982-03-23 00:00:00,1.2962835539899429
1982-03-24 00:00:00,1.2944006858925945
1982-03-25 00:00:00,1.3008353166920816
1982-03-26 00:00:00,1.3047385347838363
1982-03-29 00:00:00,1.3137045782910561
1982-03-30 00:00:00,1.309290297485975
1982-03-31 00:00:00,1.3110237332568162
1982-04-01 00:00:00,1.3044396701308216
1982-04-02 00:00:00,1.3061731059016626
1982-04-05 00:00:00,1.3171642795750687
1982-04-06 00:00:00,1.3327843221997568
1982-04-07 00:00:00,1.3236688463660298
1982-04-08 00:00:00,1.3308267379391547
1982-04-09 00:00:00,1.3300287610022632
1982-04-12 00:00:00,1.319828394008079
1982-04-13 00:00:00,1.3190304170711877
1982-04-14 00:00:00,1.3254650478706749
1982-04-15 00:00:00,1.3255349838621486
1982-04-16 00:00:00,1.3253156155441674
1982-04-19 00:00:00,1.3158385093236216
1982-04-20 00:00:00,1.3175719450944623
1982-04-21 00:00:00,1.3127960339025626
1982-04-22 00:00:00,1.3123596873524899
1982-04-23 00:00:00,1.3162629054442445
1982-04-26 00:00:00,1.3122102550259824
1982-04-27 00:00:00,1.3143053211836426
1982-04-28 00:00:00,1.306274736510372
1982-04-29 00:00:00,1.3000523037711964
1982-04-30 00:00:00,1.2996159572211239
1982-05-03 00:00:00,1.2857992863587504
1982-05-04 00:00:00,1.2994665248946164
1982-05-05 00:00:00,1.291797570608165
1982-05-06 00:00:00,1.2801506820667055
1982-05-07 00:00:00,1.2759249915083504
1982-05-10 00:00:00,1.2759249915083504
1982-05-11 00:00:00,1.2779365072432165
1982-05-12 00:00:00,1.275083385210894
1982-05-13 00:00:00,1.2840443834703152
1982-05-14 00:00:00,1.2843185285740426
1982-05-17 00:00:00,1.2891098373187309
1982-05-18 00:00:00,1.291121353053597
1982-05-19 00:00:00,1.3028621443228403
1982-05-20 00:00:00,1.3146029355920839
1982-05-21 00:00:00,1.3020205380253838
1982-05-24 00:00:00,1.2970825712356948
1982-05-25 00:00:00,1.2968007577374576
1982-05-26 00:00:00,1.3000631803267437
1982-05-27 00:00:00,1.3072868079550262
1982-05-28 00:00:00,1.3061710565538427
1982-06-01 00:00:00,1.3085300464149363
1982-06-02 00:00:00,1.3056769243826136
1982-06-03 00:00:00,1.3023373385735721
1982-06-04 00:00:00,1.3030979474540185
1982-06-07 00:00:00,1.3064993596937957
1982-06-08 00:00:00,1.3119856166909394
1982-06-09 00:00:00,1.3171243995618553
1982-06-10 00:00:00,1.324348027190138
1982-06-11 00:00:00,1.3169777415168544
1982-06-14 00:00:00,1.3283710586598703
1982-06-15 00:00:00,1.326073895229512
1982-06-16 00:00:00,1.3351738831394244
1982-06-17 00:00:00,1.3385752953792014
1982-06-18 00:00:00,1.341629233492751
1982-06-21 00:00:00,1.349547809373489
1982-06-22 00:00:00,1.3428724719526612
1982-06-23 00:00:00,1.3476637806973493
1982-06-24 00:00:00,1.3451581327912543
1982-06-25 00:00:00,1.3548140793031314
1982-06-28 00:00:00,1.3550882244068587
1982-06-29 00:00:00,1.343548249218842
1982-06-30 00:00:00,1.3431274460701137
1982-07-01 00:00:00,1.343401591173841
1982-07-02 00:00:00,1.3461080551611626
1982-07-06 00:00:00,1.351038353556342
1982-07-07 00:00:00,1.3598250587940477
1982-07-08 00:00:00,1.3598250587940477
1982-07-09 00:00:00,1.348617091604065
1982-07-12 00:00:00,1.3421790456960256
1982-07-13 00:00:00,1.3500507636338168
1982-07-14 00:00:00,1.349575119328207
1982-07-15 00:00:00,1.3506894487832448
1982-07-16 00:00:00,1.3486238307169873
1982-07-19 00:00:00,1.3398008241679762
1982-07-20 00:00:00,1.3365427257812328
1982-07-21 00:00:00,1.3229497979502782
1982-07-22 00:00:00,1.3296290355675835
1982-07-23 00:00:00,1.3144461339759814
1982-07-26 00:00:00,1.3163554503113433
1982-07-27 00:00:00,1.3224781971124218
1982-07-28 00:00:00,1.3324963796270874
1982-07-29 00:00:00,1.3367906566034211
1982-07-30 00:00:00,1.3367125057379732
1982-08-02 00:00:00,1.3243120582275048
1982-08-03 00:00:00,1.3282088417636764
1982-08-04 00:00:00,1.3445869193209332
1982-08-05 00:00:00,1.3542871070834694
1982-08-06 00:00:00,1.3554014365385074
1982-08-09 00:00:00,1.366453101997594
1982-08-10 00:00:00,1.368362418332956
1982-08-11 00:00:00,1.3678867740273462
1982-08-12 00:00:00,1.3678086231618982
1982-08-13 00:00:00,1.3645505247751546
1982-08-16 00:00:00,1.3640748804695446
1982-08-17 00:00:00,1.3604192886426392
1982-08-18 00:00:00,1.3468263608116848
1982-08-19 00:00:00,1.3471457033863987
1982-08-20 00:00:00,1.3327577886751203
1982-08-23 00:00:00,1.3306921706088628
1982-08-24 00:00:00,1.3127268149361269
1982-08-25 00:00:00,1.3174185853526224
1982-08-26 00:00:00,1.3177379279273362
1982-08-27 00:00:00,1.3367394621896622
1982-08-30 00:00:00,1.358523450533122
1982-08-31 00:00:00,1.348905457103787
1982-09-01 00:00:00,1.3488273062383391
1982-09-02 00:00:00,1.336813898090556
1982-09-03 00:00:00,1.336813898090556
1982-09-07 00:00:00,1.3388228238372721
1982-09-08 00:00:00,1.3439990058579965
1982-09-09 00:00:00,1.3385146667613275
1982-09-10 00:00:00,1.3504116120951914
1982-09-13 00:00:00,1.3558967947280143
1982-09-14 00:00:00,1.3541204629765256
1982-09-15 00:00:00,1.3548161361218238
1982-09-16 00:00:00,1.3539668062066301
1982-09-17 00:00:00,1.3496412194053298
1982-09-20 00:00:00,1.351495644845997
1982-09-21 00:00:00,1.351805067226172
1982-09-22 00:00:00,1.3428444712433962
1982-09-23 00:00:00,1.3512651596911538
1982-09-24 00:00:00,1.3527333343666978
1982-09-27 00:00:00,1.362467275415873
1982-09-28 00:00:00,1.3664847051412288
1982-09-29 00:00:00,1.3625453691050515
1982-09-30 00:00:00,1.3632410422503498
1982-10-01 00:00:00,1.3604604585095412
1982-10-04 00:00:00,1.3717394026192085
1982-10-05 00:00:00,1.3691905693374737
1982-10-06 00:00:00,1.3644787317710507
1982-10-07 00:00:00,1.3559043865533977
1982-10-08 00:00:00,1.3550550566382042
1982-10-12 00:00:00,1.339914448413461
1982-10-13 00:00:00,1.351811393747325
1982-10-14 00:00:00,1.353665819187992
1982-10-15 00:00:00,1.3551339938635363
1982-10-18 00:00:00,1.3519671593576048
1982-10-19 00:00:00,1.3526628325029029
1982-10-20 00:00:00,1.3600792689613406
1982-10-21 00:00:00,1.3612384430247864
1982-10-22 00:00:00,1.359384861120273
1982-10-25 00:00:00,1.3728268095146288
1982-10-26 00:00:00,1.3685012227133286
1982-10-27 00:00:00,1.3693513961646757
1982-10-28 00:00:00,1.3745275781854003
1982-10-29 00:00:00,1.3752232513306986
1982-11-01 00:00:00,1.3708976645293982
1982-11-03 00:00:00,1.372737296565761
1982-11-04 00:00:00,1.372737296565761
1982-11-05 00:00:00,1.3759533026193405
1982-11-08 00:00:00,1.385759106676236
1982-11-09 00:00:00,1.3776077111740952
1982-11-10 00:00:00,1.375716623775105
1982-11-12 00:00:00,1.3844515856564619
1982-11-15 00:00:00,1.4010943051417977
1982-11-16 00:00:00,1.4100763844482784
1982-11-17 00:00:00,1.4256482617580755
1982-11-18 00:00:00,1.4243337816843753
1982-11-19 00:00:00,1.4106634303544574
1982-11-22 00:00:00,1.4315895185419487
1982-11-23 00:00:00,1.4288747063925438
1982-11-24 00:00:00,1.43019614552017
1982-11-26 00:00:00,1.4325884268233349
1982-11-29 00:00:00,1.4212245047945777
1982-11-30 00:00:00,1.3998935132858055
1982-12-01 00:00:00,1.4026976569641774
1982-12-02 00:00:00,1.3960289660127831
1982-12-03 00:00:00,1.3922433116878394
1982-12-06 00:00:00,1.4094626384984652
1982-12-07 00:00:00,1.399499048545413
1982-12-08 00:00:00,1.4035387793494067
1982-12-09 00:00:00,1.4158157576575456
1982-12-10 00:00:00,1.4173843142102962
1982-12-13 00:00:00,1.4197765955134614
1982-12-14 00:00:00,1.4118723174364451
1982-12-15 00:00:00,1.4138527363644027
1982-12-16 00:00:00,1.4088314949138372
1982-12-17 00:00:00,1.4252270969740488
1982-12-20 00:00:00,1.416499094146618
1982-12-21 00:00:00,1.4213625497010265
1982-12-22 00:00:00,1.419224344876912
1982-12-23 00:00:00,1.4290301489338073
1982-12-24 00:00:00,1.4248326322336564
1982-12-27 00:00:00,1.4206351155335053
1982-12-28 00:00:00,1.409024076079624
1982-12-29 00:00:00,1.4023553851282293
1982-12-30 00:00:00,1.4109256020595031
1982-12-31 00:00:00,1.409611121985803
1983-01-03 00:00:00,1.404589921721475
1983-01-04 00:00:00,1.404589921721475
1983-01-05 00:00:00,1.4045091981627553
1983-01-06 00:00:00,1.4169926657607055
1983-01-07 00:00:00,1.4138792064055483
1983-01-10 00:00:00,1.4315616496545338
1983-01-11 00:00:00,1.4362466537759302
1983-01-12 00:00:00,1.4439643936937643
1983-01-13 00:00:00,1.4412841823095268
1983-01-14 00:00:00,1.4386039709252894
1983-01-17 00:00:00,1.4315912798318553
1983-01-18 00:00:00,1.4427750035170464
1983-01-19 00:00:00,1.4444272718420053
1983-01-20 00:00:00,1.4460795401669644
1983-01-21 00:00:00,1.4498980483465216
1983-01-24 00:00:00,1.4732127152174626
1983-01-25 00:00:00,1.4746050347598696
1983-01-26 00:00:00,1.4665525485362285
1983-01-27 00:00:00,1.4764365283086607
1983-01-28 00:00:00,1.4766157535324929
1983-01-31 00:00:00,1.4903989650432017
1983-02-01 00:00:00,1.4874588048764124
1983-02-02 00:00:00,1.4960430407360856
1983-02-03 00:00:00,1.4864308618171338
1983-02-04 00:00:00,1.4863501382584143
1983-02-07 00:00:00,1.4780377032522214
1983-02-08 00:00:00,1.4757907398389036
1983-02-09 00:00:00,1.4718107845419073
1983-02-10 00:00:00,1.4647980934484734
1983-02-11 00:00:00,1.4720825853953876
1983-02-14 00:00:00,1.4737348537203467
1983-02-15 00:00:00,1.4714878903070288
1983-02-16 00:00:00,1.4627422073299163
1983-02-17 00:00:00,1.4691602033349913
1983-02-18 00:00:00,1.4690794797762716
1983-02-22 00:00:00,1.4880616669380162
1983-02-23 00:00:00,1.4780162400481451
1983-02-24 00:00:00,1.4827012441695413
1983-02-25 00:00:00,1.4830537685817413
1983-02-28 00:00:00,1.4964037321215304
1983-03-01 00:00:00,1.502388480155686
1983-03-02 00:00:00,1.5014531316495303
1983-03-03 00:00:00,1.5014531316495303
1983-03-04 00:00:00,1.5028558856677476
1983-03-07 00:00:00,1.4970119568026317
1983-03-08 00:00:00,1.514099312129981
1983-03-09 00:00:00,1.5110349328639519
1983-03-10 00:00:00,1.5018158366285161
1983-03-11 00:00:00,1.5106638127871443
1983-03-14 00:00:00,1.5043235357793345
1983-03-15 00:00:00,1.4992737639425286
1983-03-16 00:00:00,1.5031582586742163
1983-03-17 00:00:00,1.51071572966184
1983-03-18 00:00:00,1.5253213442757192
1983-03-21 00:00:00,1.5421108907174523
1983-03-22 00:00:00,1.5395428595941172
1983-03-23 00:00:00,1.554347013465074
1983-03-24 00:00:00,1.5504884771707341
1983-03-25 00:00:00,1.552189040074568
1983-03-28 00:00:00,1.5575625792343377
1983-03-29 00:00:00,1.5576748280815504
1983-03-30 00:00:00,1.5454776429899504
1983-03-31 00:00:00,1.5295082120138757
1983-04-01 00:00:00,1.533889054888257
1983-04-04 00:00:00,1.523379453481817
1983-04-05 00:00:00,1.5056231691920436
1983-04-06 00:00:00,1.4949150285285258
1983-04-07 00:00:00,1.5082301379714003
1983-04-08 00:00:00,1.5066548031334535
1983-04-11 00:00:00,1.4854240818448214
1983-04-12 00:00:00,1.469256111611669
1983-04-13 00:00:00,1.475125998914133
1983-04-14 00:00:00,1.471366732248332
1983-04-15 00:00:00,1.4627432537841292
1983-04-18 00:00:00,1.4505460686925293
1983-04-19 00:00:00,1.4618757855646276
1983-04-20 00:00:00,1.4692347172951739
1983-04-21 00:00:00,1.463688597315674
1983-04-22 00:00:00,1.4680694401900558
1983-04-25 00:00:00,1.4431657426454876
1983-04-26 00:00:00,1.4410940596648467
1983-04-27 00:00:00,1.4429931618257579
1983-04-28 00:00:00,1.4511921627878137
1983-04-29 00:00:00,1.4511921627878137
1983-05-02 00:00:00,1.4636791434475176
1983-05-03 00:00:00,1.4706681251600384
1983-05-04 00:00:00,1.4711340572742064
1983-05-05 00:00:00,1.470481752314371
1983-05-06 00:00:00,1.4714136165427072
1983-05-09 00:00:00,1.46116311003101
1983-05-10 00:00:00,1.4579015852318338
1983-05-11 00:00:00,1.46116311003101
1983-05-12 00:00:00,1.4612562964538438
1983-05-13 00:00:00,1.459765313688506
1983-05-16 00:00:00,1.4541741283184892
1983-05-17 00:00:00,1.4481170108343047
1983-05-18 00:00:00,1.4523103998618172
1983-05-19 00:00:00,1.4469987737603012
1983-05-20 00:00:00,1.4501671121366442
1983-05-23 00:00:00,1.4501671121366442
1983-05-24 00:00:00,1.4608835507625093
1983-05-25 00:00:00,1.477377547604058
1983-05-26 00:00:00,1.4928464937944377
1983-05-27 00:00:00,1.4926601209487704
1983-05-31 00:00:00,1.4914486974519336
1983-06-01 00:00:00,1.4816641230544045
1983-06-02 00:00:00,1.473836463536381
1983-06-03 00:00:00,1.4583675173460018
1983-06-06 00:00:00,1.468618023857699
1983-06-07 00:00:00,1.4648905669443544
1983-06-08 00:00:00,1.4626540927963478
1983-06-09 00:00:00,1.4712272436970402
1983-06-10 00:00:00,1.4634927706018503
1983-06-13 00:00:00,1.4464396552232996
1983-06-14 00:00:00,1.4187632876417173
1983-06-15 00:00:00,1.4182973555275493
1983-06-16 00:00:00,1.4229566766692299
1983-06-17 00:00:00,1.4192292197558853
1983-06-20 00:00:00,1.4276159978109104
1983-06-21 00:00:00,1.4220248124408938
1983-06-22 00:00:00,1.4262182014684062
1983-06-23 00:00:00,1.4360027758659353
1983-06-24 00:00:00,1.4401961648934478
1983-06-27 00:00:00,1.4323058934179227
1983-06-28 00:00:00,1.4323058934179227
1983-06-29 00:00:00,1.427819715089436
1983-06-30 00:00:00,1.4327732036604734
1983-07-01 00:00:00,1.4309039626902704
1983-07-05 00:00:00,1.428567411477517
1983-07-06 00:00:00,1.4388482368136328
1983-07-07 00:00:00,1.4383809265710819
1983-07-08 00:00:00,1.4407174777838354
1983-07-11 00:00:00,1.433707824145575
1983-07-12 00:00:00,1.4313712729328214
1983-07-13 00:00:00,1.4297824181081489
1983-07-14 00:00:00,1.4281001012349663
1983-07-15 00:00:00,1.4173519656562998
1983-07-18 00:00:00,1.4203427512086246
1983-07-19 00:00:00,1.418660434335442
1983-07-20 00:00:00,1.4243616192945607
1983-07-21 00:00:00,1.425296239779662
1983-07-22 00:00:00,1.4210904475967057
1983-07-25 00:00:00,1.4220250680818072
1983-07-26 00:00:00,1.425296239779662
1983-07-27 00:00:00,1.4276327909924158
1983-07-28 00:00:00,1.4255766259251925
1983-07-29 00:00:00,1.420623137354155
1983-08-01 00:00:00,1.4103423120180392
1983-08-02 00:00:00,1.4086599951448568
1983-08-03 00:00:00,1.407351526465715
1983-08-04 00:00:00,1.3902479715883589
1983-08-05 00:00:00,1.3879114203756056
1983-08-08 00:00:00,1.393519143286214
1983-08-09 00:00:00,1.396323004741518
1983-08-10 00:00:00,1.3841729384351997
1983-08-11 00:00:00,1.3824906215620172
1983-08-12 00:00:00,1.3846402486777505
1983-08-15 00:00:00,1.394921074013866
1983-08-16 00:00:00,1.4089403812903873
1983-08-17 00:00:00,1.415482724686097
1983-08-18 00:00:00,1.4237073849549897
1983-08-19 00:00:00,1.4178192758988506
1983-08-22 00:00:00,1.4281001012349663
1983-08-23 00:00:00,1.4307170385932504
1983-08-24 00:00:00,1.4200065214891093
1983-08-25 00:00:00,1.4200065214891093
1983-08-26 00:00:00,1.421339261043898
1983-08-29 00:00:00,1.4245577994320056
1983-08-30 00:00:00,1.4265505685784556
1983-08-31 00:00:00,1.4309948762082205
1983-09-01 00:00:00,1.4277074086213777
1983-09-02 00:00:00,1.4298887576511599
1983-09-06 00:00:00,1.4265070001226514
1983-09-07 00:00:00,1.4339685858857263
1983-09-08 00:00:00,1.4322840473072047
1983-09-09 00:00:00,1.4305052187870173
1983-09-12 00:00:00,1.423823313300201
1983-09-13 00:00:00,1.430813449354946
1983-09-14 00:00:00,1.4340319877430534
1983-09-15 00:00:00,1.4273500822562368
1983-09-16 00:00:00,1.4225539756027392
1983-09-19 00:00:00,1.4158720701159226
1983-09-20 00:00:00,1.4167333599623815
1983-09-21 00:00:00,1.4185375492255
1983-09-22 00:00:00,1.4264705846969046
1983-09-23 00:00:00,1.421485898160075
1983-09-26 00:00:00,1.4209328388815448
1983-09-27 00:00:00,1.426225755986303
1983-09-28 00:00:00,1.4245412174077814
1983-09-29 00:00:00,1.4241767380125832
1983-09-30 00:00:00,1.4257923473923695
1983-10-03 00:00:00,1.439099909538733
1983-10-04 00:00:00,1.4470329450101376
1983-10-05 00:00:00,1.433750743606705
1983-10-06 00:00:00,1.4324433647948474
1983-10-07 00:00:00,1.4147295361331154
1983-10-11 00:00:00,1.4155908259795742
1983-10-12 00:00:00,1.4192808140760114
1983-10-13 00:00:00,1.4234422518807783
1983-10-14 00:00:00,1.4234549322522438
1983-10-17 00:00:00,1.4223361333237179
1983-10-18 00:00:00,1.4222545237535174
1983-10-19 00:00:00,1.4223614940666487
1983-10-20 00:00:00,1.424637133038097
1983-10-21 00:00:00,1.4207839258012587
1983-10-24 00:00:00,1.424330781766247
1983-10-25 00:00:00,1.424330781766247
1983-10-26 00:00:00,1.4258634881409022
1983-10-27 00:00:00,1.429390656502428
1983-10-28 00:00:00,1.4285490033689046
1983-10-31 00:00:00,1.4282771965173442
1983-11-01 00:00:00,1.4374078533181716
1983-11-02 00:00:00,1.435806405142031
1983-11-03 00:00:00,1.435819521431452
1983-11-04 00:00:00,1.4347879195372746
1983-11-07 00:00:00,1.4370804209545471
1983-11-09 00:00:00,1.4379483066669125
1983-11-10 00:00:00,1.4316931138547415
1983-11-14 00:00:00,1.438259462386736
1983-11-15 00:00:00,1.4371328861122312
1983-11-16 00:00:00,1.4390454900081953
1983-11-17 00:00:00,1.4434274277926653
1983-11-18 00:00:00,1.451703315170548
1983-11-21 00:00:00,1.4558953041943636
1983-11-22 00:00:00,1.4472657518740142
1983-11-23 00:00:00,1.4533572285043728
1983-11-25 00:00:00,1.4608733208396385
1983-11-28 00:00:00,1.4615512577913496
1983-11-29 00:00:00,1.4602347327561906
1983-11-30 00:00:00,1.45730364325547
1983-12-01 00:00:00,1.4621604529415757
1983-12-02 00:00:00,1.4626484411326324
1983-12-05 00:00:00,1.4736785855400028
1983-12-06 00:00:00,1.4688480084327393
1983-12-07 00:00:00,1.479688204079455
1983-12-08 00:00:00,1.4772319864803702
1983-12-09 00:00:00,1.4833234631107288
1983-12-12 00:00:00,1.4873255033738901
1983-12-13 00:00:00,1.5007300072894392
1983-12-14 00:00:00,1.5020727649034402
1983-12-15 00:00:00,1.4958175720912696
1983-12-16 00:00:00,1.501909048721628
1983-12-19 00:00:00,1.4987880104602533
1983-12-20 00:00:00,1.49794635732673
1983-12-21 00:00:00,1.4945403959243735
1983-12-22 00:00:00,1.4901846907187457
1983-12-23 00:00:00,1.4854016862785882
1983-12-27 00:00:00,1.4854016862785882
1983-12-28 00:00:00,1.481167151644135
1983-12-29 00:00:00,1.4691529294069658
1983-12-30 00:00:00,1.4649183947725128
1984-01-03 00:00:00,1.488483277171765
1984-01-04 00:00:00,1.500223034414889
1984-01-05 00:00:00,1.5051166665676228
1984-01-06 00:00:00,1.51073640289661
1984-01-09 00:00:00,1.5150076600411264
1984-01-10 00:00:00,1.5153372088002668
1984-01-11 00:00:00,1.5215793201374712
1984-01-12 00:00:00,1.5196268271998152
1984-01-13 00:00:00,1.5071976882905012
1984-01-16 00:00:00,1.4972580494140562
1984-01-17 00:00:00,1.5065083066243108
1984-01-18 00:00:00,1.502792417830039
1984-01-19 00:00:00,1.498557883195586
1984-01-20 00:00:00,1.5166251196889187
1984-01-23 00:00:00,1.5130129600626832
1984-01-24 00:00:00,1.518010321383453
1984-01-25 00:00:00,1.5161615576138328
1984-01-26 00:00:00,1.510578543794909
1984-01-27 00:00:00,1.51308640508281
1984-01-30 00:00:00,1.508955599616393
1984-01-31 00:00:00,1.5153014401216338
1984-02-01 00:00:00,1.5060879054214424
1984-02-02 00:00:00,1.4930363915039109
1984-02-03 00:00:00,1.4841340443078281
1984-02-06 00:00:00,1.4928656556779019
1984-02-07 00:00:00,1.5050203295931708
1984-02-08 00:00:00,1.5027566491514055
1984-02-09 00:00:00,1.4941654894594316
1984-02-10 00:00:00,1.5010299758048538
1984-02-14 00:00:00,1.4867337118708877
1984-02-15 00:00:00,1.469533031231908
1984-02-16 00:00:00,1.46789172579836
1984-02-17 00:00:00,1.4626198994835446
1984-02-21 00:00:00,1.4729074483741618
1984-02-22 00:00:00,1.4619305178173547
1984-02-23 00:00:00,1.4556213998221772
1984-02-24 00:00:00,1.4395310361978573
1984-02-27 00:00:00,1.4395310361978573
1984-02-28 00:00:00,1.4213686547194293
1984-02-29 00:00:00,1.4222632014187733
1984-03-01 00:00:00,1.4343964493511618
1984-03-02 00:00:00,1.4313818825781424
1984-03-05 00:00:00,1.4278786766210771
1984-03-06 00:00:00,1.4282845841363758
1984-03-07 00:00:00,1.436508718596401
1984-03-08 00:00:00,1.4535283583692444
1984-03-09 00:00:00,1.4490478740440886
1984-03-12 00:00:00,1.4580538311985864
1984-03-13 00:00:00,1.44399601886614
1984-03-14 00:00:00,1.444890565565484
1984-03-15 00:00:00,1.4501828649212367
1984-03-16 00:00:00,1.4657365871419437
1984-03-19 00:00:00,1.4676084122093784
1984-03-20 00:00:00,1.471434794012995
1984-03-21 00:00:00,1.4788771057785477
1984-03-22 00:00:00,1.4797716524778917
1984-03-23 00:00:00,1.4741184341110267
1984-03-26 00:00:00,1.4627970012092344
1984-03-27 00:00:00,1.4632029087245328
1984-03-28 00:00:00,1.4636088162398315
1984-03-29 00:00:00,1.4591283319146755
1984-03-30 00:00:00,1.4722388582151553
1984-04-02 00:00:00,1.4765538792028172
1984-04-03 00:00:00,1.4779370650862065
1984-04-04 00:00:00,1.4768770550493684
1984-04-05 00:00:00,1.4831466327732123
1984-04-06 00:00:00,1.4791547876321018
1984-04-09 00:00:00,1.4839584478038093
1984-04-10 00:00:00,1.4721483757179716
1984-04-11 00:00:00,1.4730429224173156
1984-04-12 00:00:00,1.4798011393252046
1984-04-13 00:00:00,1.4797184076564576
1984-04-16 00:00:00,1.486965263748392
1984-04-17 00:00:00,1.4872734434268815
1984-04-18 00:00:00,1.4890475406575072
1984-04-19 00:00:00,1.4904307265408967
1984-04-20 00:00:00,1.492009368097904
1984-04-23 00:00:00,1.491983416302343
1984-04-24 00:00:00,1.491983416302343
1984-04-25 00:00:00,1.4873385963014625
1984-04-26 00:00:00,1.4954167730285723
1984-04-27 00:00:00,1.4977696012280866
1984-04-30 00:00:00,1.5013947291003997
1984-05-01 00:00:00,1.5018391077907152
1984-05-02 00:00:00,1.5001629870263655
1984-05-03 00:00:00,1.4852337446703594
1984-05-04 00:00:00,1.4904492471336714
1984-05-07 00:00:00,1.5142191198253028
1984-05-08 00:00:00,1.5173141228339495
1984-05-09 00:00:00,1.5103367534329375
1984-05-10 00:00:00,1.516612505623582
1984-05-11 00:00:00,1.515996634586565
1984-05-14 00:00:00,1.5111397646402178
1984-05-15 00:00:00,1.5115841433305335
1984-05-16 00:00:00,1.5046067739295212
1984-05-17 00:00:00,1.5045210277561707
1984-05-18 00:00:00,1.5121751045923473
1984-05-21 00:00:00,1.5080604094551329
1984-05-22 00:00:00,1.5095650378727812
1984-05-23 00:00:00,1.5227324132910869
1984-05-24 00:00:00,1.5168152936174075
1984-05-25 00:00:00,1.515669297716724
1984-05-29 00:00:00,1.5129329272250422
1984-05-30 00:00:00,1.5144375556426901
1984-05-31 00:00:00,1.5127614348783407
1984-06-01 00:00:00,1.4935911936130044
1984-06-04 00:00:00,1.4972163214853176
1984-06-05 00:00:00,1.5029619488122958
1984-06-06 00:00:00,1.4954544545476174
1984-06-07 00:00:00,1.5003518820927293
1984-06-08 00:00:00,1.5037649600195762
1984-06-11 00:00:00,1.5095105873465544
1984-06-12 00:00:00,1.5141959649462002
1984-06-13 00:00:00,1.5119897193181844
1984-06-14 00:00:00,1.5124340980084998
1984-06-15 00:00:00,1.5192399750628105
1984-06-18 00:00:00,1.5230771528805902
1984-06-19 00:00:00,1.5195986075797756
1984-06-20 00:00:00,1.5317882631095245
1984-06-21 00:00:00,1.5317882631095245
1984-06-22 00:00:00,1.5302381700193304
1984-06-25 00:00:00,1.543983466340509
1984-06-26 00:00:00,1.5414211783627976
1984-06-27 00:00:00,1.5460567206963203
1984-06-28 00:00:00,1.5420323734366395
1984-06-29 00:00:00,1.5363210346977632
1984-07-02 00:00:00,1.5437682294966115
1984-07-03 00:00:00,1.5592005172969858
1984-07-05 00:00:00,1.5804810422252373
1984-07-06 00:00:00,1.5824173981920473
1984-07-09 00:00:00,1.5938009064423522
1984-07-10 00:00:00,1.5897765591826714
1984-07-11 00:00:00,1.5868768729091207
1984-07-12 00:00:00,1.5929744745246128
1984-07-13 00:00:00,1.5737672039521726
1984-07-16 00:00:00,1.5703051871855567
1984-07-17 00:00:00,1.5803391022525053
1984-07-18 00:00:00,1.5841873818957366
1984-07-19 00:00:00,1.5683540942816871
1984-07-20 00:00:00,1.5736644332068883
1984-07-23 00:00:00,1.578862306033476
1984-07-24 00:00:00,1.5725886368015345
1984-07-25 00:00:00,1.5629409846112021
1984-07-26 00:00:00,1.5647648744793987
1984-07-27 00:00:00,1.586945128196555
1984-07-30 00:00:00,1.5907934078397863
1984-07-31 00:00:00,1.5909303062287878
1984-08-01 00:00:00,1.5979276366331843
1984-08-02 00:00:00,1.5882799844428517
1984-08-03 00:00:00,1.5685103833773462
1984-08-06 00:00:00,1.579668959430425
1984-08-07 00:00:00,1.5919521964696337
1984-08-08 00:00:00,1.5823045442793013
1984-08-09 00:00:00,1.5855904934294676
1984-08-10 00:00:00,1.5843777986351126
1984-08-13 00:00:00,1.5927247222228655
1984-08-14 00:00:00,1.576891434608816
1984-08-15 00:00:00,1.5753413415186217
1984-08-16 00:00:00,1.5671557486102587
1984-08-17 00:00:00,1.5727938137468178
1984-08-20 00:00:00,1.5727938137468178
1984-08-21 00:00:00,1.5792616992459
1984-08-22 00:00:00,1.583940964031851
1984-08-23 00:00:00,1.5802733321565225
1984-08-24 00:00:00,1.5891260452731133
1984-08-27 00:00:00,1.5860546203021615
1984-08-28 00:00:00,1.5823869884268331
1984-08-29 00:00:00,1.5769307358383733
1984-08-30 00:00:00,1.5816100006243243
1984-08-31 00:00:00,1.585693058505898
1984-09-04 00:00:00,1.6040850820925225
1984-09-05 00:00:00,1.6171112435397532
1984-09-06 00:00:00,1.6122511978556704
1984-09-07 00:00:00,1.6264697731116553
1984-09-10 00:00:00,1.6228021412363265
1984-09-11 00:00:00,1.6239041645960148
1984-09-12 00:00:00,1.618447912007555
1984-09-13 00:00:00,1.6326664872635397
1984-09-14 00:00:00,1.634364717527605
1984-09-17 00:00:00,1.6628922584886405
1984-09-18 00:00:00,1.674726006127117
1984-09-19 00:00:00,1.6686735466342797
1984-09-20 00:00:00,1.6876617771252813
1984-09-21 00:00:00,1.658953455266114
1984-09-24 00:00:00,1.6582668579126711
1984-09-25 00:00:00,1.6748702607861643
1984-09-26 00:00:00,1.6634519391539333
1984-09-27 00:00:00,1.6573994796610962
1984-09-28 00:00:00,1.6716180549170812
1984-10-01 00:00:00,1.6673542161373756
1984-10-02 00:00:00,1.664282791166424
1984-10-03 00:00:00,1.6528644695341927
1984-10-04 00:00:00,1.6557551136070123
1984-10-05 00:00:00,1.6669926543411118
1984-10-09 00:00:00,1.678230195075211
1984-10-10 00:00:00,1.672177735582374
1984-10-11 00:00:00,1.6816266556033417
1984-10-12 00:00:00,1.6839210927717843
1984-10-15 00:00:00,1.6999282887409004
1984-10-16 00:00:00,1.7069923811443597
1984-10-17 00:00:00,1.710126635358308
1984-10-18 00:00:00,1.710126635358308
1984-10-19 00:00:00,1.710126635358308
1984-10-22 00:00:00,1.710126635358308
1984-10-23 00:00:00,1.710126635358308
1984-10-24 00:00:00,1.710126635358308
1984-10-25 00:00:00,1.710126635358308
1984-10-26 00:00:00,1.710126635358308
1984-10-29 00:00:00,1.710126635358308
1984-10-30 00:00:00,1.710126635358308
1984-10-31 00:00:00,1.710126635358308
1984-11-01 00:00:00,1.710126635358308
1984-11-02 00:00:00,1.710126635358308
1984-11-05 00:00:00,1.710126635358308
1984-11-07 00:00:00,1.710126635358308
1984-11-08 00:00:00,1.710126635358308
1984-11-09 00:00:00,1.710126635358308
1984-11-13 00:00:00,1.710126635358308
1984-11-14 00:00:00,1.710126635358308
1984-11-15 00:00:00,1.710126635358308
1984-11-16 00:00:00,1.710126635358308
1984-11-19 00:00:00,1.710126635358308
1984-11-20 00:00:00,1.710126635358308
1984-11-21 00:00:00,1.710126635358308
1984-11-23 00:00:00,1.710126635358308
1984-11-26 00:00:00,1.710126635358308
1984-11-27 00:00:00,1.710126635358308
1984-11-28 00:00:00,1.710126635358308
1984-11-29 00:00:00,1.710126635358308
1984-11-30 00:00:00,1.710126635358308
1984-12-03 00:00:00,1.710126635358308
1984-12-04 00:00:00,1.710126635358308
1984-12-05 00:00:00,1.710126635358308
1984-12-06 00:00:00,1.710126635358308
1984-12-07 00:00:00,1.710126635358308
1984-12-10 00:00:00,1.710126635358308
1984-12-11 00:00:00,1.710126635358308
1984-12-12 00:00:00,1.710126635358308
1984-12-13 00:00:00,1.710126635358308
1984-12-14 00:00:00,1.710126635358308
1984-12-17 00:00:00,1.710126635358308
1984-12-18 00:00:00,1.710126635358308
1984-12-19 00:00:00,1.710126635358308
1984-12-20 00:00:00,1.710126635358308
1984-12-21 00:00:00,1.710126635358308
1984-12-24 00:00:00,1.710126635358308
1984-12-26 00:00:00,1.710126635358308
1984-12-27 00:00:00,1.710126635358308
1984-12-28 00:00:00,1.710126635358308
1984-12-31 00:00:00,1.710126635358308
1985-01-02 00:00:00,1.7247962851661713
1985-01-03 00:00:00,1.7210060187892515
1985-01-04 00:00:00,1.7164773557649404
1985-01-07 00:00:00,1.7341005921623691
1985-01-08 00:00:00,1.72514154925371
1985-01-09 00:00:00,1.7346424225298342
1985-01-10 00:00:00,1.74488169245335
1985-01-11 00:00:00,1.7588129456138215
1985-01-14 00:00:00,1.7786513719534245
1985-01-15 00:00:00,1.7660003458078086
1985-01-16 00:00:00,1.7695940459048023
1985-01-17 00:00:00,1.7669852141637084
1985-01-18 00:00:00,1.7657054963879193
1985-01-22 00:00:00,1.7597000400688256
1985-01-23 00:00:00,1.779538466408428
1985-01-24 00:00:00,1.7676258369102038
1985-01-25 00:00:00,1.7793419001285018
1985-01-28 00:00:00,1.7777668236937563
1985-01-29 00:00:00,1.7735335193284019
1985-01-30 00:00:00,1.7554183579920906
1985-01-31 00:00:00,1.748674505025605
1985-02-01 00:00:00,1.758175378301729
1985-02-04 00:00:00,1.7728450281095927
1985-02-05 00:00:00,1.7768817661950211
1985-02-06 00:00:00,1.7733868584770578
1985-02-07 00:00:00,1.7695965921001378
1985-02-08 00:00:00,1.7798358620236534
1985-02-11 00:00:00,1.7974590984210823
1985-02-13 00:00:00,1.8113903515815544
1985-02-14 00:00:00,1.804646498615069
1985-02-15 00:00:00,1.7897802825272793
1985-02-19 00:00:00,1.8031208183698386
1985-02-20 00:00:00,1.8124740123164842
1985-02-21 00:00:00,1.8197596956504345
1985-02-22 00:00:00,1.8270453789843846
1985-02-25 00:00:00,1.8594365483296398
1985-02-26 00:00:00,1.8630302484266332
1985-02-27 00:00:00,1.8105058033218862
1985-02-28 00:00:00,1.8229602631875754
1985-03-01 00:00:00,1.8326864951204833
1985-03-04 00:00:00,1.8326864951204833
1985-03-05 00:00:00,1.8326864951204833
1985-03-06 00:00:00,1.8326864951204833
1985-03-07 00:00:00,1.8326864951204833
1985-03-08 00:00:00,1.8326864951204833
1985-03-11 00:00:00,1.8326864951204833
1985-03-12 00:00:00,1.8326864951204833
1985-03-13 00:00:00,1.8326864951204833
1985-03-14 00:00:00,1.8326864951204833
1985-03-15 00:00:00,1.8326864951204833
1985-03-18 00:00:00,1.8326864951204833
1985-03-19 00:00:00,1.8326864951204833
1985-03-20 00:00:00,1.8326864951204833
1985-03-21 00:00:00,1.8326864951204833
1985-03-22 00:00:00,1.8326864951204833
1985-03-25 00:00:00,1.8326864951204833
1985-03-26 00:00:00,1.8326864951204833
1985-03-27 00:00:00,1.8326864951204833
1985-03-28 00:00:00,1.8326864951204833
1985-03-29 00:00:00,1.8326864951204833
1985-04-01 00:00:00,1.8326864951204833
1985-04-02 00:00:00,1.8326864951204833
1985-04-03 00:00:00,1.8326864951204833
1985-04-04 00:00:00,1.8326864951204833
1985-04-05 00:00:00,1.8326864951204833
1985-04-08 00:00:00,1.8326864951204833
1985-04-09 00:00:00,1.8326864951204833
1985-04-10 00:00:00,1.8326864951204833
1985-04-11 00:00:00,1.8326864951204833
1985-04-12 00:00:00,1.8326864951204833
1985-04-15 00:00:00,1.8326864951204833
1985-04-16 00:00:00,1.8326864951204833
1985-04-17 00:00:00,1.8326864951204833
1985-04-18 00:00:00,1.8326864951204833
1985-04-19 00:00:00,1.8326864951204833
1985-04-22 00:00:00,1.8326864951204833
1985-04-23 00:00:00,1.8326864951204833
1985-04-24 00:00:00,1.8326864951204833
1985-04-25 00:00:00,1.8326864951204833
1985-04-26 00:00:00,1.8326864951204833
1985-04-29 00:00:00,1.8326864951204833
1985-04-30 00:00:00,1.8326864951204833
1985-05-01 00:00:00,1.8326864951204833
1985-05-02 00:00:00,1.8326864951204833
1985-05-03 00:00:00,1.8326864951204833
1985-05-06 00:00:00,1.8326864951204833
1985-05-07 00:00:00,1.8326864951204833
1985-05-08 00:00:00,1.8326864951204833
1985-05-09 00:00:00,1.8326864951204833
1985-05-10 00:00:00,1.8326864951204833
1985-05-13 00:00:00,1.8326864951204833
1985-05-14 00:00:00,1.8326864951204833
1985-05-15 00:00:00,1.8326864951204833
1985-05-16 00:00:00,1.8326864951204833
1985-05-17 00:00:00,1.8326864951204833
1985-05-20 00:00:00,1.8326864951204833
1985-05-21 00:00:00,1.8326864951204833
1985-05-22 00:00:00,1.8326864951204833
1985-05-23 00:00:00,1.8326864951204833
1985-05-24 00:00:00,1.8326864951204833
1985-05-28 00:00:00,1.8326864951204833
1985-05-29 00:00:00,1.8326864951204833
1985-05-30 00:00:00,1.8326864951204833
1985-05-31 00:00:00,1.8326864951204833
1985-06-03 00:00:00,1.8326864951204833
1985-06-04 00:00:00,1.8326864951204833
1985-06-05 00:00:00,1.8326864951204833
1985-06-06 00:00:00,1.8326864951204833
1985-06-07 00:00:00,1.8326864951204833
1985-06-10 00:00:00,1.8326864951204833
1985-06-11 00:00:00,1.8326864951204833
1985-06-12 00:00:00,1.8326864951204833
1985-06-13 00:00:00,1.8326864951204833
1985-06-14 00:00:00,1.8326864951204833
1985-06-17 00:00:00,1.8326864951204833
1985-06-18 00:00:00,1.8326864951204833
1985-06-19 00:00:00,1.8326864951204833
1985-06-20 00:00:00,1.8326864951204833
1985-06-21 00:00:00,1.8326864951204833
1985-06-24 00:00:00,1.8326864951204833
1985-06-25 00:00:00,1.8326864951204833
1985-06-26 00:00:00,1.8326864951204833
1985-06-27 00:00:00,1.8326864951204833
1985-06-28 00:00:00,1.8326864951204833
1985-07-01 00:00:00,1.8326864951204833
1985-07-02 00:00:00,1.8326864951204833
1985-07-03 00:00:00,1.8326864951204833
1985-07-05 00:00:00,1.8326864951204833
1985-07-08 00:00:00,1.8326864951204833
1985-07-09 00:00:00,1.8620149354964346
1985-07-10 00:00:00,1.8906613191194563
1985-07-11 00:00:00,1.8838407515901656
1985-07-12 00:00:00,1.8892972056135984
1985-07-15 00:00:00,1.8947536596370311
1985-07-16 00:00:00,1.8920254326253148
1985-07-17 00:00:00,1.925036979467083
1985-07-18 00:00:00,1.9158974189778335
1985-07-19 00:00:00,1.908394794695613
1985-07-22 00:00:00,1.8940716028841025
1985-07-23 00:00:00,1.9234000432600533
1985-07-24 00:00:00,1.9067578584885834
1985-07-25 00:00:00,1.9240821000129826
1985-07-26 00:00:00,1.9220359297541953
1985-07-29 00:00:00,1.947681263664329
1985-07-30 00:00:00,1.9390873485774225
1985-07-31 00:00:00,1.9247641567659117
1985-08-01 00:00:00,1.8838407515901656
1985-08-02 00:00:00,1.8701996165315837
1985-08-05 00:00:00,1.8654252192610798
1985-08-06 00:00:00,1.8360967788851288
1985-08-07 00:00:00,1.8251838708382633
1985-08-08 00:00:00,1.8490558571907816
1985-08-09 00:00:00,1.851784084202498
1985-08-12 00:00:00,1.8872510353548113
1985-08-13 00:00:00,1.8933895461311727
1985-08-14 00:00:00,1.88793309210774
1985-08-15 00:00:00,1.904984510930968
1985-08-16 00:00:00,1.9090768514485423
1985-08-19 00:00:00,1.908394794695613
1985-08-20 00:00:00,1.8947536596370311
1985-08-21 00:00:00,1.8992552342063633
1985-08-22 00:00:00,1.9199897594954078
1985-08-23 00:00:00,1.9111230217073294
1985-08-26 00:00:00,1.919716936794236
1985-08-27 00:00:00,1.9002101136604639
1985-08-28 00:00:00,1.9118050784602587
1985-08-29 00:00:00,1.9090768514485423
1985-08-30 00:00:00,1.8974818866487475
1985-09-03 00:00:00,1.8669215835713313
1985-09-04 00:00:00,1.8669215835713313
1985-09-05 00:00:00,1.8563140745737667
1985-09-06 00:00:00,1.8019165925349752
1985-09-09 00:00:00,1.7740378829900945
1985-09-10 00:00:00,1.7855973479233378
1985-09-11 00:00:00,1.7794776311939737
1985-09-12 00:00:00,1.7930770017036715
1985-09-13 00:00:00,1.8223156482995222
1985-09-16 00:00:00,1.8250355224014618
1985-09-17 00:00:00,1.821635679774037
1985-09-18 00:00:00,1.815515963044673
1985-09-19 00:00:00,1.8223156482995222
1985-09-20 00:00:00,1.8590339486757066
1985-09-23 00:00:00,1.940630171733894
1985-09-24 00:00:00,1.9467498884632581
1985-09-25 00:00:00,1.954909510769077
1985-09-26 00:00:00,1.9542295422435922
1985-09-27 00:00:00,1.907311713985134
1985-09-30 00:00:00,1.915471336290953
1985-10-01 00:00:00,1.9181912103928926
1985-10-02 00:00:00,1.9222710215458019
1985-10-03 00:00:00,1.9379102976319547
1985-10-04 00:00:00,1.9249908956477415
1985-10-07 00:00:00,1.920911084494832
1985-10-08 00:00:00,1.921591053020317
1985-10-09 00:00:00,1.9229509900712867
1985-10-10 00:00:00,1.9188711789183774
1985-10-11 00:00:00,1.9195511474438622
1985-10-15 00:00:00,1.921319065610123
1985-10-16 00:00:00,1.9141113992399832
1985-10-17 00:00:00,1.9229509900712867
1985-10-18 00:00:00,1.9419901087848639
1985-10-21 00:00:00,1.9494697625651976
1985-10-22 00:00:00,1.9453899514122883
1985-10-23 00:00:00,1.9494697625651976
1985-10-24 00:00:00,1.9324705494280752
1985-10-25 00:00:00,1.933830486479045
1985-10-28 00:00:00,1.9413101402593786
1985-10-29 00:00:00,1.9517816555518464
1985-10-30 00:00:00,1.9596692904474713
1985-10-31 00:00:00,1.9584292454469148
1985-11-01 00:00:00,1.9584292454469148
1985-11-04 00:00:00,1.9577497071938101
1985-11-05 00:00:00,1.9468770951441399
1985-11-06 00:00:00,1.9506825093615245
1985-11-07 00:00:00,1.9251318710447987
1985-11-08 00:00:00,1.9254036863460404
1985-11-12 00:00:00,1.91765695026065
1985-11-13 00:00:00,1.9346454065882601
1985-11-14 00:00:00,1.9398098973118538
1985-11-15 00:00:00,1.9321990688770843
1985-11-18 00:00:00,1.937363559600678
1985-11-19 00:00:00,1.9495952481565575
1985-11-20 00:00:00,1.9489157099034529
1985-11-21 00:00:00,1.959108783700019
1985-11-22 00:00:00,1.9774563165338381
1985-11-25 00:00:00,1.988057113282267
1985-11-26 00:00:00,1.9985220023800752
1985-11-27 00:00:00,2.003006954850564
1985-11-29 00:00:00,2.0236649177449384
1985-12-02 00:00:00,2.021626302985625
1985-12-03 00:00:00,2.01007415268285
1985-12-04 00:00:00,2.0195876882263115
1985-12-05 00:00:00,2.010753690935954
1985-12-06 00:00:00,2.009394614429745
1985-12-09 00:00:00,1.9808540077993606
1985-12-10 00:00:00,1.950274786409662
1985-12-11 00:00:00,1.9230932562854852
1985-12-12 00:00:00,1.9563906306876016
1985-12-13 00:00:00,1.9523134011689751
1985-12-16 00:00:00,1.9536724776751837
1985-12-17 00:00:00,1.9529929394220793
1985-12-18 00:00:00,1.929209100563425
1985-12-19 00:00:00,1.9312477153227383
1985-12-20 00:00:00,1.9366840213475738
1985-12-23 00:00:00,1.9421203273724088
1985-12-24 00:00:00,1.9394021743599912
1985-12-26 00:00:00,1.9421203273724088
1985-12-27 00:00:00,1.9516338629158705
1985-12-30 00:00:00,1.9557110924344971
1985-12-31 00:00:00,1.9638655514717502
1986-01-02 00:00:00,1.9707529434822646
1986-01-03 00:00:00,1.9707529434822646
1986-01-06 00:00:00,1.9673267387821913
1986-01-07 00:00:00,1.9728086663023088
1986-01-08 00:00:00,1.9780164974464205
1986-01-09 00:00:00,1.9871987260426172
1986-01-10 00:00:00,1.9933658945027493
1986-01-13 00:00:00,1.976234871002382
1986-01-14 00:00:00,1.9732198108663177
1986-01-15 00:00:00,1.976234871002382
1986-01-16 00:00:00,1.9707529434822646
1986-01-17 00:00:00,1.9689713170382266
1986-01-21 00:00:00,1.928953246141368
1986-01-22 00:00:00,1.9108628853249803
1986-01-23 00:00:00,1.8960616810206627
1986-01-24 00:00:00,1.9104517407609714
1986-01-27 00:00:00,1.907025536060898
1986-01-28 00:00:00,1.929638487081383
1986-01-29 00:00:00,1.9221008367412213
1986-01-30 00:00:00,1.9310089689614123
1986-01-31 00:00:00,1.9351204146015004
1986-02-03 00:00:00,1.8994878857207362
1986-02-04 00:00:00,1.8871535488004718
1986-02-05 00:00:00,1.9056550541808686
1986-02-06 00:00:00,1.9152484273410744
1986-02-07 00:00:00,1.9173041501611185
1986-02-10 00:00:00,1.9303237280213976
1986-02-11 00:00:00,1.9351204146015004
1986-02-12 00:00:00,1.9316942099014272
1986-02-13 00:00:00,1.942658064941662
1986-02-14 00:00:00,1.9437544504456856
1986-02-18 00:00:00,1.9574592692459793
1986-02-19 00:00:00,1.9871987260426172
1986-02-20 00:00:00,1.9892544488626613
1986-02-21 00:00:00,1.9824020394625141
1986-02-24 00:00:00,2.0050149904829992
1986-02-25 00:00:00,2.044758965003852
1986-02-26 00:00:00,2.040647519363764
1986-02-27 00:00:00,2.0303689052635434
1986-02-28 00:00:00,1.9817167985224997
1986-03-03 00:00:00,1.9755496300623676
1986-03-04 00:00:00,2.0044237645999545
1986-03-05 00:00:00,2.0044237645999545
1986-03-06 00:00:00,2.013402919989272
1986-03-07 00:00:00,2.0064958773821044
1986-03-10 00:00:00,1.993372496428487
1986-03-11 00:00:00,2.010640102946405
1986-03-12 00:00:00,2.0265263009428898
1986-03-13 00:00:00,2.015889455327852
1986-03-14 00:00:00,2.018237849814289
1986-03-17 00:00:00,2.0223820753785895
1986-03-18 00:00:00,2.0399259636007945
1986-03-19 00:00:00,2.0431032032000918
1986-03-20 00:00:00,2.054845175632276
1986-03-21 00:00:00,2.074184894932344
1986-03-24 00:00:00,2.054845175632276
1986-03-25 00:00:00,2.0193429766314357
1986-03-26 00:00:00,2.0375775691143576
1986-03-27 00:00:00,2.049595823250829
1986-03-28 00:00:00,2.036196160592924
1986-03-31 00:00:00,2.0355054563322073
1986-04-01 00:00:00,2.032051935028624
1986-04-02 00:00:00,2.023072779639306
1986-04-03 00:00:00,2.016165737032139
1986-04-04 00:00:00,2.0044237645999545
1986-04-07 00:00:00,2.010640102946405
1986-04-08 00:00:00,2.0175471455535723
1986-04-09 00:00:00,2.018237849814289
1986-04-10 00:00:00,2.0189285540750057
1986-04-11 00:00:00,2.038958977635791
1986-04-14 00:00:00,2.0475237104686785
1986-04-15 00:00:00,2.0444846117215247
1986-04-16 00:00:00,2.0810919375395116
1986-04-17 00:00:00,2.111482925011048
1986-04-18 00:00:00,2.0969781355359967
1986-04-21 00:00:00,2.0875845575902487
1986-04-22 00:00:00,2.1018130653610134
1986-04-23 00:00:00,2.1045758824038803
1986-04-24 00:00:00,2.1188043901746454
1986-04-25 00:00:00,2.1328947570932666
1986-04-28 00:00:00,2.1480902508290343
1986-04-29 00:00:00,2.1439460252647344
1986-04-30 00:00:00,2.1419632896139205
1986-05-01 00:00:00,2.1419632896139205
1986-05-02 00:00:00,2.131878189113515
1986-05-05 00:00:00,2.158491648767363
1986-05-06 00:00:00,2.1486866899475245
1986-05-07 00:00:00,2.1591920029687803
1986-05-08 00:00:00,2.161293065573031
1986-05-09 00:00:00,2.1605927113716143
1986-05-12 00:00:00,2.1654951907815336
1986-05-13 00:00:00,2.1498072566697912
1986-05-14 00:00:00,2.1563905861631123
1986-05-15 00:00:00,2.150087398350358
1986-05-16 00:00:00,2.1367806685234347
1986-05-19 00:00:00,2.125855142981328
1986-05-20 00:00:00,2.1265554971827454
1986-05-21 00:00:00,2.1241742928979273
1986-05-22 00:00:00,2.090977503750759
1986-05-23 00:00:00,2.09265835383416
1986-05-27 00:00:00,2.108766500466752
1986-05-28 00:00:00,2.103864021056833
1986-05-29 00:00:00,2.088456228625658
1986-05-30 00:00:00,2.0622629814926596
1986-06-02 00:00:00,2.0646441857774778
1986-06-03 00:00:00,2.091257645431326
1986-06-04 00:00:00,2.0779509156044016
1986-06-05 00:00:00,2.094759416438411
1986-06-06 00:00:00,2.107365792063918
1986-06-09 00:00:00,2.0982611874454964
1986-06-10 00:00:00,2.1241742928979273
1986-06-11 00:00:00,2.1388817311276855
1986-06-12 00:00:00,2.133278897516349
1986-06-13 00:00:00,2.1339792517177663
1986-06-16 00:00:00,2.133278897516349
1986-06-17 00:00:00,2.103163666855416
1986-06-18 00:00:00,2.1010626042511644
1986-06-19 00:00:00,2.105965083661084
1986-06-20 00:00:00,2.099661895848331
1986-06-23 00:00:00,2.1003622500497476
1986-06-24 00:00:00,2.1241742928979273
1986-06-25 00:00:00,2.1241742928979273
1986-06-26 00:00:00,2.1283764181064297
1986-06-27 00:00:00,2.1410405589464694
1986-06-30 00:00:00,2.1410405589464694
1986-07-01 00:00:00,2.165497614939657
1986-07-02 00:00:00,2.1480282892302367
1986-07-03 00:00:00,2.1599074307126425
1986-07-07 00:00:00,2.144115160271327
1986-07-08 00:00:00,2.139643012889716
1986-07-09 00:00:00,2.129860190492441
1986-07-10 00:00:00,2.1179810490100355
1986-07-11 00:00:00,2.1019092693573693
1986-07-14 00:00:00,2.0690669370236603
1986-07-15 00:00:00,2.0879338087898334
1986-07-16 00:00:00,2.1158847299249053
1986-07-17 00:00:00,2.1172822759816583
1986-07-18 00:00:00,2.102608042385746
1986-07-21 00:00:00,2.0949215390736016
1986-07-22 00:00:00,2.0823436245628195
1986-07-23 00:00:00,2.0851387166763264
1986-07-24 00:00:00,2.087235035761457
1986-07-25 00:00:00,2.0718620291371677
1986-07-28 00:00:00,2.0690669370236603
1986-07-29 00:00:00,2.079548532449312
1986-07-30 00:00:00,2.081644851534443
1986-07-31 00:00:00,2.0844399436479497
1986-08-01 00:00:00,2.0753558942790518
1986-08-04 00:00:00,2.054392703427748
1986-08-05 00:00:00,2.0753558942790518
1986-08-06 00:00:00,2.06697061793853
1986-08-07 00:00:00,2.063476752796646
1986-08-08 00:00:00,2.058585341598009
1986-08-11 00:00:00,2.076334176518779
1986-08-12 00:00:00,2.0746571212506746
1986-08-13 00:00:00,2.0767534403358052
1986-08-14 00:00:00,2.0865362627330803
1986-08-15 00:00:00,2.0879338087898334
1986-08-18 00:00:00,2.0865362627330803
1986-08-19 00:00:00,2.0984154042154857
1986-08-20 00:00:00,2.1019092693573693
1986-08-21 00:00:00,2.0936637476225233
1986-08-22 00:00:00,2.077452213364182
1986-08-25 00:00:00,2.065293562670426
1986-08-26 00:00:00,2.0726172630262374
1986-08-27 00:00:00,2.0726172630262374
1986-08-28 00:00:00,2.077386395353435
1986-08-29 00:00:00,2.066792461714805
1986-09-02 00:00:00,2.0649973749475126
1986-09-03 00:00:00,2.050492842699399
1986-09-04 00:00:00,2.044088836142358
1986-09-05 00:00:00,2.056539501452469
1986-09-08 00:00:00,2.0682918455823165
1986-09-09 00:00:00,2.071664335548984
1986-09-10 00:00:00,2.0750368255156517
1986-09-11 00:00:00,2.091677417907353
1986-09-12 00:00:00,2.0824801266292523
1986-09-15 00:00:00,2.0756571273640527
1986-09-16 00:00:00,2.0829402159402037
1986-09-17 00:00:00,2.083519421185812
1986-09-18 00:00:00,2.087590232332745
1986-09-19 00:00:00,2.082582868136234
1986-09-22 00:00:00,2.1096982782319085
1986-09-23 00:00:00,2.119774651529119
1986-09-24 00:00:00,2.1227281487876284
1986-09-25 00:00:00,2.139368741179329
1986-09-26 00:00:00,2.1364563405236128
1986-09-29 00:00:00,2.1412254728508104
1986-09-30 00:00:00,2.1218326923408424
1986-10-01 00:00:00,2.1256241750156697
1986-10-02 00:00:00,2.139471482686311
1986-10-03 00:00:00,2.127480906687151
1986-10-06 00:00:00,2.1329483601946135
1986-10-07 00:00:00,2.1419074196034007
1986-10-08 00:00:00,2.1582686835229956
1986-10-09 00:00:00,2.15633393251965
1986-10-10 00:00:00,2.1394551082586357
1986-10-14 00:00:00,2.1344477440621246
1986-10-15 00:00:00,2.1308370222261432
1986-10-16 00:00:00,2.133511191012546
1986-10-17 00:00:00,2.1417719292410684
1986-10-20 00:00:00,2.1440271053193127
1986-10-21 00:00:00,2.135248806749371
1986-10-22 00:00:00,2.1421129026173635
1986-10-23 00:00:00,2.1517702832064156
1986-10-24 00:00:00,2.1670907692389436
1986-10-27 00:00:00,2.1670907692389436
1986-10-28 00:00:00,2.1530993080987635
1986-10-29 00:00:00,2.1591378362938873
1986-10-30 00:00:00,2.180892202275174
1986-10-31 00:00:00,2.16813335586332
1986-11-03 00:00:00,2.159072353636445
1986-11-04 00:00:00,2.1535551187535087
1986-11-05 00:00:00,2.1407962723416545
1986-11-06 00:00:00,2.1283455796118824
1986-11-07 00:00:00,2.1362330298994965
1986-11-10 00:00:00,2.121317107713071
1986-11-12 00:00:00,2.1349054011191946
1986-11-13 00:00:00,2.1378623924935027
1986-11-14 00:00:00,2.128801390266628
1986-11-17 00:00:00,2.1322206121640583
1986-11-18 00:00:00,2.140570292974795
1986-11-19 00:00:00,2.1473792053751235
1986-11-20 00:00:00,2.158502269324594
1986-11-21 00:00:00,2.1394262724300668
1986-11-24 00:00:00,2.1493167216512115
1986-11-25 00:00:00,2.1404097962653776
1986-11-26 00:00:00,2.125956104602074
1986-11-28 00:00:00,2.1227500223347504
1986-12-01 00:00:00,2.1164624032466097
1986-12-02 00:00:00,2.121268316713408
1986-12-03 00:00:00,2.1246875386108384
1986-12-04 00:00:00,2.1291852983955546
1986-12-05 00:00:00,2.1298311371542504
1986-12-08 00:00:00,2.143573507401415
1986-12-09 00:00:00,2.1372858883132753
1986-12-10 00:00:00,2.1345420365690733
1986-12-11 00:00:00,2.137807181625463
1986-12-12 00:00:00,2.131057332014201
1986-12-15 00:00:00,2.1236911750387746
1986-12-16 00:00:00,2.1274185506182866
1986-12-17 00:00:00,2.1268317746486565
1986-12-18 00:00:00,2.125320537632781
1986-12-19 00:00:00,2.1224226090475384
1986-12-22 00:00:00,2.108431147907358
1986-12-23 00:00:00,2.0913581499463616
1986-12-24 00:00:00,2.0813388668066333
1986-12-26 00:00:00,2.0813388668066333
1986-12-29 00:00:00,2.0665156897345582
1986-12-30 00:00:00,2.0661105665409103
1986-12-31 00:00:00,2.046005528147035
1987-01-02 00:00:00,2.035179435318484
1987-01-05 00:00:00,2.0596133356381667
1987-01-06 00:00:00,2.054640116166205
1987-01-07 00:00:00,2.062657420485698
1987-01-08 00:00:00,2.056113917918066
1987-01-09 00:00:00,2.051711710480894
1987-01-12 00:00:00,2.031892178104413
1987-01-13 00:00:00,2.0339138560586196
1987-01-14 00:00:00,2.012095781560377
1987-01-15 00:00:00,2.0138319534971885
1987-01-16 00:00:00,1.9975812463381404
1987-01-20 00:00:00,1.9910377437705085
1987-01-21 00:00:00,1.9952007168551742
1987-01-22 00:00:00,1.9736681483743261
1987-01-23 00:00:00,1.989965127198262
1987-01-26 00:00:00,1.9805665644566843
1987-01-27 00:00:00,1.968027435523766
1987-01-28 00:00:00,1.9674795593214207
1987-01-29 00:00:00,1.9662179180755894
1987-01-30 00:00:00,1.99864598688232
1987-02-02 00:00:00,1.9841083158276398
1987-02-03 00:00:00,1.9791350963556782
1987-02-04 00:00:00,1.9857248705881982
1987-02-05 00:00:00,1.9967399880903347
1987-02-06 00:00:00,2.0087543766533518
1987-02-09 00:00:00,1.990790633389936
1987-02-10 00:00:00,1.9678305348221148
1987-02-11 00:00:00,1.9848412786895375
1987-02-12 00:00:00,1.990431781861176
1987-02-13 00:00:00,1.9888846345979498
1987-02-17 00:00:00,1.9737759515084798
1987-02-18 00:00:00,1.9726570632713456
1987-02-19 00:00:00,1.979960602547352
1987-02-20 00:00:00,1.9765576661710609
1987-02-23 00:00:00,1.9568808868032777
1987-02-24 00:00:00,1.9603300948444566
1987-02-25 00:00:00,1.963154901225594
1987-02-26 00:00:00,1.963154901225594
1987-02-27 00:00:00,1.971443635787443
1987-03-02 00:00:00,1.9941420165875827
1987-03-03 00:00:00,1.9892962948437327
1987-03-04 00:00:00,1.9946520925606197
1987-03-05 00:00:00,2.011994675643873
1987-03-06 00:00:00,2.0262768028889044
1987-03-09 00:00:00,2.0250016129563124
1987-03-10 00:00:00,2.0201558912124624
1987-03-11 00:00:00,2.028827182754089
1987-03-12 00:00:00,2.0256392079226084
1987-03-13 00:00:00,2.008424143832615
1987-03-16 00:00:00,2.018625663293352
1987-03-17 00:00:00,2.0371159173159374
1987-03-18 00:00:00,2.0476999937564524
1987-03-19 00:00:00,2.044512018924972
1987-03-20 00:00:00,2.043109309999121
1987-03-23 00:00:00,2.0619821210014844
1987-03-24 00:00:00,2.0530557914733394
1987-03-25 00:00:00,2.0476999937564524
1987-03-26 00:00:00,2.047955031742971
1987-03-27 00:00:00,2.0441294619451944
1987-03-30 00:00:00,2.049867816641859
1987-03-31 00:00:00,2.049230221675563
1987-04-01 00:00:00,2.042854272012603
1987-04-02 00:00:00,2.049230221675563
1987-04-03 00:00:00,2.0524181965070434
1987-04-06 00:00:00,2.0619821210014844
1987-04-07 00:00:00,2.0636398679138543
1987-04-08 00:00:00,2.056626323284598
1987-04-09 00:00:00,2.062874753954299
1987-04-10 00:00:00,2.0721836404622214
1987-04-13 00:00:00,2.0702708555633333
1987-04-14 00:00:00,2.0823851599229584
1987-04-15 00:00:00,2.0823851599229584
1987-04-16 00:00:00,2.0798347800577743
1987-04-17 00:00:00,2.0785595901251823
1987-04-20 00:00:00,2.080727413010589
1987-04-21 00:00:00,2.082640197909477
1987-04-22 00:00:00,2.075371615293702
1987-04-23 00:00:00,2.08689697318296
1987-04-24 00:00:00,2.08689697318296
1987-04-27 00:00:00,2.1001211241898523
1987-04-28 00:00:00,2.0837483658003664
1987-04-29 00:00:00,2.0902974691561607
1987-04-30 00:00:00,2.091305023518591
1987-05-01 00:00:00,2.1013805671428902
1987-05-04 00:00:00,2.1158641611028197
1987-05-05 00:00:00,2.126569426203637
1987-05-06 00:00:00,2.121279765800881
1987-05-07 00:00:00,2.1146047181497822
1987-05-08 00:00:00,2.1089372248611147
1987-05-11 00:00:00,2.0881564161359973
1987-05-12 00:00:00,2.1022621772100156
1987-05-13 00:00:00,2.105158896002002
1987-05-14 00:00:00,2.1130933866061374
1987-05-15 00:00:00,2.1137231080826564
1987-05-18 00:00:00,2.120650044324362
1987-05-19 00:00:00,2.119012768485413
1987-05-20 00:00:00,2.119642489961932
1987-05-21 00:00:00,2.1146047181497822
1987-05-22 00:00:00,2.107048060431558
1987-05-26 00:00:00,2.0579297852630996
1987-05-27 00:00:00,2.0314814832493147
1987-05-28 00:00:00,2.047224520162282
1987-05-29 00:00:00,2.0522622919744316
1987-06-01 00:00:00,2.0455872443233334
1987-06-02 00:00:00,2.069894493316955
1987-06-03 00:00:00,2.0692647718404364
1987-06-04 00:00:00,2.044327801370296
1987-06-05 00:00:00,2.0541514564039876
1987-06-08 00:00:00,2.0635972785517684
1987-06-09 00:00:00,2.0919347449951093
1987-06-10 00:00:00,2.088786137612516
1987-06-11 00:00:00,2.0923125778810205
1987-06-12 00:00:00,2.080599758417773
1987-06-15 00:00:00,2.055410899357025
1987-06-16 00:00:00,2.0579297852630996
1987-06-17 00:00:00,2.0581816738537073
1987-06-18 00:00:00,2.0526401248603423
1987-06-19 00:00:00,2.035259812108427
1987-06-22 00:00:00,2.0081854410026865
1987-06-23 00:00:00,2.0081854410026865
1987-06-24 00:00:00,2.0370711602916556
1987-06-25 00:00:00,2.0246377419890127
1987-06-26 00:00:00,2.0226283006471713
1987-06-29 00:00:00,2.0104460625122584
1987-06-30 00:00:00,2.0255168725760684
1987-07-01 00:00:00,2.028907804840425
1987-07-02 00:00:00,2.028907804840425
1987-07-03 00:00:00,2.0220003502278456
1987-07-06 00:00:00,2.0326755073563776
1987-07-07 00:00:00,2.0345593586143544
1987-07-08 00:00:00,2.0317963767693223
1987-07-09 00:00:00,2.0314196065177272
1987-07-10 00:00:00,2.0263960031631236
1987-07-13 00:00:00,2.0314196065177272
1987-07-14 00:00:00,2.0230050708987664
1987-07-15 00:00:00,2.0490022182588383
1987-07-16 00:00:00,2.047746317420188
1987-07-17 00:00:00,2.0188605981312184
1987-07-20 00:00:00,2.0117019633509083
1987-07-21 00:00:00,2.0037897880674085
1987-07-22 00:00:00,2.0031618376480833
1987-07-23 00:00:00,2.0140881749443453
1987-07-24 00:00:00,2.0132090443572896
1987-07-27 00:00:00,2.00630158974471
1987-07-28 00:00:00,2.0075574905833613
1987-07-29 00:00:00,2.0094413418413377
1987-07-30 00:00:00,2.0019059368094325
1987-07-31 00:00:00,1.9981382342934797
1987-08-03 00:00:00,1.9887189780035985
1987-08-04 00:00:00,1.9717643166818124
1987-08-05 00:00:00,1.9821882936426143
1987-08-06 00:00:00,1.9792997217137174
1987-08-07 00:00:00,1.9676198439142645
1987-08-10 00:00:00,1.9676198439142645
1987-08-11 00:00:00,1.971387546430217
1987-08-12 00:00:00,1.9830674242296698
1987-08-13 00:00:00,1.9839465548167254
1987-08-14 00:00:00,1.9956264326161781
1987-08-17 00:00:00,1.9978870541257496
1987-08-18 00:00:00,2.030189200466101
1987-08-19 00:00:00,2.030189200466101
1987-08-20 00:00:00,2.021272941251997
1987-08-21 00:00:00,2.012356682037894
1987-08-24 00:00:00,2.0109829214013737
1987-08-25 00:00:00,2.0256998243970297
1987-08-26 00:00:00,2.027720188120422
1987-08-27 00:00:00,2.0118899718768675
1987-08-28 00:00:00,2.007373503499687
1987-08-31 00:00:00,2.0068797010305515
1987-09-01 00:00:00,1.997586316887569
1987-09-02 00:00:00,1.9854016416231792
1987-09-03 00:00:00,1.9761082574801965
1987-09-04 00:00:00,1.9800142458479844
1987-09-08 00:00:00,1.9727321946590235
1987-09-09 00:00:00,1.9833007234370095
1987-09-10 00:00:00,1.9911036694032147
1987-09-11 00:00:00,1.9843244514527598
1987-09-14 00:00:00,2.000549854163933
1987-09-15 00:00:00,1.9937706362134782
1987-09-16 00:00:00,1.9900084176940565
1987-09-17 00:00:00,1.9886346570575355
1987-09-18 00:00:00,1.9770785233412784
1987-09-21 00:00:00,1.9863899690230005
1987-09-22 00:00:00,1.994821456537338
1987-09-23 00:00:00,1.9931962792815643
1987-09-24 00:00:00,1.9996164338418796
1987-09-25 00:00:00,1.9935914657491831
1987-09-28 00:00:00,1.9930976632800474
1987-09-29 00:00:00,2.0105801490874846
1987-09-30 00:00:00,2.014486137455272
1987-10-01 00:00:00,2.024803249614005
1987-10-02 00:00:00,2.0187782815213082
1987-10-05 00:00:00,2.015393187930766
1987-10-06 00:00:00,2.0049684290011456
1987-10-07 00:00:00,1.994417961761899
1987-10-08 00:00:00,1.991535701409862
1987-10-09 00:00:00,1.9811109424802416
1987-10-13 00:00:00,1.9856454723961614
1987-10-14 00:00:00,1.9779862962783217
1987-10-15 00:00:00,1.9640417046791627
1987-10-16 00:00:00,1.9626874288306342
1987-10-19 00:00:00,1.9626874288306342
1987-10-20 00:00:00,1.9328966375001693
1987-10-21 00:00:00,1.9293918385201145
1987-10-22 00:00:00,1.9270553058667448
1987-10-23 00:00:00,1.9568460971972097
1987-10-26 00:00:00,1.9720335594441134
1987-10-27 00:00:00,1.9819638232209351
1987-10-28 00:00:00,1.997735418631181
1987-10-29 00:00:00,2.0082498155713457
1987-10-30 00:00:00,2.0111704813880578
1987-11-02 00:00:00,2.0316151421050437
1987-11-03 00:00:00,2.0327834084317287
1987-11-04 00:00:00,2.0423631923105443
1987-11-05 00:00:00,2.083018860479179
1987-11-06 00:00:00,2.082434727315837
1987-11-09 00:00:00,2.094701523746028
1987-11-10 00:00:00,2.0871077926225765
1987-11-12 00:00:00,2.053228069148714
1987-11-13 00:00:00,2.0654948655789056
1987-11-16 00:00:00,2.0444660716985776
1987-11-17 00:00:00,2.060821800272166
1987-11-18 00:00:00,2.0678313982322756
1987-11-19 00:00:00,2.079747714764461
1987-11-20 00:00:00,2.0783457951724396
1987-11-23 00:00:00,2.091780857929316
1987-11-24 00:00:00,2.0707520640489876
1987-11-25 00:00:00,2.094117390582686
1987-11-27 00:00:00,2.115146184463014
1987-11-30 00:00:00,2.1327870059959557
1987-12-01 00:00:00,2.123908181913151
1987-12-02 00:00:00,2.1168985839530414
1987-12-03 00:00:00,2.1104731191562744
1987-12-04 00:00:00,2.1005428553794525
1987-12-07 00:00:00,2.095869790072713
1987-12-08 00:00:00,2.09843997599142
1987-12-09 00:00:00,2.105215920686192
1987-12-10 00:00:00,2.13792737783337
1987-12-11 00:00:00,2.147273508446849
1987-12-14 00:00:00,2.146105242120164
1987-12-15 00:00:00,2.139679777323397
1987-12-16 00:00:00,2.1390909710947477
1987-12-17 00:00:00,2.1390909710947477
1987-12-18 00:00:00,2.127786594946767
1987-12-21 00:00:00,2.1291850744702283
1987-12-22 00:00:00,2.1332639730803247
1987-12-23 00:00:00,2.1247565559792667
1987-12-24 00:00:00,2.134429372683209
1987-12-28 00:00:00,2.1676432613654213
1987-12-29 00:00:00,2.1688086609683057
1987-12-30 00:00:00,2.165312462159652
1987-12-31 00:00:00,2.1979436510404216
1988-01-04 00:00:00,2.1878046744953257
1988-01-05 00:00:00,2.1332639730803247
1988-01-06 00:00:00,2.104711682809651
1988-01-07 00:00:00,2.1163656788384975
1988-01-08 00:00:00,2.104711682809651
1988-01-11 00:00:00,2.1232415364955166
1988-01-12 00:00:00,2.1221926768529205
1988-01-13 00:00:00,2.126854275264459
1988-01-14 00:00:00,2.112286780228401
1988-01-15 00:00:00,2.06916699492167
1988-01-19 00:00:00,2.0726631937303237
1988-01-20 00:00:00,2.0887457082501313
1988-01-21 00:00:00,2.0930576867808046
1988-01-22 00:00:00,2.0770917122212853
1988-01-25 00:00:00,2.0650880963115736
1988-01-26 00:00:00,2.067418895517343
1988-01-27 00:00:00,2.0741782132140734
1988-01-28 00:00:00,2.0767420923404196
1988-01-29 00:00:00,2.0617084374632078
1988-02-01 00:00:00,2.0487725018711886
1988-02-02 00:00:00,2.0627572971058044
1988-02-03 00:00:00,2.05926109829715
1988-02-04 00:00:00,2.0543664199650347
1988-02-05 00:00:00,2.0452763030625345
1988-02-08 00:00:00,2.04411090345965
1988-02-09 00:00:00,2.03502078655715
1988-02-10 00:00:00,2.0520356207592654
1988-02-11 00:00:00,2.049355201672631
1988-02-12 00:00:00,2.027212609217823
1988-02-16 00:00:00,2.0365358060409
1988-02-17 00:00:00,2.036476778551014
1988-02-18 00:00:00,2.036476778551014
1988-02-19 00:00:00,2.036476778551014
1988-02-22 00:00:00,2.036476778551014
1988-02-23 00:00:00,2.036476778551014
1988-02-24 00:00:00,2.036476778551014
1988-02-25 00:00:00,2.036476778551014
1988-02-26 00:00:00,2.036476778551014
1988-02-29 00:00:00,2.036476778551014
1988-03-01 00:00:00,2.036476778551014
1988-03-02 00:00:00,2.036476778551014
1988-03-03 00:00:00,2.036476778551014
1988-03-04 00:00:00,2.036476778551014
1988-03-07 00:00:00,2.036476778551014
1988-03-08 00:00:00,2.036476778551014
1988-03-09 00:00:00,2.036476778551014
1988-03-10 00:00:00,2.036476778551014
1988-03-11 00:00:00,2.036476778551014
1988-03-14 00:00:00,2.036476778551014
1988-03-15 00:00:00,2.036476778551014
1988-03-16 00:00:00,2.036476778551014
1988-03-17 00:00:00,2.036476778551014
1988-03-18 00:00:00,2.036476778551014
1988-03-21 00:00:00,2.036476778551014
1988-03-22 00:00:00,2.0399335370318266
1988-03-23 00:00:00,2.0461780039649073
1988-03-24 00:00:00,2.055098671012166
1988-03-25 00:00:00,2.0472930873458144
1988-03-28 00:00:00,2.0727169884305012
1988-03-29 00:00:00,2.0829757555348487
1988-03-30 00:00:00,2.093011505963014
1988-03-31 00:00:00,2.1036047980816335
1988-04-01 00:00:00,2.107507589914809
1988-04-04 00:00:00,2.1052774231529945
1988-04-05 00:00:00,2.095241672724829
1988-04-06 00:00:00,2.0907813392011994
1988-04-07 00:00:00,2.0863210056775703
1988-04-08 00:00:00,2.091004355877381
1988-04-11 00:00:00,2.067810621554509
1988-04-12 00:00:00,2.063461796368971
1988-04-13 00:00:00,2.050638337488537
1988-04-14 00:00:00,2.091450389229744
1988-04-15 00:00:00,2.105834964843448
1988-04-18 00:00:00,2.1242338406284187
1988-04-19 00:00:00,2.110295298367078
1988-04-20 00:00:00,2.1108528400575315
1988-04-21 00:00:00,2.1164282569620676
1988-04-22 00:00:00,2.106392506533902
1988-04-25 00:00:00,2.090558322525018
1988-04-26 00:00:00,2.0907813392011994
1988-04-27 00:00:00,2.093011505963014
1988-04-28 00:00:00,2.0896662558202923
1988-04-29 00:00:00,2.0946841310343753
1988-05-02 00:00:00,2.086878547368024
1988-05-03 00:00:00,2.0865440223537517
1988-05-04 00:00:00,2.079072963701673
1988-05-05 00:00:00,2.0813031304634877
1988-05-06 00:00:00,2.0762852552494047
1988-05-09 00:00:00,2.096022231091464
1988-05-10 00:00:00,2.0978063645009155
1988-05-11 00:00:00,2.10304725639118
1988-05-12 00:00:00,2.101374631319819
1988-05-13 00:00:00,2.1086226732957165
1988-05-16 00:00:00,2.105781563500337
1988-05-17 00:00:00,2.105781563500337
1988-05-18 00:00:00,2.1060075299735104
1988-05-19 00:00:00,2.109171060597934
1988-05-20 00:00:00,2.103521898768606
1988-05-23 00:00:00,2.111656691802838
1988-05-24 00:00:00,2.109397027071107
1988-05-25 00:00:00,2.1048776976076446
1988-05-26 00:00:00,2.104312781424712
1988-05-27 00:00:00,2.096403954863652
1988-05-31 00:00:00,2.076857854934177
1988-06-01 00:00:00,2.0602493191559526
1988-06-02 00:00:00,2.033133342375178
1988-06-03 00:00:00,2.0269192643629173
1988-06-06 00:00:00,2.0356189735800823
1988-06-07 00:00:00,2.0463523810558053
1988-06-08 00:00:00,2.0530183920144127
1988-06-09 00:00:00,2.0500808278631624
1988-06-10 00:00:00,2.0529054087778262
1988-06-13 00:00:00,2.0523404925948934
1988-06-14 00:00:00,2.016750773070126
1988-06-15 00:00:00,2.017880605435992
1988-06-16 00:00:00,2.017880605435992
1988-06-17 00:00:00,2.0139261921554623
1988-06-20 00:00:00,2.0161858568871938
1988-06-21 00:00:00,2.0173156892530595
1988-06-22 00:00:00,1.9972046731406514
1988-06-23 00:00:00,1.9846635338795429
1988-06-24 00:00:00,1.9489608311181894
1988-06-27 00:00:00,1.9239915358325592
1988-06-28 00:00:00,1.94105200455713
1988-06-29 00:00:00,1.9278329658765023
1988-06-30 00:00:00,1.9303185970814065
1988-07-01 00:00:00,1.9218448543374147
1988-07-05 00:00:00,1.9286238485326086
1988-07-06 00:00:00,1.9337080941790037
1988-07-07 00:00:00,1.9402611219010244
1988-07-08 00:00:00,1.9224097705203473
1988-07-11 00:00:00,1.9082868659470273
1988-07-12 00:00:00,1.9156307763251537
1988-07-13 00:00:00,1.9113374133348644
1988-07-14 00:00:00,1.9076551314779773
1988-07-15 00:00:00,1.9076551314779773
1988-07-18 00:00:00,1.8995156789756562
1988-07-19 00:00:00,1.872448800334197
1988-07-20 00:00:00,1.8539852972105275
1988-07-21 00:00:00,1.8343746773511531
1988-07-22 00:00:00,1.8187789660667473
1988-07-25 00:00:00,1.8358760817499433
1988-07-26 00:00:00,1.8491877122053122
1988-07-27 00:00:00,1.8345096943094708
1988-07-28 00:00:00,1.8389885258999081
1988-07-29 00:00:00,1.8526442913759884
1988-08-01 00:00:00,1.8490933058164887
1988-08-02 00:00:00,1.8524250206712207
1988-08-03 00:00:00,1.8517418269509847
1988-08-04 00:00:00,1.8533528667021586
1988-08-05 00:00:00,1.8718265224682011
1988-08-08 00:00:00,1.866898996825855
1988-08-09 00:00:00,1.8790635105455185
1988-08-10 00:00:00,1.8741359849031722
1988-08-11 00:00:00,1.8734527911829357
1988-08-12 00:00:00,1.8452387958057714
1988-08-15 00:00:00,1.8470792589040865
1988-08-16 00:00:00,1.8410046165260348
1988-08-17 00:00:00,1.874390789856247
1988-08-18 00:00:00,1.864301238903227
1988-08-19 00:00:00,1.8596031366080217
1988-08-22 00:00:00,1.8895479597311178
1988-08-23 00:00:00,1.8863411091923292
1988-08-24 00:00:00,1.8868050322077983
1988-08-25 00:00:00,1.863179503773455
1988-08-26 00:00:00,1.8724762256538552
1988-08-29 00:00:00,1.8790198673685623
1988-08-30 00:00:00,1.873174648337652
1988-08-31 00:00:00,1.8816683885030578
1988-09-01 00:00:00,1.8970448290826962
1988-09-02 00:00:00,1.8808755594304376
1988-09-06 00:00:00,1.8574794543432358
1988-09-07 00:00:00,1.8519783703330368
1988-09-08 00:00:00,1.8644870190734115
1988-09-09 00:00:00,1.8646068070681687
1988-09-12 00:00:00,1.8651867035856176
1988-09-13 00:00:00,1.8651867035856176
1988-09-14 00:00:00,1.8887242696356235
1988-09-15 00:00:00,1.882568415286566
1988-09-16 00:00:00,1.8875200996793806
1988-09-19 00:00:00,1.8836737335835836
1988-09-20 00:00:00,1.875098415350158
1988-09-21 00:00:00,1.8876384182893997
1988-09-22 00:00:00,1.8957793959843359
1988-09-23 00:00:00,1.891273176101893
1988-09-26 00:00:00,1.896664763019138
1988-09-27 00:00:00,1.8830305657547608
1988-09-28 00:00:00,1.8741253206280122
1988-09-29 00:00:00,1.879077005020827
1988-09-30 00:00:00,1.8692919548452172
1988-10-03 00:00:00,1.860936587874007
1988-10-04 00:00:00,1.8652284184801757
1988-10-05 00:00:00,1.864021467530962
1988-10-06 00:00:00,1.8655639073594394
1988-10-07 00:00:00,1.8610576874769968
1988-10-11 00:00:00,1.841154879239484
1988-10-12 00:00:00,1.8245513399352002
1988-10-13 00:00:00,1.8084976787864553
1988-10-14 00:00:00,1.797392921037554
1988-10-17 00:00:00,1.80553389873249
1988-10-18 00:00:00,1.8010276788500474
1988-10-19 00:00:00,1.8025701186785246
1988-10-20 00:00:00,1.7887159701519324
1988-10-21 00:00:00,1.7897085318248718
1988-10-24 00:00:00,1.801148778453037
1988-10-25 00:00:00,1.798842071192747
1988-10-26 00:00:00,1.7904867042215369
1988-10-27 00:00:00,1.7826812154058647
1988-10-28 00:00:00,1.7825740207677274
1988-10-31 00:00:00,1.781367069818514
1988-11-01 00:00:00,1.7836793390647452
1988-11-02 00:00:00,1.7723546300536284
1988-11-03 00:00:00,1.7667486538601092
1988-11-04 00:00:00,1.7853373165102715
1988-11-07 00:00:00,1.77423255876137
1988-11-08 00:00:00,1.7794041944163999
1988-11-09 00:00:00,1.7560824637590124
1988-11-10 00:00:00,1.7560824637590124
1988-11-14 00:00:00,1.7683080448211053
1988-11-15 00:00:00,1.7673299983361375
1988-11-16 00:00:00,1.782000695610649
1988-11-17 00:00:00,1.7810226491256815
1988-11-18 00:00:00,1.7761324167008445
1988-11-21 00:00:00,1.7834677653381004
1988-11-22 00:00:00,1.79158555116333
1988-11-23 00:00:00,1.7966713928851603
1988-11-25 00:00:00,1.8035177182799325
1988-11-28 00:00:00,1.7966713928851603
1988-11-29 00:00:00,1.8109508715656848
1988-11-30 00:00:00,1.8087013646502597
1988-12-01 00:00:00,1.8118311134021554
1988-12-02 00:00:00,1.8152542760995416
1988-12-05 00:00:00,1.8289469268890854
1988-12-06 00:00:00,1.8244479130582354
1988-12-07 00:00:00,1.80058357882503
1988-12-08 00:00:00,1.809385997189737
1988-12-09 00:00:00,1.8084079507047695
1988-12-12 00:00:00,1.8015616253099975
1988-12-13 00:00:00,1.7878689745204537
1988-12-14 00:00:00,1.789336044247905
1988-12-15 00:00:00,1.7876733652234602
1988-12-16 00:00:00,1.7712421842760073
1988-12-19 00:00:00,1.7825875235016295
1988-12-20 00:00:00,1.761950742668817
1988-12-21 00:00:00,1.7673299983361375
1988-12-22 00:00:00,1.7585275799714308
1988-12-23 00:00:00,1.7604836729413658
1988-12-27 00:00:00,1.7643958588812354
1988-12-28 00:00:00,1.749725161606724
1988-12-29 00:00:00,1.7502141848492079
1988-12-30 00:00:00,1.7687970680635887
1989-01-03 00:00:00,1.7824897188531328
1989-01-04 00:00:00,1.7673299983361375
1989-01-05 00:00:00,1.7575495334864633
1989-01-06 00:00:00,1.7409227432420173
1989-01-09 00:00:00,1.7248827808885516
1989-01-10 00:00:00,1.7249805855370481
1989-01-11 00:00:00,1.741373964987857
1989-01-12 00:00:00,1.741373964987857
1989-01-13 00:00:00,1.7362006006299895
1989-01-17 00:00:00,1.7257562612659927
1989-01-18 00:00:00,1.7125788237506698
1989-01-19 00:00:00,1.7081863445788956
1989-01-20 00:00:00,1.726244314507301
1989-01-23 00:00:00,1.731612900161692
1989-01-24 00:00:00,1.7254634293212079
1989-01-25 00:00:00,1.7286845807138422
1989-01-26 00:00:00,1.7311248469203837
1989-01-27 00:00:00,1.7159951964398277
1989-01-30 00:00:00,1.7197044010737705
1989-01-31 00:00:00,1.7081863445788956
1989-02-01 00:00:00,1.7116027172680535
1989-02-02 00:00:00,1.7089672297649887
1989-02-03 00:00:00,1.6998894394766553
1989-02-06 00:00:00,1.69129970242963
1989-02-07 00:00:00,1.7008655459592716
1989-02-08 00:00:00,1.701646431145365
1989-02-09 00:00:00,1.7128716556954549
1989-02-10 00:00:00,1.7123836024541466
1989-02-13 00:00:00,1.7076982913375873
1989-02-14 00:00:00,1.726244314507301
1989-02-15 00:00:00,1.7309296256238602
1989-02-16 00:00:00,1.728489359417319
1989-02-17 00:00:00,1.733565113126925
1989-02-21 00:00:00,1.708381565875419
1989-02-22 00:00:00,1.7086743978202037
1989-02-23 00:00:00,1.7179474094050606
1989-02-24 00:00:00,1.7111146640267452
1989-02-27 00:00:00,1.7031105908692896
1989-02-28 00:00:00,1.7023297056831965
1989-03-01 00:00:00,1.6828075760308663
1989-03-02 00:00:00,1.682612354734343
1989-03-03 00:00:00,1.6818314695482497
1989-03-06 00:00:00,1.680855363065633
1989-03-07 00:00:00,1.6805625311208483
1989-03-08 00:00:00,1.6786103181556153
1989-03-09 00:00:00,1.676462883893859
1989-03-10 00:00:00,1.674510670928626
1989-03-13 00:00:00,1.6700838328086636
1989-03-14 00:00:00,1.6700838328086636
1989-03-15 00:00:00,1.6779166880733507
1989-03-16 00:00:00,1.6788843307321197
1989-03-17 00:00:00,1.6835263125320843
1989-03-20 00:00:00,1.6860410453555672
1989-03-21 00:00:00,1.6765658294025174
1989-03-22 00:00:00,1.673762439784796
1989-03-23 00:00:00,1.6746333893082708
1989-03-24 00:00:00,1.6772448152670483
1989-03-27 00:00:00,1.6858512156140923
1989-03-28 00:00:00,1.7070277235494369
1989-03-29 00:00:00,1.7063515829081972
1989-03-30 00:00:00,1.7073192255669662
1989-03-31 00:00:00,1.7094471858492708
1989-04-03 00:00:00,1.7085776589374422
1989-04-04 00:00:00,1.6883695049666894
1989-04-05 00:00:00,1.6951387357431358
1989-04-06 00:00:00,1.6908849490959954
1989-04-07 00:00:00,1.6975574867371468
1989-04-10 00:00:00,1.6969780392312022
1989-04-11 00:00:00,1.705100973901773
1989-04-12 00:00:00,1.703554595042882
1989-04-13 00:00:00,1.696690093742787
1989-04-14 00:00:00,1.6953371011544849
1989-04-17 00:00:00,1.6786099000543386
1989-04-18 00:00:00,1.6765800555189745
1989-04-19 00:00:00,1.6842195245130722
1989-04-20 00:00:00,1.677355023212977
1989-04-21 00:00:00,1.6801598354423442
1989-04-24 00:00:00,1.6888629289246826
1989-04-25 00:00:00,1.692537979371701
1989-04-26 00:00:00,1.7045286394540566
1989-04-27 00:00:00,1.7024987949186927
1989-04-28 00:00:00,1.70385321011864
1989-05-01 00:00:00,1.712459610465684
1989-05-02 00:00:00,1.7075289718714812
1989-05-03 00:00:00,1.7093668527479018
1989-05-04 00:00:00,1.7089807915125461
1989-05-05 00:00:00,1.7186508163478311
1989-05-08 00:00:00,1.722422559930144
1989-05-09 00:00:00,1.7302378557214615
1989-05-10 00:00:00,1.7302378557214615
1989-05-11 00:00:00,1.7347965503871776
1989-05-12 00:00:00,1.7426676956292073
1989-05-15 00:00:00,1.7631675586934341
1989-05-16 00:00:00,1.7631716338167187
1989-05-17 00:00:00,1.7908139684361222
1989-05-18 00:00:00,1.7855388254534064
1989-05-19 00:00:00,1.7838866752885336
1989-05-22 00:00:00,1.8235366432470752
1989-05-23 00:00:00,1.8366870065951053
1989-05-24 00:00:00,1.8348278282692132
1989-05-25 00:00:00,1.8235488686169286
1989-05-26 00:00:00,1.8154788454604476
1989-05-30 00:00:00,1.846433630656165
1989-05-31 00:00:00,1.8323597908301155
1989-06-01 00:00:00,1.830707640665243
1989-06-02 00:00:00,1.8109405264111538
1989-06-05 00:00:00,1.8225381785515369
1989-06-06 00:00:00,1.832479605403763
1989-06-07 00:00:00,1.821511187993008
1989-06-08 00:00:00,1.8302104458791162
1989-06-09 00:00:00,1.8497786822187545
1989-06-12 00:00:00,1.8795948125288642
1989-06-13 00:00:00,1.8894327253005803
1989-06-14 00:00:00,1.890368427148453
1989-06-15 00:00:00,1.8850932841657373
1989-06-16 00:00:00,1.8699843035345896
1989-06-19 00:00:00,1.8553928933059909
1989-06-20 00:00:00,1.8537407431411181
1989-06-21 00:00:00,1.8562291561966382
1989-06-22 00:00:00,1.8499188724088242
1989-06-23 00:00:00,1.8353274621802258
1989-06-26 00:00:00,1.858208149096178
1989-06-27 00:00:00,1.8361637250708729
1989-06-28 00:00:00,1.8469332645671774
1989-06-29 00:00:00,1.8504568184277956
1989-06-30 00:00:00,1.8534628018858643
1989-07-03 00:00:00,1.8239653640638533
1989-07-05 00:00:00,1.7808040676145471
1989-07-06 00:00:00,1.7781167766445767
1989-07-07 00:00:00,1.7754279847204388
1989-07-10 00:00:00,1.7754279847204388
1989-07-11 00:00:00,1.7754279847204388
1989-07-12 00:00:00,1.7754279847204388
1989-07-13 00:00:00,1.7754279847204388
1989-07-14 00:00:00,1.7754279847204388
1989-07-17 00:00:00,1.7754279847204388
1989-07-18 00:00:00,1.7754279847204388
1989-07-19 00:00:00,1.7754279847204388
1989-07-20 00:00:00,1.7754279847204388
1989-07-21 00:00:00,1.7754279847204388
1989-07-24 00:00:00,1.7754279847204388
1989-07-25 00:00:00,1.7754279847204388
1989-07-26 00:00:00,1.7754279847204388
1989-07-27 00:00:00,1.7754279847204388
1989-07-28 00:00:00,1.7754279847204388
1989-07-31 00:00:00,1.7754279847204388
1989-08-01 00:00:00,1.7754279847204388
1989-08-02 00:00:00,1.7754279847204388
1989-08-03 00:00:00,1.7754279847204388
1989-08-04 00:00:00,1.7754279847204388
1989-08-07 00:00:00,1.7754279847204388
1989-08-08 00:00:00,1.7754279847204388
1989-08-09 00:00:00,1.7754279847204388
1989-08-10 00:00:00,1.7754279847204388
1989-08-11 00:00:00,1.7754279847204388
1989-08-14 00:00:00,1.7754279847204388
1989-08-15 00:00:00,1.7754279847204388
1989-08-16 00:00:00,1.7754279847204388
1989-08-17 00:00:00,1.7754279847204388
1989-08-18 00:00:00,1.7754279847204388
1989-08-21 00:00:00,1.7754279847204388
1989-08-22 00:00:00,1.7754279847204388
1989-08-23 00:00:00,1.7754279847204388
1989-08-24 00:00:00,1.7754279847204388
1989-08-25 00:00:00,1.7754279847204388
1989-08-28 00:00:00,1.7754279847204388
1989-08-29 00:00:00,1.7754279847204388
1989-08-30 00:00:00,1.7754279847204388
1989-08-31 00:00:00,1.7754279847204388
1989-09-01 00:00:00,1.7754279847204388
1989-09-05 00:00:00,1.7754279847204388
1989-09-06 00:00:00,1.7754279847204388
1989-09-07 00:00:00,1.7754279847204388
1989-09-08 00:00:00,1.7754279847204388
1989-09-11 00:00:00,1.7754279847204388
1989-09-12 00:00:00,1.7754279847204388
1989-09-13 00:00:00,1.7754279847204388
1989-09-14 00:00:00,1.7754279847204388
1989-09-15 00:00:00,1.7754279847204388
1989-09-18 00:00:00,1.7754279847204388
1989-09-19 00:00:00,1.7754279847204388
1989-09-20 00:00:00,1.7754279847204388
1989-09-21 00:00:00,1.7754279847204388
1989-09-22 00:00:00,1.7754279847204388
1989-09-25 00:00:00,1.7754279847204388
1989-09-26 00:00:00,1.7754279847204388
1989-09-27 00:00:00,1.7754279847204388
1989-09-28 00:00:00,1.7754279847204388
1989-09-29 00:00:00,1.7754279847204388
1989-10-02 00:00:00,1.7754279847204388
1989-10-03 00:00:00,1.7754279847204388
1989-10-04 00:00:00,1.7754279847204388
1989-10-05 00:00:00,1.7754279847204388
1989-10-06 00:00:00,1.7754279847204388
1989-10-10 00:00:00,1.7754279847204388
1989-10-11 00:00:00,1.7754279847204388
1989-10-12 00:00:00,1.7754279847204388
1989-10-13 00:00:00,1.7754279847204388
1989-10-16 00:00:00,1.7754279847204388
1989-10-17 00:00:00,1.7754279847204388
1989-10-18 00:00:00,1.7754279847204388
1989-10-19 00:00:00,1.7754279847204388
1989-10-20 00:00:00,1.7754279847204388
1989-10-23 00:00:00,1.7754279847204388
1989-10-24 00:00:00,1.7754279847204388
1989-10-25 00:00:00,1.7754279847204388
1989-10-26 00:00:00,1.7754279847204388
1989-10-27 00:00:00,1.7754279847204388
1989-10-30 00:00:00,1.7754279847204388
1989-10-31 00:00:00,1.7754279847204388
1989-11-01 00:00:00,1.7754279847204388
1989-11-02 00:00:00,1.7754279847204388
1989-11-03 00:00:00,1.7754279847204388
1989-11-06 00:00:00,1.7754279847204388
1989-11-07 00:00:00,1.7754279847204388
1989-11-08 00:00:00,1.7754279847204388
1989-11-09 00:00:00,1.7754279847204388
1989-11-10 00:00:00,1.7754279847204388
1989-11-13 00:00:00,1.771158541699549
1989-11-14 00:00:00,1.7693670163126027
1989-11-15 00:00:00,1.7691523476018023
1989-11-16 00:00:00,1.7742314120180624
1989-11-17 00:00:00,1.784829474800833
1989-11-20 00:00:00,1.7943012113863566
1989-11-21 00:00:00,1.7851885657173048
1989-11-22 00:00:00,1.787339182020723
1989-11-24 00:00:00,1.7906161245213879
1989-11-27 00:00:00,1.792766740824806
1989-11-28 00:00:00,1.790412052339236
1989-11-29 00:00:00,1.7852415483605488
1989-11-30 00:00:00,1.781760533677732
1989-12-01 00:00:00,1.7856006392770203
1989-12-04 00:00:00,1.7883144186790623
1989-12-05 00:00:00,1.7802154665875325
1989-12-06 00:00:00,1.773468105932699
1989-12-07 00:00:00,1.7750555591374941
1989-12-08 00:00:00,1.7758545840042157
1989-12-11 00:00:00,1.758857654954435
1989-12-12 00:00:00,1.7432123173413505
1989-12-13 00:00:00,1.7526840539268742
1989-12-14 00:00:00,1.7492030392440572
1989-12-15 00:00:00,1.7412167197722523
1989-12-18 00:00:00,1.7441557644137435
1989-12-19 00:00:00,1.7460811154777116
1989-12-20 00:00:00,1.742600100794895
1989-12-21 00:00:00,1.731797965829973
1989-12-22 00:00:00,1.7221221570622973
1989-12-26 00:00:00,1.71695165308361
1989-12-27 00:00:00,1.7179759431897812
1989-12-28 00:00:00,1.7304887605078716
1989-12-29 00:00:00,1.7290351329800995
1990-01-02 00:00:00,1.732875238579388
1990-01-03 00:00:00,1.7338995286855592
1990-01-04 00:00:00,1.7120593969876161
1990-01-05 00:00:00,1.7032846491777385
1990-01-08 00:00:00,1.6851613939307106
1990-01-09 00:00:00,1.6842709295015619
1990-01-10 00:00:00,1.6742877575779198
1990-01-11 00:00:00,1.6742877575779198
1990-01-12 00:00:00,1.687121807868383
1990-01-16 00:00:00,1.674489868606116
1990-01-17 00:00:00,1.6669107050487557
1990-01-18 00:00:00,1.6618579293438491
1990-01-19 00:00:00,1.6638790396258119
1990-01-22 00:00:00,1.6562998760684515
1990-01-23 00:00:00,1.6664054274782651
1990-01-24 00:00:00,1.6724687583241533
1990-01-25 00:00:00,1.6746919796343125
1990-01-26 00:00:00,1.674489868606116
1990-01-29 00:00:00,1.6957115265667244
1990-01-30 00:00:00,1.6995516361024539
1990-01-31 00:00:00,1.6971263037640987
1990-02-01 00:00:00,1.6992484695601595
1990-02-02 00:00:00,1.6994505805883557
1990-02-05 00:00:00,1.7128909639634078
1990-02-06 00:00:00,1.7199648499502773
1990-02-07 00:00:00,1.7169331845273332
1990-02-08 00:00:00,1.7048065228355571
1990-02-09 00:00:00,1.7103645761109543
1990-02-12 00:00:00,1.7128909639634078
1990-02-13 00:00:00,1.7083434658289918
1990-02-14 00:00:00,1.713901519104389
1990-02-15 00:00:00,1.710869853681445
1990-02-16 00:00:00,1.7133962415338986
1990-02-20 00:00:00,1.72198596023224
1990-02-21 00:00:00,1.733102066783035
1990-02-22 00:00:00,1.7327989002407405
1990-02-23 00:00:00,1.7280492910781282
1990-02-26 00:00:00,1.710869853681445
1990-02-27 00:00:00,1.7098592985404637
1990-02-28 00:00:00,1.707029744145716
1990-03-01 00:00:00,1.682574309733967
1990-03-02 00:00:00,1.6684265377602279
1990-03-05 00:00:00,1.6560977650402553
1990-03-06 00:00:00,1.6664054274782651
1990-03-07 00:00:00,1.6562998760684515
1990-03-08 00:00:00,1.6598368190618864
1990-03-09 00:00:00,1.6351792736219413
1990-03-12 00:00:00,1.6267946571950131
1990-03-13 00:00:00,1.6267946571950131
1990-03-14 00:00:00,1.6356386948864436
1990-03-15 00:00:00,1.6442794213665775
1990-03-16 00:00:00,1.6503787577054951
1990-03-19 00:00:00,1.6369602177598759
1990-03-20 00:00:00,1.6371635289711735
1990-03-21 00:00:00,1.6208986320673926
1990-03-22 00:00:00,1.6275062464345535
1990-03-23 00:00:00,1.6305559146040125
1990-03-26 00:00:00,1.6447876993948205
1990-03-27 00:00:00,1.6530218034523594
1990-03-28 00:00:00,1.6544449819314402
1990-03-29 00:00:00,1.661052596298601
1990-03-30 00:00:00,1.675284381089409
1990-04-02 00:00:00,1.6585112061573855
1990-04-03 00:00:00,1.6625774303833307
1990-04-04 00:00:00,1.6686767667222484
1990-04-05 00:00:00,1.6686767667222484
1990-04-06 00:00:00,1.6656270985527895
1990-04-09 00:00:00,1.6656270985527895
1990-04-10 00:00:00,1.6613575631155473
1990-04-11 00:00:00,1.6696933227787347
1990-04-12 00:00:00,1.6691850447504912
1990-04-13 00:00:00,1.6656270985527895
1990-04-16 00:00:00,1.6580029281291422
1990-04-17 00:00:00,1.6608492850873038
1990-04-18 00:00:00,1.6651188205245462
1990-04-19 00:00:00,1.6707098788352208
1990-04-20 00:00:00,1.6623741191720334
1990-04-23 00:00:00,1.6627807415946276
1990-04-24 00:00:00,1.6611542519042497
1990-04-25 00:00:00,1.66410226446806
1990-04-26 00:00:00,1.6605443182703579
1990-04-27 00:00:00,1.6630857084115738
1990-04-30 00:00:00,1.666033720975384
1990-05-01 00:00:00,1.6676602106657623
1990-05-02 00:00:00,1.6702016008069778
1990-05-03 00:00:00,1.6693883559617888
1990-05-04 00:00:00,1.6874830537672445
1990-05-07 00:00:00,1.695615502219135
1990-05-08 00:00:00,1.6966522979067058
1990-05-09 00:00:00,1.6966522979067058
1990-05-10 00:00:00,1.694933401061389
1990-05-11 00:00:00,1.699988980018203
1990-05-14 00:00:00,1.7027189926548825
1990-05-15 00:00:00,1.6956411821153432
1990-05-16 00:00:00,1.6986745294894314
1990-05-17 00:00:00,1.7105045842483757
1990-05-18 00:00:00,1.7095945800361492
1990-05-21 00:00:00,1.7099990263526943
1990-05-22 00:00:00,1.7103023610901031
1990-05-23 00:00:00,1.71283015056851
1990-05-24 00:00:00,1.7082801295073775
1990-05-25 00:00:00,1.7079767947699687
1990-05-29 00:00:00,1.7134368200433279
1990-05-30 00:00:00,1.7118190347771474
1990-05-31 00:00:00,1.6951356242196618
1990-06-01 00:00:00,1.70251676949661
1990-06-04 00:00:00,1.6936189505326176
1990-06-05 00:00:00,1.7017078768635197
1990-06-06 00:00:00,1.7069656789786058
1990-06-07 00:00:00,1.7070667905577424
1990-06-08 00:00:00,1.7035278852879727
1990-06-11 00:00:00,1.704539001079335
1990-06-12 00:00:00,1.7214246347950934
1990-06-13 00:00:00,1.725974655856226
1990-06-14 00:00:00,1.7241546474317728
1990-06-15 00:00:00,1.7244579821691814
1990-06-18 00:00:00,1.7320413506044026
1990-06-19 00:00:00,1.7396247190396228
1990-06-20 00:00:00,1.7421525085180298
1990-06-21 00:00:00,1.7441747401007557
1990-06-22 00:00:00,1.7522636664316578
1990-06-25 00:00:00,1.7497358769532505
1990-06-26 00:00:00,1.7547914559100644
1990-06-27 00:00:00,1.7621726011870125
1990-06-28 00:00:00,1.7586336959172428
1990-06-29 00:00:00,1.7643970559280107
1990-07-02 00:00:00,1.7830015864890854
1990-07-03 00:00:00,1.7992805507300256
1990-07-05 00:00:00,1.8002916665213886
1990-07-06 00:00:00,1.8058493655801928
1990-07-09 00:00:00,1.8058493655801928
1990-07-10 00:00:00,1.8150496170827608
1990-07-11 00:00:00,1.7980491523497544
1990-07-12 00:00:00,1.7985491660183723
1990-07-13 00:00:00,1.8060493710476397
1990-07-16 00:00:00,1.8040493163731686
1990-07-17 00:00:00,1.8112495132012654
1990-07-18 00:00:00,1.8205497674375575
1990-07-19 00:00:00,1.814649606147867
1990-07-20 00:00:00,1.814349597946696
1990-07-23 00:00:00,1.8205497674375575
1990-07-24 00:00:00,1.8248498849876709
1990-07-25 00:00:00,1.812049535071054
1990-07-26 00:00:00,1.8135495760769074
1990-07-27 00:00:00,1.8335501228216209
1990-07-30 00:00:00,1.8438504043951487
1990-07-31 00:00:00,1.8600508472583668
1990-08-01 00:00:00,1.855050710572188
1990-08-02 00:00:00,1.8492505520162212
1990-08-03 00:00:00,1.856550751578042
1990-08-06 00:00:00,1.8720511753051952
1990-08-07 00:00:00,1.8770513119913734
1990-08-08 00:00:00,1.865550997613163
1990-08-09 00:00:00,1.8717511671040241
1990-08-10 00:00:00,1.8713511561691298
1990-08-13 00:00:00,1.884051503352023
1990-08-14 00:00:00,1.8925517357185266
1990-08-15 00:00:00,1.899851935280347
1990-08-16 00:00:00,1.8980518860733224
1990-08-17 00:00:00,1.9190524601552716
1990-08-20 00:00:00,1.9198524820250602
1990-08-21 00:00:00,1.921052514829743
1990-08-22 00:00:00,1.9275526925217752
1990-08-23 00:00:00,1.9515533486154315
1990-08-24 00:00:00,1.9453531791245704
1990-08-27 00:00:00,1.9443531517873345
1990-08-28 00:00:00,1.9483532611362773
1990-08-29 00:00:00,1.9465532119292528
1990-08-30 00:00:00,1.922552555835597
1990-08-31 00:00:00,1.8920517220499082
1990-09-04 00:00:00,1.8753095243770161
1990-09-05 00:00:00,1.8753095243770161
1990-09-06 00:00:00,1.8841972472413622
1990-09-07 00:00:00,1.8703719005634905
1990-09-10 00:00:00,1.8323521971993435
1990-09-11 00:00:00,1.8254395238604078
1990-09-12 00:00:00,1.8407461576823372
1990-09-13 00:00:00,1.853287722168692
1990-09-14 00:00:00,1.8748157619956638
1990-09-17 00:00:00,1.8787658610464841
1990-09-18 00:00:00,1.8940724948684133
1990-09-19 00:00:00,1.8611879202703332
1990-09-20 00:00:00,1.8449925141619692
1990-09-21 00:00:00,1.822970711953645
1990-09-24 00:00:00,1.8604966529364393
1990-09-25 00:00:00,1.8533864746449626
1990-09-26 00:00:00,1.8407461576823372
1990-09-27 00:00:00,1.847658831021273
1990-09-28 00:00:00,1.8501276429280356
1990-10-01 00:00:00,1.865434276749965
1990-10-02 00:00:00,1.8649405143686124
1990-10-03 00:00:00,1.8743219996143108
1990-10-04 00:00:00,1.8879498413396416
1990-10-05 00:00:00,1.9222169506055091
1990-10-09 00:00:00,1.9454237825290797
1990-10-10 00:00:00,1.9429549706223166
1990-10-11 00:00:00,1.9394986339528486
1990-10-12 00:00:00,1.9485838617697357
1990-10-15 00:00:00,1.929129623944445
1990-10-16 00:00:00,1.9325859606139129
1990-10-17 00:00:00,1.940486158715554
1990-10-18 00:00:00,1.929129623944445
1990-10-19 00:00:00,1.9350547725206755
1990-10-22 00:00:00,1.923698237749567
1990-10-23 00:00:00,1.9221181981292386
1990-10-24 00:00:00,1.93209219823256
1990-10-25 00:00:00,1.9296233863257974
1990-10-26 00:00:00,1.9315984358512075
1990-10-29 00:00:00,1.9286358615630925
1990-10-30 00:00:00,1.923204475368214
1990-10-31 00:00:00,1.9197481386987463
1990-11-01 00:00:00,1.925110694417664
1990-11-02 00:00:00,1.925110694417664
1990-11-05 00:00:00,1.9428672880633302
1990-11-06 00:00:00,1.946319959049988
1990-11-07 00:00:00,1.9492793913242652
1990-11-08 00:00:00,1.940401094501432
1990-11-09 00:00:00,1.9399078557890526
1990-11-13 00:00:00,1.937638957712106
1990-11-14 00:00:00,1.9344822299528766
1990-11-15 00:00:00,1.933002513815738
1990-11-16 00:00:00,1.939414617076673
1990-11-19 00:00:00,1.944051060973041
1990-11-20 00:00:00,1.943163231290758
1990-11-21 00:00:00,1.9418808106385712
1990-11-23 00:00:00,1.940401094501432
1990-11-26 00:00:00,1.9392173215917212
1990-11-27 00:00:00,1.9492793913242652
1990-11-28 00:00:00,1.9453334816252283
1990-11-29 00:00:00,1.925110694417664
1990-11-30 00:00:00,1.9129770220931253
1990-12-03 00:00:00,1.8935434168253682
1990-12-04 00:00:00,1.899955520086303
1990-12-05 00:00:00,1.8960096103872661
1990-12-06 00:00:00,1.911793249183414
1990-12-07 00:00:00,1.923630978280525
1990-12-10 00:00:00,1.9162323975948305
1990-12-11 00:00:00,1.9127797266081734
1990-12-12 00:00:00,1.9177121137319697
1990-12-13 00:00:00,1.9172188750195898
1990-12-14 00:00:00,1.9128783743506494
1990-12-17 00:00:00,1.9024217136482016
1990-12-18 00:00:00,1.9088338169091366
1990-12-19 00:00:00,1.9048879072100995
1990-12-20 00:00:00,1.880225971591118
1990-12-21 00:00:00,1.8595099456711743
1990-12-24 00:00:00,1.8417533520255078
1990-12-26 00:00:00,1.8595099456711743
1990-12-27 00:00:00,1.8614829005206928
1990-12-28 00:00:00,1.895023132962507
1990-12-31 00:00:00,1.9024217136482016
1991-01-02 00:00:00,1.9162323975948305
1991-01-03 00:00:00,1.9196007740855423
1991-01-04 00:00:00,1.9196007740855423
1991-01-07 00:00:00,1.946317171094474
1991-01-08 00:00:00,1.9452132670297022
1991-01-09 00:00:00,1.9254300179583008
1991-01-10 00:00:00,1.9459862054437695
1991-01-11 00:00:00,1.943888719197794
1991-01-14 00:00:00,1.946262352767235
1991-01-15 00:00:00,1.946648821974269
1991-01-16 00:00:00,1.945842992563858
1991-01-17 00:00:00,1.927748833200503
1991-01-18 00:00:00,1.9089591663103054
1991-01-22 00:00:00,1.9027879931213947
1991-01-23 00:00:00,1.8954245213150398
1991-01-24 00:00:00,1.890346288525453
1991-01-25 00:00:00,1.892719922094894
1991-01-28 00:00:00,1.8859525995972612
1991-01-29 00:00:00,1.8805762921533133
1991-01-30 00:00:00,1.8889114188099765
1991-01-31 00:00:00,1.8848267682015936
1991-02-01 00:00:00,1.8734889676704238
1991-02-04 00:00:00,1.8724844218237722
1991-02-05 00:00:00,1.866611323289223
1991-02-06 00:00:00,1.8506036865063953
1991-02-07 00:00:00,1.852977320075837
1991-02-08 00:00:00,1.8623060289137037
1991-02-11 00:00:00,1.8522598852180985
1991-02-12 00:00:00,1.8576142653311507
1991-02-13 00:00:00,1.8572058687932214
1991-02-14 00:00:00,1.868819816647857
1991-02-15 00:00:00,1.8781485254857242
1991-02-19 00:00:00,1.896916265045026
1991-02-20 00:00:00,1.9012770629768745
1991-02-21 00:00:00,1.891131561063149
1991-02-22 00:00:00,1.9043352404077105
1991-02-25 00:00:00,1.924792069675059
1991-02-26 00:00:00,1.9271657032444998
1991-02-27 00:00:00,1.9320232922669505
1991-02-28 00:00:00,1.9373776723800027
1991-03-01 00:00:00,1.949190336670879
1991-03-04 00:00:00,1.950570388059116
1991-03-05 00:00:00,1.9447175586010632
1991-03-06 00:00:00,1.9447175586010632
1991-03-07 00:00:00,1.9471795327140753
1991-03-08 00:00:00,1.96220135553801
1991-03-11 00:00:00,1.984017850615395
1991-03-12 00:00:00,1.9761848667686341
1991-03-13 00:00:00,1.9781320929836574
1991-03-14 00:00:00,1.9785350755047153
1991-03-15 00:00:00,2.004160705027216
1991-03-18 00:00:00,2.044714023591387
1991-03-19 00:00:00,2.071369148909865
1991-03-20 00:00:00,2.0594181818791952
1991-03-21 00:00:00,2.0433492316646165
1991-03-22 00:00:00,2.0458112057776283
1991-03-25 00:00:00,2.0719515831981177
1991-03-26 00:00:00,2.0828554228381435
1991-03-27 00:00:00,2.096950699445699
1991-03-28 00:00:00,2.0999274214566994
1991-03-29 00:00:00,2.087461706528041
1991-04-01 00:00:00,2.077054983191337
1991-04-02 00:00:00,2.064589268262679
1991-04-03 00:00:00,2.0577857802118955
1991-04-04 00:00:00,2.0463495610792144
1991-04-05 00:00:00,2.0642539721318856
1991-04-08 00:00:00,2.067230694142886
1991-04-09 00:00:00,2.042925777560489
1991-04-10 00:00:00,2.054859112996492
1991-04-11 00:00:00,2.0437317426026045
1991-04-12 00:00:00,2.056488674675389
1991-04-15 00:00:00,2.046081951338685
1991-04-16 00:00:00,2.0449406901657774
1991-04-17 00:00:00,2.050491151666721
1991-04-18 00:00:00,2.0627333358415174
1991-04-19 00:00:00,2.116155351855404
1991-04-22 00:00:00,2.145898964561814
1991-04-23 00:00:00,2.1231382916733827
1991-04-24 00:00:00,2.1415574506240427
1991-04-25 00:00:00,2.1419604331451003
1991-04-26 00:00:00,2.1495698862379986
1991-04-29 00:00:00,2.159238330922851
1991-04-30 00:00:00,2.111769758930966
1991-05-01 00:00:00,2.1069565951025453
1991-05-02 00:00:00,2.1069565951025453
1991-05-03 00:00:00,2.1069565951025453
1991-05-06 00:00:00,2.1069565951025453
1991-05-07 00:00:00,2.1069565951025453
1991-05-08 00:00:00,2.1069565951025453
1991-05-09 00:00:00,2.1069565951025453
1991-05-10 00:00:00,2.1069565951025453
1991-05-13 00:00:00,2.1069565951025453
1991-05-14 00:00:00,2.1069565951025453
1991-05-15 00:00:00,2.1069565951025453
1991-05-16 00:00:00,2.1069565951025453
1991-05-17 00:00:00,2.1069565951025453
1991-05-20 00:00:00,2.1069565951025453
1991-05-21 00:00:00,2.1069565951025453
1991-05-22 00:00:00,2.1069565951025453
1991-05-23 00:00:00,2.1069565951025453
1991-05-24 00:00:00,2.1069565951025453
1991-05-28 00:00:00,2.1069565951025453
1991-05-29 00:00:00,2.1069565951025453
1991-05-30 00:00:00,2.1069565951025453
1991-05-31 00:00:00,2.1069565951025453
1991-06-03 00:00:00,2.1069565951025453
1991-06-04 00:00:00,2.1069565951025453
1991-06-05 00:00:00,2.1069565951025453
1991-06-06 00:00:00,2.1069565951025453
1991-06-07 00:00:00,2.1069565951025453
1991-06-10 00:00:00,2.1069565951025453
1991-06-11 00:00:00,2.1069565951025453
1991-06-12 00:00:00,2.1069565951025453
1991-06-13 00:00:00,2.1069565951025453
1991-06-14 00:00:00,2.1069565951025453
1991-06-17 00:00:00,2.1069565951025453
1991-06-18 00:00:00,2.1069565951025453
1991-06-19 00:00:00,2.1069565951025453
1991-06-20 00:00:00,2.1069565951025453
1991-06-21 00:00:00,2.1069565951025453
1991-06-24 00:00:00,2.1069565951025453
1991-06-25 00:00:00,2.1069565951025453
1991-06-26 00:00:00,2.1069565951025453
1991-06-27 00:00:00,2.1069565951025453
1991-06-28 00:00:00,2.1069565951025453
1991-07-01 00:00:00,2.1069565951025453
1991-07-02 00:00:00,2.1069565951025453
1991-07-03 00:00:00,2.1069565951025453
1991-07-05 00:00:00,2.1069565951025453
1991-07-08 00:00:00,2.1069565951025453
1991-07-09 00:00:00,2.1069565951025453
1991-07-10 00:00:00,2.1069565951025453
1991-07-11 00:00:00,2.1069565951025453
1991-07-12 00:00:00,2.1069565951025453
1991-07-15 00:00:00,2.1069565951025453
1991-07-16 00:00:00,2.1069565951025453
1991-07-17 00:00:00,2.1069565951025453
1991-07-18 00:00:00,2.1069565951025453
1991-07-19 00:00:00,2.1069565951025453
1991-07-22 00:00:00,2.1069565951025453
1991-07-23 00:00:00,2.1069565951025453
1991-07-24 00:00:00,2.1069565951025453
1991-07-25 00:00:00,2.1069565951025453
1991-07-26 00:00:00,2.1069565951025453
1991-07-29 00:00:00,2.1069565951025453
1991-07-30 00:00:00,2.1069565951025453
1991-07-31 00:00:00,2.1069565951025453
1991-08-01 00:00:00,2.1069565951025453
1991-08-02 00:00:00,2.1069565951025453
1991-08-05 00:00:00,2.1069565951025453
1991-08-06 00:00:00,2.1069565951025453
1991-08-07 00:00:00,2.1069565951025453
1991-08-08 00:00:00,2.1069565951025453
1991-08-09 00:00:00,2.1069565951025453
1991-08-12 00:00:00,2.1069565951025453
1991-08-13 00:00:00,2.1069565951025453
1991-08-14 00:00:00,2.1069565951025453
1991-08-15 00:00:00,2.1069565951025453
1991-08-16 00:00:00,2.1069565951025453
1991-08-19 00:00:00,2.1069565951025453
1991-08-20 00:00:00,2.1069565951025453
1991-08-21 00:00:00,2.1069565951025453
1991-08-22 00:00:00,2.1069565951025453
1991-08-23 00:00:00,2.1069565951025453
1991-08-26 00:00:00,2.1069565951025453
1991-08-27 00:00:00,2.1069565951025453
1991-08-28 00:00:00,2.1069565951025453
1991-08-29 00:00:00,2.1069565951025453
1991-08-30 00:00:00,2.1069565951025453
1991-09-03 00:00:00,2.1069565951025453
1991-09-04 00:00:00,2.1069565951025453
1991-09-05 00:00:00,2.1069565951025453
1991-09-06 00:00:00,2.1069565951025453
1991-09-09 00:00:00,2.1472959702665113
1991-09-10 00:00:00,2.146675364494758
1991-09-11 00:00:00,2.1413381548576798
1991-09-12 00:00:00,2.1516402106687846
1991-09-13 00:00:00,2.150398999125278
1991-09-16 00:00:00,2.158466874158072
1991-09-17 00:00:00,2.162190508788591
1991-09-18 00:00:00,2.148164818346966
1991-09-19 00:00:00,2.144192941407745
1991-09-20 00:00:00,2.1454341529512515
1991-09-23 00:00:00,2.1646729318756046
1991-09-24 00:00:00,2.1572256626145645
1991-09-25 00:00:00,2.1513919683600835
1991-09-26 00:00:00,2.150398999125278
1991-09-27 00:00:00,2.1559844510710584
1991-09-30 00:00:00,2.174602624223658
1991-10-01 00:00:00,2.1702583838213845
1991-10-02 00:00:00,2.1733614126801513
1991-10-03 00:00:00,2.1721202011366443
1991-10-04 00:00:00,2.158466874158072
1991-10-07 00:00:00,2.153750270292746
1991-10-08 00:00:00,2.127436585570405
1991-10-09 00:00:00,2.1305396144291717
1991-10-10 00:00:00,2.128057191342158
1991-10-11 00:00:00,2.133642643287938
1991-10-15 00:00:00,2.112542047048325
1991-10-16 00:00:00,2.1230923451681316
1991-10-17 00:00:00,2.1219752547789756
1991-10-18 00:00:00,2.141089912548978
1991-10-21 00:00:00,2.133022037516185
1991-10-22 00:00:00,2.128057191342158
1991-10-23 00:00:00,2.118127498994105
1991-10-24 00:00:00,2.123712950939885
1991-10-25 00:00:00,2.123712950939885
1991-10-28 00:00:00,2.1158933182157935
1991-10-29 00:00:00,2.1386074894619647
1991-10-30 00:00:00,2.1628111145603444
1991-10-31 00:00:00,2.1628111145603444
1991-11-01 00:00:00,2.171871958827943
1991-11-04 00:00:00,2.2099656720068204
1991-11-05 00:00:00,2.2099656720068204
1991-11-06 00:00:00,2.2109646958739195
1991-11-07 00:00:00,2.2224534703455605
1991-11-08 00:00:00,2.2078427462892343
1991-11-12 00:00:00,2.213462255541667
1991-11-13 00:00:00,2.211214451840694
1991-11-14 00:00:00,2.2165842051263525
1991-11-15 00:00:00,2.2090915261231086
1991-11-18 00:00:00,2.2365646824683365
1991-11-19 00:00:00,2.24218419172077
1991-11-20 00:00:00,2.2428085816377066
1991-11-21 00:00:00,2.2446817513885176
1991-11-22 00:00:00,2.2446817513885176
1991-11-25 00:00:00,2.2459305312223914
1991-11-26 00:00:00,2.24505638533868
1991-11-27 00:00:00,2.2065939664553604
1991-11-29 00:00:00,2.2047207967045495
1991-12-02 00:00:00,2.2178329849602263
1991-12-03 00:00:00,2.212213475707794
1991-12-04 00:00:00,2.213462255541667
1991-12-05 00:00:00,2.237189072385274
1991-12-06 00:00:00,2.260291499311943
1991-12-09 00:00:00,2.2552963799764463
1991-12-10 00:00:00,2.2577939396441944
1991-12-11 00:00:00,2.2584183295611315
1991-12-12 00:00:00,2.2571695497272577
1991-12-13 00:00:00,2.2709061278998717
1991-12-16 00:00:00,2.2740280774845565
1991-12-17 00:00:00,2.2752768573184308
1991-12-18 00:00:00,2.279272952786827
1991-12-19 00:00:00,2.2883890455741076
1991-12-20 00:00:00,2.3227304910056428
1991-12-23 00:00:00,2.3433353582645635
1991-12-24 00:00:00,2.3358426792613196
1991-12-26 00:00:00,2.3527012070186184
1991-12-27 00:00:00,2.343709992214726
1991-12-30 00:00:00,2.3308475599258234
1991-12-31 00:00:00,2.3302231700088867
1992-01-02 00:00:00,2.332720729676635
1992-01-03 00:00:00,2.3039987934975326
1992-01-06 00:00:00,2.343296758479899
1992-01-07 00:00:00,2.343296758479899
1992-01-08 00:00:00,2.343296758479899
1992-01-09 00:00:00,2.2931995535952403
1992-01-10 00:00:00,2.2443547788326987
1992-01-13 00:00:00,2.256252864992805
1992-01-14 00:00:00,2.240597488466349
1992-01-15 00:00:00,2.1955100040701563
1992-01-16 00:00:00,2.20490322998603
1992-01-17 00:00:00,2.2255683270009516
1992-01-21 00:00:00,2.2631412306644454
1992-01-22 00:00:00,2.262515015603387
1992-01-23 00:00:00,2.248237312211259
1992-01-24 00:00:00,2.261262585481271
1992-01-27 00:00:00,2.224315896878835
1992-01-28 00:00:00,2.24748585413799
1992-01-29 00:00:00,2.2618888005423288
1992-01-30 00:00:00,2.2205586065124856
1992-01-31 00:00:00,2.240597488466349
1992-02-03 00:00:00,2.253748004748572
1992-02-04 00:00:00,2.256252864992805
1992-02-05 00:00:00,2.2621392865667524
1992-02-06 00:00:00,2.2800490373130176
1992-02-07 00:00:00,2.3013403493889975
1992-02-10 00:00:00,2.2863111879235998
1992-02-11 00:00:00,2.2560023789683816
1992-02-12 00:00:00,2.238092628222116
1992-02-13 00:00:00,2.2199323914514273
1992-02-14 00:00:00,2.2149226709629617
1992-02-18 00:00:00,2.1930051438259235
1992-02-19 00:00:00,2.19425757394804
1992-02-20 00:00:00,2.1917527137038073
1992-02-21 00:00:00,2.187369208276399
1992-02-24 00:00:00,2.189247853459574
1992-02-25 00:00:00,2.199267294436506
1992-02-26 00:00:00,2.186116778154283
1992-02-27 00:00:00,2.196762434192273
1992-02-28 00:00:00,2.199267294436506
1992-03-02 00:00:00,2.197138163228908
1992-03-03 00:00:00,2.1779759823605263
1992-03-04 00:00:00,2.1579371004066625
1992-03-05 00:00:00,2.1484671005243037
1992-03-06 00:00:00,2.1484671005243037
1992-03-09 00:00:00,2.1427160922532003
1992-03-10 00:00:00,2.1532224019720942
1992-03-11 00:00:00,2.1389675658292995
1992-03-12 00:00:00,2.161729392186807
1992-03-13 00:00:00,2.1559783839157034
1992-03-16 00:00:00,2.151477938566907
1992-03-17 00:00:00,2.1313454566892673
1992-03-18 00:00:00,2.1287208557239325
1992-03-19 00:00:00,2.1561097648939778
1992-03-20 00:00:00,2.162239104384796
1992-03-23 00:00:00,2.150860562963308
1992-03-24 00:00:00,2.1444842732310514
1992-03-25 00:00:00,2.129354043042641
1992-03-26 00:00:00,2.1417361971449966
1992-03-27 00:00:00,2.1197278708838954
1992-03-30 00:00:00,2.127733054758174
1992-03-31 00:00:00,2.12348272199384
1992-04-01 00:00:00,2.1356147635117337
1992-04-02 00:00:00,2.1317395996240913
1992-04-03 00:00:00,2.1147335250522197
1992-04-06 00:00:00,2.1058561094753476
1992-04-07 00:00:00,2.1063579158157815
1992-04-08 00:00:00,2.1074850036173696
1992-04-09 00:00:00,2.087977803200883
1992-04-10 00:00:00,2.0863536525733943
1992-04-13 00:00:00,2.0902319788040584
1992-04-14 00:00:00,2.0788534373825716
1992-04-15 00:00:00,2.0974884060964643
1992-04-16 00:00:00,2.1077446032308966
1992-04-17 00:00:00,2.110997648000407
1992-04-20 00:00:00,2.1140005801854564
1992-04-21 00:00:00,2.108249571914352
1992-04-22 00:00:00,2.0887423714978666
1992-04-23 00:00:00,2.086743051993685
1992-04-24 00:00:00,2.0766150734945055
1992-04-27 00:00:00,2.0664870949953253
1992-04-28 00:00:00,2.0726164344861435
1992-04-29 00:00:00,2.0789958865614224
1992-04-30 00:00:00,2.072369484244704
1992-05-01 00:00:00,2.0578452768484436
1992-05-04 00:00:00,2.0578452768484436
1992-05-05 00:00:00,2.0561140553592274
1992-05-06 00:00:00,2.0711179749324353
1992-05-07 00:00:00,2.0734262702513906
1992-05-08 00:00:00,2.063038941316093
1992-05-11 00:00:00,2.069040509145376
1992-05-12 00:00:00,2.0924697066327695
1992-05-13 00:00:00,2.0924697066327695
1992-05-14 00:00:00,2.1028570355680674
1992-05-15 00:00:00,2.0988175187598963
1992-05-18 00:00:00,2.1184380289710143
1992-05-19 00:00:00,2.1230546196089244
1992-05-20 00:00:00,2.11301353497147
1992-05-21 00:00:00,2.09708629727068
1992-05-22 00:00:00,2.0938546838241425
1992-05-26 00:00:00,2.109781921524933
1992-05-27 00:00:00,2.0786199347190393
1992-05-28 00:00:00,2.084967746846166
1992-05-29 00:00:00,2.11093606918441
1992-06-01 00:00:00,2.1036649389297017
1992-06-02 00:00:00,2.105742404716761
1992-06-03 00:00:00,2.0980096153982624
1992-06-04 00:00:00,2.1063194785465003
1992-06-05 00:00:00,2.1190151028007533
1992-06-08 00:00:00,2.116706807481798
1992-06-09 00:00:00,2.114975585992582
1992-06-10 00:00:00,2.1155526598223204
1992-06-11 00:00:00,2.1305565793955283
1992-06-12 00:00:00,2.1369043915226547
1992-06-15 00:00:00,2.142098055990304
1992-06-16 00:00:00,2.1467146466282143
1992-06-17 00:00:00,2.1386356130118713
1992-06-18 00:00:00,2.1530624587553406
1992-06-19 00:00:00,2.146137572798475
1992-06-22 00:00:00,2.14844586811743
1992-06-23 00:00:00,2.1507541634363854
1992-06-24 00:00:00,2.1663351568393323
1992-06-25 00:00:00,2.1824932240720174
1992-06-26 00:00:00,2.1824932240720174
1992-06-29 00:00:00,2.200959586623658
1992-06-30 00:00:00,2.1963027162324322
1992-07-01 00:00:00,2.1963027162324322
1992-07-02 00:00:00,2.2043477811270566
1992-07-03 00:00:00,2.1934294787700663
1992-07-06 00:00:00,2.195383280244475
1992-07-07 00:00:00,2.2121629870246915
1992-07-08 00:00:00,2.206071723604476
1992-07-09 00:00:00,2.1790632914582373
1992-07-10 00:00:00,2.207795666081896
1992-07-13 00:00:00,2.2169900259614663
1992-07-14 00:00:00,2.198601306202325
1992-07-15 00:00:00,2.213197352511143
1992-07-16 00:00:00,2.224460443363617
1992-07-17 00:00:00,2.240550573152866
1992-07-20 00:00:00,2.2043477811270566
1992-07-21 00:00:00,2.1945787737550124
1992-07-22 00:00:00,2.1876830038453345
1992-07-23 00:00:00,2.198601306202325
1992-07-24 00:00:00,2.181936528920603
1992-07-27 00:00:00,2.202049191157164
1992-07-28 00:00:00,2.2169900259614663
1992-07-29 00:00:00,2.203773133634583
1992-07-30 00:00:00,2.206071723604476
1992-07-31 00:00:00,2.206646371096949
1992-08-03 00:00:00,2.210898762541251
1992-08-04 00:00:00,2.2083703135743686
1992-08-05 00:00:00,2.198601306202325
1992-08-06 00:00:00,2.191705536292647
1992-08-07 00:00:00,2.2169900259614663
1992-08-10 00:00:00,2.2146914359915733
1992-08-11 00:00:00,2.2083703135743686
1992-08-12 00:00:00,2.2158407309765193
1992-08-13 00:00:00,2.219288615931359
1992-08-14 00:00:00,2.202049191157164
1992-08-17 00:00:00,2.213197352511143
1992-08-18 00:00:00,2.217564673453939
1992-08-19 00:00:00,2.223885795871144
1992-08-20 00:00:00,2.2284829758109295
1992-08-21 00:00:00,2.2382519831829732
1992-08-24 00:00:00,2.2922688474754507
1992-08-25 00:00:00,2.2847984300732995
1992-08-26 00:00:00,2.2824155967810102
1992-08-27 00:00:00,2.2824155967810102
1992-08-28 00:00:00,2.2896917926416114
1992-08-31 00:00:00,2.2975454643641657
1992-09-01 00:00:00,2.305283640914329
1992-09-02 00:00:00,2.3139457788436157
1992-09-03 00:00:00,2.2902692685035646
1992-09-04 00:00:00,2.3035512133284715
1992-09-08 00:00:00,2.313368302981664
1992-09-09 00:00:00,2.281029654712324
1992-09-10 00:00:00,2.2821846064362292
1992-09-11 00:00:00,2.2215496409312183
1992-09-14 00:00:00,2.184591185766259
1992-09-15 00:00:00,2.1614921512881593
1992-09-16 00:00:00,2.0916175719919083
1992-09-17 00:00:00,2.0575464961367116
1992-09-18 00:00:00,2.005466419743906
1992-09-21 00:00:00,2.005466419743906
1992-09-22 00:00:00,2.000430796033016
1992-09-23 00:00:00,2.0007821186174968
1992-09-24 00:00:00,2.001367656258298
1992-09-25 00:00:00,2.0072230326663094
1992-09-28 00:00:00,2.025374699531145
1992-09-29 00:00:00,2.071632173154435
1992-09-30 00:00:00,2.0833429259704577
1992-10-01 00:00:00,2.030644538298355
1992-10-02 00:00:00,1.997854430413491
1992-10-05 00:00:00,1.99199905400548
1992-10-06 00:00:00,2.005466419743906
1992-10-07 00:00:00,2.0113217961519174
1992-10-08 00:00:00,1.9785316882670536
1992-10-09 00:00:00,1.987900290519872
1992-10-13 00:00:00,2.0072230326663094
1992-10-14 00:00:00,2.00230451648358
1992-10-15 00:00:00,1.9908279787238776
1992-10-16 00:00:00,1.9387151286925761
1992-10-19 00:00:00,1.908852709011718
1992-10-20 00:00:00,1.901240719681303
1992-10-21 00:00:00,1.88952996686528
1992-10-22 00:00:00,1.896556418554894
1992-10-23 00:00:00,1.888944429224479
1992-10-26 00:00:00,1.8579109342620188
1992-10-27 00:00:00,1.8473712567275982
1992-10-28 00:00:00,1.8479567943683994
1992-10-29 00:00:00,1.8385881921155813
1992-10-30 00:00:00,1.8298051275035638
1992-11-02 00:00:00,1.7946567667703734
1992-11-03 00:00:00,1.7946567667703734
1992-11-04 00:00:00,1.7946567667703734
1992-11-05 00:00:00,1.7946567667703734
1992-11-06 00:00:00,1.7946567667703734
1992-11-09 00:00:00,1.7946567667703734
1992-11-10 00:00:00,1.7946567667703734
1992-11-12 00:00:00,1.7946567667703734
1992-11-13 00:00:00,1.7946567667703734
1992-11-16 00:00:00,1.7946567667703734
1992-11-17 00:00:00,1.7946567667703734
1992-11-18 00:00:00,1.7946567667703734
1992-11-19 00:00:00,1.7946567667703734
1992-11-20 00:00:00,1.7946567667703734
1992-11-23 00:00:00,1.7946567667703734
1992-11-24 00:00:00,1.7946567667703734
1992-11-25 00:00:00,1.7946567667703734
1992-11-27 00:00:00,1.7946567667703734
1992-11-30 00:00:00,1.7946567667703734
1992-12-01 00:00:00,1.7946567667703734
1992-12-02 00:00:00,1.7946567667703734
1992-12-03 00:00:00,1.7946567667703734
1992-12-04 00:00:00,1.7946567667703734
1992-12-07 00:00:00,1.7946567667703734
1992-12-08 00:00:00,1.7946567667703734
1992-12-09 00:00:00,1.7946567667703734
1992-12-10 00:00:00,1.7946567667703734
1992-12-11 00:00:00,1.7946567667703734
1992-12-14 00:00:00,1.7946567667703734
1992-12-15 00:00:00,1.7946567667703734
1992-12-16 00:00:00,1.7946567667703734
1992-12-17 00:00:00,1.7946567667703734
1992-12-18 00:00:00,1.7946567667703734
1992-12-21 00:00:00,1.7946567667703734
1992-12-22 00:00:00,1.7946567667703734
1992-12-23 00:00:00,1.7946567667703734
1992-12-24 00:00:00,1.7946567667703734
1992-12-28 00:00:00,1.7946567667703734
1992-12-29 00:00:00,1.7946567667703734
1992-12-30 00:00:00,1.7946567667703734
1992-12-31 00:00:00,1.7946567667703734
1993-01-04 00:00:00,1.7946567667703734
1993-01-05 00:00:00,1.7946567667703734
1993-01-06 00:00:00,1.7946567667703734
1993-01-07 00:00:00,1.7946567667703734
1993-01-08 00:00:00,1.7946567667703734
1993-01-11 00:00:00,1.7946567667703734
1993-01-12 00:00:00,1.7946567667703734
1993-01-13 00:00:00,1.7946567667703734
1993-01-14 00:00:00,1.7946567667703734
1993-01-15 00:00:00,1.7946567667703734
1993-01-19 00:00:00,1.7946567667703734
1993-01-20 00:00:00,1.7946567667703734
1993-01-21 00:00:00,1.7946567667703734
1993-01-22 00:00:00,1.7946567667703734
1993-01-25 00:00:00,1.7946567667703734
1993-01-26 00:00:00,1.7946567667703734
1993-01-27 00:00:00,1.7946567667703734
1993-01-28 00:00:00,1.7946567667703734
1993-01-29 00:00:00,1.7946567667703734
1993-02-01 00:00:00,1.8326092890930485
1993-02-02 00:00:00,1.8421710783163603
1993-02-03 00:00:00,1.855961274597024
1993-02-04 00:00:00,1.8429312889710556
1993-02-05 00:00:00,1.8400494802827319
1993-02-08 00:00:00,1.8496112695060436
1993-02-09 00:00:00,1.8597771168804058
1993-02-10 00:00:00,1.8663186153484663
1993-02-11 00:00:00,1.875276346420728
1993-02-12 00:00:00,1.8757772633782857
1993-02-16 00:00:00,1.8394306331217765
1993-02-17 00:00:00,1.843676710615846
1993-02-18 00:00:00,1.8410365251879424
1993-02-19 00:00:00,1.833080628030796
1993-02-22 00:00:00,1.8306820658633125
1993-02-23 00:00:00,1.8256256478312076
1993-02-24 00:00:00,1.8508929489818267
1993-02-25 00:00:00,1.8598506800540884
1993-02-26 00:00:00,1.8700165274284504
1993-03-01 00:00:00,1.8520332649638698
1993-03-02 00:00:00,1.838399221186851
1993-03-03 00:00:00,1.8364839055402076
1993-03-04 00:00:00,1.8309442409872625
1993-03-05 00:00:00,1.8386938557574237
1993-03-08 00:00:00,1.8404028890170818
1993-03-09 00:00:00,1.8535890271466953
1993-03-10 00:00:00,1.8565061767084543
1993-03-11 00:00:00,1.8528994982388702
1993-03-12 00:00:00,1.8550917780193688
1993-03-15 00:00:00,1.8537805205237756
1993-03-16 00:00:00,1.8409921581582271
1993-03-17 00:00:00,1.833036261001081
1993-03-18 00:00:00,1.8033342704061248
1993-03-19 00:00:00,1.7866799358738545
1993-03-22 00:00:00,1.788509780763723
1993-03-23 00:00:00,1.7937223512994729
1993-03-24 00:00:00,1.7950689496685013
1993-03-25 00:00:00,1.8042683040011829
1993-03-26 00:00:00,1.7845936787136616
1993-03-29 00:00:00,1.7840729521203478
1993-03-30 00:00:00,1.7840729521203478
1993-03-31 00:00:00,1.7672633815133463
1993-04-01 00:00:00,1.746873731403762
1993-04-02 00:00:00,1.7622848763200036
1993-04-05 00:00:00,1.7538288245523614
1993-04-06 00:00:00,1.7624378184136966
1993-04-07 00:00:00,1.7610225896678
1993-04-08 00:00:00,1.7471964186462838
1993-04-09 00:00:00,1.7436331421988378
1993-04-12 00:00:00,1.7201407565203484
1993-04-13 00:00:00,1.7072692733661876
1993-04-14 00:00:00,1.7149235793601671
1993-04-15 00:00:00,1.7255612849396322
1993-04-16 00:00:00,1.7463425491097482
1993-04-19 00:00:00,1.7314423542374573
1993-04-20 00:00:00,1.7259697020553006
1993-04-21 00:00:00,1.7331466641156024
1993-04-22 00:00:00,1.7190818211272474
1993-04-23 00:00:00,1.686161892758624
1993-04-26 00:00:00,1.6687556422345249
1993-04-27 00:00:00,1.68357010723367
1993-04-28 00:00:00,1.6912244132276495
1993-04-29 00:00:00,1.6917185602164635
1993-04-30 00:00:00,1.6928093871223753
1993-05-03 00:00:00,1.7028504127847433
1993-05-04 00:00:00,1.6916496333984543
1993-05-05 00:00:00,1.6966785477572066
1993-05-06 00:00:00,1.6918025754921469
1993-05-07 00:00:00,1.6899100028125729
1993-05-10 00:00:00,1.7333651038323787
1993-05-11 00:00:00,1.7249090520647363
1993-05-12 00:00:00,1.7343533978100076
1993-05-13 00:00:00,1.7443944234723754
1993-05-14 00:00:00,1.7287782126995679
1993-05-17 00:00:00,1.7361938467267086
1993-05-18 00:00:00,1.7370460016657812
1993-05-19 00:00:00,1.725725886296073
1993-05-20 00:00:00,1.7071262759377797
1993-05-21 00:00:00,1.7246854685555715
1993-05-24 00:00:00,1.732339774549551
1993-05-25 00:00:00,1.7233485008962726
1993-05-26 00:00:00,1.7233485008962726
1993-05-27 00:00:00,1.7328235735079276
1993-05-28 00:00:00,1.7395118600573305
1993-06-01 00:00:00,1.728922073020775
1993-06-02 00:00:00,1.7177749287717696
1993-06-03 00:00:00,1.7158799142494385
1993-06-04 00:00:00,1.691021782574156
1993-06-07 00:00:00,1.6971527119111092
1993-06-08 00:00:00,1.6915791397866065
1993-06-09 00:00:00,1.688792353724355
1993-06-10 00:00:00,1.693251211423957
1993-06-11 00:00:00,1.6993821407609102
1993-06-14 00:00:00,1.7021689268231617
1993-06-15 00:00:00,1.696595354698659
1993-06-16 00:00:00,1.6759731378379985
1993-06-17 00:00:00,1.6882349965119048
1993-06-18 00:00:00,1.6676127796512443
1993-06-21 00:00:00,1.6586950642520397
1993-06-22 00:00:00,1.6466561484631137
1993-06-23 00:00:00,1.6405252191261606
1993-06-24 00:00:00,1.6358434185415782
1993-06-25 00:00:00,1.647324977118054
1993-06-28 00:00:00,1.6642686363765427
1993-06-29 00:00:00,1.675415780625548
1993-06-30 00:00:00,1.6642686363765427
1993-07-01 00:00:00,1.6793172811127002
1993-07-02 00:00:00,1.6804319955376008
1993-07-06 00:00:00,1.682884367272382
1993-07-07 00:00:00,1.6648259935889929
1993-07-08 00:00:00,1.6662751223413637
1993-07-09 00:00:00,1.6474364485605442
1993-07-12 00:00:00,1.647547920003034
1993-07-13 00:00:00,1.6641571649340525
1993-07-14 00:00:00,1.6734092946607273
1993-07-15 00:00:00,1.6590294785795099
1993-07-16 00:00:00,1.649219991640385
1993-07-19 00:00:00,1.6703995657134956
1993-07-20 00:00:00,1.673186351775747
1993-07-21 00:00:00,1.6893497109368054
1993-07-22 00:00:00,1.6815467099625012
1993-07-23 00:00:00,1.6675416608709355
1993-07-26 00:00:00,1.6675416608709355
1993-07-27 00:00:00,1.6813281233523478
1993-07-28 00:00:00,1.6751240764127304
1993-07-29 00:00:00,1.6843571450815749
1993-07-30 00:00:00,1.6854829515963348
1993-08-02 00:00:00,1.6801673717420962
1993-08-03 00:00:00,1.6636348949349464
1993-08-04 00:00:00,1.6679813946342057
1993-08-05 00:00:00,1.6784361055454462
1993-08-06 00:00:00,1.670010890892381
1993-08-09 00:00:00,1.6763564415337433
1993-08-10 00:00:00,1.6901429040151557
1993-08-11 00:00:00,1.6972658633562248
1993-08-12 00:00:00,1.7090532748955343
1993-08-13 00:00:00,1.7128444826664317
1993-08-16 00:00:00,1.68553934244906
1993-08-17 00:00:00,1.680445879366166
1993-08-18 00:00:00,1.6551397900908973
1993-08-19 00:00:00,1.6619295742749494
1993-08-20 00:00:00,1.6540596515502457
1993-08-23 00:00:00,1.6658470630895552
1993-08-24 00:00:00,1.6714152050312108
1993-08-25 00:00:00,1.6873117768403987
1993-08-26 00:00:00,1.6681138987771111
1993-08-27 00:00:00,1.6663521872643892
1993-08-30 00:00:00,1.677362190103992
1993-08-31 00:00:00,1.6813755146462344
1993-09-01 00:00:00,1.658290593084413
1993-09-02 00:00:00,1.6651914356541373
1993-09-03 00:00:00,1.6373310035084034
1993-09-07 00:00:00,1.6191326509161679
1993-09-08 00:00:00,1.6223685667587031
1993-09-09 00:00:00,1.6106116005354663
1993-09-10 00:00:00,1.6110710567361917
1993-09-13 00:00:00,1.6193045999339846
1993-09-14 00:00:00,1.6144332536224355
1993-09-15 00:00:00,1.6088955569968524
1993-09-16 00:00:00,1.6290123474615912
1993-09-17 00:00:00,1.627250635948869
1993-09-20 00:00:00,1.6302644350200595
1993-09-21 00:00:00,1.661542093482138
1993-09-22 00:00:00,1.661542093482138
1993-09-23 00:00:00,1.6459084233039603
1993-09-24 00:00:00,1.641316715978901
1993-09-27 00:00:00,1.6533426161159608
1993-09-28 00:00:00,1.6565130806975497
1993-09-29 00:00:00,1.653014637021314
1993-09-30 00:00:00,1.6355224186401358
1993-10-01 00:00:00,1.6451431387497837
1993-10-04 00:00:00,1.655201164318961
1993-10-05 00:00:00,1.65793432344102
1993-10-06 00:00:00,1.6679923490101973
1993-10-07 00:00:00,1.66394727350955
1993-10-08 00:00:00,1.6783783536740216
1993-10-12 00:00:00,1.6748799099977862
1993-10-13 00:00:00,1.664275252604197
1993-10-14 00:00:00,1.6537799215754903
1993-10-15 00:00:00,1.653014637021314
1993-10-18 00:00:00,1.6377089459377832
1993-10-19 00:00:00,1.6315866695043708
1993-10-20 00:00:00,1.6281975521930176
1993-10-21 00:00:00,1.6249177612465466
1993-10-22 00:00:00,1.6098307228927806
1993-10-25 00:00:00,1.6249177612465466
1993-10-26 00:00:00,1.6147504093124871
1993-10-27 00:00:00,1.6161716520559577
1993-10-28 00:00:00,1.618030200258958
1993-10-29 00:00:00,1.6269949621793116
1993-11-01 00:00:00,1.6187954848131345
1993-11-02 00:00:00,1.620763359381017
1993-11-03 00:00:00,1.6185768320833698
1993-11-04 00:00:00,1.6167182838803695
1993-11-05 00:00:00,1.6251364139763114
1993-11-08 00:00:00,1.6189048111780167
1993-11-09 00:00:00,1.6051296892028393
1993-11-10 00:00:00,1.612891861109487
1993-11-12 00:00:00,1.6199980748268406
1993-11-15 00:00:00,1.6297281213013706
1993-11-16 00:00:00,1.621309991205429
1993-11-17 00:00:00,1.614203777488075
1993-11-18 00:00:00,1.615297041136899
1993-11-19 00:00:00,1.6079110175212656
1993-11-22 00:00:00,1.6079110175212656
1993-11-23 00:00:00,1.5941876236138741
1993-11-24 00:00:00,1.593004736116448
1993-11-26 00:00:00,1.6021813973924723
1993-11-29 00:00:00,1.5928199187581122
1993-11-30 00:00:00,1.5957808507700668
1993-12-01 00:00:00,1.600813692536711
1993-12-02 00:00:00,1.5987584219846789
1993-12-03 00:00:00,1.590269326404925
1993-12-06 00:00:00,1.5809078477705654
1993-12-07 00:00:00,1.5884487908192024
1993-12-08 00:00:00,1.5845397062761317
1993-12-09 00:00:00,1.584992537006093
1993-12-10 00:00:00,1.5849001283269253
1993-12-13 00:00:00,1.5893877306844406
1993-12-14 00:00:00,1.591585327523614
1993-12-15 00:00:00,1.5970543608175614
1993-12-16 00:00:00,1.5910733665198011
1993-12-17 00:00:00,1.588254760794988
1993-12-20 00:00:00,1.5941599856162387
1993-12-21 00:00:00,1.590578044718646
1993-12-22 00:00:00,1.5841608588935823
1993-12-23 00:00:00,1.573381757795487
1993-12-24 00:00:00,1.5747069715800543
1993-12-27 00:00:00,1.5740693234917573
1993-12-28 00:00:00,1.569942143185035
1993-12-29 00:00:00,1.587515491361645
1993-12-30 00:00:00,1.6034531213108685
1993-12-31 00:00:00,1.602052138049791
1994-01-03 00:00:00,1.60359544759801
1994-01-04 00:00:00,1.5947792083727788
1994-01-05 00:00:00,1.5914153632388375
1994-01-06 00:00:00,1.5929586727870562
1994-01-07 00:00:00,1.5879591094257277
1994-01-10 00:00:00,1.585358599464567
1994-01-11 00:00:00,1.5872290526582633
1994-01-12 00:00:00,1.574814233332781
1994-01-13 00:00:00,1.5813737454449863
1994-01-14 00:00:00,1.5860794435661532
1994-01-18 00:00:00,1.5803165450320444
1994-01-19 00:00:00,1.5857393965480382
1994-01-20 00:00:00,1.5857393965480382
1994-01-21 00:00:00,1.591145492007994
1994-01-24 00:00:00,1.595600143830021
1994-01-25 00:00:00,1.5928661103876964
1994-01-26 00:00:00,1.5917178163419206
1994-01-27 00:00:00,1.5926838414915416
1994-01-28 00:00:00,1.5857211696584226
1994-01-31 00:00:00,1.5845728756126465
1994-02-01 00:00:00,1.5818388421703222
1994-02-02 00:00:00,1.5898878366245248
1994-02-03 00:00:00,1.5922281692511542
1994-02-04 00:00:00,1.6069372691708583
1994-02-07 00:00:00,1.6031460761308356
1994-02-08 00:00:00,1.6143665493781343
1994-02-09 00:00:00,1.6251641587863532
1994-02-10 00:00:00,1.6243330126198867
1994-02-11 00:00:00,1.6214932632177925
1994-02-14 00:00:00,1.615059171183523
1994-02-15 00:00:00,1.6105279664251109
1994-02-16 00:00:00,1.609908252178184
1994-02-17 00:00:00,1.6082313783335587
1994-02-18 00:00:00,1.6059202087303137
1994-02-22 00:00:00,1.6065690860006256
1994-02-23 00:00:00,1.6095437143858742
1994-02-24 00:00:00,1.599726711638969
1994-02-25 00:00:00,1.596675530317335
1994-02-28 00:00:00,1.5965843958692574
1994-03-01 00:00:00,1.5987132965763473
1994-03-02 00:00:00,1.5891077257489816
1994-03-03 00:00:00,1.5869022721055068
1994-03-04 00:00:00,1.5941055388815504
1994-03-07 00:00:00,1.591371505439226
1994-03-08 00:00:00,1.5958261572612529
1994-03-09 00:00:00,1.5917178163419203
1994-03-10 00:00:00,1.5817950976352453
1994-03-11 00:00:00,1.581492531267628
1994-03-14 00:00:00,1.5884843661241317
1994-03-15 00:00:00,1.5902961189519118
1994-03-16 00:00:00,1.5899935525842948
1994-03-17 00:00:00,1.58778809894082
1994-03-18 00:00:00,1.589546993788715
1994-03-21 00:00:00,1.589546993788715
1994-03-22 00:00:00,1.592439416543284
1994-03-23 00:00:00,1.6001525438888013
1994-03-24 00:00:00,1.6013309383443664
1994-03-25 00:00:00,1.6042233610989358
1994-03-28 00:00:00,1.6031520934120582
1994-03-29 00:00:00,1.5908325150129679
1994-03-30 00:00:00,1.5879400922583988
1994-03-31 00:00:00,1.5940463180736002
1994-04-01 00:00:00,1.5785129366138777
1994-04-04 00:00:00,1.5726209643360518
1994-04-05 00:00:00,1.566300484983475
1994-04-06 00:00:00,1.5732637249481782
1994-04-07 00:00:00,1.5730494714108025
1994-04-08 00:00:00,1.5815124861371344
1994-04-11 00:00:00,1.5763704012401227
1994-04-12 00:00:00,1.5795842043007549
1994-04-13 00:00:00,1.5822623735179486
1994-04-14 00:00:00,1.5817267396745098
1994-04-15 00:00:00,1.577870176001751
1994-04-18 00:00:00,1.577441668927
1994-04-19 00:00:00,1.5827980073613874
1994-04-20 00:00:00,1.5916895291624698
1994-04-21 00:00:00,1.6013309383443664
1994-04-22 00:00:00,1.5940463180736002
1994-04-25 00:00:00,1.5977957549776713
1994-04-26 00:00:00,1.6108652207575755
1994-04-27 00:00:00,1.6127935025939553
1994-04-28 00:00:00,1.6149360379677098
1994-04-29 00:00:00,1.6195424890212828
1994-05-02 00:00:00,1.626934236060737
1994-05-03 00:00:00,1.6208280102455355
1994-05-04 00:00:00,1.6063658964726903
1994-05-05 00:00:00,1.6047589949423744
1994-05-06 00:00:00,1.5999382903514259
1994-05-09 00:00:00,1.6042233610989358
1994-05-10 00:00:00,1.5967244872907937
1994-05-11 00:00:00,1.5973672479029202
1994-05-12 00:00:00,1.6063658964726903
1994-05-13 00:00:00,1.605294628785813
1994-05-16 00:00:00,1.609102835435186
1994-05-17 00:00:00,1.609102835435186
1994-05-18 00:00:00,1.611239048957171
1994-05-19 00:00:00,1.6107049955766748
1994-05-20 00:00:00,1.6126275877464613
1994-05-23 00:00:00,1.6080347286741936
1994-05-24 00:00:00,1.6083551607024913
1994-05-25 00:00:00,1.6123071557181636
1994-05-26 00:00:00,1.6136956945074534
1994-05-27 00:00:00,1.6123071557181636
1994-05-31 00:00:00,1.6149774226206446
1994-06-01 00:00:00,1.6205315777778058
1994-06-02 00:00:00,1.6109186169288732
1994-06-03 00:00:00,1.6080347286741936
1994-06-06 00:00:00,1.6110254276049725
1994-06-07 00:00:00,1.6107049955766748
1994-06-08 00:00:00,1.6088892140829874
1994-06-09 00:00:00,1.6093164567873846
1994-06-10 00:00:00,1.6111322382810718
1994-06-13 00:00:00,1.623735898060783
1994-06-14 00:00:00,1.6226677912997909
1994-06-15 00:00:00,1.6228814126519893
1994-06-16 00:00:00,1.6235222767085844
1994-06-17 00:00:00,1.6349510190512042
1994-06-20 00:00:00,1.6432822517869456
1994-06-21 00:00:00,1.6454184653089305
1994-06-22 00:00:00,1.6358055044599984
1994-06-23 00:00:00,1.6464865720699233
1994-06-24 00:00:00,1.657594882384245
1994-06-27 00:00:00,1.6550314261578634
1994-06-28 00:00:00,1.6568472076515504
1994-06-29 00:00:00,1.651506673846588
1994-06-30 00:00:00,1.6537496980446722
1994-07-01 00:00:00,1.643816305167442
1994-07-05 00:00:00,1.6464865720699233
1994-07-06 00:00:00,1.6560995329188555
1994-07-07 00:00:00,1.6471274361265185
1994-07-08 00:00:00,1.6496908923529006
1994-07-11 00:00:00,1.6710530275727502
1994-07-12 00:00:00,1.6795978816606902
1994-07-13 00:00:00,1.6742573478557279
1994-07-14 00:00:00,1.6673659764391424
1994-07-15 00:00:00,1.6673659764391424
1994-07-18 00:00:00,1.672504898159258
1994-07-19 00:00:00,1.660835263419829
1994-07-20 00:00:00,1.6586940460364474
1994-07-21 00:00:00,1.6482020808578786
1994-07-22 00:00:00,1.639101906978507
1994-07-25 00:00:00,1.640172515670198
1994-07-26 00:00:00,1.6320358896133484
1994-07-27 00:00:00,1.6386736635018309
1994-07-28 00:00:00,1.639851333062691
1994-07-29 00:00:00,1.65034329824126
1994-08-01 00:00:00,1.6453114373903133
1994-08-02 00:00:00,1.6463820460820044
1994-08-03 00:00:00,1.6482020808578786
1994-08-04 00:00:00,1.6473455939045258
1994-08-05 00:00:00,1.6514139069329505
1994-08-08 00:00:00,1.6510927243254434
1994-08-09 00:00:00,1.6471314721661876
1994-08-10 00:00:00,1.64798795911954
1994-08-11 00:00:00,1.6482020808578786
1994-08-12 00:00:00,1.6540904286621774
1994-08-15 00:00:00,1.6510927243254434
1994-08-16 00:00:00,1.6516280286712888
1994-08-17 00:00:00,1.648737385203724
1994-08-18 00:00:00,1.6540904286621774
1994-08-19 00:00:00,1.6583728634289403
1994-08-22 00:00:00,1.6605140808123218
1994-08-23 00:00:00,1.6631906025415488
1994-08-24 00:00:00,1.6631906025415488
1994-08-25 00:00:00,1.6631906025415488
1994-08-26 00:00:00,1.6439196460911156
1994-08-29 00:00:00,1.6423137330535795
1994-08-30 00:00:00,1.64338434174527
1994-08-31 00:00:00,1.644669072175299
1994-09-01 00:00:00,1.653555124316332
1994-09-02 00:00:00,1.6567669503914044
1994-09-06 00:00:00,1.6580516808214332
1994-09-07 00:00:00,1.6553751590922063
1994-09-08 00:00:00,1.6525915764938106
1994-09-09 00:00:00,1.6597646547281384
1994-09-12 00:00:00,1.6799271926848376
1994-09-13 00:00:00,1.6799271926848376
1994-09-14 00:00:00,1.6853036478876948
1994-09-15 00:00:00,1.6806798964132377
1994-09-16 00:00:00,1.7032610082652389
1994-09-19 00:00:00,1.6839057695349522
1994-09-20 00:00:00,1.6930457433798096
1994-09-21 00:00:00,1.6968092620218098
1994-09-22 00:00:00,1.694658679940667
1994-09-23 00:00:00,1.7003577224556956
1994-09-26 00:00:00,1.6930457433798096
1994-09-27 00:00:00,1.6962716165015241
1994-09-28 00:00:00,1.694658679940667
1994-09-29 00:00:00,1.698959844102953
1994-09-30 00:00:00,1.6957339709812385
1994-10-03 00:00:00,1.6973469075420955
1994-10-04 00:00:00,1.6971318493339815
1994-10-05 00:00:00,1.705411590346382
1994-10-06 00:00:00,1.707024526907239
1994-10-07 00:00:00,1.7059492358666677
1994-10-11 00:00:00,1.6968092620218098
1994-10-12 00:00:00,1.7000351351435243
1994-10-13 00:00:00,1.70057278066381
1994-10-14 00:00:00,1.7107880455492392
1994-10-17 00:00:00,1.7312185753200977
1994-10-18 00:00:00,1.734982093962098
1994-10-19 00:00:00,1.7398209036446697
1994-10-20 00:00:00,1.7435844222866697
1994-10-21 00:00:00,1.7478855864489555
1994-10-24 00:00:00,1.7500361685300985
1994-10-25 00:00:00,1.759713787895242
1994-10-26 00:00:00,1.7548749782126702
1994-10-27 00:00:00,1.7600363752074137
1994-10-28 00:00:00,1.745197358847527
1994-10-31 00:00:00,1.758100851334385
1994-11-01 00:00:00,1.7548749782126702
1994-11-02 00:00:00,1.7575632058140993
1994-11-03 00:00:00,1.7339068029215265
1994-11-04 00:00:00,1.7317562208403834
1994-11-07 00:00:00,1.7376703215635265
1994-11-08 00:00:00,1.743046776766384
1994-11-09 00:00:00,1.7253381419594345
1994-11-10 00:00:00,1.7253381419594345
1994-11-14 00:00:00,1.7132547332613695
1994-11-15 00:00:00,1.7089392301549178
1994-11-16 00:00:00,1.6954532829472555
1994-11-17 00:00:00,1.701387099718627
1994-11-18 00:00:00,1.6916772177291104
1994-11-21 00:00:00,1.6895194661758846
1994-11-22 00:00:00,1.6932955313940297
1994-11-23 00:00:00,1.6965321587238686
1994-11-25 00:00:00,1.6862828388460456
1994-11-28 00:00:00,1.6862828388460456
1994-11-29 00:00:00,1.6876853773556424
1994-11-30 00:00:00,1.6905983419524973
1994-12-01 00:00:00,1.688656365554594
1994-12-02 00:00:00,1.6832619866715295
1994-12-05 00:00:00,1.6819673357395937
1994-12-06 00:00:00,1.6841250872928195
1994-12-07 00:00:00,1.68746960220032
1994-12-08 00:00:00,1.686498614001368
1994-12-09 00:00:00,1.6832619866715295
1994-12-12 00:00:00,1.6870380518896748
1994-12-13 00:00:00,1.6835856494045132
1994-12-14 00:00:00,1.6843408624481422
1994-12-15 00:00:00,1.6862828388460456
1994-12-16 00:00:00,1.6862828388460456
1994-12-19 00:00:00,1.6854197382247553
1994-12-20 00:00:00,1.6830462115162068
1994-12-21 00:00:00,1.6825067736279005
1994-12-22 00:00:00,1.668157725798948
1994-12-23 00:00:00,1.666323636978706
1994-12-27 00:00:00,1.6668630748670124
1994-12-28 00:00:00,1.665244761202093
1994-12-29 00:00:00,1.6832619866715295
1994-12-30 00:00:00,1.690058904064191
1995-01-03 00:00:00,1.685635513380078
1995-01-04 00:00:00,1.6835856494045132
1995-01-05 00:00:00,1.686822276734352
1995-01-06 00:00:00,1.6741994301479806
1995-01-09 00:00:00,1.6801332469193515
1995-01-10 00:00:00,1.6814278978512873
1995-01-11 00:00:00,1.6816655094523285
1995-01-12 00:00:00,1.6816655094523285
1995-01-13 00:00:00,1.686384321629069
1995-01-17 00:00:00,1.6852175720482607
1995-01-18 00:00:00,1.6822316488333013
1995-01-19 00:00:00,1.6775335621979641
1995-01-20 00:00:00,1.6638466176056435
1995-01-23 00:00:00,1.6554031734882297
1995-01-24 00:00:00,1.6547714749762892
1995-01-25 00:00:00,1.6576711135188786
1995-01-26 00:00:00,1.6601427112063734
1995-01-27 00:00:00,1.6625072986800946
1995-01-30 00:00:00,1.6570601405483418
1995-01-31 00:00:00,1.6698047187581033
1995-02-01 00:00:00,1.6707781734527676
1995-02-02 00:00:00,1.6680062706653556
1995-02-03 00:00:00,1.687920533197949
1995-02-06 00:00:00,1.6924253249471424
1995-02-07 00:00:00,1.6955389839172788
1995-02-08 00:00:00,1.7004718165215664
1995-02-09 00:00:00,1.695880740100003
1995-02-10 00:00:00,1.6891494594029668
1995-02-13 00:00:00,1.688196730249706
1995-02-14 00:00:00,1.6945206956330507
1995-02-15 00:00:00,1.6912137417767703
1995-02-16 00:00:00,1.6729253579921843
1995-02-17 00:00:00,1.6738988126868484
1995-02-21 00:00:00,1.6684516545550958
1995-02-22 00:00:00,1.6635395474922112
1995-02-23 00:00:00,1.6559521850849865
1995-02-24 00:00:00,1.660670997261727
1995-02-27 00:00:00,1.6659248605073358
1995-02-28 00:00:00,1.6652931619953955
1995-03-01 00:00:00,1.664875483911003
1995-03-02 00:00:00,1.6576091521450986
1995-03-03 00:00:00,1.6254094405699429
1995-03-06 00:00:00,1.6124715674740373
1995-03-07 00:00:00,1.600603796515868
1995-03-08 00:00:00,1.6272597025161992
1995-03-09 00:00:00,1.6312294431965246
1995-03-10 00:00:00,1.6685863705742172
1995-03-13 00:00:00,1.65022152799189
1995-03-14 00:00:00,1.65022152799189
1995-03-15 00:00:00,1.6684358936430146
1995-03-16 00:00:00,1.650741938439065
1995-03-17 00:00:00,1.6465786548616652
1995-03-20 00:00:00,1.64501742352014
1995-03-21 00:00:00,1.65022152799189
1995-03-22 00:00:00,1.650741938439065
1995-03-23 00:00:00,1.6572991100734698
1995-03-24 00:00:00,1.652823580227765
1995-03-27 00:00:00,1.6606297369353897
1995-03-28 00:00:00,1.6757216399034645
1995-03-29 00:00:00,1.6736399981147645
1995-03-30 00:00:00,1.66375219961844
1995-03-31 00:00:00,1.6850890279526145
1995-04-03 00:00:00,1.6819665652695646
1995-04-04 00:00:00,1.6668746623014896
1995-04-05 00:00:00,1.6720787667732395
1995-04-06 00:00:00,1.6713501921471945
1995-04-07 00:00:00,1.6668746623014896
1995-04-10 00:00:00,1.6590685055938652
1995-04-11 00:00:00,1.6595889160410398
1995-04-12 00:00:00,1.654905222016465
1995-04-13 00:00:00,1.6723910130415447
1995-04-14 00:00:00,1.6673950727486648
1995-04-17 00:00:00,1.685609438399789
1995-04-18 00:00:00,1.6798849234808646
1995-04-19 00:00:00,1.6819665652695646
1995-04-20 00:00:00,1.6785318563182092
1995-04-21 00:00:00,1.6757216399034645
1995-04-24 00:00:00,1.6710379458788893
1995-04-25 00:00:00,1.6793645130336894
1995-04-26 00:00:00,1.6762420503506397
1995-04-27 00:00:00,1.6821747294484346
1995-04-28 00:00:00,1.6747849010985494
1995-05-01 00:00:00,1.6840482070582645
1995-05-02 00:00:00,1.6783236921393396
1995-05-03 00:00:00,1.6832155503427844
1995-05-04 00:00:00,1.6845686175054393
1995-05-05 00:00:00,1.6642726100656147
1995-05-08 00:00:00,1.6736399981147645
1995-05-09 00:00:00,1.6528489242165425
1995-05-10 00:00:00,1.6528489242165425
1995-05-11 00:00:00,1.6528489242165425
1995-05-12 00:00:00,1.6528489242165425
1995-05-15 00:00:00,1.6528489242165425
1995-05-16 00:00:00,1.6528489242165425
1995-05-17 00:00:00,1.6528489242165425
1995-05-18 00:00:00,1.6528489242165425
1995-05-19 00:00:00,1.6528489242165425
1995-05-22 00:00:00,1.6528489242165425
1995-05-23 00:00:00,1.6528489242165425
1995-05-24 00:00:00,1.6528489242165425
1995-05-25 00:00:00,1.6528489242165425
1995-05-26 00:00:00,1.6528489242165425
1995-05-30 00:00:00,1.6528489242165425
1995-05-31 00:00:00,1.6528489242165425
1995-06-01 00:00:00,1.6528489242165425
1995-06-02 00:00:00,1.6528489242165425
1995-06-05 00:00:00,1.6528489242165425
1995-06-06 00:00:00,1.6528489242165425
1995-06-07 00:00:00,1.6528489242165425
1995-06-08 00:00:00,1.6528489242165425
1995-06-09 00:00:00,1.6528489242165425
1995-06-12 00:00:00,1.6528489242165425
1995-06-13 00:00:00,1.6528489242165425
1995-06-14 00:00:00,1.6528489242165425
1995-06-15 00:00:00,1.6528489242165425
1995-06-16 00:00:00,1.6528489242165425
1995-06-19 00:00:00,1.6528489242165425
1995-06-20 00:00:00,1.6528489242165425
1995-06-21 00:00:00,1.6528489242165425
1995-06-22 00:00:00,1.6528489242165425
1995-06-23 00:00:00,1.6528489242165425
1995-06-26 00:00:00,1.6528489242165425
1995-06-27 00:00:00,1.6528489242165425
1995-06-28 00:00:00,1.6528489242165425
1995-06-29 00:00:00,1.6528489242165425
1995-06-30 00:00:00,1.6528489242165425
1995-07-03 00:00:00,1.6528489242165425
1995-07-05 00:00:00,1.6528489242165425
1995-07-06 00:00:00,1.6528489242165425
1995-07-07 00:00:00,1.6528489242165425
1995-07-10 00:00:00,1.6528489242165425
1995-07-11 00:00:00,1.6528489242165425
1995-07-12 00:00:00,1.6528489242165425
1995-07-13 00:00:00,1.6528489242165425
1995-07-14 00:00:00,1.6528489242165425
1995-07-17 00:00:00,1.6528489242165425
1995-07-18 00:00:00,1.6509917233216564
1995-07-19 00:00:00,1.651622347712515
1995-07-20 00:00:00,1.649972465591441
1995-07-21 00:00:00,1.6529872558811378
1995-07-24 00:00:00,1.6491605266350375
1995-07-25 00:00:00,1.6591204958474377
1995-07-26 00:00:00,1.6510437317381905
1995-07-27 00:00:00,1.6501194653254583
1995-07-28 00:00:00,1.6459817579186398
1995-07-31 00:00:00,1.6482709324999945
1995-08-01 00:00:00,1.6469320285396387
1995-08-02 00:00:00,1.646526059061437
1995-08-03 00:00:00,1.6388639324998133
1995-08-04 00:00:00,1.6382506442477995
1995-08-07 00:00:00,1.6438569192101473
1995-08-08 00:00:00,1.6445912029879115
1995-08-09 00:00:00,1.645325486765676
1995-08-10 00:00:00,1.657047665555479
1995-08-11 00:00:00,1.66856252557147
1995-08-14 00:00:00,1.6721992721826031
1995-08-15 00:00:00,1.691488586216546
1995-08-16 00:00:00,1.6953326516014908
1995-08-17 00:00:00,1.7128597560580312
1995-08-18 00:00:00,1.7039537168535357
1995-08-21 00:00:00,1.7064502102087025
1995-08-22 00:00:00,1.7115381882365197
1995-08-23 00:00:00,1.7052236337046747
1995-08-24 00:00:00,1.7033664328097886
1995-08-25 00:00:00,1.7047226729089893
1995-08-28 00:00:00,1.693536127192561
1995-08-29 00:00:00,1.700904611732311
1995-08-30 00:00:00,1.7021571924446055
1995-08-31 00:00:00,1.6942877471091702
1995-09-01 00:00:00,1.6923268868273782
1995-09-05 00:00:00,1.6889147951289016
1995-09-06 00:00:00,1.6954540045734035
1995-09-07 00:00:00,1.6954626726428257
1995-09-08 00:00:00,1.6972335502896505
1995-09-11 00:00:00,1.6970348995852607
1995-09-12 00:00:00,1.6900171716023387
1995-09-13 00:00:00,1.6900171716023387
1995-09-14 00:00:00,1.687190688281393
1995-09-15 00:00:00,1.6854559473193629
1995-09-18 00:00:00,1.6919092740492052
1995-09-19 00:00:00,1.69181214662555
1995-09-20 00:00:00,1.6846186938689391
1995-09-21 00:00:00,1.6659619463437079
1995-09-22 00:00:00,1.6549473953308902
1995-09-25 00:00:00,1.663584206778565
1995-09-26 00:00:00,1.6642512990061507
1995-09-27 00:00:00,1.6626257322800124
1995-09-28 00:00:00,1.6534671432773527
1995-09-29 00:00:00,1.6544617582126138
1995-10-02 00:00:00,1.641918767897313
1995-10-03 00:00:00,1.6528482382987117
1995-10-04 00:00:00,1.649585058034199
1995-10-05 00:00:00,1.649160407902869
1995-10-06 00:00:00,1.6521201590841796
1995-10-10 00:00:00,1.6557349556808392
1995-10-11 00:00:00,1.660878191579982
1995-10-12 00:00:00,1.6602351929768688
1995-10-13 00:00:00,1.6612298079121295
1995-10-16 00:00:00,1.6584033245911833
1995-10-17 00:00:00,1.6593979395264444
1995-10-18 00:00:00,1.6642136527179123
1995-10-19 00:00:00,1.6608412982175083
1995-10-20 00:00:00,1.6570322467735377
1995-10-23 00:00:00,1.652458975678326
1995-10-24 00:00:00,1.6512701058957542
1995-10-25 00:00:00,1.6528105920104736
1995-10-26 00:00:00,1.6587180475608574
1995-10-27 00:00:00,1.652616337163163
1995-10-30 00:00:00,1.65470269445734
1995-10-31 00:00:00,1.6511119914851526
1995-11-01 00:00:00,1.6541809169023542
1995-11-02 00:00:00,1.6502626912224923
1995-11-03 00:00:00,1.65103895768597
1995-11-06 00:00:00,1.652251921093014
1995-11-07 00:00:00,1.653792407207733
1995-11-08 00:00:00,1.650747575415004
1995-11-09 00:00:00,1.651344359434676
1995-11-10 00:00:00,1.651344359434676
1995-11-13 00:00:00,1.630588555259721
1995-11-14 00:00:00,1.6358299199503663
1995-11-15 00:00:00,1.6332092376050438
1995-11-16 00:00:00,1.63090303714116
1995-11-17 00:00:00,1.6253471905690757
1995-11-20 00:00:00,1.6242989176309468
1995-11-21 00:00:00,1.6335237194864825
1995-11-22 00:00:00,1.640547148171947
1995-11-24 00:00:00,1.6353057834813016
1995-11-27 00:00:00,1.6253471905690757
1995-11-28 00:00:00,1.6227265082237532
1995-11-29 00:00:00,1.6125582607239015
1995-11-30 00:00:00,1.6040672499250563
1995-12-01 00:00:00,1.6101472329662048
1995-12-04 00:00:00,1.6101472329662048
1995-12-05 00:00:00,1.61538859765685
1995-12-06 00:00:00,1.6166465251826048
1995-12-07 00:00:00,1.6094134419095145
1995-12-08 00:00:00,1.6068975868580047
1995-12-11 00:00:00,1.6088893054404498
1995-12-12 00:00:00,1.6052203501569984
1995-12-13 00:00:00,1.606478277682753
1995-12-14 00:00:00,1.61538859765685
1995-12-15 00:00:00,1.6138161882496567
1995-12-18 00:00:00,1.6132920517805918
1995-12-19 00:00:00,1.616436870594979
1995-12-20 00:00:00,1.6115099877857726
1995-12-21 00:00:00,1.6130823971929662
1995-12-22 00:00:00,1.6169610070640437
1995-12-26 00:00:00,1.630588555259721
1995-12-27 00:00:00,1.6353057834813016
1995-12-28 00:00:00,1.6132920517805918
1995-12-29 00:00:00,1.6284920093834632
1996-01-02 00:00:00,1.6316368281978502
1996-01-03 00:00:00,1.6266051180948307
1996-01-04 00:00:00,1.620944444228934
1996-01-05 00:00:00,1.6269195999762696
1996-01-08 00:00:00,1.6242989176309468
1996-01-09 00:00:00,1.622202371754689
1996-01-10 00:00:00,1.6197152498644132
1996-01-11 00:00:00,1.6197152498644132
1996-01-12 00:00:00,1.6152176279481771
1996-01-16 00:00:00,1.6263456177010762
1996-01-17 00:00:00,1.6393612652395086
1996-01-18 00:00:00,1.642099664834483
1996-01-19 00:00:00,1.6561640111426559
1996-01-22 00:00:00,1.6516663892264196
1996-01-23 00:00:00,1.651573302143094
1996-01-24 00:00:00,1.655989619769653
1996-01-25 00:00:00,1.6576793205948868
1996-01-26 00:00:00,1.6623053779753942
1996-01-29 00:00:00,1.6587515849519245
1996-01-30 00:00:00,1.6613851146699246
1996-01-31 00:00:00,1.6551047048451293
1996-02-01 00:00:00,1.6512363021907375
1996-02-02 00:00:00,1.6450607622429163
1996-02-05 00:00:00,1.6279787550897924
1996-02-06 00:00:00,1.6226421741577637
1996-02-07 00:00:00,1.6264292725224787
1996-02-08 00:00:00,1.6253923565463864
1996-02-09 00:00:00,1.6311719825736084
1996-02-12 00:00:00,1.6321275942600235
1996-02-13 00:00:00,1.628678671113528
1996-02-14 00:00:00,1.6253346178440067
1996-02-15 00:00:00,1.623773352483044
1996-02-16 00:00:00,1.6129835379483641
1996-02-20 00:00:00,1.617294985697949
1996-02-21 00:00:00,1.6192992961541048
1996-02-22 00:00:00,1.6181575103010386
1996-02-23 00:00:00,1.6206861701420647
1996-02-26 00:00:00,1.6216417818284796
1996-02-27 00:00:00,1.6217584344991023
1996-02-28 00:00:00,1.6282721496651427
1996-02-29 00:00:00,1.6297521107364283
1996-03-01 00:00:00,1.6345879078708836
1996-03-04 00:00:00,1.6333412521408435
1996-03-05 00:00:00,1.6326189457956737
1996-03-06 00:00:00,1.6325258587123481
1996-03-07 00:00:00,1.6313840728592819
1996-03-08 00:00:00,1.6375831783944
1996-03-11 00:00:00,1.6372139164900632
1996-03-12 00:00:00,1.6372139164900632
1996-03-13 00:00:00,1.6358283909486342
1996-03-14 00:00:00,1.6350885818010088
1996-03-15 00:00:00,1.6329497204668082
1996-03-18 00:00:00,1.62747465776462
1996-03-19 00:00:00,1.6244748412386807
1996-03-20 00:00:00,1.6191073979354602
1996-03-21 00:00:00,1.6207352155651162
1996-03-22 00:00:00,1.6234392271844458
1996-03-25 00:00:00,1.6345375519232272
1996-03-26 00:00:00,1.6333672651797326
1996-03-27 00:00:00,1.639622716964984
1996-03-28 00:00:00,1.6332866990710573
1996-03-29 00:00:00,1.6307173601409874
1996-04-01 00:00:00,1.6325604165685783
1996-04-02 00:00:00,1.6320358462188878
1996-04-03 00:00:00,1.6306503206774583
1996-04-04 00:00:00,1.6267895489597803
1996-04-05 00:00:00,1.627556411397698
1996-04-08 00:00:00,1.624987072467628
1996-04-09 00:00:00,1.6321034794446179
1996-04-10 00:00:00,1.6457846697586156
1996-04-11 00:00:00,1.644614383015121
1996-04-12 00:00:00,1.6447355290592343
1996-04-15 00:00:00,1.6487309734661717
1996-04-16 00:00:00,1.650143552297893
1996-04-17 00:00:00,1.6501570789430393
1996-04-18 00:00:00,1.646834404220198
1996-04-19 00:00:00,1.639422192336598
1996-04-22 00:00:00,1.645354785924947
1996-04-23 00:00:00,1.6399873426217266
1996-04-24 00:00:00,1.6423684960441542
1996-04-25 00:00:00,1.6434582166789735
1996-04-26 00:00:00,1.6459469895003684
1996-04-29 00:00:00,1.6468214713372529
1996-04-30 00:00:00,1.6514626321379946
1996-05-01 00:00:00,1.6623457180788415
1996-05-02 00:00:00,1.6534268346096987
1996-05-03 00:00:00,1.6520413090682693
1996-05-06 00:00:00,1.6487186343454279
1996-05-07 00:00:00,1.642429549271391
1996-05-08 00:00:00,1.642429549271391
1996-05-09 00:00:00,1.6417954165289042
1996-05-10 00:00:00,1.641377179882279
1996-05-13 00:00:00,1.6497027351180718
1996-05-14 00:00:00,1.6491765504235156
1996-05-15 00:00:00,1.6511331708313746
1996-05-16 00:00:00,1.6507149341847493
1996-05-17 00:00:00,1.6487854248670895
1996-05-20 00:00:00,1.6508499933228795
1996-05-21 00:00:00,1.6523748215390137
1996-05-22 00:00:00,1.6535758056113552
1996-05-23 00:00:00,1.6501350236226597
1996-05-24 00:00:00,1.6526313842701743
1996-05-28 00:00:00,1.6507018749525142
1996-05-29 00:00:00,1.6415398464234718
1996-05-30 00:00:00,1.626980415497875
1996-05-31 00:00:00,1.6106938158053814
1996-06-03 00:00:00,1.608440462343928
1996-06-04 00:00:00,1.6115845112790288
1996-06-05 00:00:00,1.6126775473034392
1996-06-06 00:00:00,1.6200315701078518
1996-06-07 00:00:00,1.619397437365365
1996-06-10 00:00:00,1.6288024730804682
1996-06-11 00:00:00,1.625145794995911
1996-06-12 00:00:00,1.62613088297239
1996-06-13 00:00:00,1.6287351916678352
1996-06-14 00:00:00,1.6245387733436223
1996-06-17 00:00:00,1.6145131604311314
1996-06-18 00:00:00,1.616037988647266
1996-06-19 00:00:00,1.6161594922402964
1996-06-20 00:00:00,1.6176843204564308
1996-06-21 00:00:00,1.6213681096311872
1996-06-24 00:00:00,1.619438600313527
1996-06-25 00:00:00,1.6188044675710398
1996-06-26 00:00:00,1.6177385426368283
1996-06-27 00:00:00,1.612462643833305
1996-06-28 00:00:00,1.605135732119091
1996-07-01 00:00:00,1.603314170849362
1996-07-02 00:00:00,1.5991177525251492
1996-07-03 00:00:00,1.5985915678305933
1996-07-05 00:00:00,1.6050210695785003
1996-07-08 00:00:00,1.6050210695785003
1996-07-09 00:00:00,1.6014038295633526
1996-07-10 00:00:00,1.6023339769958191
1996-07-11 00:00:00,1.6076048124464632
1996-07-12 00:00:00,1.6045043210049077
1996-07-15 00:00:00,1.601920578136945
1996-07-16 00:00:00,1.6107053038880186
1996-07-17 00:00:00,1.594892797536086
1996-07-18 00:00:00,1.5997502341278564
1996-07-19 00:00:00,1.5984066878365155
1996-07-22 00:00:00,1.603160774713567
1996-07-23 00:00:00,1.6034708238577229
1996-07-24 00:00:00,1.6045043210049077
1996-07-25 00:00:00,1.6093617575966777
1996-07-26 00:00:00,1.606571315299278
1996-07-29 00:00:00,1.609155058167241
1996-07-30 00:00:00,1.607914861590619
1996-07-31 00:00:00,1.6077081621611817
1996-08-01 00:00:00,1.6093617575966777
1996-08-02 00:00:00,1.593445901530027
1996-08-05 00:00:00,1.5959262946832713
1996-08-06 00:00:00,1.589001863797131
1996-08-07 00:00:00,1.593445901530027
1996-08-08 00:00:00,1.6016105289927896
1996-08-09 00:00:00,1.6008870809897597
1996-08-12 00:00:00,1.6024373267105376
1996-08-13 00:00:00,1.6018172284222265
1996-08-14 00:00:00,1.6001636329867304
1996-08-15 00:00:00,1.6023339769958191
1996-08-16 00:00:00,1.5986133872659527
1996-08-19 00:00:00,1.5961329941127085
1996-08-20 00:00:00,1.599130135839545
1996-08-21 00:00:00,1.6016105289927896
1996-08-22 00:00:00,1.602747375854693
1996-08-23 00:00:00,1.6050210695785003
1996-08-26 00:00:00,1.607398113017026
1996-08-27 00:00:00,1.6050210695785003
1996-08-28 00:00:00,1.6115321016057667
1996-08-29 00:00:00,1.608431610164211
1996-08-30 00:00:00,1.6134957461854182
1996-09-03 00:00:00,1.619111873032937
1996-09-04 00:00:00,1.619111873032937
1996-09-05 00:00:00,1.6188018962863449
1996-09-06 00:00:00,1.6126023613545022
1996-09-09 00:00:00,1.6100192217995677
1996-09-10 00:00:00,1.6086759892310016
1996-09-11 00:00:00,1.6067128031692515
1996-09-12 00:00:00,1.605472896182883
1996-09-13 00:00:00,1.6060928496760671
1996-09-16 00:00:00,1.6083660124844097
1996-09-17 00:00:00,1.6061961752582645
1996-09-18 00:00:00,1.6120857334435152
1996-09-19 00:00:00,1.6030964077923433
1996-09-20 00:00:00,1.6072294310802384
1996-09-23 00:00:00,1.6085726636488042
1996-09-24 00:00:00,1.6098125706351731
1996-09-25 00:00:00,1.615288826491634
1996-09-26 00:00:00,1.6132223148476863
1996-09-27 00:00:00,1.614978849745042
1996-09-30 00:00:00,1.6173553381355814
1996-10-01 00:00:00,1.6160121055670158
1996-10-02 00:00:00,1.6206617567658979
1996-10-03 00:00:00,1.6181819427931607
1996-10-04 00:00:00,1.6142555706696602
1996-10-07 00:00:00,1.6154954776560286
1996-10-08 00:00:00,1.6150821753272393
1996-10-09 00:00:00,1.6162187567314104
1996-10-10 00:00:00,1.6171486869711866
1996-10-11 00:00:00,1.6278945475197142
1996-10-15 00:00:00,1.6349206871091364
1996-10-16 00:00:00,1.6361605940955046
1996-10-17 00:00:00,1.6390537103970313
1996-10-18 00:00:00,1.6431867336849266
1996-10-21 00:00:00,1.6445299662534922
1996-10-22 00:00:00,1.6483530127947954
1996-10-23 00:00:00,1.6499028965277562
1996-10-24 00:00:00,1.6447366174178875
1996-10-25 00:00:00,1.65961550125431
1996-10-28 00:00:00,1.6658150361861526
1996-10-29 00:00:00,1.663438547795613
1996-10-30 00:00:00,1.6868934549544181
1996-10-31 00:00:00,1.6814480934470337
1996-11-01 00:00:00,1.6814480934470337
1996-11-04 00:00:00,1.6893629670987895
1996-11-05 00:00:00,1.6909048256023784
1996-11-06 00:00:00,1.6857652972570822
1996-11-07 00:00:00,1.6934745897750263
1996-11-08 00:00:00,1.6929606369404968
1996-11-12 00:00:00,1.6929606369404968
1996-11-13 00:00:00,1.7011838822929706
1996-11-14 00:00:00,1.7117713106842802
1996-11-15 00:00:00,1.7110517767159386
1996-11-18 00:00:00,1.7166024673288582
1996-11-19 00:00:00,1.7227699013432134
1996-11-20 00:00:00,1.7248257126813318
1996-11-21 00:00:00,1.7358243033402656
1996-11-22 00:00:00,1.7268815240194504
1996-11-25 00:00:00,1.7160885144943288
1996-11-26 00:00:00,1.719686184336036
1996-11-27 00:00:00,1.7227699013432134
1996-11-29 00:00:00,1.7289373353575688
1996-12-02 00:00:00,1.7309931466956872
1996-12-03 00:00:00,1.6878211085952006
1996-12-04 00:00:00,1.6844290198873053
1996-12-05 00:00:00,1.672196942425501
1996-12-06 00:00:00,1.6873071557606711
1996-12-09 00:00:00,1.6934745897750263
1996-12-10 00:00:00,1.6965583067822043
1996-12-11 00:00:00,1.704267599300148
1996-12-12 00:00:00,1.7032396936310887
1996-12-13 00:00:00,1.7066317823389843
1996-12-16 00:00:00,1.7085848031101964
1996-12-17 00:00:00,1.7186582786669766
1996-12-18 00:00:00,1.7188638598007886
1996-12-19 00:00:00,1.6986141181203227
1996-12-20 00:00:00,1.7135187503216807
1996-12-23 00:00:00,1.7181443258324471
1996-12-24 00:00:00,1.7181443258324471
1996-12-26 00:00:00,1.7192750220684123
1996-12-27 00:00:00,1.738908020347443
1996-12-30 00:00:00,1.7379829052452898
1996-12-31 00:00:00,1.7600828771300623
1997-01-02 00:00:00,1.7335724292748305
1997-01-03 00:00:00,1.7335724292748305
1997-01-06 00:00:00,1.7284435167621832
1997-01-07 00:00:00,1.7387013417874781
1997-01-08 00:00:00,1.730597660017495
1997-01-09 00:00:00,1.7381884505362133
1997-01-10 00:00:00,1.724750699753077
1997-01-13 00:00:00,1.714390296477529
1997-01-14 00:00:00,1.7125438879729762
1997-01-15 00:00:00,1.7217759304957416
1997-01-16 00:00:00,1.7194166307399235
1997-01-17 00:00:00,1.7030041106994518
1997-01-21 00:00:00,1.7060814582070403
1997-01-22 00:00:00,1.6960287896822515
1997-01-23 00:00:00,1.6704868053692672
1997-01-24 00:00:00,1.6702816488687613
1997-01-27 00:00:00,1.6658707841078846
1997-01-28 00:00:00,1.6571516328363838
1997-01-29 00:00:00,1.6624857018495371
1997-01-30 00:00:00,1.6600238238434664
1997-01-31 00:00:00,1.6424829430502121
1997-02-03 00:00:00,1.6551000678313248
1997-02-04 00:00:00,1.6624857018495371
1997-02-05 00:00:00,1.6802317391432973
1997-02-06 00:00:00,1.6776672828869736
1997-02-07 00:00:00,1.6646398451048492
1997-02-10 00:00:00,1.6812575216458268
1997-02-11 00:00:00,1.6863864341584742
1997-02-12 00:00:00,1.6759234526326734
1997-02-13 00:00:00,1.664845001605355
1997-02-14 00:00:00,1.6624857018495371
1997-02-18 00:00:00,1.6435087255527416
1997-02-19 00:00:00,1.6554078025820838
1997-02-20 00:00:00,1.6522278768242424
1997-02-21 00:00:00,1.6571516328363838
1997-02-24 00:00:00,1.6754105613814085
1997-02-25 00:00:00,1.6743847788788793
1997-02-26 00:00:00,1.6751028266306498
1997-02-27 00:00:00,1.6684352403642082
1997-02-28 00:00:00,1.670691961869773
1997-03-03 00:00:00,1.6592031978414428
1997-03-04 00:00:00,1.6566315611076012
1997-03-05 00:00:00,1.6566315611076012
1997-03-06 00:00:00,1.6566315611076012
1997-03-07 00:00:00,1.6566315611076012
1997-03-10 00:00:00,1.6566315611076012
1997-03-11 00:00:00,1.6566315611076012
1997-03-12 00:00:00,1.6566315611076012
1997-03-13 00:00:00,1.6566315611076012
1997-03-14 00:00:00,1.6566315611076012
1997-03-17 00:00:00,1.6566315611076012
1997-03-18 00:00:00,1.6566315611076012
1997-03-19 00:00:00,1.6566315611076012
1997-03-20 00:00:00,1.6566315611076012
1997-03-21 00:00:00,1.6566315611076012
1997-03-24 00:00:00,1.6566315611076012
1997-03-25 00:00:00,1.6566315611076012
1997-03-26 00:00:00,1.6566315611076012
1997-03-27 00:00:00,1.6566315611076012
1997-03-28 00:00:00,1.6566315611076012
1997-03-31 00:00:00,1.6566315611076012
1997-04-01 00:00:00,1.6566315611076012
1997-04-02 00:00:00,1.6566315611076012
1997-04-03 00:00:00,1.6566315611076012
1997-04-04 00:00:00,1.6566315611076012
1997-04-07 00:00:00,1.6566315611076012
1997-04-08 00:00:00,1.6566315611076012
1997-04-09 00:00:00,1.6566315611076012
1997-04-10 00:00:00,1.6566315611076012
1997-04-11 00:00:00,1.6566315611076012
1997-04-14 00:00:00,1.6566315611076012
1997-04-15 00:00:00,1.6566315611076012
1997-04-16 00:00:00,1.6595938083697075
1997-04-17 00:00:00,1.6508358077371739
1997-04-18 00:00:00,1.6502310230313464
1997-04-21 00:00:00,1.6462630367557523
1997-04-22 00:00:00,1.6452505912535893
1997-04-23 00:00:00,1.6603407472066711
1997-04-24 00:00:00,1.656474676130161
1997-04-25 00:00:00,1.65790819540601
1997-04-28 00:00:00,1.658118732292853
1997-04-29 00:00:00,1.6498703076557382
1997-04-30 00:00:00,1.6611896012427183
1997-05-01 00:00:00,1.6572216149671244
1997-05-02 00:00:00,1.6594704558356441
1997-05-05 00:00:00,1.660903975111493
1997-05-06 00:00:00,1.6429736065614147
1997-05-07 00:00:00,1.6439994650409282
1997-05-08 00:00:00,1.6606183489802675
1997-05-09 00:00:00,1.6595039882790208
1997-05-12 00:00:00,1.6568608995915166
1997-05-13 00:00:00,1.6482048141580665
1997-05-14 00:00:00,1.6398544743218684
1997-05-15 00:00:00,1.6412879935977172
1997-05-16 00:00:00,1.6462885448415
1997-05-19 00:00:00,1.6416071521723192
1997-05-20 00:00:00,1.6356008619150488
1997-05-21 00:00:00,1.6327539428293771
1997-05-22 00:00:00,1.6560992299082486
1997-05-23 00:00:00,1.6469335684793796
1997-05-27 00:00:00,1.6503034765378213
1997-05-28 00:00:00,1.6408320695117007
1997-05-29 00:00:00,1.638392811222364
1997-05-30 00:00:00,1.6428837864707282
1997-06-02 00:00:00,1.6445211361447443
1997-06-03 00:00:00,1.6445278426334198
1997-06-04 00:00:00,1.6515666978588792
1997-06-05 00:00:00,1.6457642379997766
1997-06-06 00:00:00,1.650560958845392
1997-06-09 00:00:00,1.6428221102036964
1997-06-10 00:00:00,1.6399751911180243
1997-06-11 00:00:00,1.6406059753282896
1997-06-12 00:00:00,1.6406059753282896
1997-06-13 00:00:00,1.6424119261328338
1997-06-16 00:00:00,1.6411076283295518
1997-06-17 00:00:00,1.6439168851366208
1997-06-18 00:00:00,1.6438165545363688
1997-06-19 00:00:00,1.6534482921606048
1997-06-20 00:00:00,1.6591671363749951
1997-06-23 00:00:00,1.6743170570131176
1997-06-24 00:00:00,1.6698021800017564
1997-06-25 00:00:00,1.6679962291972121
1997-06-26 00:00:00,1.6715078002060484
1997-06-27 00:00:00,1.6674945761959499
1997-06-30 00:00:00,1.6705044942035236
1997-07-01 00:00:00,1.6628793685843366
1997-07-02 00:00:00,1.6725111062085734
1997-07-03 00:00:00,1.6940821852628527
1997-07-07 00:00:00,1.692577226259066
1997-07-08 00:00:00,1.6940821852628527
1997-07-09 00:00:00,1.689567308251492
1997-07-10 00:00:00,1.693680862861843
1997-07-11 00:00:00,1.6990987152754762
1997-07-14 00:00:00,1.6937811934620954
1997-07-15 00:00:00,1.6820425132325574
1997-07-16 00:00:00,1.680035901227508
1997-07-17 00:00:00,1.6805375542287702
1997-07-18 00:00:00,1.6816411908315472
1997-07-21 00:00:00,1.6831461498353342
1997-07-22 00:00:00,1.6799355706272554
1997-07-23 00:00:00,1.6834471416360914
1997-07-24 00:00:00,1.6784306116234684
1997-07-25 00:00:00,1.6682972209979696
1997-07-28 00:00:00,1.6345861393131418
1997-07-29 00:00:00,1.6328805191088498
1997-07-30 00:00:00,1.6263590300924398
1997-07-31 00:00:00,1.644217876937378
1997-08-01 00:00:00,1.6402046529272798
1997-08-04 00:00:00,1.6336831639108695
1997-08-05 00:00:00,1.630372254102538
1997-08-06 00:00:00,1.606092248841442
1997-08-07 00:00:00,1.5927482790078642
1997-08-08 00:00:00,1.5897478322089542
1997-08-11 00:00:00,1.5897478322089542
1997-08-12 00:00:00,1.6023528561905673
1997-08-13 00:00:00,1.5972629131050824
1997-08-14 00:00:00,1.5931726856731059
1997-08-15 00:00:00,1.5705877186512254
1997-08-18 00:00:00,1.570696296963984
1997-08-19 00:00:00,1.5759034251096353
1997-08-20 00:00:00,1.5870088756109855
1997-08-21 00:00:00,1.5887169989693575
1997-08-22 00:00:00,1.5710306386496677
1997-08-25 00:00:00,1.5738384492268986
1997-08-26 00:00:00,1.5668490463997484
1997-08-27 00:00:00,1.5685571697581202
1997-08-28 00:00:00,1.5629673688458816
1997-08-29 00:00:00,1.5583772835871508
1997-09-02 00:00:00,1.5888772177665629
1997-09-03 00:00:00,1.5938844027815122
1997-09-04 00:00:00,1.592893293875412
1997-09-05 00:00:00,1.5863037773096644
1997-09-08 00:00:00,1.5955097680693489
1997-09-09 00:00:00,1.58991996715711
1997-09-10 00:00:00,1.5890288298163604
1997-09-11 00:00:00,1.5811396829010522
1997-09-12 00:00:00,1.569351644937062
1997-09-15 00:00:00,1.5735590574292044
1997-09-16 00:00:00,1.5835648207116955
1997-09-17 00:00:00,1.579074707018316
1997-09-18 00:00:00,1.5637876642670463
1997-09-19 00:00:00,1.566195588582874
1997-09-22 00:00:00,1.5748017499504536
1997-09-23 00:00:00,1.5657129442509354
1997-09-24 00:00:00,1.5668212382172024
1997-09-25 00:00:00,1.5491348778975127
1997-09-26 00:00:00,1.5669384232773687
1997-09-29 00:00:00,1.5626482527146905
1997-09-30 00:00:00,1.5650561770305187
1997-10-01 00:00:00,1.5621656083827522
1997-10-02 00:00:00,1.5630739592183176
1997-10-03 00:00:00,1.5634824522271284
1997-10-06 00:00:00,1.5633910874091854
1997-10-07 00:00:00,1.5563246464937757
1997-10-08 00:00:00,1.5563246464937757
1997-10-09 00:00:00,1.55268238838765
1997-10-10 00:00:00,1.5562417806077233
1997-10-14 00:00:00,1.5571125567060158
1997-10-15 00:00:00,1.5533742765955407
1997-10-16 00:00:00,1.5578938888591074
1997-10-17 00:00:00,1.5618373690965779
1997-10-20 00:00:00,1.5471525804902808
1997-10-21 00:00:00,1.543126234366758
1997-10-22 00:00:00,1.5430367904215572
1997-10-23 00:00:00,1.544963808567692
1997-10-24 00:00:00,1.5419937044920113
1997-10-27 00:00:00,1.5226038376725972
1997-10-28 00:00:00,1.502541816822738
1997-10-29 00:00:00,1.5058131430297634
1997-10-30 00:00:00,1.512061151371618
1997-10-31 00:00:00,1.4993928248566561
1997-11-03 00:00:00,1.50151188701149
1997-11-04 00:00:00,1.4947969247661856
1997-11-05 00:00:00,1.5001807350688963
1997-11-06 00:00:00,1.4861681004930443
1997-11-07 00:00:00,1.4875189866130831
1997-11-10 00:00:00,1.4885818067200742
1997-11-12 00:00:00,1.47485723815727
1997-11-13 00:00:00,1.4771683443208021
1997-11-14 00:00:00,1.4846646387191977
1997-11-17 00:00:00,1.484575194773997
1997-11-18 00:00:00,1.4821812227244124
1997-11-19 00:00:00,1.4863167469705818
1997-11-20 00:00:00,1.4848829949644904
1997-11-21 00:00:00,1.4879622771628171
1997-11-24 00:00:00,1.487104657182822
1997-11-25 00:00:00,1.4961373036508063
1997-11-26 00:00:00,1.502769400010058
1997-11-28 00:00:00,1.4882766554124593
1997-12-01 00:00:00,1.4939485317282175
1997-12-02 00:00:00,1.4946272638178115
1997-12-03 00:00:00,1.4923293137725764
1997-12-04 00:00:00,1.5052028404145337
1997-12-05 00:00:00,1.516636036991251
1997-12-08 00:00:00,1.5269301821435755
1997-12-09 00:00:00,1.5269301821435755
1997-12-10 00:00:00,1.523881495308463
1997-12-11 00:00:00,1.5291474089327481
1997-12-12 00:00:00,1.524435802005756
1997-12-15 00:00:00,1.5089152144815474
1997-12-16 00:00:00,1.5082685233347055
1997-12-17 00:00:00,1.5249901087030495
1997-12-18 00:00:00,1.5368153182453033
1997-12-19 00:00:00,1.541342156273198
1997-12-22 00:00:00,1.5351523981534239
1997-12-23 00:00:00,1.540972618475002
1997-12-24 00:00:00,1.5405106962272581
1997-12-26 00:00:00,1.5423583852182352
1997-12-29 00:00:00,1.5412497718236486
1997-12-30 00:00:00,1.5291474089327481
1997-12-31 00:00:00,1.5175993527391405
1998-01-02 00:00:00,1.5166755082436516
1998-01-05 00:00:00,1.5086380611329009
1998-01-06 00:00:00,1.509099983380645
1998-01-07 00:00:00,1.5015244585176386
1998-01-08 00:00:00,1.488683020030347
1998-01-09 00:00:00,1.493394626957339
1998-01-12 00:00:00,1.4985681561320752
1998-01-13 00:00:00,1.510023827876134
1998-01-14 00:00:00,1.505958912095984
1998-01-15 00:00:00,1.5058665276464351
1998-01-16 00:00:00,1.509284752279743
1998-01-20 00:00:00,1.5031873786095182
1998-01-21 00:00:00,1.5025406874626763
1998-01-22 00:00:00,1.5241586486571095
1998-01-23 00:00:00,1.5416193096218445
1998-01-26 00:00:00,1.526653028794929
1998-01-27 00:00:00,1.5219414218679368
1998-01-28 00:00:00,1.517876506087787
1998-01-29 00:00:00,1.5151049726013213
1998-01-30 00:00:00,1.5081761388851567
1998-02-02 00:00:00,1.513257283610344
1998-02-03 00:00:00,1.517229814940945
1998-02-04 00:00:00,1.5317341735201162
1998-02-05 00:00:00,1.528500717785906
1998-02-06 00:00:00,1.5215757272628427
1998-02-09 00:00:00,1.5215757272628427
1998-02-10 00:00:00,1.531546437962109
1998-02-11 00:00:00,1.5227046687429588
1998-02-12 00:00:00,1.5174950119833048
1998-02-13 00:00:00,1.5205740221183985
1998-02-17 00:00:00,1.5235599011647876
1998-02-18 00:00:00,1.5157425739213928
1998-02-19 00:00:00,1.5193803705887168
1998-02-20 00:00:00,1.5185478749981993
1998-02-23 00:00:00,1.5084954016258836
1998-02-24 00:00:00,1.509804921075582
1998-02-25 00:00:00,1.5070166726222587
1998-02-26 00:00:00,1.5102819449347629
1998-02-27 00:00:00,1.5097288426103606
1998-03-02 00:00:00,1.5078719050440879
1998-03-03 00:00:00,1.5028485104618436
1998-03-04 00:00:00,1.5088145843467937
1998-03-05 00:00:00,1.5096584483529667
1998-03-06 00:00:00,1.521212387560219
1998-03-09 00:00:00,1.5174928282198452
1998-03-10 00:00:00,1.5158221528309828
1998-03-11 00:00:00,1.5077254323214726
1998-03-12 00:00:00,1.4988836631023224
1998-03-13 00:00:00,1.489762500617057
1998-03-16 00:00:00,1.4874399076072589
1998-03-17 00:00:00,1.4816714643153748
1998-03-18 00:00:00,1.4845642122730582
1998-03-19 00:00:00,1.4875500913194473
1998-03-20 00:00:00,1.4907222325432463
1998-03-23 00:00:00,1.4769445156227294
1998-03-24 00:00:00,1.4804891812013483
1998-03-25 00:00:00,1.4815193073849318
1998-03-26 00:00:00,1.4701629987707454
1998-03-27 00:00:00,1.4733351399945445
1998-03-30 00:00:00,1.4779042475489188
1998-03-31 00:00:00,1.478748111555092
1998-04-01 00:00:00,1.4809889418918407
1998-04-02 00:00:00,1.487886326663841
1998-04-03 00:00:00,1.496180677766417
1998-04-06 00:00:00,1.4905053655632376
1998-04-07 00:00:00,1.487819430923966
1998-04-08 00:00:00,1.487819430923966
1998-04-09 00:00:00,1.4915650651683352
1998-04-10 00:00:00,1.4909407927942735
1998-04-13 00:00:00,1.4864817044081202
1998-04-14 00:00:00,1.501820968456488
1998-04-15 00:00:00,1.5009291507792573
1998-04-16 00:00:00,1.508063692197103
1998-04-17 00:00:00,1.501820968456488
1998-04-20 00:00:00,1.494418881735473
1998-04-21 00:00:00,1.4948647905740886
1998-04-22 00:00:00,1.4909407927942735
1998-04-23 00:00:00,1.486214159104951
1998-04-24 00:00:00,1.4873735220853508
1998-04-27 00:00:00,1.4922785193101198
1998-04-28 00:00:00,1.4869276132467355
1998-04-29 00:00:00,1.4895138845107043
1998-04-30 00:00:00,1.4917434287037812
1998-05-01 00:00:00,1.4871059767821817
1998-05-04 00:00:00,1.4857682502663356
1998-05-05 00:00:00,1.4808632530415669
1998-05-06 00:00:00,1.4813091618801821
1998-05-07 00:00:00,1.4701614409147985
1998-05-08 00:00:00,1.4607973553038762
1998-05-11 00:00:00,1.4536628138860304
1998-05-12 00:00:00,1.457854356969015
1998-05-13 00:00:00,1.4543762680278152
1998-05-14 00:00:00,1.454197904492369
1998-05-15 00:00:00,1.451700814996123
1998-05-18 00:00:00,1.447865998984031
1998-05-19 00:00:00,1.447598453680862
1998-05-20 00:00:00,1.4565166304531687
1998-05-21 00:00:00,1.454108722724646
1998-05-22 00:00:00,1.4552680857050457
1998-05-26 00:00:00,1.4594596287880301
1998-05-27 00:00:00,1.4556248127759381
1998-05-28 00:00:00,1.4516116332284
1998-05-29 00:00:00,1.4543762680278152
1998-06-01 00:00:00,1.461867536516553
1998-06-02 00:00:00,1.4615108094456608
1998-06-03 00:00:00,1.4612432641424915
1998-06-04 00:00:00,1.4616887359904451
1998-06-05 00:00:00,1.4616887359904451
1998-06-08 00:00:00,1.4640183811794494
1998-06-09 00:00:00,1.461878303611465
1998-06-10 00:00:00,1.4680519103714798
1998-06-11 00:00:00,1.4666269884446135
1998-06-12 00:00:00,1.4644869108766292
1998-06-15 00:00:00,1.4644029057768597
1998-06-16 00:00:00,1.4455460650977374
1998-06-17 00:00:00,1.4369695867596894
1998-06-18 00:00:00,1.429287052973039
1998-06-19 00:00:00,1.4265212142190762
1998-06-22 00:00:00,1.4277781259464033
1998-06-23 00:00:00,1.434756282802676
1998-06-24 00:00:00,1.430917710587036
1998-06-25 00:00:00,1.4273473217368151
1998-06-26 00:00:00,1.4374542845229796
1998-06-29 00:00:00,1.4340626845830386
1998-06-30 00:00:00,1.4295089567262802
1998-07-01 00:00:00,1.4364871135825528
1998-07-02 00:00:00,1.4409622256949115
1998-07-03 00:00:00,1.449281299378281
1998-07-06 00:00:00,1.451789733477565
1998-07-07 00:00:00,1.4576951568721601
1998-07-08 00:00:00,1.458147518503229
1998-07-09 00:00:00,1.4628908139810075
1998-07-10 00:00:00,1.46191286432984
1998-07-13 00:00:00,1.4540515416329103
1998-07-14 00:00:00,1.459063020476108
1998-07-15 00:00:00,1.4605881155688543
1998-07-16 00:00:00,1.4560343877120956
1998-07-17 00:00:00,1.4523746044067354
1998-07-20 00:00:00,1.4475526931845577
1998-07-21 00:00:00,1.451938410841777
1998-07-22 00:00:00,1.452748350293405
1998-07-23 00:00:00,1.4478370446160878
1998-07-24 00:00:00,1.4370257048995452
1998-07-27 00:00:00,1.439534138998829
1998-07-28 00:00:00,1.4466016903102414
1998-07-29 00:00:00,1.4505404356917617
1998-07-30 00:00:00,1.4526912919704866
1998-07-31 00:00:00,1.458068814289145
1998-08-03 00:00:00,1.458068814289145
1998-08-04 00:00:00,1.450355848304132
1998-08-05 00:00:00,1.4475794033893497
1998-08-06 00:00:00,1.4500087443304475
1998-08-07 00:00:00,1.4536946542712406
1998-08-10 00:00:00,1.4502001699280613
1998-08-11 00:00:00,1.4530782855119073
1998-08-12 00:00:00,1.4534432630963632
1998-08-13 00:00:00,1.455603339251812
1998-08-14 00:00:00,1.4627896914060416
1998-08-17 00:00:00,1.4646805027758416
1998-08-18 00:00:00,1.464596705717549
1998-08-19 00:00:00,1.458678838303529
1998-08-20 00:00:00,1.4542868046748532
1998-08-21 00:00:00,1.4463045739041909
1998-08-24 00:00:00,1.4420022952040648
1998-08-25 00:00:00,1.4432648220740172
1998-08-26 00:00:00,1.4440785743012212
1998-08-27 00:00:00,1.4421996786719355
1998-08-28 00:00:00,1.4138430791205019
1998-08-31 00:00:00,1.410169084920223
1998-09-01 00:00:00,1.4118803864329237
1998-09-02 00:00:00,1.4166433555163125
1998-09-03 00:00:00,1.4097381838882463
1998-09-04 00:00:00,1.4134240938290394
1998-09-08 00:00:00,1.425816231839149
1998-09-09 00:00:00,1.4222319925674198
1998-09-10 00:00:00,1.4045562295133949
1998-09-11 00:00:00,1.4016900296700634
1998-09-14 00:00:00,1.408068587467346
1998-09-15 00:00:00,1.410946703051192
1998-09-16 00:00:00,1.4094268271361052
1998-09-17 00:00:00,1.401983125936741
1998-09-18 00:00:00,1.4023481035211969
1998-09-21 00:00:00,1.4013667571774076
1998-09-22 00:00:00,1.4020009995475124
1998-09-23 00:00:00,1.4054176447026567
1998-09-24 00:00:00,1.392139873147565
1998-09-25 00:00:00,1.3850551916623992
1998-09-28 00:00:00,1.3834455608187626
1998-09-29 00:00:00,1.3804112051167932
1998-09-30 00:00:00,1.3804112051167932
1998-10-01 00:00:00,1.3844724325516764
1998-10-02 00:00:00,1.3829291661264205
1998-10-05 00:00:00,1.3727760975392127
1998-10-06 00:00:00,1.3672528282277716
1998-10-07 00:00:00,1.3782181423019562
1998-10-08 00:00:00,1.3988491776711627
1998-10-09 00:00:00,1.3832540643212115
1998-10-13 00:00:00,1.3820356960907465
1998-10-14 00:00:00,1.385284678038653
1998-10-15 00:00:00,1.3830916152238162
1998-10-16 00:00:00,1.3832540643212115
1998-10-19 00:00:00,1.3804112051167932
1998-10-20 00:00:00,1.3856908007821414
1998-10-21 00:00:00,1.3812234506037697
1998-10-22 00:00:00,1.3767561004253983
1998-10-23 00:00:00,1.372694872990515
1998-10-26 00:00:00,1.3670091545816787
1998-10-27 00:00:00,1.358236903322331
1998-10-28 00:00:00,1.3580744542249357
1998-10-29 00:00:00,1.3611609870754469
1998-10-30 00:00:00,1.3592928224554006
1998-11-02 00:00:00,1.3525511849134946
1998-11-03 00:00:00,1.3464593437611696
1998-11-04 00:00:00,1.3473528137968442
1998-11-05 00:00:00,1.350764244842146
1998-11-06 00:00:00,1.3467030174072627
1998-11-09 00:00:00,1.3471091401507511
1998-11-10 00:00:00,1.3467030174072627
1998-11-12 00:00:00,1.345728322822891
1998-11-13 00:00:00,1.3511703675856344
1998-11-16 00:00:00,1.3609173134293537
1998-11-17 00:00:00,1.3625418044033073
1998-11-18 00:00:00,1.3580744542249357
1998-11-19 00:00:00,1.354581798630936
1998-11-20 00:00:00,1.3436164845567515
1998-11-23 00:00:00,1.3434540354593563
1998-11-24 00:00:00,1.346865466504658
1998-11-25 00:00:00,1.3493834275142857
1998-11-27 00:00:00,1.3419919935827982
1998-11-30 00:00:00,1.3385725619194497
1998-12-01 00:00:00,1.3385725619194497
1998-12-02 00:00:00,1.3316166319925118
1998-12-03 00:00:00,1.3299211141891993
1998-12-04 00:00:00,1.332272067250214
1998-12-07 00:00:00,1.3390741382619888
1998-12-08 00:00:00,1.3381879146315419
1998-12-09 00:00:00,1.3348738084824987
1998-12-10 00:00:00,1.3275132314691278
1998-12-11 00:00:00,1.3140829481592664
1998-12-14 00:00:00,1.3099595478373578
1998-12-15 00:00:00,1.3124723597329453
1998-12-16 00:00:00,1.3195172189965796
1998-12-17 00:00:00,1.3206542307982962
1998-12-18 00:00:00,1.3162880422245278
1998-12-21 00:00:00,1.316453901018806
1998-12-22 00:00:00,1.3184002069933882
1998-12-23 00:00:00,1.3189707128740988
1998-12-24 00:00:00,1.322454677777125
1998-12-28 00:00:00,1.3205973011392396
1998-12-29 00:00:00,1.3131557947085826
1998-12-30 00:00:00,1.3269177956070002
1998-12-31 00:00:00,1.3298352545890204
1999-01-04 00:00:00,1.3335620077439068
1999-01-05 00:00:00,1.3346990195456232
1999-01-06 00:00:00,1.3361597490164858
1999-01-07 00:00:00,1.340291149257805
1999-01-08 00:00:00,1.347497867356012
1999-01-11 00:00:00,1.3498488204170271
1999-01-12 00:00:00,1.3551941619176437
1999-01-13 00:00:00,1.3401452902620514
1999-01-14 00:00:00,1.337073972364868
1999-01-15 00:00:00,1.3394249254258825
1999-01-19 00:00:00,1.335301525103974
1999-01-20 00:00:00,1.3419417372811753
1999-01-21 00:00:00,1.3378992663765532
1999-01-22 00:00:00,1.3342614425583637
1999-01-25 00:00:00,1.3339417248489225
1999-01-26 00:00:00,1.332084348211037
1999-01-27 00:00:00,1.3401003604821096
1999-01-28 00:00:00,1.3412373722838262
1999-01-29 00:00:00,1.3418109534823939
1999-02-01 00:00:00,1.3418109534823939
1999-02-02 00:00:00,1.3400984802583347
1999-02-03 00:00:00,1.3445185982293504
1999-02-04 00:00:00,1.3428061250052914
1999-02-05 00:00:00,1.344773206498277
1999-02-08 00:00:00,1.3438784121002278
1999-02-09 00:00:00,1.3458454935932136
1999-02-10 00:00:00,1.3510832903902392
1999-02-11 00:00:00,1.354767497417846
1999-02-12 00:00:00,1.3492119337115398
1999-02-16 00:00:00,1.3486442108438947
1999-02-17 00:00:00,1.3468499697372345
1999-02-18 00:00:00,1.3467728541651953
1999-02-19 00:00:00,1.3534824728490389
1999-02-22 00:00:00,1.3547954112812166
1999-02-23 00:00:00,1.3628950839692773
1999-02-24 00:00:00,1.3757372938481958
1999-02-25 00:00:00,1.3691187476680768
1999-02-26 00:00:00,1.3717399722218706
1999-03-01 00:00:00,1.3691280522892004
1999-03-02 00:00:00,1.3627548097568845
1999-03-03 00:00:00,1.3627594620674461
1999-03-04 00:00:00,1.3683243303948758
1999-03-05 00:00:00,1.3675930717620286
1999-03-08 00:00:00,1.3665347415987772
1999-03-09 00:00:00,1.3613062494228751
1999-03-10 00:00:00,1.3514987558213172
1999-03-11 00:00:00,1.3511763366014748
1999-03-12 00:00:00,1.3457843086603707
1999-03-15 00:00:00,1.3548651959396434
1999-03-16 00:00:00,1.3533980263633871
1999-03-17 00:00:00,1.348251302070086
1999-03-18 00:00:00,1.3491554010892588
1999-03-19 00:00:00,1.3480153030434066
1999-03-22 00:00:00,1.3498188487711904
1999-03-23 00:00:00,1.3422190879998592
1999-03-24 00:00:00,1.339034792888982
1999-03-25 00:00:00,1.3468073940466387
1999-03-26 00:00:00,1.3556429776781083
1999-03-29 00:00:00,1.360880774475134
1999-03-30 00:00:00,1.3624453126820752
1999-03-31 00:00:00,1.3624453126820752
1999-04-01 00:00:00,1.3688669052221512
1999-04-02 00:00:00,1.3721651720764008
1999-04-05 00:00:00,1.3727621842834492
1999-04-06 00:00:00,1.3807032325625757
1999-04-07 00:00:00,1.375982149682947
1999-04-08 00:00:00,1.3667871137938914
1999-04-09 00:00:00,1.367975025455015
1999-04-12 00:00:00,1.362916285744486
1999-04-13 00:00:00,1.362162670627934
1999-04-14 00:00:00,1.3630129254581573
1999-04-15 00:00:00,1.3647073223656314
1999-04-16 00:00:00,1.3638692930413543
1999-04-19 00:00:00,1.3669143172724287
1999-04-20 00:00:00,1.3617711633541747
1999-04-21 00:00:00,1.3668421285706502
1999-04-22 00:00:00,1.3631340161837218
1999-04-23 00:00:00,1.3585817617195428
1999-04-26 00:00:00,1.3633150701051182
1999-04-27 00:00:00,1.357834259355964
1999-04-28 00:00:00,1.3602039699252382
1999-04-29 00:00:00,1.3637554794026627
1999-04-30 00:00:00,1.3653654621024118
1999-05-03 00:00:00,1.36545598906311
1999-05-04 00:00:00,1.3546570832272784
1999-05-05 00:00:00,1.3438581773914475
1999-05-06 00:00:00,1.340403307627694
1999-05-07 00:00:00,1.3426041897815182
1999-05-10 00:00:00,1.346746598713018
1999-05-11 00:00:00,1.3538435049148942
1999-05-12 00:00:00,1.355622316030093
1999-05-13 00:00:00,1.3557972571985164
1999-05-14 00:00:00,1.3569851688596404
1999-05-17 00:00:00,1.3553874116658375
1999-05-18 00:00:00,1.3544649681338352
1999-05-19 00:00:00,1.3567502644953848
1999-05-20 00:00:00,1.3611459160500596
1999-05-21 00:00:00,1.3696778637832614
1999-05-24 00:00:00,1.373144959052961
1999-05-25 00:00:00,1.3694368466660325
1999-05-26 00:00:00,1.373845835665528
1999-05-27 00:00:00,1.373845835665528
1999-05-28 00:00:00,1.3683427837744315
1999-06-01 00:00:00,1.3570712496504855
1999-06-02 00:00:00,1.363449549224066
1999-06-03 00:00:00,1.3650925275617243
1999-06-04 00:00:00,1.3633777326593657
1999-06-07 00:00:00,1.3688089679857611
1999-06-08 00:00:00,1.365286141338778
1999-06-09 00:00:00,1.3694259254190133
1999-06-10 00:00:00,1.3692608720120472
1999-06-11 00:00:00,1.3620358851260703
1999-06-14 00:00:00,1.3628178959662887
1999-06-15 00:00:00,1.3735010330270703
1999-06-16 00:00:00,1.380998590347323
1999-06-17 00:00:00,1.3754955384562269
1999-06-18 00:00:00,1.3755026785487487
1999-06-21 00:00:00,1.3783510113828237
1999-06-22 00:00:00,1.3778415709768814
1999-06-23 00:00:00,1.3870610632920148
1999-06-24 00:00:00,1.3830216561465671
1999-06-25 00:00:00,1.377776894504703
1999-06-28 00:00:00,1.3838108070793071
1999-06-29 00:00:00,1.3872618171615902
1999-06-30 00:00:00,1.3885604085002725
1999-07-01 00:00:00,1.3884814518430504
1999-07-02 00:00:00,1.3860778829427394
1999-07-06 00:00:00,1.3949529882588967
1999-07-07 00:00:00,1.4022783520796613
1999-07-08 00:00:00,1.40435181416604
1999-07-09 00:00:00,1.4096108559929479
1999-07-12 00:00:00,1.4058297390967323
1999-07-13 00:00:00,1.405062008441558
1999-07-14 00:00:00,1.3990423760519977
1999-07-15 00:00:00,1.3963805169024543
1999-07-16 00:00:00,1.4000037204842255
1999-07-19 00:00:00,1.3992359898290512
1999-07-20 00:00:00,1.3931302606897467
1999-07-21 00:00:00,1.3873689185494185
1999-07-22 00:00:00,1.381349286159858
1999-07-23 00:00:00,1.3860056507385576
1999-07-26 00:00:00,1.3747524466126317
1999-07-27 00:00:00,1.3747524466126317
1999-07-28 00:00:00,1.3712138532105957
1999-07-29 00:00:00,1.354269369325706
1999-07-30 00:00:00,1.3475306601309889
1999-08-02 00:00:00,1.3528140075628305
1999-08-03 00:00:00,1.3492754141607948
1999-08-04 00:00:00,1.3478990611592188
1999-08-05 00:00:00,1.3479930316299564
1999-08-06 00:00:00,1.3523249932855956
1999-08-09 00:00:00,1.3649599580790024
1999-08-10 00:00:00,1.349312818434389
1999-08-11 00:00:00,1.3555475516424333
1999-08-12 00:00:00,1.3569388663534467
1999-08-13 00:00:00,1.3597140149207547
1999-08-16 00:00:00,1.363613528496302
1999-08-17 00:00:00,1.3613722793345422
1999-08-18 00:00:00,1.3640609382858317
1999-08-19 00:00:00,1.348759757105292
1999-08-20 00:00:00,1.3527457602968578
1999-08-23 00:00:00,1.3575966596486075
1999-08-24 00:00:00,1.3687613009697013
1999-08-25 00:00:00,1.3756879511058928
1999-08-26 00:00:00,1.3746575565683907
1999-08-27 00:00:00,1.3738001412629255
1999-08-30 00:00:00,1.3745860286618101
1999-08-31 00:00:00,1.356257710920626
1999-09-01 00:00:00,1.361627547968486
1999-09-02 00:00:00,1.3556672453179346
1999-09-03 00:00:00,1.361037082365795
1999-09-07 00:00:00,1.3584498747399614
1999-09-08 00:00:00,1.3473001951283052
1999-09-09 00:00:00,1.3345072128122994
1999-09-10 00:00:00,1.347315156837743
1999-09-13 00:00:00,1.3552796823661555
1999-09-14 00:00:00,1.3556331216849482
1999-09-15 00:00:00,1.3533918725231882
1999-09-16 00:00:00,1.3412043175193114
1999-09-17 00:00:00,1.3435470180065272
1999-09-20 00:00:00,1.3427760923170804
1999-09-21 00:00:00,1.3357779142743078
1999-09-22 00:00:00,1.3307025301300488
1999-09-23 00:00:00,1.3307025301300488
1999-09-24 00:00:00,1.3307025301300488
1999-09-27 00:00:00,1.3307025301300488
1999-09-28 00:00:00,1.3307025301300488
1999-09-29 00:00:00,1.3307025301300488
1999-09-30 00:00:00,1.3307025301300488
1999-10-01 00:00:00,1.338222450850842
1999-10-04 00:00:00,1.3386267476637879
1999-10-05 00:00:00,1.3362009667861128
1999-10-06 00:00:00,1.339031044476734
1999-10-07 00:00:00,1.3357966699731667
1999-10-08 00:00:00,1.3357966699731667
1999-10-12 00:00:00,1.3370095604120047
1999-10-13 00:00:00,1.336766982324237
1999-10-14 00:00:00,1.3402439349155715
1999-10-15 00:00:00,1.3490576054377916
1999-10-18 00:00:00,1.351968542491002
1999-10-19 00:00:00,1.350998230139932
1999-10-20 00:00:00,1.3457423715716352
1999-10-21 00:00:00,1.3556072138075148
1999-10-22 00:00:00,1.3409716691788742
1999-10-25 00:00:00,1.3447720592205652
1999-10-26 00:00:00,1.3362009667861128
1999-10-27 00:00:00,1.3323197173818324
1999-10-28 00:00:00,1.326093546462466
1999-10-29 00:00:00,1.3281150305271954
1999-11-01 00:00:00,1.3264169839128226
1999-11-02 00:00:00,1.3297322177789788
1999-11-03 00:00:00,1.3293279209660327
1999-11-04 00:00:00,1.3240720623977364
1999-11-05 00:00:00,1.310325970757577
1999-11-08 00:00:00,1.3058787058151722
1999-11-09 00:00:00,1.3107302675705226
1999-11-10 00:00:00,1.3139646420740896
1999-11-12 00:00:00,1.304342377925978
1999-11-15 00:00:00,1.3123474548223062
1999-11-16 00:00:00,1.3070107368914208
1999-11-17 00:00:00,1.3124283141848954
1999-11-18 00:00:00,1.3058787058151722
1999-11-19 00:00:00,1.306687299441064
1999-11-22 00:00:00,1.310325970757577
1999-11-23 00:00:00,1.3128326109978412
1999-11-24 00:00:00,1.3010271440598218
1999-11-26 00:00:00,1.2987630819073248
1999-11-29 00:00:00,1.2956904261289361
1999-11-30 00:00:00,1.2880947320994607
1999-12-01 00:00:00,1.2880947320994607
1999-12-02 00:00:00,1.2880947320994607
1999-12-03 00:00:00,1.2880947320994607
1999-12-06 00:00:00,1.2880947320994607
1999-12-07 00:00:00,1.2880947320994607
1999-12-08 00:00:00,1.2880947320994607
1999-12-09 00:00:00,1.2880947320994607
1999-12-10 00:00:00,1.2880947320994607
1999-12-13 00:00:00,1.2880947320994607
1999-12-14 00:00:00,1.2880947320994607
1999-12-15 00:00:00,1.2880947320994607
1999-12-16 00:00:00,1.2880947320994607
1999-12-17 00:00:00,1.2880947320994607
1999-12-20 00:00:00,1.2880947320994607
1999-12-21 00:00:00,1.2880947320994607
1999-12-22 00:00:00,1.2914603157562712
1999-12-23 00:00:00,1.2833071984615623
1999-12-24 00:00:00,1.283793106880493
1999-12-27 00:00:00,1.2821992498498438
1999-12-28 00:00:00,1.2827651492476042
1999-12-29 00:00:00,1.2824511478782352
1999-12-30 00:00:00,1.2854167766408957
1999-12-31 00:00:00,1.2837429286314166
2000-01-03 00:00:00,1.2740699827389375
2000-01-04 00:00:00,1.2659968564230584
2000-01-05 00:00:00,1.2623232339428292
2000-01-06 00:00:00,1.2574497467801502
2000-01-07 00:00:00,1.2646548974208005
2000-01-10 00:00:00,1.2653807787762212
2000-01-11 00:00:00,1.2568277065873623
2000-01-12 00:00:00,1.2579535428369328
2000-01-13 00:00:00,1.2565196677639436
2000-01-14 00:00:00,1.2667644756001344
2000-01-18 00:00:00,1.264530690738845
2000-01-19 00:00:00,1.2598171855338258
2000-01-20 00:00:00,1.2517440592179465
2000-01-21 00:00:00,1.2543897240652873
2000-01-24 00:00:00,1.2530358399711283
2000-01-25 00:00:00,1.2560014687337886
2000-01-26 00:00:00,1.2628866554591192
2000-01-27 00:00:00,1.2653723383487998
2000-01-28 00:00:00,1.2775369296769106
2000-01-31 00:00:00,1.279702648651271
2000-02-01 00:00:00,1.2821883315409517
2000-02-02 00:00:00,1.2893134912027722
2000-02-03 00:00:00,1.292039147028943
2000-02-04 00:00:00,1.3007641262673635
2000-02-07 00:00:00,1.3005301158768243
2000-02-08 00:00:00,1.2854177834239053
2000-02-09 00:00:00,1.284543845202726
2000-02-10 00:00:00,1.2891092935419866
2000-02-11 00:00:00,1.2997540562723269
2000-02-14 00:00:00,1.3023197301408378
2000-02-15 00:00:00,1.2974462429781586
2000-02-16 00:00:00,1.2897865980309495
2000-02-17 00:00:00,1.2897865980309495
2000-02-18 00:00:00,1.2950162677207848
2000-02-22 00:00:00,1.2803968850920133
2000-02-23 00:00:00,1.2898053026383975
2000-02-24 00:00:00,1.295034972328233
2000-02-25 00:00:00,1.3008271657679886
2000-02-28 00:00:00,1.2985833056374578
2000-02-29 00:00:00,1.310965063004848
2000-03-01 00:00:00,1.305346060374797
2000-03-02 00:00:00,1.312022219707284
2000-03-03 00:00:00,1.3083318699341018
2000-03-06 00:00:00,1.3145258660523713
2000-03-07 00:00:00,1.3112373189577036
2000-03-08 00:00:00,1.3044932688278124
2000-03-09 00:00:00,1.3076335645893733
2000-03-10 00:00:00,1.3093273707082829
2000-03-13 00:00:00,1.3101372109344607
2000-03-14 00:00:00,1.3146436358029703
2000-03-15 00:00:00,1.3141677074579026
2000-03-16 00:00:00,1.3127274526844004
2000-03-17 00:00:00,1.3160284695173672
2000-03-20 00:00:00,1.317481194029168
2000-03-21 00:00:00,1.314273007470203
2000-03-22 00:00:00,1.3158060925177066
2000-03-23 00:00:00,1.3056868998882953
2000-03-24 00:00:00,1.2991839313655127
2000-03-27 00:00:00,1.3035296351626167
2000-03-28 00:00:00,1.3020893803891147
2000-03-29 00:00:00,1.3021759757939668
2000-03-30 00:00:00,1.2979231022708644
2000-03-31 00:00:00,1.2978489766043109
2000-04-03 00:00:00,1.2931139398669913
2000-04-04 00:00:00,1.2942452222359808
2000-04-05 00:00:00,1.2993945313901132
2000-04-06 00:00:00,1.307356459293846
2000-04-07 00:00:00,1.3048715175562067
2000-04-10 00:00:00,1.304958112961059
2000-04-11 00:00:00,1.3012677631878766
2000-04-12 00:00:00,1.3004703926999972
2000-04-13 00:00:00,1.3004766275691466
2000-04-14 00:00:00,1.301703137172944
2000-04-17 00:00:00,1.301703137172944
2000-04-18 00:00:00,1.308936191355344
2000-04-19 00:00:00,1.3077939399178837
2000-04-20 00:00:00,1.3057484692469095
2000-04-21 00:00:00,1.3069874321523511
2000-04-24 00:00:00,1.30568095903607
2000-04-25 00:00:00,1.3066735894232806
2000-04-26 00:00:00,1.3059418921828725
2000-04-27 00:00:00,1.309726291110036
2000-04-28 00:00:00,1.3250883183940647
2000-05-01 00:00:00,1.3251777295477605
2000-05-02 00:00:00,1.3224753721615032
2000-05-03 00:00:00,1.3211688990452226
2000-05-04 00:00:00,1.3350529312198642
2000-05-05 00:00:00,1.3470484140880672
2000-05-08 00:00:00,1.3451671650959136
2000-05-09 00:00:00,1.3446818003737366
2000-05-10 00:00:00,1.3579089458330953
2000-05-11 00:00:00,1.3706434262559914
2000-05-12 00:00:00,1.356199218834048
2000-05-15 00:00:00,1.364089159731731
2000-05-16 00:00:00,1.3695157754471028
2000-05-17 00:00:00,1.3778983813812482
2000-05-18 00:00:00,1.3849672138848272
2000-05-19 00:00:00,1.381854302301518
2000-05-22 00:00:00,1.3775097281270527
2000-05-23 00:00:00,1.3921327578563878
2000-05-24 00:00:00,1.3898409546671824
2000-05-25 00:00:00,1.3938716861125773
2000-05-26 00:00:00,1.3798380328876856
2000-05-30 00:00:00,1.3736049094067813
2000-05-31 00:00:00,1.3720521037722695
2000-06-01 00:00:00,1.3763291677358953
2000-06-02 00:00:00,1.3627881795474661
2000-06-05 00:00:00,1.3581151620153593
2000-06-06 00:00:00,1.3498292675491952
2000-06-07 00:00:00,1.3505755654181744
2000-06-08 00:00:00,1.3640490433957642
2000-06-09 00:00:00,1.3624141269218417
2000-06-12 00:00:00,1.3589727719808908
2000-06-13 00:00:00,1.3576863421205103
2000-06-14 00:00:00,1.3576863421205103
2000-06-15 00:00:00,1.3576863421205103
2000-06-16 00:00:00,1.3576863421205103
2000-06-19 00:00:00,1.3576863421205103
2000-06-20 00:00:00,1.3576863421205103
2000-06-21 00:00:00,1.3576863421205103
2000-06-22 00:00:00,1.3576863421205103
2000-06-23 00:00:00,1.3576863421205103
2000-06-26 00:00:00,1.3576863421205103
2000-06-27 00:00:00,1.3576863421205103
2000-06-28 00:00:00,1.3576863421205103
2000-06-29 00:00:00,1.3576863421205103
2000-06-30 00:00:00,1.3576863421205103
2000-07-03 00:00:00,1.3576863421205103
2000-07-05 00:00:00,1.3576863421205103
2000-07-06 00:00:00,1.3576863421205103
2000-07-07 00:00:00,1.3576863421205103
2000-07-10 00:00:00,1.3576863421205103
2000-07-11 00:00:00,1.3576863421205103
2000-07-12 00:00:00,1.3576863421205103
2000-07-13 00:00:00,1.3576863421205103
2000-07-14 00:00:00,1.3576863421205103
2000-07-17 00:00:00,1.3576863421205103
2000-07-18 00:00:00,1.3576863421205103
2000-07-19 00:00:00,1.3576863421205103
2000-07-20 00:00:00,1.3576863421205103
2000-07-21 00:00:00,1.3576863421205103
2000-07-24 00:00:00,1.3576863421205103
2000-07-25 00:00:00,1.3576863421205103
2000-07-26 00:00:00,1.3576863421205103
2000-07-27 00:00:00,1.3576863421205103
2000-07-28 00:00:00,1.3576863421205103
2000-07-31 00:00:00,1.3576863421205103
2000-08-01 00:00:00,1.3576863421205103
2000-08-02 00:00:00,1.3576863421205103
2000-08-03 00:00:00,1.3576863421205103
2000-08-04 00:00:00,1.3576863421205103
2000-08-07 00:00:00,1.3576863421205103
2000-08-08 00:00:00,1.3576863421205103
2000-08-09 00:00:00,1.3576863421205103
2000-08-10 00:00:00,1.3576863421205103
2000-08-11 00:00:00,1.3576863421205103
2000-08-14 00:00:00,1.3576863421205103
2000-08-15 00:00:00,1.3576863421205103
2000-08-16 00:00:00,1.3637402662994762
2000-08-17 00:00:00,1.3633015352823288
2000-08-18 00:00:00,1.371970556693062
2000-08-21 00:00:00,1.371441649909302
2000-08-22 00:00:00,1.3806517259197115
2000-08-23 00:00:00,1.379130885703212
2000-08-24 00:00:00,1.3796840881188044
2000-08-25 00:00:00,1.3851067819314813
2000-08-28 00:00:00,1.3876438512125524
2000-08-29 00:00:00,1.3965833999231239
2000-08-30 00:00:00,1.4015552149027373
2000-08-31 00:00:00,1.4055350964496112
2000-09-01 00:00:00,1.3973412495037736
2000-09-05 00:00:00,1.4047478101819293
2000-09-06 00:00:00,1.4107115585942824
2000-09-07 00:00:00,1.4173967131395369
2000-09-08 00:00:00,1.4339110262455734
2000-09-11 00:00:00,1.4404158292576021
2000-09-12 00:00:00,1.4496259052680118
2000-09-13 00:00:00,1.4400794218229838
2000-09-14 00:00:00,1.4458628187021114
2000-09-15 00:00:00,1.4507444579151123
2000-09-18 00:00:00,1.449764672298289
2000-09-19 00:00:00,1.4438252195177683
2000-09-20 00:00:00,1.4413124458685291
2000-09-21 00:00:00,1.425634010293839
2000-09-22 00:00:00,1.3995853615586904
2000-09-25 00:00:00,1.402032255073149
2000-09-26 00:00:00,1.3965436811256915
2000-09-27 00:00:00,1.3958344228087063
2000-09-28 00:00:00,1.3932314733928546
2000-09-29 00:00:00,1.3794467289170307
2000-10-02 00:00:00,1.3894683868269542
2000-10-03 00:00:00,1.3993096932036526
2000-10-04 00:00:00,1.3998628956192447
2000-10-05 00:00:00,1.4048347105988581
2000-10-06 00:00:00,1.4098967013450845
2000-10-10 00:00:00,1.4063018184964933
2000-10-11 00:00:00,1.3939598862864722
2000-10-12 00:00:00,1.3831043392726812
2000-10-13 00:00:00,1.3831043392726812
2000-10-16 00:00:00,1.3831043392726812
2000-10-17 00:00:00,1.3831043392726812
2000-10-18 00:00:00,1.3831043392726812
2000-10-19 00:00:00,1.3831043392726812
2000-10-20 00:00:00,1.3831043392726812
2000-10-23 00:00:00,1.3831043392726812
2000-10-24 00:00:00,1.3831043392726812
2000-10-25 00:00:00,1.3831043392726812
2000-10-26 00:00:00,1.3831043392726812
2000-10-27 00:00:00,1.3831043392726812
2000-10-30 00:00:00,1.3831043392726812
2000-10-31 00:00:00,1.3831043392726812
2000-11-01 00:00:00,1.3831043392726812
2000-11-02 00:00:00,1.3831043392726812
2000-11-03 00:00:00,1.3831043392726812
2000-11-06 00:00:00,1.3831043392726812
2000-11-07 00:00:00,1.3831043392726812
2000-11-08 00:00:00,1.3831043392726812
2000-11-09 00:00:00,1.3831043392726812
2000-11-10 00:00:00,1.3831043392726812
2000-11-13 00:00:00,1.3831043392726812
2000-11-14 00:00:00,1.3831043392726812
2000-11-15 00:00:00,1.3831043392726812
2000-11-16 00:00:00,1.3831043392726812
2000-11-17 00:00:00,1.3831043392726812
2000-11-20 00:00:00,1.3831043392726812
2000-11-21 00:00:00,1.3831043392726812
2000-11-22 00:00:00,1.3831043392726812
2000-11-24 00:00:00,1.3831043392726812
2000-11-27 00:00:00,1.3831043392726812
2000-11-28 00:00:00,1.3831043392726812
2000-11-29 00:00:00,1.3831043392726812
2000-11-30 00:00:00,1.3831043392726812
2000-12-01 00:00:00,1.3831043392726812
2000-12-04 00:00:00,1.3831043392726812
2000-12-05 00:00:00,1.3831043392726812
2000-12-06 00:00:00,1.3831043392726812
2000-12-07 00:00:00,1.3831043392726812
2000-12-08 00:00:00,1.3831043392726812
2000-12-11 00:00:00,1.3831043392726812
2000-12-12 00:00:00,1.3831043392726812
2000-12-13 00:00:00,1.3831043392726812
2000-12-14 00:00:00,1.3831043392726812
2000-12-15 00:00:00,1.3831043392726812
2000-12-18 00:00:00,1.3831043392726812
2000-12-19 00:00:00,1.3831043392726812
2000-12-20 00:00:00,1.3831043392726812
2000-12-21 00:00:00,1.3831043392726812
2000-12-22 00:00:00,1.3831043392726812
2000-12-26 00:00:00,1.3831043392726812
2000-12-27 00:00:00,1.3831043392726812
2000-12-28 00:00:00,1.3831043392726812
2000-12-29 00:00:00,1.3831043392726812
2001-01-02 00:00:00,1.3831043392726812
2001-01-03 00:00:00,1.3831043392726812
2001-01-04 00:00:00,1.3831043392726812
2001-01-05 00:00:00,1.3831043392726812
2001-01-08 00:00:00,1.3831043392726812
2001-01-09 00:00:00,1.3831043392726812
2001-01-10 00:00:00,1.3831043392726812
2001-01-11 00:00:00,1.3831043392726812
2001-01-12 00:00:00,1.3831043392726812
2001-01-16 00:00:00,1.3831043392726812
2001-01-17 00:00:00,1.3831043392726812
2001-01-18 00:00:00,1.3831043392726812
2001-01-19 00:00:00,1.3831043392726812
2001-01-22 00:00:00,1.3831043392726812
2001-01-23 00:00:00,1.3831043392726812
2001-01-24 00:00:00,1.3831043392726812
2001-01-25 00:00:00,1.3831043392726812
2001-01-26 00:00:00,1.3831043392726812
2001-01-29 00:00:00,1.3831043392726812
2001-01-30 00:00:00,1.3831043392726812
2001-01-31 00:00:00,1.3831043392726812
2001-02-01 00:00:00,1.3831043392726812
2001-02-02 00:00:00,1.3831043392726812
2001-02-05 00:00:00,1.3831043392726812
2001-02-06 00:00:00,1.3676323246299695
2001-02-07 00:00:00,1.372133274344213
2001-02-08 00:00:00,1.3540357057015264
2001-02-09 00:00:00,1.3587241949871967
2001-02-12 00:00:00,1.3608809000586048
2001-02-13 00:00:00,1.3605995907014647
2001-02-14 00:00:00,1.366975936129976
2001-02-15 00:00:00,1.3587241949871967
2001-02-16 00:00:00,1.3601307417728976
2001-02-20 00:00:00,1.3536606265586728
2001-02-21 00:00:00,1.348878367487289
2001-02-22 00:00:00,1.3546920942015204
2001-02-23 00:00:00,1.3568487992729286
2001-02-26 00:00:00,1.3540357057015264
2001-02-27 00:00:00,1.3507537632015572
2001-02-28 00:00:00,1.3533793172015325
2001-03-01 00:00:00,1.364631691487141
2001-03-02 00:00:00,1.380760094629846
2001-03-05 00:00:00,1.3771968427727366
2001-03-06 00:00:00,1.3741962096299078
2001-03-07 00:00:00,1.3701641088442318
2001-03-08 00:00:00,1.3753214470584685
2001-03-09 00:00:00,1.376071605344176
2001-03-12 00:00:00,1.375602756415609
2001-03-13 00:00:00,1.3608809000586048
2001-03-14 00:00:00,1.3593805834871904
2001-03-15 00:00:00,1.3536606265586728
2001-03-16 00:00:00,1.3376259932016812
2001-03-19 00:00:00,1.3350004392017059
2001-03-20 00:00:00,1.3395013889159493
2001-03-21 00:00:00,1.3418456335587843
2001-03-22 00:00:00,1.3336876622017182
2001-03-23 00:00:00,1.3401577774159428
2001-03-26 00:00:00,1.3451275760587533
2001-03-27 00:00:00,1.3399702378445162
2001-03-28 00:00:00,1.345783964558747
2001-03-29 00:00:00,1.3410954752730768
2001-03-30 00:00:00,1.330593259273176
2001-04-02 00:00:00,1.33153095713031
2001-04-03 00:00:00,1.3409618533284355
2001-04-04 00:00:00,1.3409618533284355
2001-04-05 00:00:00,1.348734319355227
2001-04-06 00:00:00,1.337723974753516
2001-04-09 00:00:00,1.3295170347232228
2001-04-10 00:00:00,1.3397191180452437
2001-04-11 00:00:00,1.3415109876530096
2001-04-12 00:00:00,1.3366681331084183
2001-04-13 00:00:00,1.340048598639988
2001-04-16 00:00:00,1.3394108509525244
2001-04-17 00:00:00,1.3461554019697959
2001-04-18 00:00:00,1.3488817397680344
2001-04-19 00:00:00,1.3386189697187014
2001-04-20 00:00:00,1.3327482001645903
2001-04-23 00:00:00,1.3374369211628216
2001-04-24 00:00:00,1.3384812162182094
2001-04-25 00:00:00,1.3354138512355167
2001-04-26 00:00:00,1.337112274024235
2001-04-27 00:00:00,1.338530356355812
2001-04-30 00:00:00,1.3436863114492794
2001-05-01 00:00:00,1.3404320528284923
2001-05-02 00:00:00,1.339887751960076
2001-05-03 00:00:00,1.3419599620249838
2001-05-04 00:00:00,1.338145022489913
2001-05-07 00:00:00,1.3345169765929363
2001-05-08 00:00:00,1.3423828894387753
2001-05-09 00:00:00,1.3522111854846068
2001-05-10 00:00:00,1.3542833955495144
2001-05-11 00:00:00,1.3550473501477602
2001-05-14 00:00:00,1.3550637301936277
2001-05-15 00:00:00,1.3493798542776112
2001-05-16 00:00:00,1.3439763188187366
2001-05-17 00:00:00,1.342310656121753
2001-05-18 00:00:00,1.3400843125104858
2001-05-21 00:00:00,1.335615245242084
2001-05-22 00:00:00,1.3450697540117265
2001-05-23 00:00:00,1.3480764322671068
2001-05-24 00:00:00,1.3612688137986404
2001-05-25 00:00:00,1.351473277844544
2001-05-29 00:00:00,1.3532651474523094
2001-05-30 00:00:00,1.347207484260104
2001-05-31 00:00:00,1.3538300871785187
2001-06-01 00:00:00,1.3538300871785187
2001-06-04 00:00:00,1.3572898312207091
2001-06-05 00:00:00,1.358168119588195
2001-06-06 00:00:00,1.3778814734340823
2001-06-07 00:00:00,1.3783773239238344
2001-06-08 00:00:00,1.3862351035599663
2001-06-11 00:00:00,1.3944753210738323
2001-06-12 00:00:00,1.389521431805874
2001-06-13 00:00:00,1.3772056133915351
2001-06-14 00:00:00,1.3679492979990688
2001-06-15 00:00:00,1.3629954087311105
2001-06-18 00:00:00,1.3650210107317984
2001-06-19 00:00:00,1.3674290506102202
2001-06-20 00:00:00,1.3727053745716475
2001-06-21 00:00:00,1.3520715323165933
2001-06-22 00:00:00,1.3545751816644487
2001-06-25 00:00:00,1.3554534700319345
2001-06-26 00:00:00,1.353081036438681
2001-06-27 00:00:00,1.349561289212225
2001-06-28 00:00:00,1.3609566192173972
2001-06-29 00:00:00,1.3602095466045132
2001-07-02 00:00:00,1.3514312785592144
2001-07-03 00:00:00,1.3618705138700513
2001-07-05 00:00:00,1.3675292757092128
2001-07-06 00:00:00,1.357125646683544
2001-07-09 00:00:00,1.3594380770925327
2001-07-10 00:00:00,1.3577349097853135
2001-07-11 00:00:00,1.3554580856614935
2001-07-12 00:00:00,1.3607344096229206
2001-07-13 00:00:00,1.3673492661564173
2001-07-16 00:00:00,1.3657417083186316
2001-07-17 00:00:00,1.363178055786511
2001-07-18 00:00:00,1.3513402847193399
2001-07-19 00:00:00,1.348394194309485
2001-07-20 00:00:00,1.3387554410392846
2001-07-23 00:00:00,1.348716629002954
2001-07-24 00:00:00,1.3450056628376312
2001-07-25 00:00:00,1.3394781167530718
2001-07-26 00:00:00,1.340834452467725
2001-07-27 00:00:00,1.3416171313657772
2001-07-30 00:00:00,1.3407507381350405
2001-07-31 00:00:00,1.3407507381350405
2001-08-01 00:00:00,1.3333358672182878
2001-08-02 00:00:00,1.3365514224458837
2001-08-03 00:00:00,1.3390143811322868
2001-08-06 00:00:00,1.3476862612835308
2001-08-07 00:00:00,1.3481736540493028
2001-08-08 00:00:00,1.3512951347092494
2001-08-09 00:00:00,1.3434098909542513
2001-08-10 00:00:00,1.3381587350934276
2001-08-13 00:00:00,1.3433498562416548
2001-08-14 00:00:00,1.336875731001393
2001-08-15 00:00:00,1.3279556670022545
2001-08-16 00:00:00,1.3223282128708347
2001-08-17 00:00:00,1.319711144904186
2001-08-20 00:00:00,1.3215155816170456
2001-08-21 00:00:00,1.3192748119209934
2001-08-22 00:00:00,1.3126125375454334
2001-08-23 00:00:00,1.3181799569642572
2001-08-24 00:00:00,1.3213955121918528
2001-08-27 00:00:00,1.3225414269311684
2001-08-28 00:00:00,1.3157850779879594
2001-08-29 00:00:00,1.3143909794007491
2001-08-30 00:00:00,1.3084813015663819
2001-08-31 00:00:00,1.3147072429587494
2001-09-04 00:00:00,1.3208391097834677
2001-09-05 00:00:00,1.3105079272695923
2001-09-06 00:00:00,1.309678276088277
2001-09-07 00:00:00,1.3034863745509626
2001-09-10 00:00:00,1.307266377184453
2001-09-12 00:00:00,1.299569282564753
2001-09-13 00:00:00,1.2965759163275077
2001-09-14 00:00:00,1.2982862784727183
2001-09-17 00:00:00,1.2998084914826302
2001-09-18 00:00:00,1.3021773756013841
2001-09-19 00:00:00,1.2946684301169824
2001-09-20 00:00:00,1.301364744347595
2001-09-21 00:00:00,1.3102247736341373
2001-09-24 00:00:00,1.3036565738262265
2001-09-25 00:00:00,1.2964298520447717
2001-09-26 00:00:00,1.2913668453192466
2001-09-27 00:00:00,1.2920164602694724
2001-09-28 00:00:00,1.2920164602694724
2001-10-01 00:00:00,1.3002833956220916
2001-10-02 00:00:00,1.2855963934530763
2001-10-03 00:00:00,1.2977329581196877
2001-10-04 00:00:00,1.2993159882935938
2001-10-05 00:00:00,1.3011628568298172
2001-10-09 00:00:00,1.2844530938830332
2001-10-10 00:00:00,1.2743392899941905
2001-10-11 00:00:00,1.2677433309362498
2001-10-12 00:00:00,1.276801781375822
2001-10-15 00:00:00,1.2725803675787397
2001-10-16 00:00:00,1.27328393654492
2001-10-17 00:00:00,1.2756584818057786
2001-10-18 00:00:00,1.2699419839555632
2001-10-19 00:00:00,1.2639616477430302
2001-10-22 00:00:00,1.2545514128203679
2001-10-23 00:00:00,1.250066160660968
2001-10-24 00:00:00,1.2543755205788225
2001-10-25 00:00:00,1.258157203772042
2001-10-26 00:00:00,1.2618509408444891
2001-10-29 00:00:00,1.2774174042212296
2001-10-30 00:00:00,1.279264272757453
2001-10-31 00:00:00,1.2782089193081827
2001-11-01 00:00:00,1.2857722856946214
2001-11-02 00:00:00,1.2853325550907588
2001-11-05 00:00:00,1.2813749796559943
2001-11-06 00:00:00,1.2832218481922177
2001-11-07 00:00:00,1.288410669317798
2001-11-08 00:00:00,1.2787365960328179
2001-11-09 00:00:00,1.2817267641390844
2001-11-13 00:00:00,1.268622792143975
2001-11-14 00:00:00,1.2689745766270653
2001-11-15 00:00:00,1.2585089882551324
2001-11-16 00:00:00,1.2556947123904107
2001-11-19 00:00:00,1.2406559257383056
2001-11-20 00:00:00,1.2470759925547013
2001-11-21 00:00:00,1.244789393414615
2001-11-23 00:00:00,1.2396005722890349
2001-11-26 00:00:00,1.2422389559122116
2001-11-27 00:00:00,1.2432943093614819
2001-11-28 00:00:00,1.2515254242591105
2001-11-29 00:00:00,1.2515254242591105
2001-11-30 00:00:00,1.2494309367490692
2001-12-03 00:00:00,1.2527006321282783
2001-12-04 00:00:00,1.2527166428041716
2001-12-05 00:00:00,1.2572174621251753
2001-12-06 00:00:00,1.2495829168770565
2001-12-07 00:00:00,1.2437950575416301
2001-12-10 00:00:00,1.2413488203339333
2001-12-11 00:00:00,1.239254332823892
2001-12-12 00:00:00,1.2325870992443264
2001-12-13 00:00:00,1.2312840485540109
2001-12-14 00:00:00,1.2230339413349942
2001-12-17 00:00:00,1.2193565801855022
2001-12-18 00:00:00,1.2213072141985024
2001-12-19 00:00:00,1.2262477206415758
2001-12-20 00:00:00,1.2300450405672683
2001-12-21 00:00:00,1.2369201703474484
2001-12-24 00:00:00,1.2368482435989279
2001-12-26 00:00:00,1.227542887286944
2001-12-27 00:00:00,1.2230740893177268
2001-12-28 00:00:00,1.2287180951561119
2001-12-31 00:00:00,1.2226664235474436
2002-01-02 00:00:00,1.230684739845005
2002-01-03 00:00:00,1.2350976217415948
2002-01-04 00:00:00,1.230189136650308
2002-01-07 00:00:00,1.2362728296107628
2002-01-08 00:00:00,1.2325954684612705
2002-01-09 00:00:00,1.2371842252066885
2002-01-10 00:00:00,1.2318360529933317
2002-01-11 00:00:00,1.2304450648786023
2002-01-14 00:00:00,1.2273832657000079
2002-01-15 00:00:00,1.2301253365327331
2002-01-16 00:00:00,1.2366487166152575
2002-01-17 00:00:00,1.238951100325913
2002-01-18 00:00:00,1.2373842373623554
2002-01-22 00:00:00,1.2434679303228102
2002-01-23 00:00:00,1.2453306269113962
2002-01-24 00:00:00,1.2491279468370886
2002-01-25 00:00:00,1.2607516975356214
2002-01-28 00:00:00,1.2626143941242072
2002-01-29 00:00:00,1.2570666391324006
2002-01-30 00:00:00,1.2570666391324006
2002-01-31 00:00:00,1.2605454296270189
2002-02-01 00:00:00,1.2570997004992976
2002-02-04 00:00:00,1.2535651954789822
2002-02-05 00:00:00,1.2558898993698775
2002-02-06 00:00:00,1.258658482723743
2002-02-07 00:00:00,1.2604505312590735
2002-02-08 00:00:00,1.2551405083868763
2002-02-11 00:00:00,1.2496529337294908
2002-02-12 00:00:00,1.2420347376498473
2002-02-13 00:00:00,1.2440931138629598
2002-02-14 00:00:00,1.2451749552575373
2002-02-15 00:00:00,1.242439433270569
2002-02-19 00:00:00,1.243521274665147
2002-02-20 00:00:00,1.2463786339116063
2002-02-21 00:00:00,1.2477268029839663
2002-02-22 00:00:00,1.2433933149303042
2002-02-25 00:00:00,1.2466945536397347
2002-02-26 00:00:00,1.2499957923491642
2002-02-27 00:00:00,1.255250100695665
2002-02-28 00:00:00,1.2583737876199066
2002-03-01 00:00:00,1.2528862129625211
2002-03-04 00:00:00,1.2494404838348
2002-03-05 00:00:00,1.2507886529071601
2002-03-06 00:00:00,1.248408234490568
2002-03-07 00:00:00,1.2477145580332638
2002-03-08 00:00:00,1.2492402788908121
2002-03-11 00:00:00,1.2497894649298253
2002-03-12 00:00:00,1.2562866357726428
2002-03-13 00:00:00,1.2552378557449622
2002-03-14 00:00:00,1.2513482471542707
2002-03-15 00:00:00,1.2479025180265493
2002-03-18 00:00:00,1.24623230675071
2002-03-19 00:00:00,1.2499774249231106
2002-03-20 00:00:00,1.2457327127620428
2002-03-21 00:00:00,1.2432635184528564
2002-03-22 00:00:00,1.2453218946659694
2002-03-25 00:00:00,1.2459598565975762
2002-03-26 00:00:00,1.2445559729995193
2002-03-27 00:00:00,1.247324556353385
2002-03-28 00:00:00,1.2465200875821232
2002-03-29 00:00:00,1.2465200875821232
2002-04-01 00:00:00,1.2327148587597603
2002-04-02 00:00:00,1.2369294992736724
2002-04-03 00:00:00,1.2375576609391024
2002-04-04 00:00:00,1.2375734969474745
2002-04-05 00:00:00,1.2374143827681159
2002-04-08 00:00:00,1.240841747437239
2002-04-09 00:00:00,1.2377084800664562
2002-04-10 00:00:00,1.235887339103655
2002-04-11 00:00:00,1.2343286234224498
2002-04-12 00:00:00,1.2352192103694761
2002-04-15 00:00:00,1.2350600961901173
2002-04-16 00:00:00,1.2328890548518543
2002-04-17 00:00:00,1.2291434618240138
2002-04-18 00:00:00,1.2254853438900388
2002-04-19 00:00:00,1.2260260304616033
2002-04-22 00:00:00,1.2245547898742635
2002-04-23 00:00:00,1.224658100976501
2002-04-24 00:00:00,1.2251113124542004
2002-04-25 00:00:00,1.2197911677367825
2002-04-26 00:00:00,1.2192821531819622
2002-04-29 00:00:00,1.2150991846847945
2002-04-30 00:00:00,1.2173893731336676
2002-05-01 00:00:00,1.2124191287917112
2002-05-02 00:00:00,1.210248087453448
2002-05-03 00:00:00,1.208514421584512
2002-05-06 00:00:00,1.207393081372634
2002-05-07 00:00:00,1.2074089173810059
2002-05-08 00:00:00,1.2197587416244013
2002-05-09 00:00:00,1.2151383976579069
2002-05-10 00:00:00,1.2132297816012396
2002-05-13 00:00:00,1.2147326942053238
2002-05-14 00:00:00,1.2246332158204876
2002-05-15 00:00:00,1.2172136688503
2002-05-16 00:00:00,1.216354753920018
2002-05-17 00:00:00,1.2132214865492352
2002-05-20 00:00:00,1.2143744987778577
2002-05-21 00:00:00,1.2160523615696728
2002-05-22 00:00:00,1.2141437455130057
2002-05-23 00:00:00,1.2179210105575908
2002-05-24 00:00:00,1.2146762124421298
2002-05-28 00:00:00,1.2146762124421298
2002-05-29 00:00:00,1.2131805104429534
2002-05-30 00:00:00,1.217750710995992
2002-05-31 00:00:00,1.2152578743306983
2002-06-03 00:00:00,1.2150085906641688
2002-06-04 00:00:00,1.2135959832205023
2002-06-05 00:00:00,1.211020051999699
2002-06-06 00:00:00,1.212598848554385
2002-06-07 00:00:00,1.2135128886649926
2002-06-10 00:00:00,1.2140114559980515
2002-06-11 00:00:00,1.2203266422167955
2002-06-12 00:00:00,1.2219054387714816
2002-06-13 00:00:00,1.2222378169935209
2002-06-14 00:00:00,1.2243982754367755
2002-06-17 00:00:00,1.2283037195457356
2002-06-18 00:00:00,1.2354498513195775
2002-06-19 00:00:00,1.2358653240971267
2002-06-20 00:00:00,1.244922630647694
2002-06-21 00:00:00,1.2453381034252426
2002-06-24 00:00:00,1.2510716277554184
2002-06-25 00:00:00,1.2463352380913602
2002-06-26 00:00:00,1.2644498511924949
2002-06-27 00:00:00,1.2701002809671607
2002-06-28 00:00:00,1.266776498746769
2002-07-01 00:00:00,1.2719283611883758
2002-07-02 00:00:00,1.2713466992998075
2002-07-03 00:00:00,1.268687673523494
2002-07-05 00:00:00,1.263535811081887
2002-07-08 00:00:00,1.2753352379642775
2002-07-09 00:00:00,1.285057300958923
2002-07-10 00:00:00,1.2865530029580992
2002-07-11 00:00:00,1.2917048653997063
2002-07-12 00:00:00,1.2879656104017658
2002-07-15 00:00:00,1.3009283610612934
2002-07-16 00:00:00,1.3040028596151554
2002-07-17 00:00:00,1.303088819504548
2002-07-18 00:00:00,1.3033381031710771
2002-07-19 00:00:00,1.3116475587220562
2002-07-22 00:00:00,1.3128939770547032
2002-07-23 00:00:00,1.301011455616803
2002-07-24 00:00:00,1.307959373637932
2002-07-25 00:00:00,1.307959373637932
2002-07-26 00:00:00,1.298079523094393
2002-07-29 00:00:00,1.292682966074813
2002-07-30 00:00:00,1.3055516789676578
2002-07-31 00:00:00,1.2972492835529192
2002-08-01 00:00:00,1.293347157707992
2002-08-02 00:00:00,1.3042232957012996
2002-08-05 00:00:00,1.3005702417188147
2002-08-06 00:00:00,1.2770744626951043
2002-08-07 00:00:00,1.2747497919789774
2002-08-08 00:00:00,1.268439971463776
2002-08-09 00:00:00,1.2648699414354383
2002-08-12 00:00:00,1.271677905675524
2002-08-13 00:00:00,1.2710967379964924
2002-08-14 00:00:00,1.2820558999439475
2002-08-15 00:00:00,1.2752479357038617
2002-08-16 00:00:00,1.2762442231536302
2002-08-19 00:00:00,1.2679418277388916
2002-08-20 00:00:00,1.2674436840140073
2002-08-21 00:00:00,1.2698513786842818
2002-08-22 00:00:00,1.2612999114071008
2002-08-23 00:00:00,1.2632094623524908
2002-08-26 00:00:00,1.2649529653895857
2002-08-27 00:00:00,1.2706816182257554
2002-08-28 00:00:00,1.275497007566304
2002-08-29 00:00:00,1.2855429060181376
2002-08-30 00:00:00,1.2848787143849587
2002-09-03 00:00:00,1.2972492835529192
2002-09-04 00:00:00,1.2986606907734248
2002-09-05 00:00:00,1.3001551219480778
2002-09-06 00:00:00,1.2949246128367924
2002-09-09 00:00:00,1.2939283253870237
2002-09-10 00:00:00,1.2905243432669808
2002-09-11 00:00:00,1.2862070976513167
2002-09-12 00:00:00,1.2909394630377178
2002-09-13 00:00:00,1.2939283253870237
2002-09-16 00:00:00,1.2818898520356528
2002-09-17 00:00:00,1.2738365284833562
2002-09-18 00:00:00,1.2889468881381805
2002-09-19 00:00:00,1.2906073672211282
2002-09-20 00:00:00,1.291294290812953
2002-09-23 00:00:00,1.291294290812953
2002-09-24 00:00:00,1.2904652094063314
2002-09-25 00:00:00,1.2954396978460603
2002-09-26 00:00:00,1.290299393125007
2002-09-27 00:00:00,1.289055771015075
2002-09-30 00:00:00,1.3016578083957215
2002-10-01 00:00:00,1.3023210735210184
2002-10-02 00:00:00,1.2979269420659247
2002-10-03 00:00:00,1.30198944095837
2002-10-04 00:00:00,1.3008287269890997
2002-10-07 00:00:00,1.296932044377979
2002-10-08 00:00:00,1.29079684196898
2002-10-09 00:00:00,1.292952453626196
2002-10-10 00:00:00,1.2954396978460603
2002-10-11 00:00:00,1.2937815350328175
2002-10-15 00:00:00,1.2885583221711019
2002-10-16 00:00:00,1.288641230311764
2002-10-17 00:00:00,1.2871488837798455
2002-10-18 00:00:00,1.281842762777468
2002-10-21 00:00:00,1.2782777127289957
2002-10-22 00:00:00,1.2820085790587923
2002-10-23 00:00:00,1.2849932721226296
2002-10-24 00:00:00,1.2832522011687246
2002-10-25 00:00:00,1.2878121489051426
2002-10-28 00:00:00,1.2935328106108308
2002-10-29 00:00:00,1.2921233722195744
2002-10-30 00:00:00,1.2907139338283178
2002-10-31 00:00:00,1.295854238549371
2002-11-01 00:00:00,1.2965175036746683
2002-11-04 00:00:00,1.2888070465930885
2002-11-05 00:00:00,1.2954396978460603
2002-11-06 00:00:00,1.2925379129228851
2002-11-07 00:00:00,1.3096169898992873
2002-11-08 00:00:00,1.319483058638083
2002-11-12 00:00:00,1.3164983655742462
2002-11-13 00:00:00,1.3140940294950436
2002-11-14 00:00:00,1.3089537247739904
2002-11-15 00:00:00,1.3091195410553147
2002-11-18 00:00:00,1.3091195410553147
2002-11-19 00:00:00,1.316581273714908
2002-11-20 00:00:00,1.3054158271415848
2002-11-21 00:00:00,1.3054158271415848
2002-11-22 00:00:00,1.307487521147713
2002-11-25 00:00:00,1.2982891997605033
2002-11-26 00:00:00,1.2832072673958892
2002-11-27 00:00:00,1.2794782181848583
2002-11-29 00:00:00,1.288842275092558
2002-12-02 00:00:00,1.2890080106130484
2002-12-03 00:00:00,1.299946554965406
2002-12-04 00:00:00,1.2995322161641805
2002-12-05 00:00:00,1.3016867779305539
2002-12-06 00:00:00,1.3035098686559468
2002-12-09 00:00:00,1.308067595469429
2002-12-10 00:00:00,1.3009409680883477
2002-12-11 00:00:00,1.3046700172993786
2002-12-12 00:00:00,1.3093106118731062
2002-12-13 00:00:00,1.317265916856639
2002-12-16 00:00:00,1.318011726698845
2002-12-17 00:00:00,1.322818056793063
2002-12-18 00:00:00,1.3258841639221328
2002-12-19 00:00:00,1.3247240152787008
2002-12-20 00:00:00,1.3271271803258096
2002-12-23 00:00:00,1.3151113550902653
2002-12-24 00:00:00,1.3224037179918373
2002-12-26 00:00:00,1.32406107319674
2002-12-27 00:00:00,1.3277072546475257
2002-12-30 00:00:00,1.3295303453729188
2002-12-31 00:00:00,1.3337566011454205
2003-01-02 00:00:00,1.3238124699160045
2003-01-03 00:00:00,1.3296132131331637
2003-01-06 00:00:00,1.3325135847417435
2003-01-07 00:00:00,1.330441890735615
2003-01-08 00:00:00,1.331104832817576
2003-01-09 00:00:00,1.3287845355307124
2003-01-10 00:00:00,1.3324307169814984
2003-01-13 00:00:00,1.3283701967294868
2003-01-14 00:00:00,1.331684907139292
2003-01-15 00:00:00,1.3282873289692416
2003-01-16 00:00:00,1.3319335104200276
2003-01-17 00:00:00,1.3402202864445407
2003-01-21 00:00:00,1.3360768984322844
2003-01-22 00:00:00,1.338917116333702
2003-01-23 00:00:00,1.338917116333702
2003-01-24 00:00:00,1.3460929796443057
2003-01-27 00:00:00,1.3486498964561302
2003-01-28 00:00:00,1.352691474642562
2003-01-29 00:00:00,1.3573929023288196
2003-01-30 00:00:00,1.359454932015775
2003-01-31 00:00:00,1.356650571641516
2003-02-03 00:00:00,1.3531038805799533
2003-02-04 00:00:00,1.3592899696408183
2003-02-05 00:00:00,1.3572279399538634
2003-02-06 00:00:00,1.3488973400185647
2003-02-07 00:00:00,1.3431236568950904
2003-02-10 00:00:00,1.3423813262077866
2003-02-11 00:00:00,1.3356178688345737
2003-02-12 00:00:00,1.3324835837104019
2003-02-13 00:00:00,1.336937567834225
2003-02-14 00:00:00,1.3283595243364918
2003-02-18 00:00:00,1.313182985840502
2003-02-19 00:00:00,1.3161523085897173
2003-02-20 00:00:00,1.3135129105904149
2003-02-21 00:00:00,1.3084815581542444
2003-02-24 00:00:00,1.3081516334043315
2003-02-25 00:00:00,1.29718163546973
2003-02-26 00:00:00,1.3036976492805084
2003-02-27 00:00:00,1.3030377997806828
2003-02-28 00:00:00,1.2980064473445123
2003-03-03 00:00:00,1.2994911087191199
2003-03-04 00:00:00,1.3048523859052032
2003-03-05 00:00:00,1.3199464432137147
2003-03-06 00:00:00,1.323740577837712
2003-03-07 00:00:00,1.3213486234008445
2003-03-10 00:00:00,1.3202763679636276
2003-03-11 00:00:00,1.3228332847754518
2003-03-12 00:00:00,1.3303390728359685
2003-03-13 00:00:00,1.3244004273375378
2003-03-14 00:00:00,1.3049348670926815
2003-03-17 00:00:00,1.2934699820332112
2003-03-18 00:00:00,1.2886860731594751
2003-03-19 00:00:00,1.290665621658952
2003-03-20 00:00:00,1.2924802077834725
2003-03-21 00:00:00,1.2912537207737904
2003-03-24 00:00:00,1.2912537207737904
2003-03-25 00:00:00,1.294541296575444
2003-03-26 00:00:00,1.2915972694574374
2003-03-27 00:00:00,1.296934714640558
2003-03-28 00:00:00,1.2971064889823818
2003-03-31 00:00:00,1.2874388902931628
2003-04-01 00:00:00,1.2892505601401603
2003-04-02 00:00:00,1.2980317858841457
2003-04-03 00:00:00,1.2931198841599307
2003-04-04 00:00:00,1.3029670419822792
2003-04-07 00:00:00,1.3108463251984195
2003-04-08 00:00:00,1.3101981517876562
2003-04-09 00:00:00,1.305614229164476
2003-04-10 00:00:00,1.2926668394649095
2003-04-11 00:00:00,1.2930845981325092
2003-04-14 00:00:00,1.2930103881485568
2003-04-15 00:00:00,1.2935921363666736
2003-04-16 00:00:00,1.290648109248667
2003-04-17 00:00:00,1.2899179410626451
2003-04-18 00:00:00,1.291073652707573
2003-04-21 00:00:00,1.3025607060350952
2003-04-22 00:00:00,1.2880554156056139
2003-04-23 00:00:00,1.2841274511845033
2003-04-24 00:00:00,1.2712620562601955
2003-04-25 00:00:00,1.2757795536907295
2003-04-28 00:00:00,1.276443296684105
2003-04-29 00:00:00,1.2765330762506697
2003-04-30 00:00:00,1.2685873678418833
2003-05-01 00:00:00,1.2600676960062862
2003-05-02 00:00:00,1.2667990523688046
2003-05-05 00:00:00,1.2634450513745048
2003-05-06 00:00:00,1.2568112593698573
2003-05-07 00:00:00,1.2739559521902288
2003-05-08 00:00:00,1.2653542855793731
2003-05-09 00:00:00,1.264378133067575
2003-05-12 00:00:00,1.2602041843206881
2003-05-13 00:00:00,1.2603759586625118
2003-05-14 00:00:00,1.2544801196351925
2003-05-15 00:00:00,1.24628842690063
2003-05-16 00:00:00,1.2479361071971098
2003-05-19 00:00:00,1.238373101043211
2003-05-20 00:00:00,1.238373101043211
2003-05-21 00:00:00,1.2400350426172335
2003-05-22 00:00:00,1.2348225894987086
2003-05-23 00:00:00,1.2370888734632846
2003-05-27 00:00:00,1.2389019006349455
2003-05-28 00:00:00,1.2351247606939852
2003-05-29 00:00:00,1.2452474957357587
2003-05-30 00:00:00,1.238373101043211
2003-06-02 00:00:00,1.236786702268008
2003-06-03 00:00:00,1.2296856791790025
2003-06-04 00:00:00,1.2338405331140587
2003-06-05 00:00:00,1.2537838320023287
2003-06-06 00:00:00,1.2556724019728087
2003-06-09 00:00:00,1.242830126173544
2003-06-10 00:00:00,1.2481936648897076
2003-06-11 00:00:00,1.2596761703102264
2003-06-12 00:00:00,1.2602049699019608
2003-06-13 00:00:00,1.2597517131090459
2003-06-16 00:00:00,1.2702521621449152
2003-06-17 00:00:00,1.2721407321153952
2003-06-18 00:00:00,1.2689679345649887
2003-06-19 00:00:00,1.2645864522334747
2003-06-20 00:00:00,1.2573343435468312
2003-06-23 00:00:00,1.2602049699019608
2003-06-24 00:00:00,1.2545392599905207
2003-06-25 00:00:00,1.2681369637779776
2003-06-26 00:00:00,1.2570321723515543
2003-06-27 00:00:00,1.2458518381263124
2003-06-30 00:00:00,1.2486469216826228
2003-07-01 00:00:00,1.2559745731680856
2003-07-02 00:00:00,1.2574854291444697
2003-07-03 00:00:00,1.2629245106594522
2003-07-07 00:00:00,1.2475893224991539
2003-07-08 00:00:00,1.2333117335223245
2003-07-09 00:00:00,1.2318008775459404
2003-07-10 00:00:00,1.2333117335223245
2003-07-11 00:00:00,1.2330851051258669
2003-07-14 00:00:00,1.2266639672262343
2003-07-15 00:00:00,1.2076271819237951
2003-07-16 00:00:00,1.205058726763942
2003-07-17 00:00:00,1.200230189703296
2003-07-18 00:00:00,1.200230189703296
2003-07-21 00:00:00,1.200230189703296
2003-07-22 00:00:00,1.200230189703296
2003-07-23 00:00:00,1.200230189703296
2003-07-24 00:00:00,1.200230189703296
2003-07-25 00:00:00,1.200230189703296
2003-07-28 00:00:00,1.200230189703296
2003-07-29 00:00:00,1.200230189703296
2003-07-30 00:00:00,1.200230189703296
2003-07-31 00:00:00,1.200230189703296
2003-08-01 00:00:00,1.200230189703296
2003-08-04 00:00:00,1.200230189703296
2003-08-05 00:00:00,1.200230189703296
2003-08-06 00:00:00,1.200230189703296
2003-08-07 00:00:00,1.200230189703296
2003-08-08 00:00:00,1.200230189703296
2003-08-11 00:00:00,1.200230189703296
2003-08-12 00:00:00,1.200230189703296
2003-08-13 00:00:00,1.200230189703296
2003-08-14 00:00:00,1.200230189703296
2003-08-15 00:00:00,1.200230189703296
2003-08-18 00:00:00,1.200230189703296
2003-08-19 00:00:00,1.200230189703296
2003-08-20 00:00:00,1.200230189703296
2003-08-21 00:00:00,1.200230189703296
2003-08-22 00:00:00,1.200230189703296
2003-08-25 00:00:00,1.200230189703296
2003-08-26 00:00:00,1.200230189703296
2003-08-27 00:00:00,1.200230189703296
2003-08-28 00:00:00,1.200230189703296
2003-08-29 00:00:00,1.1999328856194684
2003-09-02 00:00:00,1.202375485583156
2003-09-03 00:00:00,1.202915374402736
2003-09-04 00:00:00,1.1988126480306924
2003-09-05 00:00:00,1.1906761740331402
2003-09-08 00:00:00,1.193118773996828
2003-09-09 00:00:00,1.189168264516313
2003-09-10 00:00:00,1.1900125871189504
2003-09-11 00:00:00,1.1868992705418429
2003-09-12 00:00:00,1.1773167360747683
2003-09-15 00:00:00,1.180596528941864
2003-09-16 00:00:00,1.191715491722684
2003-09-17 00:00:00,1.178479751858922
2003-09-18 00:00:00,1.1699627356325482
2003-09-19 00:00:00,1.1577164055637228
2003-09-22 00:00:00,1.14569840083219
2003-09-23 00:00:00,1.1389318788583953
2003-09-24 00:00:00,1.1390151170033893
2003-09-25 00:00:00,1.1367389933296892
2003-09-26 00:00:00,1.1359089301255114
2003-09-29 00:00:00,1.1324150713195826
2003-09-30 00:00:00,1.1340204783798629
2003-10-01 00:00:00,1.1303744026824052
2003-10-02 00:00:00,1.1239884229374322
2003-10-03 00:00:00,1.1330524576826158
2003-10-06 00:00:00,1.1244593330104773
2003-10-07 00:00:00,1.1330667170810749
2003-10-08 00:00:00,1.1352809917074698
2003-10-09 00:00:00,1.1343748200575277
2003-10-10 00:00:00,1.1308809612515986
2003-10-14 00:00:00,1.1244949815066256
2003-10-15 00:00:00,1.1273942321448993
2003-10-16 00:00:00,1.1226065297609769
2003-10-17 00:00:00,1.1255057803992508
2003-10-20 00:00:00,1.123305765171315
2003-10-21 00:00:00,1.1234651117620733
2003-10-22 00:00:00,1.1090116367660825
2003-10-23 00:00:00,1.1083337904534336
2003-10-24 00:00:00,1.1060576667797335
2003-10-27 00:00:00,1.107150787891574
2003-10-28 00:00:00,1.107150787891574
2003-10-29 00:00:00,1.1092402444386684
2003-10-30 00:00:00,1.111656178571246
2003-10-31 00:00:00,1.107150787891574
2003-11-03 00:00:00,1.0960505499851358
2003-11-04 00:00:00,1.097095278258683
2003-11-05 00:00:00,1.0956587768825556
2003-11-06 00:00:00,1.089978066895143
2003-11-07 00:00:00,1.0909574996515934
2003-11-10 00:00:00,1.0928510696473976
2003-11-12 00:00:00,1.0950058217115888
2003-11-13 00:00:00,1.1021883285922252
2003-11-14 00:00:00,1.099641803425454
2003-11-17 00:00:00,1.1025148061777086
2003-11-18 00:00:00,1.1098931996096353
2003-11-19 00:00:00,1.108848471336088
2003-11-20 00:00:00,1.1115908830541492
2003-11-21 00:00:00,1.111656178571246
2003-11-24 00:00:00,1.106759014788994
2003-11-25 00:00:00,1.108913766853185
2003-11-26 00:00:00,1.1159003871825315
2003-11-28 00:00:00,1.1243235088880053
2003-12-01 00:00:00,1.1236705537170382
2003-12-02 00:00:00,1.1290247861189673
2003-12-03 00:00:00,1.1262170788838093
2003-12-04 00:00:00,1.1230828940631679
2003-12-05 00:00:00,1.1276535802599366
2003-12-08 00:00:00,1.1318324933541253
2003-12-09 00:00:00,1.138100862995408
2003-12-10 00:00:00,1.139145591268955
2003-12-11 00:00:00,1.1390802957518584
2003-12-12 00:00:00,1.140451501610889
2003-12-15 00:00:00,1.1394067733373419
2003-12-16 00:00:00,1.1433245043631435
2003-12-17 00:00:00,1.1501805336582966
2003-12-18 00:00:00,1.153967673649905
2003-12-19 00:00:00,1.1540982646840983
2003-12-22 00:00:00,1.1514864440002306
2003-12-23 00:00:00,1.1524658767566809
2003-12-24 00:00:00,1.158864837432157
2003-12-26 00:00:00,1.1570308953025656
2003-12-29 00:00:00,1.1570308953025656
2003-12-30 00:00:00,1.1623242871421313
2003-12-31 00:00:00,1.1659839160682506
2004-01-02 00:00:00,1.1699049470605214
2004-01-05 00:00:00,1.1818640915869472
2004-01-06 00:00:00,1.1923201742330025
2004-01-07 00:00:00,1.1889219473730346
2004-01-08 00:00:00,1.1983977722710224
2004-01-09 00:00:00,1.2071547414870936
2004-01-12 00:00:00,1.2097034116320695
2004-01-13 00:00:00,1.2045407208255798
2004-01-14 00:00:00,1.2030376589452094
2004-01-15 00:00:00,1.1897061535714888
2004-01-16 00:00:00,1.176047895615079
2004-01-20 00:00:00,1.1885298442738075
2004-01-21 00:00:00,1.1955877000598947
2004-01-22 00:00:00,1.2054556280571098
2004-01-23 00:00:00,1.189575452538413
2004-01-26 00:00:00,1.1893794009887995
2004-01-27 00:00:00,1.1944113907622138
2004-01-28 00:00:00,1.2004889888002332
2004-01-29 00:00:00,1.1836285555334691
2004-01-30 00:00:00,1.1903596587368672
2004-02-02 00:00:00,1.1882030916911182
2004-02-03 00:00:00,1.2011424939656117
2004-02-04 00:00:00,1.1982017207214086
2004-02-05 00:00:00,1.2010117929325361
2004-02-06 00:00:00,1.2063051847721018
2004-02-09 00:00:00,1.214212597273181
2004-02-10 00:00:00,1.221858607708109
2004-02-11 00:00:00,1.2318572367383993
2004-02-12 00:00:00,1.2357782677306703
2004-02-13 00:00:00,1.2305502264076427
2004-02-17 00:00:00,1.2446005874632795
2004-02-18 00:00:00,1.243162876099447
2004-02-19 00:00:00,1.2364971234125866
2004-02-20 00:00:00,1.2199634427285113
2004-02-23 00:00:00,1.2211397520261926
2004-02-24 00:00:00,1.2351901130818297
2004-02-25 00:00:00,1.2257796387003799
2004-02-26 00:00:00,1.2157606529841878
2004-02-27 00:00:00,1.2157606529841878
2004-03-01 00:00:00,1.2226330550602762
2004-03-02 00:00:00,1.203390329247229
2004-03-03 00:00:00,1.1906927482685514
2004-03-04 00:00:00,1.194488932272486
2004-03-05 00:00:00,1.2061392900776642
2004-03-08 00:00:00,1.2089537023564432
2004-03-09 00:00:00,1.203979392282322
2004-03-10 00:00:00,1.1781260701865615
2004-03-11 00:00:00,1.1786496817733112
2004-03-12 00:00:00,1.1743953376309708
2004-03-15 00:00:00,1.1776679100481555
2004-03-16 00:00:00,1.1849984722626499
2004-03-17 00:00:00,1.1867656613679296
2004-03-18 00:00:00,1.201884945935324
2004-03-19 00:00:00,1.1957979612393599
2004-03-22 00:00:00,1.209870022633255
2004-03-23 00:00:00,1.2109826972550979
2004-03-24 00:00:00,1.2010995285551995
2004-03-25 00:00:00,1.1846057635725877
2004-03-26 00:00:00,1.184933020814306
2004-03-29 00:00:00,1.1887946562665843
2004-03-30 00:00:00,1.196648830067828
2004-03-31 00:00:00,1.2043066495240407
2004-04-01 00:00:00,1.215040687052407
2004-04-02 00:00:00,1.197303344551265
2004-04-05 00:00:00,1.1872892729546793
2004-04-06 00:00:00,1.2026049118671045
2004-04-07 00:00:00,1.2049611640074778
2004-04-08 00:00:00,1.1993977908982634
2004-04-09 00:00:00,1.1992014365532324
2004-04-12 00:00:00,1.2015576886936055
2004-04-13 00:00:00,1.1885983019215531
2004-04-14 00:00:00,1.1717118282488792
2004-04-15 00:00:00,1.1640540087926665
2004-04-16 00:00:00,1.1783878759799364
2004-04-19 00:00:00,1.181725899845465
2004-04-20 00:00:00,1.1724972456290037
2004-04-21 00:00:00,1.1597996646503261
2004-04-22 00:00:00,1.157443412509953
2004-04-23 00:00:00,1.1564241698306208
2004-04-26 00:00:00,1.1564241698306208
2004-04-27 00:00:00,1.1564241698306208
2004-04-28 00:00:00,1.1564241698306208
2004-04-29 00:00:00,1.1564241698306208
2004-04-30 00:00:00,1.1564241698306208
2004-05-03 00:00:00,1.1564241698306208
2004-05-04 00:00:00,1.1564241698306208
2004-05-05 00:00:00,1.1564241698306208
2004-05-06 00:00:00,1.1564241698306208
2004-05-07 00:00:00,1.1564241698306208
2004-05-10 00:00:00,1.1564241698306208
2004-05-11 00:00:00,1.1564241698306208
2004-05-12 00:00:00,1.1564241698306208
2004-05-13 00:00:00,1.1564241698306208
2004-05-14 00:00:00,1.1564241698306208
2004-05-17 00:00:00,1.1564241698306208
2004-05-18 00:00:00,1.1564241698306208
2004-05-19 00:00:00,1.1564241698306208
2004-05-20 00:00:00,1.1564241698306208
2004-05-21 00:00:00,1.1564241698306208
2004-05-24 00:00:00,1.1564241698306208
2004-05-25 00:00:00,1.1564241698306208
2004-05-26 00:00:00,1.1564241698306208
2004-05-27 00:00:00,1.1564241698306208
2004-05-28 00:00:00,1.1564241698306208
2004-06-01 00:00:00,1.1564241698306208
2004-06-02 00:00:00,1.1564241698306208
2004-06-03 00:00:00,1.1564241698306208
2004-06-04 00:00:00,1.1564241698306208
2004-06-07 00:00:00,1.1564241698306208
2004-06-08 00:00:00,1.1564241698306208
2004-06-09 00:00:00,1.1564241698306208
2004-06-10 00:00:00,1.1564241698306208
2004-06-11 00:00:00,1.1564241698306208
2004-06-14 00:00:00,1.1564241698306208
2004-06-15 00:00:00,1.1564241698306208
2004-06-16 00:00:00,1.1564241698306208
2004-06-17 00:00:00,1.1564241698306208
2004-06-18 00:00:00,1.1564241698306208
2004-06-21 00:00:00,1.1527725691201365
2004-06-22 00:00:00,1.1469174162567737
2004-06-23 00:00:00,1.1448397813697742
2004-06-24 00:00:00,1.1468544576238344
2004-06-25 00:00:00,1.1469803748897132
2004-06-28 00:00:00,1.1517652309931063
2004-06-29 00:00:00,1.1389216698734717
2004-06-30 00:00:00,1.1411881806592896
2004-07-01 00:00:00,1.1433287741792288
2004-07-02 00:00:00,1.1521429827907428
2004-07-06 00:00:00,1.1598868946422871
2004-07-07 00:00:00,1.1692047723173158
2004-07-08 00:00:00,1.168889979152619
2004-07-09 00:00:00,1.1681974341902857
2004-07-12 00:00:00,1.1735489179901335
2004-07-13 00:00:00,1.167253054696195
2004-07-14 00:00:00,1.1687640618867403
2004-07-15 00:00:00,1.167567847860892
2004-07-16 00:00:00,1.1778301050300115
2004-07-19 00:00:00,1.1794670294864356
2004-07-20 00:00:00,1.1682603928232251
2004-07-21 00:00:00,1.1555427489694694
2004-07-22 00:00:00,1.162845950390438
2004-07-23 00:00:00,1.1534651140824699
2004-07-26 00:00:00,1.1579981356541054
2004-07-27 00:00:00,1.1470433335226526
2004-07-28 00:00:00,1.1472322094214706
2004-07-29 00:00:00,1.14421019504038
2004-07-30 00:00:00,1.1447768227368347
2004-08-02 00:00:00,1.150443099701379
2004-08-03 00:00:00,1.1485543407131977
2004-08-04 00:00:00,1.1488691338778947
2004-08-05 00:00:00,1.147798837117925
2004-08-06 00:00:00,1.162153405428105
2004-08-09 00:00:00,1.1586277219834993
2004-08-10 00:00:00,1.1576203838564691
2004-08-11 00:00:00,1.150883810131955
2004-08-12 00:00:00,1.146476705826198
2004-08-13 00:00:00,1.1604535223387413
2004-08-16 00:00:00,1.1575882497702168
2004-08-17 00:00:00,1.1575882497702168
2004-08-18 00:00:00,1.15360049497278
2004-08-19 00:00:00,1.159170692150152
2004-08-20 00:00:00,1.152840922630411
2004-08-23 00:00:00,1.1484100839665925
2004-08-24 00:00:00,1.1352441633655315
2004-08-25 00:00:00,1.1371430942214538
2004-08-26 00:00:00,1.1354973541463211
2004-08-27 00:00:00,1.1343579956327676
2004-08-30 00:00:00,1.1346111864135573
2004-08-31 00:00:00,1.1413207421044826
2004-09-01 00:00:00,1.1355606518415184
2004-09-02 00:00:00,1.1340415071567806
2004-09-03 00:00:00,1.1241037690107873
2004-09-07 00:00:00,1.1224580289356547
2004-09-08 00:00:00,1.1318893855200687
2004-09-09 00:00:00,1.130053752359344
2004-09-10 00:00:00,1.1380292619542174
2004-09-13 00:00:00,1.1365734149646771
2004-09-14 00:00:00,1.1394218112485603
2004-09-15 00:00:00,1.1249266390483537
2004-09-16 00:00:00,1.1335984232903986
2004-09-17 00:00:00,1.1343579956327676
2004-09-20 00:00:00,1.131762790129674
2004-09-21 00:00:00,1.135940438012703
2004-09-22 00:00:00,1.136130331098295
2004-09-23 00:00:00,1.1395484066389552
2004-09-24 00:00:00,1.1413207421044826
2004-09-27 00:00:00,1.144169138388366
2004-09-28 00:00:00,1.146004771549091
2004-09-29 00:00:00,1.1374595826974407
2004-09-30 00:00:00,1.1450553061211297
2004-10-01 00:00:00,1.1378393688686252
2004-10-04 00:00:00,1.1284080122842113
2004-10-05 00:00:00,1.1284713099794086
2004-10-06 00:00:00,1.126065997561907
2004-10-07 00:00:00,1.1280915238082243
2004-10-08 00:00:00,1.1352441633655315
2004-10-12 00:00:00,1.1316994924344765
2004-10-13 00:00:00,1.132395767081648
2004-10-14 00:00:00,1.1372389016129043
2004-10-15 00:00:00,1.1372389016129043
2004-10-18 00:00:00,1.1395679955299243
2004-10-19 00:00:00,1.1376752916628095
2004-10-20 00:00:00,1.1282841708358133
2004-10-21 00:00:00,1.121287502483401
2004-10-22 00:00:00,1.122482382070355
2004-10-25 00:00:00,1.114414511295103
2004-10-26 00:00:00,1.116554569490445
2004-10-27 00:00:00,1.119387758665272
2004-10-28 00:00:00,1.119511435829386
2004-10-29 00:00:00,1.1178707795911746
2004-11-01 00:00:00,1.1191916829925803
2004-11-02 00:00:00,1.1152195861870111
2004-11-03 00:00:00,1.1113735131958935
2004-11-04 00:00:00,1.1116232141744589
2004-11-05 00:00:00,1.105130641079854
2004-11-08 00:00:00,1.1036790205633205
2004-11-09 00:00:00,1.102038364325109
2004-11-10 00:00:00,1.1090933512840713
2004-11-12 00:00:00,1.1042390877773394
2004-11-15 00:00:00,1.1087105865400395
2004-11-16 00:00:00,1.1046124659200185
2004-11-17 00:00:00,1.1022786787023224
2004-11-18 00:00:00,1.1063721060216674
2004-11-19 00:00:00,1.1008877234426766
2004-11-22 00:00:00,1.1014524839573716
2004-11-23 00:00:00,1.0936366608110228
2004-11-24 00:00:00,1.0872701115308698
2004-11-26 00:00:00,1.07762694307497
2004-11-29 00:00:00,1.0786327869402466
2004-11-30 00:00:00,1.070690939979446
2004-12-01 00:00:00,1.056510914203282
2004-12-02 00:00:00,1.0609824129659822
2004-12-03 00:00:00,1.0514652683245347
2004-12-06 00:00:00,1.0483753382201277
2004-12-07 00:00:00,1.0460415510024315
2004-12-08 00:00:00,1.0570662881166246
2004-12-09 00:00:00,1.0631760964671981
2004-12-10 00:00:00,1.0663243451781548
2004-12-13 00:00:00,1.0598947839907757
2004-12-14 00:00:00,1.0592362061338243
2004-12-15 00:00:00,1.0592362061338243
2004-12-16 00:00:00,1.0553687901801319
2004-12-17 00:00:00,1.0561858498886585
2004-12-20 00:00:00,1.061197149434288
2004-12-21 00:00:00,1.0492680776898002
2004-12-22 00:00:00,1.041751128371356
2004-12-23 00:00:00,1.045455132383343
2004-12-24 00:00:00,1.0477973702144525
2004-12-27 00:00:00,1.0550419662967212
2004-12-28 00:00:00,1.0521550219932607
2004-12-29 00:00:00,1.0434941890828793
2004-12-30 00:00:00,1.0469258398586907
2004-12-31 00:00:00,1.0436576010245846
2005-01-03 00:00:00,1.038101595006604
2005-01-04 00:00:00,1.0259001700259407
2005-01-05 00:00:00,1.02813346656258
2005-01-06 00:00:00,1.0213791063054272
2005-01-07 00:00:00,1.0187100445909072
2005-01-10 00:00:00,1.0213791063054272
2005-01-11 00:00:00,1.0238302854310068
2005-01-12 00:00:00,1.031238293454981
2005-01-13 00:00:00,1.0257912287314708
2005-01-14 00:00:00,1.0183287500602614
2005-01-18 00:00:00,1.0182198087657912
2005-01-19 00:00:00,1.0208888704803114
2005-01-20 00:00:00,1.0196905162411392
2005-01-21 00:00:00,1.0207799291858413
2005-01-24 00:00:00,1.022849813780775
2005-01-25 00:00:00,1.0157141589929766
2005-01-26 00:00:00,1.0258456993787057
2005-01-27 00:00:00,1.0276432307374643
2005-01-28 00:00:00,1.0267717003817025
2005-01-31 00:00:00,1.0267717003817025
2005-02-01 00:00:00,1.0236124028420666
2005-02-02 00:00:00,1.0254644048480601
2005-02-03 00:00:00,1.0243205212561228
2005-02-04 00:00:00,1.0267717003817025
2005-02-07 00:00:00,1.0135353331035724
2005-02-08 00:00:00,1.0115199191558735
2005-02-09 00:00:00,1.0121735669226948
2005-02-10 00:00:00,1.0187190976124776
2005-02-11 00:00:00,1.0187190976124776
2005-02-14 00:00:00,1.0046299606082985
2005-02-15 00:00:00,1.0058270694418199
2005-02-16 00:00:00,1.011992208172594
2005-02-17 00:00:00,1.0026527261251288
2005-02-18 00:00:00,1.002648772785688
2005-02-22 00:00:00,0.9947833215868583
2005-02-23 00:00:00,0.9961442116257837
2005-02-24 00:00:00,0.9940111026160918
2005-02-25 00:00:00,0.9914958374604573
2005-02-28 00:00:00,0.9859779168724173
2005-03-01 00:00:00,0.9882669004086317
2005-03-02 00:00:00,0.9926850396150971
2005-03-03 00:00:00,0.9940459296540225
2005-03-04 00:00:00,0.9860712909849236
2005-03-07 00:00:00,0.9905986176616582
2005-03-08 00:00:00,0.983279103814175
2005-03-09 00:00:00,0.9861140247017358
2005-03-10 00:00:00,0.9863830400379682
2005-03-11 00:00:00,0.9847958683796227
2005-03-14 00:00:00,0.992653412899571
2005-03-15 00:00:00,0.9916121785925718
2005-03-16 00:00:00,0.9844564459504925
2005-03-17 00:00:00,0.9857081485191487
2005-03-18 00:00:00,0.988270100731036
2005-03-21 00:00:00,1.0001129879158133
2005-03-22 00:00:00,0.998798784933141
2005-03-23 00:00:00,1.0142994523719395
2005-03-24 00:00:00,1.014404686502768
2005-03-25 00:00:00,1.0157109828065587
2005-03-28 00:00:00,1.0171264665806188
2005-03-29 00:00:00,1.0118815146682518
2005-03-30 00:00:00,1.0083289685450592
2005-03-31 00:00:00,1.0043396725407894
2005-04-01 00:00:00,1.009685905244544
2005-04-04 00:00:00,1.0126846073375084
2005-04-05 00:00:00,1.0104423108575473
2005-04-06 00:00:00,1.0096194514910868
2005-04-07 00:00:00,1.0105981853840695
2005-04-08 00:00:00,1.0074823891419542
2005-04-11 00:00:00,1.0025323525867846
2005-04-12 00:00:00,1.0025323525867846
2005-04-13 00:00:00,0.9977924914887842
2005-04-14 00:00:00,1.0043325825587277
2005-04-15 00:00:00,0.9976772578850386
2005-04-18 00:00:00,0.9911283478544435
2005-04-19 00:00:00,0.9850583037177704
2005-04-20 00:00:00,0.9832980526263967
2005-04-21 00:00:00,0.9881887167283859
2005-04-22 00:00:00,0.9856303558138085
2005-04-25 00:00:00,0.9873817879445305
2005-04-26 00:00:00,0.9914211349017694
2005-04-27 00:00:00,0.9909910668490682
2005-04-28 00:00:00,0.9882730839698503
2005-04-29 00:00:00,0.9868852841293049
2005-05-02 00:00:00,0.9955004607395777
2005-05-03 00:00:00,0.9980500026935031
2005-05-04 00:00:00,0.9932037269524088
2005-05-05 00:00:00,0.9905921587162846
2005-05-06 00:00:00,0.9973450790724157
2005-05-09 00:00:00,1.0017568772804828
2005-05-10 00:00:00,1.0021249190509853
2005-05-11 00:00:00,1.0070155831529746
2005-05-12 00:00:00,1.0114805886825888
2005-05-13 00:00:00,1.0178078504663446
2005-05-16 00:00:00,1.0263698197550704
2005-05-17 00:00:00,1.0245563613421498
2005-05-18 00:00:00,1.025509683649668
2005-05-19 00:00:00,1.0262501766709988
2005-05-20 00:00:00,1.0326306457763017
2005-05-23 00:00:00,1.0303383214694588
2005-05-24 00:00:00,1.030280704667586
2005-05-25 00:00:00,1.0289461121485874
2005-05-26 00:00:00,1.0345816787522335
2005-05-27 00:00:00,1.0333535008763288
2005-05-31 00:00:00,1.0330830547882683
2005-06-01 00:00:00,1.038931450678102
2005-06-02 00:00:00,1.0369583703005405
2005-06-03 00:00:00,1.0388694243959034
2005-06-06 00:00:00,1.034023148654809
2005-06-07 00:00:00,1.0280595191612296
2005-06-08 00:00:00,1.0251471912193295
2005-06-09 00:00:00,1.0251471912193295
2005-06-10 00:00:00,1.029648487932208
2005-06-13 00:00:00,1.0361765460753627
2005-06-14 00:00:00,1.0332463842105624
2005-06-15 00:00:00,1.0243485359121718
2005-06-16 00:00:00,1.0250215054789735
2005-06-17 00:00:00,1.0215846532566042
2005-06-20 00:00:00,1.023496199253019
2005-06-21 00:00:00,1.0229305923902074
2005-06-22 00:00:00,1.0241102523145782
2005-06-23 00:00:00,1.0261906950968491
2005-06-24 00:00:00,1.0238235225182366
2005-06-27 00:00:00,1.0220193392258123
2005-06-28 00:00:00,1.0273088209393535
2005-06-29 00:00:00,1.031584921937757
2005-06-30 00:00:00,1.0399708447253313
2005-07-01 00:00:00,1.0524102903734576
2005-07-05 00:00:00,1.0601206260176064
2005-07-06 00:00:00,1.0593298234403197
2005-07-07 00:00:00,1.0685602301571757
2005-07-08 00:00:00,1.0717666515118223
2005-07-11 00:00:00,1.0602790524969679
2005-07-12 00:00:00,1.0495233395541574
2005-07-13 00:00:00,1.0606679098440517
2005-07-14 00:00:00,1.0588637265516272
2005-07-15 00:00:00,1.0617323543345611
2005-07-18 00:00:00,1.0622364271155065
2005-07-19 00:00:00,1.0711290402606497
2005-07-20 00:00:00,1.0745043584011527
2005-07-21 00:00:00,1.0649872218879555
2005-07-22 00:00:00,1.068193643242602
2005-07-25 00:00:00,1.065770171735371
2005-07-26 00:00:00,1.0679632123748795
2005-07-27 00:00:00,1.0666094205114052
2005-07-28 00:00:00,1.0604139207867158
2005-07-29 00:00:00,1.0577652535650097
2005-08-01 00:00:00,1.0519638463406518
2005-08-02 00:00:00,1.0500470651909897
2005-08-03 00:00:00,1.045484234396245
2005-08-04 00:00:00,1.0460446061058088
2005-08-05 00:00:00,1.0484367929455207
2005-08-08 00:00:00,1.0484367929455207
2005-08-09 00:00:00,1.0494917089290359
2005-08-10 00:00:00,1.0448533836364093
2005-08-11 00:00:00,1.0360478405024833
2005-08-12 00:00:00,1.0314682084188893
2005-08-15 00:00:00,1.0349295459727321
2005-08-16 00:00:00,1.0343997453123728
2005-08-17 00:00:00,1.0355133545049202
2005-08-18 00:00:00,1.0429071370639331
2005-08-19 00:00:00,1.043785973420351
2005-08-22 00:00:00,1.0385020228283681
2005-08-23 00:00:00,1.0399677912751097
2005-08-24 00:00:00,1.0417270257670137
2005-08-25 00:00:00,1.0369713140563221
2005-08-26 00:00:00,1.035678501678542
2005-08-29 00:00:00,1.0391398392323847
2005-08-30 00:00:00,1.0488226569436605
2005-08-31 00:00:00,1.0386671700019896
2005-09-01 00:00:00,1.0229358282022423
2005-09-02 00:00:00,1.015597615294126
2005-09-06 00:00:00,1.014539575752475
2005-09-07 00:00:00,1.016005344199217
2005-09-08 00:00:00,1.0162972484653108
2005-09-09 00:00:00,1.0155326749688218
2005-09-12 00:00:00,1.0250981062620328
2005-09-13 00:00:00,1.0263291018726453
2005-09-14 00:00:00,1.024508050613573
2005-09-15 00:00:00,1.0347191072061406
2005-09-16 00:00:00,1.0366544213251414
2005-09-19 00:00:00,1.0362420070828466
2005-09-20 00:00:00,1.0358882860495846
2005-09-21 00:00:00,1.0328346774008323
2005-09-22 00:00:00,1.0433392000385615
2005-09-23 00:00:00,1.0508503690156392
2005-09-26 00:00:00,1.0532552288068993
2005-09-27 00:00:00,1.0572448052420336
2005-09-28 00:00:00,1.0594148921971638
2005-09-29 00:00:00,1.060469808180679
2005-09-30 00:00:00,1.0559488693061172
2005-10-03 00:00:00,1.0639882771644862
2005-10-04 00:00:00,1.061911388076563
2005-10-05 00:00:00,1.061911388076563
2005-10-06 00:00:00,1.0574595611033462
2005-10-07 00:00:00,1.0651576123737692
2005-10-11 00:00:00,1.071712853314345
2005-10-12 00:00:00,1.0690654637040446
2005-10-13 00:00:00,1.0718915340945923
2005-10-14 00:00:00,1.0602219576697078
2005-10-17 00:00:00,1.067619269379645
2005-10-18 00:00:00,1.0715280021879425
2005-10-19 00:00:00,1.0630462651042114
2005-10-20 00:00:00,1.0578726631858275
2005-10-21 00:00:00,1.0590145920376526
2005-10-24 00:00:00,1.0578107523176863
2005-10-25 00:00:00,1.049088423585566
2005-10-26 00:00:00,1.0543805583721
2005-10-27 00:00:00,1.0501091751351745
2005-10-28 00:00:00,1.0533562809104027
2005-10-31 00:00:00,1.0588288594332285
2005-11-01 00:00:00,1.0623165568568456
2005-11-02 00:00:00,1.0547370384545727
2005-11-03 00:00:00,1.0567811859878564
2005-11-04 00:00:00,1.0693512181381548
2005-11-07 00:00:00,1.0735005425948414
2005-11-08 00:00:00,1.0749432110071528
2005-11-09 00:00:00,1.0748821816170335
2005-11-10 00:00:00,1.0719942003583445
2005-11-14 00:00:00,1.0787298850352118
2005-11-15 00:00:00,1.0776463411394397
2005-11-16 00:00:00,1.089614894168766
2005-11-17 00:00:00,1.0881103148883131
2005-11-18 00:00:00,1.0906356457183746
2005-11-21 00:00:00,1.0894919539105052
2005-11-22 00:00:00,1.091054918147011
2005-11-23 00:00:00,1.0864226474375023
2005-11-25 00:00:00,1.0899103448611194
2005-11-28 00:00:00,1.0858795532725831
2005-11-29 00:00:00,1.0869011863002138
2005-11-30 00:00:00,1.0797427032826215
2005-12-01 00:00:00,1.0815462591675162
2005-12-02 00:00:00,1.0806431590080356
2005-12-05 00:00:00,1.0746698003764512
2005-12-06 00:00:00,1.0746698003764512
2005-12-07 00:00:00,1.077819325505398
2005-12-08 00:00:00,1.0676296553187887
2005-12-09 00:00:00,1.0650976713318503
2005-12-12 00:00:00,1.0535493794001378
2005-12-13 00:00:00,1.0575634820032411
2005-12-14 00:00:00,1.053487609669595
2005-12-15 00:00:00,1.0590456006194064
2005-12-16 00:00:00,1.0547844616841553
2005-12-19 00:00:00,1.0593543640920735
2005-12-20 00:00:00,1.0652828882450949
2005-12-21 00:00:00,1.0739904114221903
2005-12-22 00:00:00,1.0743609375270629
2005-12-23 00:00:00,1.0785603067317713
2005-12-27 00:00:00,1.0796101437091954
2005-12-28 00:00:00,1.0846123348541918
2005-12-29 00:00:00,1.0823891285365952
2005-12-30 00:00:00,1.0868355198767767
2006-01-03 00:00:00,1.0734345619290147
2006-01-04 00:00:00,1.0620097810650388
2006-01-05 00:00:00,1.0633066401779363
2006-01-06 00:00:00,1.0551549026089813
2006-01-09 00:00:00,1.058304427737928
2006-01-10 00:00:00,1.0582426651057226
2006-01-11 00:00:00,1.0583044135412538
2006-01-12 00:00:00,1.060157072458966
2006-01-13 00:00:00,1.0537344898383239
2006-01-17 00:00:00,1.059045458652662
2006-01-18 00:00:00,1.0593542292236662
2006-01-19 00:00:00,1.0595394887269338
2006-01-20 00:00:00,1.0566987270706543
2006-01-23 00:00:00,1.0455827238760198
2006-01-24 00:00:00,1.042865473287477
2006-01-25 00:00:00,1.0434830215278226
2006-01-26 00:00:00,1.0461385023858232
2006-01-27 00:00:00,1.0520670265388443
2006-01-30 00:00:00,1.0547842629307131
2006-01-31 00:00:00,1.0465707698278897
2006-02-01 00:00:00,1.0489174730165485
2006-02-02 00:00:00,1.0472500665037667
2006-02-03 00:00:00,1.0580436545616136
2006-02-06 00:00:00,1.0580436545616136
2006-02-07 00:00:00,1.05695301283775
2006-02-08 00:00:00,1.0545899557693785
2006-02-09 00:00:00,1.0549535030106665
2006-02-10 00:00:00,1.0575589249065631
2006-02-13 00:00:00,1.056589465596462
2006-02-14 00:00:00,1.0508333009427364
2006-02-15 00:00:00,1.0543475909418532
2006-02-16 00:00:00,1.0514998042184311
2006-02-17 00:00:00,1.0544687733556157
2006-02-21 00:00:00,1.0571347864583938
2006-02-22 00:00:00,1.0558017799070047
2006-02-23 00:00:00,1.061679126974493
2006-02-24 00:00:00,1.0571953776652752
2006-02-27 00:00:00,1.0548323205969037
2006-02-28 00:00:00,1.0627091774914754
2006-03-01 00:00:00,1.0587101578373084
2006-03-02 00:00:00,1.0599219819749346
2006-03-03 00:00:00,1.062224447836425
2006-03-06 00:00:00,1.0598613907680534
2006-03-07 00:00:00,1.0519845338734817
2006-03-08 00:00:00,1.0518027602528377
2006-03-09 00:00:00,1.0522268987010068
2006-03-10 00:00:00,1.0455618659440618
2006-03-13 00:00:00,1.0488337911156531
2006-03-14 00:00:00,1.059073705078596
2006-03-15 00:00:00,1.057922472147851
2006-03-16 00:00:00,1.0634968631809325
2006-03-17 00:00:00,1.0644057312841522
2006-03-20 00:00:00,1.064163366456627
2006-03-21 00:00:00,1.0578618809409697
2006-03-22 00:00:00,1.0593160699061213
2006-03-23 00:00:00,1.0522874899078882
2006-03-24 00:00:00,1.0559229623207673
2006-03-27 00:00:00,1.0585283842166644
2006-03-28 00:00:00,1.06016434680246
2006-03-29 00:00:00,1.0516209866321937
2006-03-30 00:00:00,1.0571953776652752
2006-03-31 00:00:00,1.0538628612868026
2006-04-03 00:00:00,1.0536204964592772
2006-04-04 00:00:00,1.0636035885327333
2006-04-05 00:00:00,1.0636035885327333
2006-04-06 00:00:00,1.0631169475089786
2006-04-07 00:00:00,1.0689522344275801
2006-04-10 00:00:00,1.069012683321914
2006-04-11 00:00:00,1.0651827150209519
2006-04-12 00:00:00,1.0626292898621963
2006-04-13 00:00:00,1.0612916200769706
2006-04-14 00:00:00,1.062385461038805
2006-04-17 00:00:00,1.0498020540484267
2006-04-18 00:00:00,1.0469446900462884
2006-04-19 00:00:00,1.0387987901692948
2006-04-20 00:00:00,1.0444517137818667
2006-04-21 00:00:00,1.0434179828400236
2006-04-24 00:00:00,1.0420195252861215
2006-04-25 00:00:00,1.0397092512020718
2006-04-26 00:00:00,1.038371581416846
2006-04-27 00:00:00,1.031380649144706
2006-04-28 00:00:00,1.0186148788482983
2006-05-01 00:00:00,1.01454175947263
2006-05-02 00:00:00,1.0077331905065194
2006-05-03 00:00:00,1.0046934631983515
2006-05-04 00:00:00,1.002261613576949
2006-05-05 00:00:00,0.9959393467602503
2006-05-08 00:00:00,0.9961213711919372
2006-05-09 00:00:00,0.9931424316524461
2006-05-10 00:00:00,0.992108700710603
2006-05-11 00:00:00,0.9802547469443426
2006-05-12 00:00:00,0.9759992642626448
2006-05-15 00:00:00,0.9804972202703633
2006-05-16 00:00:00,0.9814694856948449
2006-05-17 00:00:00,0.9813475712831492
2006-05-18 00:00:00,0.977760754056893
2006-05-19 00:00:00,0.9851765229610835
2006-05-22 00:00:00,0.9786718928383552
2006-05-23 00:00:00,0.9817717301665141
2006-05-24 00:00:00,0.9896738012201167
2006-05-25 00:00:00,0.9871203760613612
2006-05-26 00:00:00,0.9963597780258464
2006-05-30 00:00:00,0.9805546192956137
2006-05-31 00:00:00,0.9861467551395091
2006-06-01 00:00:00,0.9885627847790492
2006-06-02 00:00:00,0.9885627847790492
2006-06-05 00:00:00,0.9869341805207642
2006-06-06 00:00:00,0.9775828399409338
2006-06-07 00:00:00,0.9763745206525286
2006-06-08 00:00:00,0.9679688212549282
2006-06-09 00:00:00,0.9680213568761631
2006-06-12 00:00:00,0.9687568555734533
2006-06-13 00:00:00,0.9665503594815831
2006-06-14 00:00:00,0.9714361722564383
2006-06-15 00:00:00,0.9707006735591482
2006-06-16 00:00:00,0.9710684229077934
2006-06-19 00:00:00,0.9667079663452882
2006-06-20 00:00:00,0.9666028951028182
2006-06-21 00:00:00,0.9698075679981534
2006-06-22 00:00:00,0.9617170823279627
2006-06-23 00:00:00,0.9563584489619925
2006-06-26 00:00:00,0.9556229502647025
2006-06-27 00:00:00,0.9580921244627477
2006-06-28 00:00:00,0.9539943460064174
2006-06-29 00:00:00,0.9513150293234321
2006-06-30 00:00:00,0.9714361722564383
2006-07-03 00:00:00,0.9671807869364031
2006-07-05 00:00:00,0.963608364692423
2006-07-06 00:00:00,0.965394575814413
2006-07-07 00:00:00,0.9725919559236084
2006-07-10 00:00:00,0.9677061431487533
2006-07-11 00:00:00,0.9682840349823382
2006-07-12 00:00:00,0.9638710427985979
2006-07-13 00:00:00,0.9668655732089931
2006-07-14 00:00:00,0.964764148359593
2006-07-17 00:00:00,0.9563059133407575
2006-07-18 00:00:00,0.9598783355847377
2006-07-19 00:00:00,0.965447111435648
2006-07-20 00:00:00,0.9716463147413783
2006-07-21 00:00:00,0.9764270562737636
2006-07-24 00:00:00,0.9714887078776734
2006-07-25 00:00:00,0.967023180072698
2006-07-26 00:00:00,0.9705430666954432
2006-07-27 00:00:00,0.9785810167443988
2006-07-28 00:00:00,0.9795266579266287
2006-07-31 00:00:00,0.9813315139405951
2006-08-01 00:00:00,0.9813315139405951
2006-08-02 00:00:00,0.9850027878423557
2006-08-03 00:00:00,0.9884642746640158
2006-08-04 00:00:00,1.0016284139403284
2006-08-07 00:00:00,1.0018382010204292
2006-08-08 00:00:00,1.0005270317698003
2006-08-09 00:00:00,1.0011563930101022
2006-08-10 00:00:00,0.9906145922350468
2006-08-11 00:00:00,0.9939711855166564
2006-08-14 00:00:00,0.9913488470153989
2006-08-15 00:00:00,0.993761398436556
2006-08-16 00:00:00,0.9964361837078385
2006-08-17 00:00:00,0.9933418242763545
2006-08-18 00:00:00,0.9864188506330349
2006-08-21 00:00:00,0.994810333837059
2006-08-22 00:00:00,0.9902474648448707
2006-08-23 00:00:00,0.9927649098060779
2006-08-24 00:00:00,0.9904048051549463
2006-08-25 00:00:00,0.9904048051549463
2006-08-28 00:00:00,0.994810333837059
2006-08-29 00:00:00,0.9919782082557008
2006-08-30 00:00:00,0.99869139481892
2006-08-31 00:00:00,0.9977473529584674
2006-09-01 00:00:00,0.9991109689791212
2006-09-05 00:00:00,0.9926075694960027
2006-09-06 00:00:00,0.9865237441730851
2006-09-07 00:00:00,0.9840587459819031
2006-09-08 00:00:00,0.9783944948191867
2006-09-11 00:00:00,0.9770833255685579
2006-09-12 00:00:00,0.9832195976615006
2006-09-13 00:00:00,0.9842685330620036
2006-09-14 00:00:00,0.9905096986949966
2006-09-15 00:00:00,0.9851076813824061
2006-09-18 00:00:00,0.9845832136821545
2006-09-19 00:00:00,0.9874677860335377
2006-09-20 00:00:00,0.9909292728551977
2006-09-21 00:00:00,0.9949152273771092
2006-09-22 00:00:00,0.9971179917181655
2006-09-25 00:00:00,0.9965410772478889
2006-09-26 00:00:00,0.9940760790567067
2006-09-27 00:00:00,0.9891663638403114
2006-09-28 00:00:00,0.9891663638403114
2006-09-29 00:00:00,0.9875833599506704
2006-10-02 00:00:00,0.9952345454172684
2006-10-03 00:00:00,0.9958677469731247
2006-10-04 00:00:00,0.9940736758981984
2006-10-05 00:00:00,0.990538300544667
2006-10-06 00:00:00,0.987372292765385
2006-10-10 00:00:00,0.978718538168681
2006-10-11 00:00:00,0.9797738740951084
2006-10-12 00:00:00,0.9792462061318947
2006-10-13 00:00:00,0.9788768385576452
2006-10-16 00:00:00,0.9817790123553203
2006-10-17 00:00:00,0.988533162284455
2006-10-18 00:00:00,0.9854199213014944
2006-10-19 00:00:00,0.9899050989888105
2006-10-20 00:00:00,0.9934932411386634
2006-10-23 00:00:00,0.9872667591727422
2006-10-24 00:00:00,0.98911359704399
2006-10-25 00:00:00,0.990538300544667
2006-10-26 00:00:00,0.9960260473620889
2006-10-27 00:00:00,1.0008805926236546
2006-10-30 00:00:00,1.0038883000139724
2006-10-31 00:00:00,1.0070015409969328
2006-11-01 00:00:00,1.0073709085711824
2006-11-02 00:00:00,1.0072126081822184
2006-11-03 00:00:00,1.0031495648654734
2006-11-06 00:00:00,1.000827825827333
2006-11-07 00:00:00,1.007740276145432
2006-11-08 00:00:00,1.005576837496256
2006-11-09 00:00:00,1.0061045054594695
2006-11-10 00:00:00,1.0089011456645018
2006-11-13 00:00:00,1.003835533217651
2006-11-14 00:00:00,0.9997197231045846
2006-11-15 00:00:00,0.9963954149363385
2006-11-16 00:00:00,0.9973979840664444
2006-11-17 00:00:00,0.9991920551413708
2006-11-20 00:00:00,1.0006167586420476
2006-11-21 00:00:00,1.0017248613647964
2006-11-22 00:00:00,1.010220315572536
2006-11-24 00:00:00,1.019190670947168
2006-11-27 00:00:00,1.0216905612430485
2006-11-28 00:00:00,1.0216905612430485
2006-11-29 00:00:00,1.022319939412192
2006-11-30 00:00:00,1.0328620237453467
2006-12-01 00:00:00,1.0381592900023051
2006-12-04 00:00:00,1.0378446009177331
2006-12-05 00:00:00,1.035641777325731
2006-12-06 00:00:00,1.0328095755645847
2006-12-07 00:00:00,1.0294528919958192
2006-12-08 00:00:00,1.0260962084270533
2006-12-11 00:00:00,1.02546683025791
2006-12-12 00:00:00,1.030868992876392
2006-12-13 00:00:00,1.0312885783224879
2006-12-14 00:00:00,1.0303969592495343
2006-12-15 00:00:00,1.0247325557272424
2006-12-18 00:00:00,1.0205367012662854
2006-12-19 00:00:00,1.0314459228647737
2006-12-20 00:00:00,1.0305018556110583
2006-12-21 00:00:00,1.0291382029112472
2006-12-22 00:00:00,1.0264108975116253
2006-12-26 00:00:00,1.0263060011501013
2006-12-27 00:00:00,1.0262011047885773
2006-12-28 00:00:00,1.0290857547304852
2006-12-29 00:00:00,1.0272500684038166
2007-01-02 00:00:00,1.0351172955181112
2007-01-03 00:00:00,1.0226346284967638
2007-01-04 00:00:00,1.0197499785548558
2007-01-05 00:00:00,1.0125121296097048
2007-01-08 00:00:00,1.0167079840706619
2007-01-09 00:00:00,1.0174947067820914
2007-01-10 00:00:00,1.014033126851802
2007-01-11 00:00:00,1.019540185831808
2007-01-12 00:00:00,1.0267780347769588
2007-01-16 00:00:00,1.028246583838294
2007-01-17 00:00:00,1.0342781246259198
2007-01-18 00:00:00,1.0340158837221098
2007-01-19 00:00:00,1.0363236036756363
2007-01-22 00:00:00,1.0370054300255418
2007-01-23 00:00:00,1.040939043582689
2007-01-24 00:00:00,1.0319179564916314
2007-01-25 00:00:00,1.0333865055529663
2007-01-26 00:00:00,1.0275729394045872
2007-01-29 00:00:00,1.0275729394045872
2007-01-30 00:00:00,1.028884154364015
2007-01-31 00:00:00,1.0285694627737525
2007-02-01 00:00:00,1.0325031076520366
2007-02-02 00:00:00,1.0312443412909857
2007-02-05 00:00:00,1.0279925281916042
2007-02-06 00:00:00,1.0328702478406766
2007-02-07 00:00:00,1.0331849394309391
2007-02-08 00:00:00,1.0272582478143244
2007-02-09 00:00:00,1.0233770515344174
2007-02-12 00:00:00,1.0213840047960867
2007-02-13 00:00:00,1.0197580982463958
2007-02-14 00:00:00,1.0294610889461637
2007-02-15 00:00:00,1.0244260235019598
2007-02-16 00:00:00,1.0226952197555148
2007-02-20 00:00:00,1.0252127524776167
2007-02-21 00:00:00,1.0240064347149427
2007-02-22 00:00:00,1.0264715188386675
2007-02-23 00:00:00,1.030038023528312
2007-02-26 00:00:00,1.0296184347412949
2007-02-27 00:00:00,1.0311918926926087
2007-02-28 00:00:00,1.0286743599705068
2007-03-01 00:00:00,1.0268911076256846
2007-03-02 00:00:00,1.0205448272220528
2007-03-05 00:00:00,1.0088487897839544
2007-03-06 00:00:00,1.0106844907271537
2007-03-07 00:00:00,1.0130446776541242
2007-03-08 00:00:00,1.0122579486784673
2007-03-09 00:00:00,1.0132020234492556
2007-03-12 00:00:00,1.0117859112930732
2007-03-13 00:00:00,1.013411817842764
2007-03-14 00:00:00,1.014198546818421
2007-03-15 00:00:00,1.0156671075729804
2007-03-16 00:00:00,1.0187091262788535
2007-03-19 00:00:00,1.0206497244188069
2007-03-20 00:00:00,1.0269435562240616
2007-03-21 00:00:00,1.0277827337980956
2007-03-22 00:00:00,1.031768827274757
2007-03-23 00:00:00,1.0296708833396722
2007-03-26 00:00:00,1.0329226964390539
2007-03-27 00:00:00,1.0310409666059186
2007-03-28 00:00:00,1.0310409666059186
2007-03-29 00:00:00,1.0301405173814357
2007-03-30 00:00:00,1.027031933916096
2007-04-02 00:00:00,1.0216626415851164
2007-04-03 00:00:00,1.0218662594810621
2007-04-04 00:00:00,1.0231213698726542
2007-04-05 00:00:00,1.0255856966342394
2007-04-06 00:00:00,1.028312896519736
2007-04-09 00:00:00,1.0307246486565387
2007-04-10 00:00:00,1.0248821847025187
2007-04-11 00:00:00,1.0212478549893556
2007-04-12 00:00:00,1.022082368382689
2007-04-13 00:00:00,1.0188686356677843
2007-04-16 00:00:00,1.0147085597067982
2007-04-17 00:00:00,1.0065528122623562
2007-04-18 00:00:00,1.0075450495300364
2007-04-19 00:00:00,1.0081166897994587
2007-04-20 00:00:00,1.0071110913254109
2007-04-23 00:00:00,1.0086290748409146
2007-04-24 00:00:00,1.0079914987403433
2007-04-25 00:00:00,1.0071961987654252
2007-04-26 00:00:00,1.0144448163822006
2007-04-27 00:00:00,1.010074441922085
2007-04-30 00:00:00,1.0092265673223846
2007-05-01 00:00:00,1.009535334467895
2007-05-02 00:00:00,1.013839773096861
2007-05-03 00:00:00,1.015462905861929
2007-05-04 00:00:00,1.0126171955205006
2007-05-07 00:00:00,1.0118744701703648
2007-05-08 00:00:00,1.014023349183256
2007-05-09 00:00:00,1.0107570418435692
2007-05-10 00:00:00,1.017532487837304
2007-05-11 00:00:00,1.0179464042323787
2007-05-14 00:00:00,1.0189912161248416
2007-05-15 00:00:00,1.0158300580347193
2007-05-16 00:00:00,1.0203973697875968
2007-05-17 00:00:00,1.021705054803971
2007-05-18 00:00:00,1.021277777202529
2007-05-21 00:00:00,1.0243729994615018
2007-05-22 00:00:00,1.0204757966244273
2007-05-23 00:00:00,1.014271445755643
2007-05-24 00:00:00,1.014271445755643
2007-05-25 00:00:00,1.0139138042021325
2007-05-29 00:00:00,1.0123299630365863
2007-05-30 00:00:00,1.0089068224529862
2007-05-31 00:00:00,1.0114614049780608
2007-06-01 00:00:00,1.0118190465315713
2007-06-04 00:00:00,1.0178478612907473
2007-06-05 00:00:00,1.018818602650276
2007-06-06 00:00:00,1.017490219737237
2007-06-07 00:00:00,1.0115124966285622
2007-06-08 00:00:00,1.0043085739078519
2007-06-11 00:00:00,1.005790231772395
2007-06-12 00:00:00,1.0090600974044908
2007-06-13 00:00:00,1.007936081093458
2007-06-14 00:00:00,1.00630114827741
2007-06-15 00:00:00,1.009826472162013
2007-06-18 00:00:00,1.0127386962405982
2007-06-19 00:00:00,1.0159063785716906
2007-06-20 00:00:00,1.01861423604827
2007-06-21 00:00:00,1.0179500445917504
2007-06-22 00:00:00,1.0205557187673266
2007-06-25 00:00:00,1.0198915273108073
2007-06-26 00:00:00,1.0216797350783595
2007-06-27 00:00:00,1.0200448022623116
2007-06-28 00:00:00,1.0229570263408967
2007-06-29 00:00:00,1.025051784011458
2007-07-02 00:00:00,1.0300587657606042
2007-07-03 00:00:00,1.0304164073141147
2007-07-05 00:00:00,1.0276574581870341
2007-07-06 00:00:00,1.0279129164395415
2007-07-09 00:00:00,1.0303142240131118
2007-07-10 00:00:00,1.0345037393542342
2007-07-11 00:00:00,1.038182338190342
2007-07-12 00:00:00,1.0365474053742938
2007-07-13 00:00:00,1.0394085378023776
2007-07-16 00:00:00,1.0409412873174222
2007-07-17 00:00:00,1.0450797110080434
2007-07-18 00:00:00,1.0491159513976611
2007-07-19 00:00:00,1.0468679187755956
2007-07-20 00:00:00,1.0507508842137092
2007-07-23 00:00:00,1.0514173441395107
2007-07-24 00:00:00,1.0514173441395107
2007-07-25 00:00:00,1.045555180143775
2007-07-26 00:00:00,1.0443827473446279
2007-07-27 00:00:00,1.0342896302041438
2007-07-30 00:00:00,1.0316389125712895
2007-07-31 00:00:00,1.0380618052970518
2007-08-01 00:00:00,1.0352581616469176
2007-08-02 00:00:00,1.0371442491933718
2007-08-03 00:00:00,1.04122227632084
2007-08-06 00:00:00,1.034442556221424
2007-08-07 00:00:00,1.0298038003639287
2007-08-08 00:00:00,1.0382657066534253
2007-08-09 00:00:00,1.0333210987613701
2007-08-10 00:00:00,1.0306703811285156
2007-08-13 00:00:00,1.0257767485755538
2007-08-14 00:00:00,1.0195067818670713
2007-08-15 00:00:00,1.015581680756883
2007-08-16 00:00:00,1.0107899988821079
2007-08-17 00:00:00,1.0107390235430145
2007-08-20 00:00:00,1.0108409742212012
2007-08-21 00:00:00,1.0099743934566143
2007-08-22 00:00:00,1.0152248533832295
2007-08-23 00:00:00,1.0212909187353385
2007-08-24 00:00:00,1.0245533404373133
2007-08-27 00:00:00,1.0263374773055804
2007-08-28 00:00:00,1.0228201789081393
2007-08-29 00:00:00,1.0287842935820617
2007-08-30 00:00:00,1.027662836122008
2007-08-31 00:00:00,1.0279177128174748
2007-09-03 00:00:00,1.0279177128174748
2007-09-04 00:00:00,1.0250630938282468
2007-09-05 00:00:00,1.0307723318067024
2007-09-06 00:00:00,1.0318428139276627
2007-09-07 00:00:00,1.0339328028304904
2007-09-10 00:00:00,1.034187679525957
2007-09-11 00:00:00,1.035767915037851
2007-09-12 00:00:00,1.0355130383423843
2007-09-13 00:00:00,1.0336779261350235
2007-09-14 00:00:00,1.022922129586326
2007-09-17 00:00:00,1.015428754739603
2007-09-18 00:00:00,1.017815022508309
2007-09-19 00:00:00,1.017815022508309
2007-09-20 00:00:00,1.0254041952228032
2007-09-21 00:00:00,1.0292751826476458
2007-09-24 00:00:00,1.0299882592785379
2007-09-25 00:00:00,1.0272887548901608
2007-09-26 00:00:00,1.0267794144395235
2007-09-27 00:00:00,1.0306504018643663
2007-09-28 00:00:00,1.038494244804179
2007-10-01 00:00:00,1.0408881449221739
2007-10-02 00:00:00,1.0399203980659633
2007-10-03 00:00:00,1.0374755639029047
2007-10-04 00:00:00,1.0386470469393703
2007-10-05 00:00:00,1.0408881449221739
2007-10-08 00:00:00,1.0408881449221739
2007-10-09 00:00:00,1.0355400701904833
2007-10-10 00:00:00,1.0406844087419191
2007-10-11 00:00:00,1.036100344686184
2007-10-12 00:00:00,1.0359984765960568
2007-10-15 00:00:00,1.0400222661560907
2007-10-16 00:00:00,1.0353363340102284
2007-10-17 00:00:00,1.0383923767140517
2007-10-18 00:00:00,1.041957759868512
2007-10-19 00:00:00,1.0433329790852324
2007-10-22 00:00:00,1.0328914998471697
2007-10-23 00:00:00,1.0438932535809333
2007-10-24 00:00:00,1.0436895174006786
2007-10-25 00:00:00,1.0433839131302962
2007-10-26 00:00:00,1.044861000437144
2007-10-29 00:00:00,1.0496997347181973
2007-10-30 00:00:00,1.0528576455121479
2007-10-31 00:00:00,1.0582566542889023
2007-11-01 00:00:00,1.0603449501365148
2007-11-02 00:00:00,1.0604468182266422
2007-11-05 00:00:00,1.0593772032803042
2007-11-06 00:00:00,1.0624332459841273
2007-11-07 00:00:00,1.0719069783659791
2007-11-08 00:00:00,1.0749120870247386
2007-11-09 00:00:00,1.0650818163274407
2007-11-13 00:00:00,1.0558118201258437
2007-11-14 00:00:00,1.048528251681732
2007-11-15 00:00:00,1.042976700533416
2007-11-16 00:00:00,1.042976700533416
2007-11-19 00:00:00,1.0428748473400047
2007-11-20 00:00:00,1.0517360751668021
2007-11-21 00:00:00,1.0483239931875181
2007-11-22 00:00:00,1.0483239931875181
2007-11-23 00:00:00,1.0472545346566977
2007-11-26 00:00:00,1.0532129464712683
2007-11-27 00:00:00,1.051787001763508
2007-11-28 00:00:00,1.0535694326482083
2007-11-29 00:00:00,1.0512268091997448
2007-11-30 00:00:00,1.047407314446815
2007-12-03 00:00:00,1.0520416347470365
2007-12-04 00:00:00,1.0479165804138721
2007-12-05 00:00:00,1.0331987939659153
2007-12-06 00:00:00,1.033249720562621
2007-12-07 00:00:00,1.033249720562621
2007-12-10 00:00:00,1.0418053888091843
2007-12-11 00:00:00,1.0382405270397828
2007-12-12 00:00:00,1.0436896728872962
2007-12-13 00:00:00,1.0386479398134287
2007-12-14 00:00:00,1.0285644736656934
2007-12-17 00:00:00,1.0270876023612272
2007-12-18 00:00:00,1.0256616576534667
2007-12-19 00:00:00,1.0150179989419685
2007-12-20 00:00:00,1.0094160733043378
2007-12-21 00:00:00,1.0100271924648068
2007-12-24 00:00:00,1.0070225232591685
2007-12-26 00:00:00,1.0100271924648068
2007-12-27 00:00:00,1.0137957606210308
2007-12-28 00:00:00,1.014916145748557
2007-12-31 00:00:00,1.010536458431864
2008-01-02 00:00:00,1.009568853094455
2008-01-03 00:00:00,1.0049345327942334
2008-01-04 00:00:00,1.0061567711151709
2008-01-07 00:00:00,1.0034067348930613
2008-01-08 00:00:00,1.004832679600822
2008-01-09 00:00:00,0.9963279379509644
2008-01-10 00:00:00,0.9963788645476701
2008-01-11 00:00:00,0.997753882658725
2008-01-14 00:00:00,0.9972955432883733
2008-01-15 00:00:00,1.001464190788318
2008-01-16 00:00:00,1.001464190788318
2008-01-17 00:00:00,0.9960010337749137
2008-01-18 00:00:00,1.0069076702864634
2008-01-22 00:00:00,1.0044022952806833
2008-01-23 00:00:00,1.0075065068410867
2008-01-24 00:00:00,0.9963317707784772
2008-01-25 00:00:00,0.992755474700971
2008-01-28 00:00:00,0.9898931260046155
2008-01-29 00:00:00,0.9898355705913519
2008-01-30 00:00:00,0.9886051016233407
2008-01-31 00:00:00,0.9877826025874156
2008-02-01 00:00:00,0.99833226540839
2008-02-04 00:00:00,0.9936850482591578
2008-02-05 00:00:00,1.001327925314019
2008-02-06 00:00:00,1.002392287213992
2008-02-07 00:00:00,1.0117180402387083
2008-02-08 00:00:00,1.0089576840253742
2008-02-11 00:00:00,1.0082371774724705
2008-02-12 00:00:00,1.0012441332137436
2008-02-13 00:00:00,1.001390562766523
2008-02-14 00:00:00,0.9967433456172907
2008-02-15 00:00:00,1.0015304331475492
2008-02-19 00:00:00,1.0066744943683832
2008-02-20 00:00:00,1.01202254055526
2008-02-21 00:00:00,1.0013067706662475
2008-02-22 00:00:00,0.9984954182114026
2008-02-25 00:00:00,0.998437862798139
2008-02-26 00:00:00,0.9943516043055253
2008-02-27 00:00:00,0.9853187103863678
2008-02-28 00:00:00,0.9875049895995773
2008-02-29 00:00:00,0.9882123778089751
2008-03-03 00:00:00,0.988868769776862
2008-03-04 00:00:00,0.9886072293975554
2008-03-05 00:00:00,0.984214993455877
2008-03-06 00:00:00,0.9773239416801716
2008-03-07 00:00:00,0.974461592983816
2008-03-10 00:00:00,0.9724661803931434
2008-03-11 00:00:00,0.9787831551687246
2008-03-12 00:00:00,0.9700562386986316
2008-03-13 00:00:00,0.964899059134292
2008-03-14 00:00:00,0.9654080005694746
2008-03-17 00:00:00,0.9654080005694746
2008-03-18 00:00:00,0.9654080005694746
2008-03-19 00:00:00,0.9654080005694746
2008-03-20 00:00:00,0.9654080005694746
2008-03-21 00:00:00,0.9654080005694746
2008-03-24 00:00:00,0.9654080005694746
2008-03-25 00:00:00,0.9654080005694746
2008-03-26 00:00:00,0.9654080005694746
2008-03-27 00:00:00,0.9654080005694746
2008-03-28 00:00:00,0.9654080005694746
2008-03-31 00:00:00,0.9654080005694746
2008-04-01 00:00:00,0.9654080005694746
2008-04-02 00:00:00,0.9654080005694746
2008-04-03 00:00:00,0.9654080005694746
2008-04-04 00:00:00,0.9654080005694746
2008-04-07 00:00:00,0.9654080005694746
2008-04-08 00:00:00,0.9654080005694746
2008-04-09 00:00:00,0.9654080005694746
2008-04-10 00:00:00,0.9654080005694746
2008-04-11 00:00:00,0.9654080005694746
2008-04-14 00:00:00,0.9654080005694746
2008-04-15 00:00:00,0.9654080005694746
2008-04-16 00:00:00,0.9654080005694746
2008-04-17 00:00:00,0.9654080005694746
2008-04-18 00:00:00,0.9654080005694746
2008-04-21 00:00:00,0.9654080005694746
2008-04-22 00:00:00,0.9654080005694746
2008-04-23 00:00:00,0.9654080005694746
2008-04-24 00:00:00,0.9654080005694746
2008-04-25 00:00:00,0.9654080005694746
2008-04-28 00:00:00,0.9654080005694746
2008-04-29 00:00:00,0.9654080005694746
2008-04-30 00:00:00,0.9654080005694746
2008-05-01 00:00:00,0.9654080005694746
2008-05-02 00:00:00,0.9654080005694746
2008-05-05 00:00:00,0.9654080005694746
2008-05-06 00:00:00,0.9654080005694746
2008-05-07 00:00:00,0.9654080005694746
2008-05-08 00:00:00,0.9654080005694746
2008-05-09 00:00:00,0.9654080005694746
2008-05-12 00:00:00,0.9654080005694746
2008-05-13 00:00:00,0.9654080005694746
2008-05-14 00:00:00,0.9654080005694746
2008-05-15 00:00:00,0.9654080005694746
2008-05-16 00:00:00,0.9654080005694746
2008-05-19 00:00:00,0.9654080005694746
2008-05-20 00:00:00,0.9654080005694746
2008-05-21 00:00:00,0.9654080005694746
2008-05-22 00:00:00,0.9654080005694746
2008-05-23 00:00:00,0.9654080005694746
2008-05-27 00:00:00,0.9654080005694746
2008-05-28 00:00:00,0.9654080005694746
2008-05-29 00:00:00,0.9654080005694746
2008-05-30 00:00:00,0.9654080005694746
2008-06-02 00:00:00,0.9654080005694746
2008-06-03 00:00:00,0.9654080005694746
2008-06-04 00:00:00,0.9654080005694746
2008-06-05 00:00:00,0.9654080005694746
2008-06-06 00:00:00,0.9654080005694746
2008-06-09 00:00:00,0.9654080005694746
2008-06-10 00:00:00,0.9654080005694746
2008-06-11 00:00:00,0.9654080005694746
2008-06-12 00:00:00,0.9654080005694746
2008-06-13 00:00:00,0.9654080005694746
2008-06-16 00:00:00,0.9654080005694746
2008-06-17 00:00:00,0.9654080005694746
2008-06-18 00:00:00,0.9654080005694746
2008-06-19 00:00:00,0.9654080005694746
2008-06-20 00:00:00,0.9654080005694746
2008-06-23 00:00:00,0.9654080005694746
2008-06-24 00:00:00,0.9654080005694746
2008-06-25 00:00:00,0.9654080005694746
2008-06-26 00:00:00,0.9654080005694746
2008-06-27 00:00:00,0.9654080005694746
2008-06-30 00:00:00,0.9654080005694746
2008-07-01 00:00:00,0.9654080005694746
2008-07-02 00:00:00,0.9654080005694746
2008-07-03 00:00:00,0.9654080005694746
2008-07-07 00:00:00,0.9654080005694746
2008-07-08 00:00:00,0.9659406727050052
2008-07-09 00:00:00,0.9596605453239008
2008-07-10 00:00:00,0.9613205152211768
2008-07-11 00:00:00,0.9554815043555379
2008-07-14 00:00:00,0.9539556327522294
2008-07-15 00:00:00,0.9484597125097304
2008-07-16 00:00:00,0.9504137600839833
2008-07-17 00:00:00,0.9482507201805577
2008-07-18 00:00:00,0.9507929231087646
2008-07-21 00:00:00,0.9510315175673182
2008-07-22 00:00:00,0.9528385263030826
2008-07-23 00:00:00,0.9488620073916318
2008-07-24 00:00:00,0.9580699709979853
2008-07-25 00:00:00,0.9556618663637454
2008-07-28 00:00:00,0.9525185675370628
2008-07-29 00:00:00,0.9592268708891114
2008-07-30 00:00:00,0.9589263229398736
2008-07-31 00:00:00,0.9590668915061014
2008-08-01 00:00:00,0.9620992238959369
2008-08-04 00:00:00,0.9687585143018226
2008-08-05 00:00:00,0.9723299890994491
2008-08-06 00:00:00,0.9748721920276562
2008-08-07 00:00:00,0.9767772266557464
2008-08-08 00:00:00,0.9887789281933816
2008-08-11 00:00:00,0.9911250793369373
2008-08-12 00:00:00,0.9978823956351486
2008-08-13 00:00:00,1.0136580940273225
2008-08-14 00:00:00,1.0119851835855254
2008-08-15 00:00:00,1.0150665289215237
2008-08-18 00:00:00,1.0139327608875177
2008-08-19 00:00:00,1.0147595107000251
2008-08-20 00:00:00,1.0172527006820693
2008-08-21 00:00:00,1.0096002108084057
2008-08-22 00:00:00,1.02003349806883
2008-08-25 00:00:00,1.0178704581654043
2008-08-26 00:00:00,1.0276175641795489
2008-08-27 00:00:00,1.0309439742463613
2008-08-28 00:00:00,1.0335351901207313
2008-08-29 00:00:00,1.0371066649183578
2008-09-02 00:00:00,1.0532789221566408
2008-09-03 00:00:00,1.0532789221566408
2008-09-04 00:00:00,1.0594924864266182
2008-09-05 00:00:00,1.0595503323541238
2008-09-08 00:00:00,1.0680131014030814
2008-09-09 00:00:00,1.0603171098030497
2008-09-10 00:00:00,1.0676552764625173
2008-09-11 00:00:00,1.0705542231634713
2008-09-12 00:00:00,1.0468770397127911
2008-09-15 00:00:00,1.0479411088308928
2008-09-16 00:00:00,1.0523197955180181
2008-09-17 00:00:00,1.046754629498073
2008-09-18 00:00:00,1.0294699227876523
2008-09-19 00:00:00,1.0228393439776637
2008-09-22 00:00:00,1.0117103556097151
2008-09-23 00:00:00,1.0072697919792604
2008-09-24 00:00:00,1.0105238762768953
2008-09-25 00:00:00,1.0161455445524041
2008-09-26 00:00:00,1.016440148877697
2008-09-29 00:00:00,1.0374511130093864
2008-09-30 00:00:00,1.0515960836052414
2008-10-01 00:00:00,1.051535550333853
2008-10-02 00:00:00,1.0602942673800448
2008-10-03 00:00:00,1.0552026181556744
2008-10-06 00:00:00,1.076450340685151
2008-10-07 00:00:00,1.0638416123310312
2008-10-08 00:00:00,1.0804725461036537
2008-10-09 00:00:00,1.0854431287852475
2008-10-10 00:00:00,1.0965102402098663
2008-10-14 00:00:00,1.070110335184631
2008-10-15 00:00:00,1.0730092818855852
2008-10-16 00:00:00,1.0841355829096508
2008-10-17 00:00:00,1.0802869152736645
2008-10-20 00:00:00,1.0904661827065807
2008-10-21 00:00:00,1.1079849604709058
2008-10-22 00:00:00,1.1471671316327772
2008-10-23 00:00:00,1.1466922711652607
2008-10-24 00:00:00,1.1791860175896383
2008-10-27 00:00:00,1.1885366306302987
2008-10-28 00:00:00,1.1814325350247354
2008-10-29 00:00:00,1.1395249549444264
2008-10-30 00:00:00,1.1408057467809027
2008-10-31 00:00:00,1.1408057467809027
2008-11-03 00:00:00,1.1408057467809027
2008-11-04 00:00:00,1.1408057467809027
2008-11-05 00:00:00,1.1408057467809027
2008-11-06 00:00:00,1.1408057467809027
2008-11-07 00:00:00,1.1408057467809027
2008-11-10 00:00:00,1.1408057467809027
2008-11-12 00:00:00,1.1408057467809027
2008-11-13 00:00:00,1.1408057467809027
2008-11-14 00:00:00,1.1408057467809027
2008-11-17 00:00:00,1.1408057467809027
2008-11-18 00:00:00,1.1408057467809027
2008-11-19 00:00:00,1.1408057467809027
2008-11-20 00:00:00,1.1408057467809027
2008-11-21 00:00:00,1.1408057467809027
2008-11-24 00:00:00,1.1408057467809027
2008-11-25 00:00:00,1.1408057467809027
2008-11-26 00:00:00,1.1408057467809027
2008-11-28 00:00:00,1.1408057467809027
2008-12-01 00:00:00,1.1408057467809027
2008-12-02 00:00:00,1.1408057467809027
2008-12-03 00:00:00,1.1408057467809027
2008-12-04 00:00:00,1.1408057467809027
2008-12-05 00:00:00,1.1408057467809027
2008-12-08 00:00:00,1.1408057467809027
2008-12-09 00:00:00,1.1408057467809027
2008-12-10 00:00:00,1.1408057467809027
2008-12-11 00:00:00,1.1408057467809027
2008-12-12 00:00:00,1.1408057467809027
2008-12-15 00:00:00,1.1408057467809027
2008-12-16 00:00:00,1.1408057467809027
2008-12-17 00:00:00,1.1408057467809027
2008-12-18 00:00:00,1.1408057467809027
2008-12-19 00:00:00,1.1408057467809027
2008-12-22 00:00:00,1.1408057467809027
2008-12-23 00:00:00,1.1408057467809027
2008-12-24 00:00:00,1.1408057467809027
2008-12-26 00:00:00,1.1408057467809027
2008-12-29 00:00:00,1.1408057467809027
2008-12-30 00:00:00,1.1408057467809027
2008-12-31 00:00:00,1.1408057467809027
2009-01-02 00:00:00,1.1408057467809027
2009-01-05 00:00:00,1.1408057467809027
2009-01-06 00:00:00,1.1408057467809027
2009-01-07 00:00:00,1.1408057467809027
2009-01-08 00:00:00,1.1408057467809027
2009-01-09 00:00:00,1.1408057467809027
2009-01-12 00:00:00,1.1408057467809027
2009-01-13 00:00:00,1.1408057467809027
2009-01-14 00:00:00,1.1408057467809027
2009-01-15 00:00:00,1.1408057467809027
2009-01-16 00:00:00,1.1408057467809027
2009-01-20 00:00:00,1.1408057467809027
2009-01-21 00:00:00,1.1408057467809027
2009-01-22 00:00:00,1.1408057467809027
2009-01-23 00:00:00,1.1408057467809027
2009-01-26 00:00:00,1.1408057467809027
2009-01-27 00:00:00,1.1408057467809027
2009-01-28 00:00:00,1.1408057467809027
2009-01-29 00:00:00,1.1408057467809027
2009-01-30 00:00:00,1.1408057467809027
2009-02-02 00:00:00,1.1408057467809027
2009-02-03 00:00:00,1.1408057467809027
2009-02-04 00:00:00,1.1408057467809027
2009-02-05 00:00:00,1.1408057467809027
2009-02-06 00:00:00,1.1408057467809027
2009-02-09 00:00:00,1.1408057467809027
2009-02-10 00:00:00,1.1408057467809027
2009-02-11 00:00:00,1.1408057467809027
2009-02-12 00:00:00,1.1408057467809027
2009-02-13 00:00:00,1.1408057467809027
2009-02-17 00:00:00,1.1408057467809027
2009-02-18 00:00:00,1.1408057467809027
2009-02-19 00:00:00,1.1408057467809027
2009-02-20 00:00:00,1.1408057467809027
2009-02-23 00:00:00,1.1408057467809027
2009-02-24 00:00:00,1.1408057467809027
2009-02-25 00:00:00,1.1408057467809027
2009-02-26 00:00:00,1.1408057467809027
2009-02-27 00:00:00,1.1408057467809027
2009-03-02 00:00:00,1.1408057467809027
2009-03-03 00:00:00,1.1408057467809027
2009-03-04 00:00:00,1.1408057467809027
2009-03-05 00:00:00,1.1408057467809027
2009-03-06 00:00:00,1.1408057467809027
2009-03-09 00:00:00,1.1408057467809027
2009-03-10 00:00:00,1.1408057467809027
2009-03-11 00:00:00,1.1408057467809027
2009-03-12 00:00:00,1.1408057467809027
2009-03-13 00:00:00,1.1408057467809027
2009-03-16 00:00:00,1.1310239018217787
2009-03-17 00:00:00,1.136918746197176
2009-03-18 00:00:00,1.1404457572876714
2009-03-19 00:00:00,1.0905740453324535
2009-03-20 00:00:00,1.1026742459027654
2009-03-23 00:00:00,1.0976280675134447
2009-03-24 00:00:00,1.078456538838331
2009-03-25 00:00:00,1.090230141714174
2009-03-26 00:00:00,1.0973497274438306
2009-03-27 00:00:00,1.1113278647573404
2009-03-30 00:00:00,1.1257142491889367
2009-03-31 00:00:00,1.1132379732504418
2009-04-01 00:00:00,1.1048441684928116
2009-04-02 00:00:00,1.080447076706191
2009-04-03 00:00:00,1.0721349213721783
2009-04-06 00:00:00,1.0793361565254522
2009-04-07 00:00:00,1.0766578114210332
2009-04-08 00:00:00,1.080838017900467
2009-04-09 00:00:00,1.0864062645813954
2009-04-10 00:00:00,1.085360907949322
2009-04-13 00:00:00,1.0692920573716658
2009-04-14 00:00:00,1.0630211376280856
2009-04-15 00:00:00,1.056178671919184
2009-04-16 00:00:00,1.0627267116835197
2009-04-17 00:00:00,1.0733572226287205
2009-04-20 00:00:00,1.0933774172899104
2009-04-21 00:00:00,1.0805745436569463
2009-04-22 00:00:00,1.096185669442802
2009-04-23 00:00:00,1.084770836011332
2009-04-24 00:00:00,1.0796430081983936
2009-04-27 00:00:00,1.0811287836984569
2009-04-28 00:00:00,1.0868603292266195
2009-04-29 00:00:00,1.0708731280725807
2009-04-30 00:00:00,1.071052512794767
2009-05-01 00:00:00,1.064291696509483
2009-05-04 00:00:00,1.0557345929046182
2009-05-05 00:00:00,1.0463609950635806
2009-05-06 00:00:00,1.049234810765138
2009-05-07 00:00:00,1.0527618218556334
2009-05-08 00:00:00,1.0465569075061054
2009-05-11 00:00:00,1.0465569075061054
2009-05-12 00:00:00,1.0531216421520664
2009-05-13 00:00:00,1.047938956905255
2009-05-14 00:00:00,1.0500120310039798
2009-05-15 00:00:00,1.0518777976928317
2009-05-18 00:00:00,1.057889712579133
2009-05-19 00:00:00,1.0711573868109698
2009-05-20 00:00:00,1.082835704233785
2009-05-21 00:00:00,1.089262233939831
2009-05-22 00:00:00,1.0981764525643465
2009-05-26 00:00:00,1.1013551661823908
2009-05-27 00:00:00,1.1103384872768638
2009-05-28 00:00:00,1.1025990106416255
2009-05-29 00:00:00,1.1166959145129522
2009-06-01 00:00:00,1.136597425860708
2009-06-02 00:00:00,1.1412272913478596
2009-06-03 00:00:00,1.1336260196525363
2009-06-04 00:00:00,1.1175942466223998
2009-06-05 00:00:00,1.106814261309032
2009-06-08 00:00:00,1.1039810600407751
2009-06-09 00:00:00,1.1240898787984033
2009-06-10 00:00:00,1.1287197442855548
2009-06-11 00:00:00,1.143438570386499
2009-06-12 00:00:00,1.1417801111075194
2009-06-15 00:00:00,1.1241589812683608
2009-06-16 00:00:00,1.136459220920793
2009-06-17 00:00:00,1.125886543017298
2009-06-18 00:00:00,1.1311383307340668
2009-06-19 00:00:00,1.142747545686924
2009-06-22 00:00:00,1.129341666515172
2009-06-23 00:00:00,1.1294107689851296
2009-06-24 00:00:00,1.1392233197190924
2009-06-25 00:00:00,1.1288579492254698
2009-06-26 00:00:00,1.1400525493585822
2009-06-29 00:00:00,1.142471135807094
2009-06-30 00:00:00,1.1368738357405381
2009-07-01 00:00:00,1.141849213577477
2009-07-02 00:00:00,1.1331423023628338
2009-07-03 00:00:00,1.1288579492254698
2009-07-06 00:00:00,1.1215330874099765
2009-07-07 00:00:00,1.1162437425007854
2009-07-08 00:00:00,1.1162437425007854
2009-07-09 00:00:00,1.1353272132342487
2009-07-10 00:00:00,1.1272480796390598
2009-07-13 00:00:00,1.126830193418619
2009-07-14 00:00:00,1.134839679310401
2009-07-15 00:00:00,1.144938596304387
2009-07-16 00:00:00,1.1434063468294373
2009-07-17 00:00:00,1.1373469966330458
2009-07-20 00:00:00,1.1487692199917612
2009-07-21 00:00:00,1.143545642236251
2009-07-22 00:00:00,1.144938596304387
2009-07-23 00:00:00,1.1535052638234236
2009-07-24 00:00:00,1.1444510623805395
2009-07-27 00:00:00,1.1482120383645067
2009-07-28 00:00:00,1.1475852090338454
2009-07-29 00:00:00,1.1407597340999789
2009-07-30 00:00:00,1.1480030952542863
2009-07-31 00:00:00,1.1640220670378503
2009-08-03 00:00:00,1.1809464589657026
2009-08-04 00:00:00,1.1792749140839396
2009-08-05 00:00:00,1.1824090607372455
2009-08-06 00:00:00,1.1682705769456652
2009-08-07 00:00:00,1.1609575680879511
2009-08-10 00:00:00,1.1482816860679135
2009-08-11 00:00:00,1.1492567539156084
2009-08-12 00:00:00,1.15183371894166
2009-08-13 00:00:00,1.1547589224847459
2009-08-14 00:00:00,1.1512068896109993
2009-08-17 00:00:00,1.1368594627091984
2009-08-18 00:00:00,1.143475994532844
2009-08-19 00:00:00,1.1530177298995758
2009-08-20 00:00:00,1.1487692199917612
2009-08-21 00:00:00,1.1493960493224222
2009-08-24 00:00:00,1.1434063468294373
2009-08-25 00:00:00,1.144311766973726
2009-08-26 00:00:00,1.1307304648093999
2009-08-27 00:00:00,1.1291285676310434
2009-08-28 00:00:00,1.1374166443364526
2009-08-31 00:00:00,1.1362326333785369
2009-09-01 00:00:00,1.1260640686811443
2009-09-02 00:00:00,1.1327636136024808
2009-09-03 00:00:00,1.1327636136024808
2009-09-04 00:00:00,1.1344259791843847
2009-09-08 00:00:00,1.143707520350016
2009-09-09 00:00:00,1.1468244558160863
2009-09-10 00:00:00,1.1531968572133853
2009-09-11 00:00:00,1.1563830579120347
2009-09-14 00:00:00,1.148971678026046
2009-09-15 00:00:00,1.1384433626739865
2009-09-16 00:00:00,1.1429456027916431
2009-09-17 00:00:00,1.1444001726758095
2009-09-18 00:00:00,1.126668273135499
2009-09-21 00:00:00,1.1240361942974844
2009-09-22 00:00:00,1.1345645096495434
2009-09-23 00:00:00,1.1362268752314477
2009-09-24 00:00:00,1.1129537570847905
2009-09-25 00:00:00,1.1059579685942773
2009-09-28 00:00:00,1.102009850337255
2009-09-29 00:00:00,1.102979563593366
2009-09-30 00:00:00,1.108520782199713
2009-10-01 00:00:00,1.1047804596404285
2009-10-02 00:00:00,1.0997933628947163
2009-10-05 00:00:00,1.1031180940585243
2009-10-06 00:00:00,1.101594258941779
2009-10-07 00:00:00,1.1012479327788824
2009-10-08 00:00:00,1.1144775922015357
2009-10-09 00:00:00,1.1010401370811442
2009-10-13 00:00:00,1.1010401370811442
2009-10-14 00:00:00,1.1064428252223326
2009-10-15 00:00:00,1.1254907641816503
2009-10-16 00:00:00,1.1324865526721635
2009-10-19 00:00:00,1.1359498143011302
2009-10-20 00:00:00,1.1345645096495434
2009-10-21 00:00:00,1.1504955131427912
2009-10-22 00:00:00,1.1494565346541012
2009-10-23 00:00:00,1.1325558179047428
2009-10-26 00:00:00,1.1325558179047428
2009-10-27 00:00:00,1.131378308950894
2009-10-28 00:00:00,1.1342181834866467
2009-10-29 00:00:00,1.146962986281245
2009-10-30 00:00:00,1.141421767674898
2009-11-02 00:00:00,1.1363026375428429
2009-11-03 00:00:00,1.1363026375428429
2009-11-04 00:00:00,1.149342062303757
2009-11-05 00:00:00,1.1489259104496852
2009-11-06 00:00:00,1.1503824419389364
2009-11-09 00:00:00,1.15974585865555
2009-11-10 00:00:00,1.1569715129617384
2009-11-12 00:00:00,1.147400020318089
2009-11-13 00:00:00,1.1553069055454517
2009-11-16 00:00:00,1.164878398189101
2009-11-17 00:00:00,1.1630057148457784
2009-11-18 00:00:00,1.162173411137635
2009-11-19 00:00:00,1.155376264187797
2009-11-20 00:00:00,1.1464289993252548
2009-11-23 00:00:00,1.1512841042894248
2009-11-24 00:00:00,1.1497582141578286
2009-11-25 00:00:00,1.1562779265382856
2009-11-27 00:00:00,1.1440014468431698
2009-11-30 00:00:00,1.13810596224382
2009-12-01 00:00:00,1.1531567876327478
2009-12-02 00:00:00,1.154197167267927
2009-12-03 00:00:00,1.149827572800174
2009-12-04 00:00:00,1.1454579783324208
2009-12-07 00:00:00,1.139493135090726
2009-12-08 00:00:00,1.1306845875128746
2009-12-09 00:00:00,1.1265230689721573
2009-12-10 00:00:00,1.1275634486073365
2009-12-11 00:00:00,1.1261069171180855
2009-12-14 00:00:00,1.1295054905930046
2009-12-15 00:00:00,1.125968199833395
2009-12-16 00:00:00,1.135331616550009
2009-12-17 00:00:00,1.1191016942412115
2009-12-18 00:00:00,1.1154950448392567
2009-12-21 00:00:00,1.1154950448392567
2009-12-22 00:00:00,1.106686497261405
2009-12-23 00:00:00,1.1066171386190597
2009-12-24 00:00:00,1.105646117626226
2009-12-28 00:00:00,1.1098076361669431
2009-12-29 00:00:00,1.1022475441513067
2009-12-30 00:00:00,1.1132062096418622
2009-12-31 00:00:00,1.121321170796261
2010-01-04 00:00:00,1.116957478748971
2010-01-05 00:00:00,1.116957478748971
2010-01-06 00:00:00,1.1164048916151934
2010-01-07 00:00:00,1.1235968406886196
2010-01-08 00:00:00,1.1178812294167055
2010-01-11 00:00:00,1.1071421351995778
2010-01-12 00:00:00,1.1046359713648832
2010-01-13 00:00:00,1.0971063245849753
2010-01-14 00:00:00,1.0948094725396649
2010-01-15 00:00:00,1.10032692729802
2010-01-19 00:00:00,1.0911925567995024
2010-01-20 00:00:00,1.0969193233472414
2010-01-21 00:00:00,1.1019483839303676
2010-01-22 00:00:00,1.1084426270391812
2010-01-25 00:00:00,1.1002850448911214
2010-01-26 00:00:00,1.109081717683158
2010-01-27 00:00:00,1.1023893180607856
2010-01-28 00:00:00,1.0996738424367072
2010-01-29 00:00:00,1.1158661984536418
2010-02-01 00:00:00,1.1217325061943035
2010-02-02 00:00:00,1.1185984069914574
2010-02-03 00:00:00,1.1222320556453578
2010-02-04 00:00:00,1.1327729933489266
2010-02-05 00:00:00,1.1427557662808052
2010-02-08 00:00:00,1.140528684831956
2010-02-09 00:00:00,1.1384411445760294
2010-02-10 00:00:00,1.1434702051591559
2010-02-11 00:00:00,1.1386616116412385
2010-02-12 00:00:00,1.138946271664996
2010-02-16 00:00:00,1.1344865311293855
2010-02-17 00:00:00,1.136375914871753
2010-02-18 00:00:00,1.144823734681483
2010-02-19 00:00:00,1.1548762782098227
2010-02-22 00:00:00,1.152021261392822
2010-02-23 00:00:00,1.1528640861882702
2010-02-24 00:00:00,1.155032552316483
2010-02-25 00:00:00,1.1710853671404948
2010-02-26 00:00:00,1.1683698915164165
2010-03-01 00:00:00,1.1867949066201124
2010-03-02 00:00:00,1.189102913941248
2010-03-03 00:00:00,1.17620093123382
2010-03-04 00:00:00,1.1822903165025473
2010-03-05 00:00:00,1.1822903165025473
2010-03-08 00:00:00,1.18652445064941
2010-03-09 00:00:00,1.1909150241368618
2010-03-10 00:00:00,1.1928807878451815
2010-03-11 00:00:00,1.1869463648537488
2010-03-12 00:00:00,1.1762405419743471
2010-03-15 00:00:00,1.1875144464477216
2010-03-16 00:00:00,1.1757917678544902
2010-03-17 00:00:00,1.1675889744245147
2010-03-18 00:00:00,1.17135379054961
2010-03-19 00:00:00,1.1895110260089075
2010-03-22 00:00:00,1.1849845570827773
2010-03-23 00:00:00,1.1852294880446166
2010-03-24 00:00:00,1.1971291498803476
2010-03-25 00:00:00,1.1994077922698458
2010-03-26 00:00:00,1.197619011804026
2010-03-29 00:00:00,1.1926232248561282
2010-03-30 00:00:00,1.183090697031145
2010-03-31 00:00:00,1.1755136609635264
2010-04-01 00:00:00,1.1673108675335508
2010-04-02 00:00:00,1.1745173491516074
2010-04-05 00:00:00,1.16764429011664
2010-04-06 00:00:00,1.1718002045932079
2010-04-07 00:00:00,1.1704807421491554
2010-04-08 00:00:00,1.1683790830021572
2010-04-09 00:00:00,1.1605673879236549
2010-04-12 00:00:00,1.1607340992151993
2010-04-13 00:00:00,1.15691160732172
2010-04-14 00:00:00,1.1515247220223497
2010-04-15 00:00:00,1.1529429480386075
2010-04-16 00:00:00,1.1583503772398887
2010-04-19 00:00:00,1.1686074259994337
2010-04-20 00:00:00,1.1597788752071019
2010-04-21 00:00:00,1.157990094741282
2010-04-22 00:00:00,1.1601905174604854
2010-04-23 00:00:00,1.1605136680926191
2010-04-26 00:00:00,1.1523890943329382
2010-04-27 00:00:00,1.1664789069369177
2010-04-28 00:00:00,1.1761884180044009
2010-04-29 00:00:00,1.164935057432937
2010-04-30 00:00:00,1.164121324267174
2010-05-03 00:00:00,1.164121324267174
2010-05-04 00:00:00,1.1722266410351794
2010-05-05 00:00:00,1.1722361134013792
2010-05-06 00:00:00,1.1908813030698486
2010-05-07 00:00:00,1.2022707831329262
2010-05-10 00:00:00,1.1837972899780227
2010-05-11 00:00:00,1.1858689113899654
2010-05-12 00:00:00,1.1932104692521404
2010-05-13 00:00:00,1.2081132402820391
2010-05-14 00:00:00,1.2158366775971292
2010-05-17 00:00:00,1.2286772995812851
2010-05-18 00:00:00,1.2247152256371654
2010-05-19 00:00:00,1.2315221522652586
2010-05-20 00:00:00,1.231837128193791
2010-05-21 00:00:00,1.222452366018273
2010-05-24 00:00:00,1.224600363320799
2010-05-25 00:00:00,1.2310254104959768
2010-05-26 00:00:00,1.2272160883330232
2010-05-27 00:00:00,1.2143180351906837
2010-05-28 00:00:00,1.2201320752411973
2010-06-01 00:00:00,1.206241135521278
2010-06-02 00:00:00,1.2086182604955533
2010-06-03 00:00:00,1.2104607542357468
2010-06-04 00:00:00,1.2197880852530814
2010-06-07 00:00:00,1.219339302275783
2010-06-08 00:00:00,1.2250769664357133
2010-06-09 00:00:00,1.2125607927462894
2010-06-10 00:00:00,1.2056964349600128
2010-06-11 00:00:00,1.215482021320846
2010-06-14 00:00:00,1.1982305424152717
2010-06-15 00:00:00,1.1938102131276536
2010-06-16 00:00:00,1.1929031748068564
2010-06-17 00:00:00,1.1952802997811316
2010-06-18 00:00:00,1.196664538177827
2010-06-21 00:00:00,1.1936189749207038
2010-06-22 00:00:00,1.191719050022327
2010-06-23 00:00:00,1.1838618056584704
2010-06-24 00:00:00,1.1811981218542629
2010-06-25 00:00:00,1.1812075942204627
2010-06-28 00:00:00,1.1725102150601925
2010-06-29 00:00:00,1.1733924652784415
2010-06-30 00:00:00,1.1733924652784415
2010-07-01 00:00:00,1.1874445995719347
2010-07-02 00:00:00,1.1916052873795053
2010-07-06 00:00:00,1.1916837909230444
2010-07-07 00:00:00,1.1916052873795053
2010-07-08 00:00:00,1.1898782094216458
2010-07-09 00:00:00,1.1850109897222236
2010-07-12 00:00:00,1.1788092097826373
2010-07-13 00:00:00,1.191291273205349
2010-07-14 00:00:00,1.1998481594511075
2010-07-15 00:00:00,1.2070704854567016
2010-07-16 00:00:00,1.2002406771688026
2010-07-19 00:00:00,1.194980939751685
2010-07-20 00:00:00,1.1975715566884744
2010-07-21 00:00:00,1.1933323653373646
2010-07-22 00:00:00,1.1997696559075683
2010-07-23 00:00:00,1.2109171590901158
2010-07-26 00:00:00,1.216019889420155
2010-07-27 00:00:00,1.2197880595100306
2010-07-28 00:00:00,1.2255188181883825
2010-07-29 00:00:00,1.2239487473176012
2010-07-30 00:00:00,1.2336046831729062
2010-08-02 00:00:00,1.2479708316405556
2010-08-03 00:00:00,1.2514249875562746
2010-08-04 00:00:00,1.247185796205165
2010-08-05 00:00:00,1.2450662005296103
2010-08-06 00:00:00,1.2544081222107595
2010-08-09 00:00:00,1.251739001730431
2010-08-10 00:00:00,1.2384719028723286
2010-08-11 00:00:00,1.2315635910408906
2010-08-12 00:00:00,1.2225356835338979
2010-08-13 00:00:00,1.2230852083386712
2010-08-16 00:00:00,1.2308570591490389
2010-08-17 00:00:00,1.2235562295999058
2010-08-18 00:00:00,1.226146846536695
2010-08-19 00:00:00,1.2255973217319214
2010-08-20 00:00:00,1.217982478008632
2010-08-23 00:00:00,1.2193170382487961
2010-08-24 00:00:00,1.2145283220929128
2010-08-25 00:00:00,1.2136647831139833
2010-08-26 00:00:00,1.2222621693378533
2010-08-27 00:00:00,1.2222621693378533
2010-08-30 00:00:00,1.2179329305876225
2010-08-31 00:00:00,1.2088808859280493
2010-09-01 00:00:00,1.2178542171558002
2010-09-02 00:00:00,1.2116358560418325
2010-09-03 00:00:00,1.2162799485193525
2010-09-07 00:00:00,1.2054962083596872
2010-09-08 00:00:00,1.2210814678605175
2010-09-09 00:00:00,1.2159650947920633
2010-09-10 00:00:00,1.2111635754508983
2010-09-13 00:00:00,1.217381936564866
2010-09-14 00:00:00,1.224702285724347
2010-09-15 00:00:00,1.2311567871337818
2010-09-16 00:00:00,1.228874097610933
2010-09-17 00:00:00,1.2306845065428473
2010-09-20 00:00:00,1.225095852883459
2010-09-21 00:00:00,1.224072578269768
2010-09-22 00:00:00,1.2317864945883608
2010-09-23 00:00:00,1.2376112885432167
2010-09-24 00:00:00,1.2459549123163882
2010-09-27 00:00:00,1.2476866078164806
2010-09-28 00:00:00,1.2443019302481184
2010-09-29 00:00:00,1.2446167839754079
2010-09-30 00:00:00,1.2382409959977956
2010-10-01 00:00:00,1.2459549123163882
2010-10-04 00:00:00,1.247529180952836
2010-10-05 00:00:00,1.2527242674531127
2010-10-06 00:00:00,1.2517797062712441
2010-10-07 00:00:00,1.2539049689304484
2010-10-08 00:00:00,1.2555579509987183
2010-10-12 00:00:00,1.2435935093617172
2010-10-13 00:00:00,1.2470569003619016
2010-10-14 00:00:00,1.2587852017034358
2010-10-15 00:00:00,1.261540171817219
2010-10-18 00:00:00,1.2520945599985336
2010-10-19 00:00:00,1.2388707034523747
2010-10-20 00:00:00,1.248158888407415
2010-10-21 00:00:00,1.2399726914978877
2010-10-22 00:00:00,1.2339904706793872
2010-10-25 00:00:00,1.239579124338776
2010-10-26 00:00:00,1.2488941978021268
2010-10-27 00:00:00,1.2488941978021268
2010-10-28 00:00:00,1.2617930543628761
2010-10-29 00:00:00,1.2677281110626075
2010-11-01 00:00:00,1.2701021337425
2010-11-02 00:00:00,1.26693677016931
2010-11-03 00:00:00,1.2724761564223925
2010-11-04 00:00:00,1.288461242467002
2010-11-05 00:00:00,1.2828427221245897
2010-11-08 00:00:00,1.278015542675475
2010-11-09 00:00:00,1.2701021337425
2010-11-10 00:00:00,1.2717639496184248
2010-11-12 00:00:00,1.2797564926407297
2010-11-15 00:00:00,1.2712100109931166
2010-11-16 00:00:00,1.2567284726457724
2010-11-17 00:00:00,1.2614765180055574
2010-11-18 00:00:00,1.26693677016931
2010-11-19 00:00:00,1.2630591997921523
2010-11-22 00:00:00,1.2607643112015894
2010-11-23 00:00:00,1.2522178295539765
2010-11-24 00:00:00,1.2482611250874889
2010-11-26 00:00:00,1.2357579389733881
2010-11-29 00:00:00,1.231089027702933
2010-11-30 00:00:00,1.2327508435788577
2010-12-01 00:00:00,1.2347291958121014
2010-12-02 00:00:00,1.2352831344374096
2010-12-03 00:00:00,1.2442252865316716
2010-12-06 00:00:00,1.2408225206904924
2010-12-07 00:00:00,1.2504768795887218
2010-12-08 00:00:00,1.2496855386954242
2010-12-09 00:00:00,1.245016627424969
2010-12-10 00:00:00,1.2510308182140302
2010-12-13 00:00:00,1.256807606735102
2010-12-14 00:00:00,1.2499229409634134
2010-12-15 00:00:00,1.235520536705399
2010-12-16 00:00:00,1.2354414026160692
2010-12-17 00:00:00,1.2249957028245422
2010-12-20 00:00:00,1.2282402004870618
2010-12-21 00:00:00,1.2235712892166066
2010-12-22 00:00:00,1.2178736347848644
2010-12-23 00:00:00,1.218664975678162
2010-12-27 00:00:00,1.2168658938108858
2010-12-28 00:00:00,1.2168658938108858
2010-12-29 00:00:00,1.2087157349695659
2010-12-30 00:00:00,1.2142702698089494
2011-01-03 00:00:00,1.2064369824978187
2011-01-04 00:00:00,1.1987621309517833
2011-01-05 00:00:00,1.20574258767702
2011-01-06 00:00:00,1.2062271780333687
2011-01-07 00:00:00,1.2006119914335658
2011-01-10 00:00:00,1.1987200453134919
2011-01-11 00:00:00,1.195085305777375
2011-01-12 00:00:00,1.1880441972917186
2011-01-13 00:00:00,1.1757747085579329
2011-01-14 00:00:00,1.17538790220626
2011-01-18 00:00:00,1.1653365141838017
2011-01-19 00:00:00,1.165979540305245
2011-01-20 00:00:00,1.1750988798592623
2011-01-21 00:00:00,1.1653643633669941
2011-01-24 00:00:00,1.1654528643106055
2011-01-25 00:00:00,1.1794044947000148
2011-01-26 00:00:00,1.1739477438653072
2011-01-27 00:00:00,1.1723726692754228
2011-01-28 00:00:00,1.1776103325846166
2011-01-31 00:00:00,1.1613799497234598
2011-02-01 00:00:00,1.154814148533088
2011-02-02 00:00:00,1.151337844762066
2011-02-03 00:00:00,1.1519016530009618
2011-02-04 00:00:00,1.1573769699577976
2011-02-07 00:00:00,1.1555642417202712
2011-02-08 00:00:00,1.1570786645497362
2011-02-09 00:00:00,1.1571671654933473
2011-02-10 00:00:00,1.1536908617223252
2011-02-11 00:00:00,1.1651867377527647
2011-02-14 00:00:00,1.162185741277027
2011-02-15 00:00:00,1.1537979287880649
2011-02-16 00:00:00,1.1588771563321634
2011-02-17 00:00:00,1.1501724723130116
2011-02-18 00:00:00,1.1443196320655666
2011-02-22 00:00:00,1.1534389716195836
2011-02-23 00:00:00,1.1460809916037378
2011-02-24 00:00:00,1.1551211132752075
2011-02-25 00:00:00,1.1569042193969086
2011-02-28 00:00:00,1.1569042193969086
2011-03-01 00:00:00,1.1613190690062276
2011-03-02 00:00:00,1.161461483509754
2011-03-03 00:00:00,1.1582571571804097
2011-03-04 00:00:00,1.157117841152198
2011-03-07 00:00:00,1.1538423075710904
2011-03-08 00:00:00,1.150994017500562
2011-03-09 00:00:00,1.1536998930675642
2011-03-10 00:00:00,1.1438020850724775
2011-03-11 00:00:00,1.141665867519581
2011-03-14 00:00:00,1.1522045407805366
2011-03-15 00:00:00,1.1438732923242407
2011-03-16 00:00:00,1.141309831260765
2011-03-17 00:00:00,1.1494986652135346
2011-03-18 00:00:00,1.1526317842911158
2011-03-21 00:00:00,1.1589692296980418
2011-03-22 00:00:00,1.1668732346437585
2011-03-23 00:00:00,1.1568330121451453
2011-03-24 00:00:00,1.1506379812417458
2011-03-25 00:00:00,1.1454398518630313
2011-03-28 00:00:00,1.1410250022537123
2011-03-29 00:00:00,1.1381055049314206
2011-03-30 00:00:00,1.1420219037783972
2011-03-31 00:00:00,1.1427339762960294
2011-04-01 00:00:00,1.1487153854441392
2011-04-04 00:00:00,1.1485017636888495
2011-04-05 00:00:00,1.159396473208621
2011-04-06 00:00:00,1.1616751052650438
2011-04-07 00:00:00,1.1609630327474116
2011-04-08 00:00:00,1.1635977010626506
2011-04-11 00:00:00,1.166802027391995
2011-04-12 00:00:00,1.1580435354251202
2011-04-13 00:00:00,1.1596100949639105
2011-04-14 00:00:00,1.1642385663285195
2011-04-15 00:00:00,1.1624583850344392
2011-04-18 00:00:00,1.1556224888651707
2011-04-19 00:00:00,1.161746312516807
2011-04-20 00:00:00,1.1681549651754963
2011-04-21 00:00:00,1.1800465762199523
2011-04-22 00:00:00,1.176130177372976
2011-04-25 00:00:00,1.1743589610718925
2011-04-26 00:00:00,1.1743589610718925
2011-04-27 00:00:00,1.1789950577903665
2011-04-28 00:00:00,1.1865554616697238
2011-04-29 00:00:00,1.1904783127392018
2011-05-02 00:00:00,1.190406988174302
2011-05-03 00:00:00,1.179423005179764
2011-05-04 00:00:00,1.1785671104009687
2011-05-05 00:00:00,1.1716486276057076
2011-05-06 00:00:00,1.1709353819567117
2011-05-09 00:00:00,1.1653007413296435
2011-05-10 00:00:00,1.1648014693753461
2011-05-11 00:00:00,1.1705787591322139
2011-05-12 00:00:00,1.1618771622144628
2011-05-13 00:00:00,1.1539601355106073
2011-05-16 00:00:00,1.1583109339694828
2011-05-17 00:00:00,1.1558858987628964
2011-05-18 00:00:00,1.1517490739987197
2011-05-19 00:00:00,1.1539601355106073
2011-05-20 00:00:00,1.1570270918012902
2011-05-23 00:00:00,1.1484681440133382
2011-05-24 00:00:00,1.1543880829000048
2011-05-25 00:00:00,1.160949942870768
2011-05-26 00:00:00,1.1658713378488403
2011-05-27 00:00:00,1.176427373453981
2011-05-31 00:00:00,1.1725045223845028
2011-06-01 00:00:00,1.169080943269322
2011-06-02 00:00:00,1.1643735219859488
2011-06-03 00:00:00,1.1695088906587197
2011-06-06 00:00:00,1.167012530887234
2011-06-07 00:00:00,1.172861145209001
2011-06-08 00:00:00,1.168367697620326
2011-06-09 00:00:00,1.1684390221852259
2011-06-10 00:00:00,1.159309477878077
2011-06-13 00:00:00,1.1631610043826555
2011-06-14 00:00:00,1.1688669695746234
2011-06-15 00:00:00,1.1567417935416915
2011-06-16 00:00:00,1.1504652318305268
2011-06-17 00:00:00,1.1544594074649044
2011-06-20 00:00:00,1.1558858987628964
2011-06-21 00:00:00,1.157740337450286
2011-06-22 00:00:00,1.1501842487071048
2011-06-23 00:00:00,1.1501842487071048
2011-06-24 00:00:00,1.1495422261547084
2011-06-27 00:00:00,1.1504119936269008
2011-06-28 00:00:00,1.1471783310323531
2011-06-29 00:00:00,1.1432247684260965
2011-06-30 00:00:00,1.1433746358865802
2011-07-01 00:00:00,1.1430925633400382
2011-07-05 00:00:00,1.1419466107794458
2011-07-06 00:00:00,1.148143638338283
2011-07-07 00:00:00,1.1503092258315513
2011-07-08 00:00:00,1.1457077532147568
2011-07-11 00:00:00,1.1526966707864736
2011-07-12 00:00:00,1.1520546482340772
2011-07-13 00:00:00,1.1396782554908285
2011-07-14 00:00:00,1.1386042929314069
2011-07-15 00:00:00,1.1368104303602766
2011-07-18 00:00:00,1.145743077963607
2011-07-19 00:00:00,1.1376860852906105
2011-07-20 00:00:00,1.137332022742898
2011-07-21 00:00:00,1.1256035400101867
2011-07-22 00:00:00,1.1242416174460819
2011-07-25 00:00:00,1.1266231749428626
2011-07-26 00:00:00,1.1188541422745495
2011-07-27 00:00:00,1.1213076897725012
2011-07-28 00:00:00,1.1226093972517186
2011-07-29 00:00:00,1.114120464571697
2011-08-01 00:00:00,1.126796592235913
2011-08-02 00:00:00,1.126082579682346
2011-08-03 00:00:00,1.1174496669999823
2011-08-04 00:00:00,1.124438584571699
2011-08-05 00:00:00,1.1204850219654425
2011-08-08 00:00:00,1.1209948394317806
2011-08-09 00:00:00,1.1324471370760916
2011-08-10 00:00:00,1.1341807845623344
2011-08-11 00:00:00,1.1298672719502234
2011-08-12 00:00:00,1.1257697293416253
2011-08-15 00:00:00,1.1182886566779957
2011-08-16 00:00:00,1.1155589240916441
2011-08-17 00:00:00,1.1034704913530786
2011-08-18 00:00:00,1.110747368929479
2011-08-19 00:00:00,1.1063767610474393
2011-08-22 00:00:00,1.1063767610474393
2011-08-23 00:00:00,1.1102099409270711
2011-08-24 00:00:00,1.1011986057714453
2011-08-25 00:00:00,1.0954152115670883
2011-08-26 00:00:00,1.0975671722012679
2011-08-29 00:00:00,1.1027453274772616
2011-08-30 00:00:00,1.0947427238689074
2011-08-31 00:00:00,1.0940702361707264
2011-09-01 00:00:00,1.088017846887097
2011-09-02 00:00:00,1.0887575833550962
2011-09-06 00:00:00,1.0728868736780237
2011-09-07 00:00:00,1.0724833810591152
2011-09-08 00:00:00,1.0773925412558367
2011-09-09 00:00:00,1.067237977013303
2011-09-12 00:00:00,1.0634720459034892
2011-09-13 00:00:00,1.0628668069751264
2011-09-14 00:00:00,1.060714846340947
2011-09-15 00:00:00,1.0630685532845805
2011-09-16 00:00:00,1.062665060665672
2011-09-19 00:00:00,1.0540572181289547
2011-09-20 00:00:00,1.0570161640009514
2011-09-21 00:00:00,1.050358535788959
2011-09-22 00:00:00,1.032806606866434
2011-09-23 00:00:00,1.0406747129351521
2011-09-26 00:00:00,1.0459201169809642
2011-09-27 00:00:00,1.0545279595176815
2011-09-28 00:00:00,1.052308750113684
2011-09-29 00:00:00,1.054796954596954
2011-09-30 00:00:00,1.0506947796380495
2011-10-03 00:00:00,1.0406074641653342
2011-10-04 00:00:00,1.0358328015082487
2011-10-05 00:00:00,1.0380520109122462
2011-10-06 00:00:00,1.0354965576591582
2011-10-07 00:00:00,1.050963774717322
2011-10-11 00:00:00,1.0486773165435064
2011-10-12 00:00:00,1.0596388660238574
2011-10-13 00:00:00,1.0577559004689505
2011-10-14 00:00:00,1.0630685532845805
2011-10-17 00:00:00,1.0610510901900376
2011-10-18 00:00:00,1.0527122427325926
2011-10-19 00:00:00,1.0621314013279035
2011-10-20 00:00:00,1.0621314013279035
2011-10-21 00:00:00,1.0472791360394456
2011-10-24 00:00:00,1.044448960884294
2011-10-25 00:00:00,1.0438476001920582
2011-10-26 00:00:00,1.0497976032241518
2011-10-27 00:00:00,1.037849550720706
2011-10-28 00:00:00,1.0344790569078777
2011-10-31 00:00:00,1.0336750767190128
2011-11-01 00:00:00,1.0467843019653225
2011-11-02 00:00:00,1.0448321446288953
2011-11-03 00:00:00,1.04578420007748
2011-11-04 00:00:00,1.0411979892848788
2011-11-07 00:00:00,1.0412720269147389
2011-11-08 00:00:00,1.0376989136052814
2011-11-09 00:00:00,1.0456075717714532
2011-11-10 00:00:00,1.0470999458777146
2011-11-14 00:00:00,1.0494703378027004
2011-11-15 00:00:00,1.0548800221771175
2011-11-16 00:00:00,1.0580608920886185
2011-11-17 00:00:00,1.0559061152555622
2011-11-18 00:00:00,1.0570607902007758
2011-11-21 00:00:00,1.065172067863576
2011-11-22 00:00:00,1.0661916631443704
2011-11-23 00:00:00,1.0752484984581052
2011-11-25 00:00:00,1.0781592090407677
2011-11-28 00:00:00,1.0733028389193282
2011-11-29 00:00:00,1.0673658314825354
2011-11-30 00:00:00,1.0619016028712098
2011-12-01 00:00:00,1.0623133396621178
2011-12-02 00:00:00,1.0694115198417746
2011-12-05 00:00:00,1.0627991140828859
2011-12-06 00:00:00,1.0700999137591714
2011-12-07 00:00:00,1.0625419503493485
2011-12-08 00:00:00,1.0662631389185262
2011-12-09 00:00:00,1.0657293180585
2011-12-12 00:00:00,1.068707568473372
2011-12-13 00:00:00,1.0733067748612741
2011-12-14 00:00:00,1.0788515389001105
2011-12-15 00:00:00,1.0760213637449585
2011-12-16 00:00:00,1.0740692064085313
2011-12-19 00:00:00,1.0725413478060108
2011-12-20 00:00:00,1.0725413478060108
2011-12-21 00:00:00,1.0720691391634074
2011-12-22 00:00:00,1.0728970635824548
2011-12-23 00:00:00,1.07639368218068
2011-12-27 00:00:00,1.0725000707442591
2011-12-28 00:00:00,1.0856450452210507
2011-12-29 00:00:00,1.0918787860543304
2011-12-30 00:00:00,1.0814845093096555
2012-01-03 00:00:00,1.0733483584089003
2012-01-04 00:00:00,1.074449995051453
2012-01-05 00:00:00,1.0851999875725722
2012-01-06 00:00:00,1.0884913220031684
2012-01-09 00:00:00,1.0880875414164415
2012-01-10 00:00:00,1.0843992141476495
2012-01-11 00:00:00,1.0955597750040267
2012-01-12 00:00:00,1.0954981346966817
2012-01-13 00:00:00,1.097078767730369
2012-01-17 00:00:00,1.0932535843498241
2012-01-18 00:00:00,1.0894968290251559
2012-01-19 00:00:00,1.0843715125829603
2012-01-20 00:00:00,1.080477901146539
2012-01-23 00:00:00,1.0775422824923868
2012-01-24 00:00:00,1.0765910774586491
2012-01-25 00:00:00,1.078240138548213
2012-01-26 00:00:00,1.0688722826416832
2012-01-27 00:00:00,1.0681263617755745
2012-01-30 00:00:00,1.0698438509210146
2012-01-31 00:00:00,1.0654028150375827
2012-02-01 00:00:00,1.0588405094219837
2012-02-02 00:00:00,1.0612422791261873
2012-02-03 00:00:00,1.0635071927186381
2012-02-06 00:00:00,1.0598188654498462
2012-02-07 00:00:00,1.055719969845796
2012-02-08 00:00:00,1.0605167215056719
2012-02-09 00:00:00,1.0592233761925525
2012-02-10 00:00:00,1.0653202609140793
2012-02-13 00:00:00,1.0630689228186907
2012-02-14 00:00:00,1.0690973794843415
2012-02-15 00:00:00,1.0677356061153456
2012-02-16 00:00:00,1.0618575810585098
2012-02-17 00:00:00,1.0602424733410485
2012-02-21 00:00:00,1.0602424733410485
2012-02-22 00:00:00,1.0522550806892643
2012-02-23 00:00:00,1.0537988624622983
2012-02-24 00:00:00,1.065142302446765
2012-02-27 00:00:00,1.0635313997270772
2012-02-28 00:00:00,1.0663504794865306
2012-02-29 00:00:00,1.070646220072364
2012-03-01 00:00:00,1.0707804619656716
2012-03-02 00:00:00,1.064001246353653
2012-03-05 00:00:00,1.0652094233934184
2012-03-06 00:00:00,1.0551412813953713
2012-03-07 00:00:00,1.0568864260083661
2012-03-08 00:00:00,1.0619876179540435
2012-03-09 00:00:00,1.0522550806892643
2012-03-12 00:00:00,1.048093581996738
2012-03-13 00:00:00,1.0562152165418297
2012-03-14 00:00:00,1.0528591692091471
2012-03-15 00:00:00,1.0517181131160351
2012-03-16 00:00:00,1.0635313997270772
2012-03-19 00:00:00,1.0668203261131062
2012-03-20 00:00:00,1.0643368510869213
2012-03-21 00:00:00,1.0637327625670383
2012-03-22 00:00:00,1.0609808037542385
2012-03-23 00:00:00,1.0648066977134967
2012-03-26 00:00:00,1.0698407687125204
2012-03-27 00:00:00,1.0720557599520908
2012-03-28 00:00:00,1.0642026091936139
2012-03-29 00:00:00,1.0679613822062184
2012-03-30 00:00:00,1.0729283322585883
2012-04-02 00:00:00,1.0754118072847736
2012-04-03 00:00:00,1.071653034272169
2012-04-04 00:00:00,1.0658135119133014
2012-04-05 00:00:00,1.0619876179540435
2012-04-06 00:00:00,1.0656792700199942
2012-04-09 00:00:00,1.0658135119133014
2012-04-10 00:00:00,1.0629273112071946
2012-04-11 00:00:00,1.0666860842197987
2012-04-12 00:00:00,1.0698407687125204
2012-04-13 00:00:00,1.0639341254069992
2012-04-16 00:00:00,1.0648738186601505
2012-04-17 00:00:00,1.068985728397289
2012-04-18 00:00:00,1.068985728397289
2012-04-19 00:00:00,1.0715213999128381
2012-04-20 00:00:00,1.0758587327683826
2012-04-23 00:00:00,1.0744574406150529
2012-04-24 00:00:00,1.076659471141714
2012-04-25 00:00:00,1.0773934813172676
2012-04-26 00:00:00,1.0801960656239271
2012-04-27 00:00:00,1.0835992037105853
2012-04-30 00:00:00,1.082665008941699
2012-05-01 00:00:00,1.0823980961505884
2012-05-02 00:00:00,1.0805297066128152
2012-05-03 00:00:00,1.0799958810305945
2012-05-04 00:00:00,1.0775269377128227
2012-05-07 00:00:00,1.0804629784150377
2012-05-08 00:00:00,1.0782609478883765
2012-05-09 00:00:00,1.0763258301528258
2012-05-10 00:00:00,1.0783944042839317
2012-05-11 00:00:00,1.0729894202639456
2012-05-14 00:00:00,1.0753916353839392
2012-05-15 00:00:00,1.069319369386177
2012-05-16 00:00:00,1.063180375190637
2012-05-17 00:00:00,1.0558402734351
2012-05-18 00:00:00,1.0535047865128837
2012-05-21 00:00:00,1.053638242908439
2012-05-22 00:00:00,1.052637319941775
2012-05-23 00:00:00,1.0470321513284557
2012-05-24 00:00:00,1.0474992487128991
2012-05-25 00:00:00,1.0441628388240185
2012-05-29 00:00:00,1.0429617312640216
2012-05-30 00:00:00,1.0364223678818159
2012-05-31 00:00:00,1.0279478867640597
2012-06-01 00:00:00,1.0264798664129522
2012-06-04 00:00:00,1.0264131382151747
2012-06-05 00:00:00,1.0246114768751793
2012-06-06 00:00:00,1.0326188606084923
2012-06-07 00:00:00,1.0380905728262564
2012-06-08 00:00:00,1.0298162763018326
2012-06-11 00:00:00,1.0352879885195967
2012-06-12 00:00:00,1.0384242138151443
2012-06-13 00:00:00,1.0380905728262564
2012-06-14 00:00:00,1.0361684003610743
2012-06-15 00:00:00,1.0361684003610743
2012-06-18 00:00:00,1.0353807392735024
2012-06-19 00:00:00,1.030886330362996
2012-06-20 00:00:00,1.0296353257975575
2012-06-21 00:00:00,1.037320231162408
2012-06-22 00:00:00,1.0406364694502281
2012-06-25 00:00:00,1.042364101528219
2012-06-26 00:00:00,1.0380020764685318
2012-06-27 00:00:00,1.042642153264543
2012-06-28 00:00:00,1.0456274319253156
2012-06-29 00:00:00,1.0334547596673014
2012-07-02 00:00:00,1.0338585532371016
2012-07-03 00:00:00,1.032276589044615
2012-07-05 00:00:00,1.0435358583815812
2012-07-06 00:00:00,1.0468520966694015
2012-07-09 00:00:00,1.0450053647752768
2012-07-10 00:00:00,1.0450120067926199
2012-07-11 00:00:00,1.0432314668239047
2012-07-12 00:00:00,1.0502544529346598
2012-07-13 00:00:00,1.0419209123503994
2012-07-16 00:00:00,1.0362350487825212
2012-07-17 00:00:00,1.0376317212334645
2012-07-18 00:00:00,1.036049757040978
2012-07-19 00:00:00,1.0304962773239188
2012-07-20 00:00:00,1.0363278087773018
2012-07-23 00:00:00,1.044078906067562
2012-07-24 00:00:00,1.0434236288308092
2012-07-25 00:00:00,1.0461441397899436
2012-07-26 00:00:00,1.032581437098329
2012-07-27 00:00:00,1.0295432505468327
2012-07-30 00:00:00,1.0317342261026905
2012-07-31 00:00:00,1.0322042115979
2012-08-01 00:00:00,1.0381019349766927
2012-08-02 00:00:00,1.0443968099079426
2012-08-03 00:00:00,1.0344084711884436
2012-08-06 00:00:00,1.0360037194156158
2012-08-07 00:00:00,1.0337598359690336
2012-08-08 00:00:00,1.0336340941355575
2012-08-09 00:00:00,1.0359574535422345
2012-08-10 00:00:00,1.032191155811233
2012-08-13 00:00:00,1.0310926442035528
2012-08-14 00:00:00,1.0310926442035528
2012-08-15 00:00:00,1.03142763504112
2012-08-16 00:00:00,1.027951551868758
2012-08-17 00:00:00,1.0305863287467998
2012-08-20 00:00:00,1.0298699888230072
2012-08-21 00:00:00,1.0244883686456807
2012-08-22 00:00:00,1.023640612376718
2012-08-23 00:00:00,1.0181932840268069
2012-08-24 00:00:00,1.022536473392058
2012-08-27 00:00:00,1.02346283778289
2012-08-28 00:00:00,1.0215637507525677
2012-08-29 00:00:00,1.0207817026561903
2012-08-30 00:00:00,1.0236793122245718
2012-08-31 00:00:00,1.01902048194568
2012-09-04 00:00:00,1.017318519433113
2012-09-05 00:00:00,1.0160765141286405
2012-09-06 00:00:00,1.015031633341923
2012-09-07 00:00:00,1.008795806920992
2012-09-10 00:00:00,1.009196505931144
2012-09-11 00:00:00,1.0050633410329324
2012-09-12 00:00:00,1.0023757559315902
2012-09-13 00:00:00,1.0013965833174578
2012-09-14 00:00:00,0.9935180525819021
2012-09-17 00:00:00,0.9922103391048447
2012-09-18 00:00:00,0.9929395789779217
2012-09-19 00:00:00,0.9949829823026985
2012-09-20 00:00:00,0.9963035957290405
2012-09-21 00:00:00,0.9927618043840936
2012-09-24 00:00:00,0.9961193711605699
2012-09-25 00:00:00,0.9938917432673228
2012-09-26 00:00:00,0.9995490960842734
2012-09-27 00:00:00,0.9947588494602121
2012-09-28 00:00:00,1.000284785931993
2012-10-01 00:00:00,0.9995684460082003
2012-10-02 00:00:00,0.9966180282165182
2012-10-03 00:00:00,1.0037209608303388
2012-10-04 00:00:00,0.9978793834449173
2012-10-05 00:00:00,0.9957831718968403
2012-10-09 00:00:00,1.009456921769159
2012-10-10 00:00:00,1.0080835001195165
2012-10-11 00:00:00,1.0063350425040283
2012-10-12 00:00:00,1.0063350425040283
2012-10-15 00:00:00,1.005959427558148
2012-10-16 00:00:00,1.0079627072695092
2012-10-17 00:00:00,1.0119692666922313
2012-10-18 00:00:00,1.0104668069087106
2012-10-19 00:00:00,1.001827663153466
2012-10-22 00:00:00,1.0033927254279669
2012-10-23 00:00:00,0.9973828862938836
2012-10-24 00:00:00,1.0025788930452262
2012-10-25 00:00:00,1.00908955210715
2012-10-26 00:00:00,1.0077748997965692
2012-10-29 00:00:00,1.0032049179550266
2012-10-30 00:00:00,1.0068358624318685
2012-10-31 00:00:00,1.0085887321793094
2012-11-01 00:00:00,1.0105294093996904
2012-11-02 00:00:00,1.003893545355807
2012-11-05 00:00:00,1.000199998387985
2012-11-06 00:00:00,1.0007008183158255
2012-11-07 00:00:00,1.000074793406025
2012-11-08 00:00:00,1.0003252033699452
2012-11-09 00:00:00,0.9961308364742829
2012-11-13 00:00:00,0.9944405692178222
2012-11-14 00:00:00,0.9921868795425409
2012-11-15 00:00:00,0.9931885193982214
2012-11-16 00:00:00,0.9932511218892015
2012-11-19 00:00:00,0.9958804265103629
2012-11-20 00:00:00,0.9970698738389834
2012-11-21 00:00:00,0.9976332962578037
2012-11-23 00:00:00,1.0036431353918869
2012-11-26 00:00:00,1.0025162905542464
2012-11-27 00:00:00,1.0033927254279669
2012-11-28 00:00:00,1.0014520482075857
2012-11-29 00:00:00,1.0032675204460066
2012-11-30 00:00:00,1.0033301229369866
2012-12-03 00:00:00,1.0081505147424494
2012-12-04 00:00:00,1.007712297305589
2012-12-05 00:00:00,1.0080253097604892
2012-12-06 00:00:00,1.005771620085208
2012-12-07 00:00:00,1.0035805329009069
2012-12-10 00:00:00,1.005896825067168
2012-12-11 00:00:00,1.007786011738718
2012-12-12 00:00:00,1.007786011738718
2012-12-13 00:00:00,1.0076610692626782
2012-12-14 00:00:00,1.008223310404858
2012-12-17 00:00:00,1.0122214696381386
2012-12-18 00:00:00,1.0155324452531986
2012-12-19 00:00:00,1.0167193987755787
2012-12-20 00:00:00,1.0162821001094389
2012-12-21 00:00:00,1.0099725050694182
2012-12-24 00:00:00,1.006599058216338
2012-12-26 00:00:00,1.006911414406438
2012-12-27 00:00:00,1.006161759550198
2012-12-28 00:00:00,1.009347792689218
2012-12-31 00:00:00,1.0159072726813188
2013-01-02 00:00:00,1.0154699740151787
2013-01-03 00:00:00,1.0089729652610981
2013-01-04 00:00:00,1.0017887728887975
2013-01-07 00:00:00,1.0045375073616778
2013-01-08 00:00:00,1.0020386578408778
2013-01-09 00:00:00,1.0010391180325575
2013-01-10 00:00:00,1.0073487130725782
2013-01-11 00:00:00,1.007536126786638
2013-01-14 00:00:00,1.0043500936476177
2013-01-15 00:00:00,1.005099748503858
2013-01-16 00:00:00,1.0001020494622574
2013-01-17 00:00:00,0.9989775671778973
2013-01-18 00:00:00,0.9917933748055968
2013-01-22 00:00:00,0.9909187774733168
2013-01-23 00:00:00,0.9900441801410368
2013-01-24 00:00:00,0.9863583770978563
2013-01-25 00:00:00,0.9869830894780566
2013-01-28 00:00:00,0.9799238395817959
2013-01-29 00:00:00,0.9839844700530962
2013-01-30 00:00:00,0.9866082620499363
2013-01-31 00:00:00,0.9905439500451967
2013-02-01 00:00:00,0.9835471713869562
2013-02-04 00:00:00,0.9831098727208162
2013-02-05 00:00:00,0.9777998174891157
2013-02-06 00:00:00,0.9779872312031758
2013-02-07 00:00:00,0.981548091770316
2013-02-08 00:00:00,0.9879201580483565
2013-02-11 00:00:00,0.9784970214939142
2013-02-12 00:00:00,0.9784970214939142
2013-02-13 00:00:00,0.9853166434728174
2013-02-14 00:00:00,0.9878857353979589
2013-02-15 00:00:00,0.9868293752184213
2013-02-19 00:00:00,0.9921488101195265
2013-02-20 00:00:00,1.0002810957915031
2013-02-21 00:00:00,1.0026001565370117
2013-02-22 00:00:00,1.002981475640364
2013-02-25 00:00:00,1.011926362646148
2013-02-26 00:00:00,1.0110575258513355
2013-02-27 00:00:00,1.0104387202361558
2013-02-28 00:00:00,1.0067570326704711
2013-03-01 00:00:00,1.0166395365998793
2013-03-04 00:00:00,1.0133954035985526
2013-03-05 00:00:00,1.0124640590088316
2013-03-06 00:00:00,1.0162833068321382
2013-03-07 00:00:00,1.016477102550766
2013-03-08 00:00:00,1.0230466933500362
2013-03-11 00:00:00,1.0247406761464621
2013-03-12 00:00:00,1.02599710437853
2013-03-13 00:00:00,1.0229404947619283
2013-03-14 00:00:00,1.015758370681381
2013-03-15 00:00:00,1.0103889726531736
2013-03-18 00:00:00,1.011020322936159
2013-03-19 00:00:00,1.0106515485006122
2013-03-20 00:00:00,1.0096576961159829
2013-03-21 00:00:00,1.0066635942942894
2013-03-22 00:00:00,1.0029193989336966
2013-03-25 00:00:00,1.0063010921926454
2013-03-26 00:00:00,1.0079950749890714
2013-03-27 00:00:00,1.0106891825040294
2013-03-28 00:00:00,1.0061323858096294
2013-03-29 00:00:00,1.0055135801944495
2013-04-01 00:00:00,1.003019540732022
2013-04-02 00:00:00,1.0104017328650996
2013-04-03 00:00:00,1.0086577869415712
2013-04-04 00:00:00,1.0049760993758867
2013-04-05 00:00:00,0.9962937882175413
2013-04-08 00:00:00,1.0011756685542885
2013-04-09 00:00:00,0.9973689653987875
2013-04-10 00:00:00,0.9971441964211504
2013-04-11 00:00:00,0.9971441964211504
2013-04-12 00:00:00,0.9990289996445646
2013-04-15 00:00:00,1.0024027541448528
2013-04-16 00:00:00,1.0026043950552792
2013-04-17 00:00:00,1.0064960456518715
2013-04-18 00:00:00,1.0046908391891203
2013-04-19 00:00:00,1.0064461683884587
2013-04-22 00:00:00,1.0058709651544293
2013-04-23 00:00:00,1.005489972956514
2013-04-24 00:00:00,1.0060152989271307
2013-04-25 00:00:00,0.9945642776707191
2013-04-26 00:00:00,0.9915938049912842
2013-04-29 00:00:00,0.9903712316368751
2013-04-30 00:00:00,0.9875949699935541
2013-05-01 00:00:00,0.9850129193863472
2013-05-02 00:00:00,0.9887750959588634
2013-05-03 00:00:00,0.9858693602914663
2013-05-06 00:00:00,0.9874304784546908
2013-05-07 00:00:00,0.9919047621596248
2013-05-08 00:00:00,0.9856974388782903
2013-05-09 00:00:00,0.9895890894748822
2013-05-10 00:00:00,1.0004076003595392
2013-05-13 00:00:00,1.0031339847394474
2013-05-14 00:00:00,1.0052129989989758
2013-05-15 00:00:00,1.0090399125835297
2013-05-16 00:00:00,1.0022499561938534
2013-05-17 00:00:00,1.0105437236090287
2013-05-20 00:00:00,1.0072495658694038
2013-05-21 00:00:00,1.0106233203696922
2013-05-22 00:00:00,1.0191112988209812
2013-05-23 00:00:00,1.0137455566961409
2013-05-24 00:00:00,1.0132998274861875
2013-05-28 00:00:00,1.0174504261309314
2013-05-29 00:00:00,1.0135088982709266
2013-05-30 00:00:00,1.0078842080979344
2013-05-31 00:00:00,1.0092511152250447
2013-06-03 00:00:00,0.9985769381130891
2013-06-04 00:00:00,1.0014327965170733
2013-06-05 00:00:00,0.9956786323200049
2013-06-06 00:00:00,0.9820912896663397
2013-06-07 00:00:00,0.9845185307873215
2013-06-10 00:00:00,0.9845185307873215
2013-06-11 00:00:00,0.9864804795179982
2013-06-12 00:00:00,0.9934422330784641
2013-06-13 00:00:00,0.9935055217471956
2013-06-14 00:00:00,0.9927460577224174
2013-06-17 00:00:00,0.9942016971032421
2013-06-18 00:00:00,0.9888854489297954
2013-06-19 00:00:00,0.9909106863292038
2013-06-20 00:00:00,0.9790124166076803
2013-06-21 00:00:00,0.9729367044094559
2013-06-24 00:00:00,0.9748986531401324
2013-06-25 00:00:00,0.9757846945023736
2013-06-26 00:00:00,0.9703418689914639
2013-06-27 00:00:00,0.9642028681245077
2013-06-28 00:00:00,0.96262065140622
2013-07-01 00:00:00,0.9649623321492858
2013-07-02 00:00:00,0.9601523933256912
2013-07-03 00:00:00,0.9660382395177215
2013-07-05 00:00:00,0.9436340507867681
2013-07-08 00:00:00,0.9450264014988612
2013-07-09 00:00:00,0.939013977969368
2013-07-10 00:00:00,0.9452162675050557
2013-07-11 00:00:00,0.957367691901505
2013-07-12 00:00:00,0.9561652071956063
2013-07-15 00:00:00,0.9548994338209762
2013-07-16 00:00:00,0.9570512485578475
2013-07-17 00:00:00,0.960975146019201
2013-07-18 00:00:00,0.9615447440377846
2013-07-19 00:00:00,0.9657850848427955
2013-07-22 00:00:00,0.9724936837283351
2013-07-23 00:00:00,0.9717342197035571
2013-07-24 00:00:00,0.9725569723970666
2013-07-25 00:00:00,0.9704051576601955
2013-07-26 00:00:00,0.9726202610657981
2013-07-29 00:00:00,0.9717975083722886
2013-07-30 00:00:00,0.9647724661430913
2013-07-31 00:00:00,0.9605321253380804
2013-08-01 00:00:00,0.9585068879386721
2013-08-02 00:00:00,0.9668609922112311
2013-08-05 00:00:00,0.9712911990224365
2013-08-06 00:00:00,0.9722616168378304
2013-08-07 00:00:00,0.9722616168378304
2013-08-08 00:00:00,0.9722616168378304
2013-08-09 00:00:00,0.9722616168378304
2013-08-12 00:00:00,0.9722616168378304
2013-08-13 00:00:00,0.9722616168378304
2013-08-14 00:00:00,0.9722616168378304
2013-08-15 00:00:00,0.9722616168378304
2013-08-16 00:00:00,0.9722616168378304
2013-08-19 00:00:00,0.9722616168378304
2013-08-20 00:00:00,0.9722616168378304
2013-08-21 00:00:00,0.9722616168378304
2013-08-22 00:00:00,0.9722616168378304
2013-08-23 00:00:00,0.9722616168378304
2013-08-26 00:00:00,0.9722616168378304
2013-08-27 00:00:00,0.9722616168378304
2013-08-28 00:00:00,0.9722616168378304
2013-08-29 00:00:00,0.9722616168378304
2013-08-30 00:00:00,0.9722616168378304
2013-09-03 00:00:00,0.9722616168378304
2013-09-04 00:00:00,0.9722616168378304
2013-09-05 00:00:00,0.9691539596849894
2013-09-06 00:00:00,0.9716400854072622
2013-09-09 00:00:00,0.9772960214254328
2013-09-10 00:00:00,0.9777310934268305
2013-09-11 00:00:00,0.9824547322991487
2013-09-12 00:00:00,0.9832005700158307
2013-09-13 00:00:00,0.985811002024217
2013-09-16 00:00:00,0.9899131094659671
2013-09-17 00:00:00,0.9882971277464898
2013-09-18 00:00:00,0.9922749289021262
2013-09-19 00:00:00,0.9971228740605584
2013-09-20 00:00:00,0.9957555049133082
2013-09-23 00:00:00,0.9985523963508652
2013-09-24 00:00:00,0.9948232077674559
2013-09-25 00:00:00,0.9994225403536607
2013-09-26 00:00:00,0.9951961266257969
2013-09-27 00:00:00,1.0028409632217856
2013-09-30 00:00:00,1.0055757015162858
2013-10-01 00:00:00,1.0073781426649335
2013-10-02 00:00:00,1.0083725929538427
2013-10-03 00:00:00,1.0049541700857176
2013-10-04 00:00:00,0.9987388557800355
2013-10-07 00:00:00,0.9995468466397743
2013-10-08 00:00:00,0.999981918641172
2013-10-09 00:00:00,0.9909075597548763
2013-10-10 00:00:00,0.9928964603326944
2013-10-11 00:00:00,0.9910318660409899
2013-10-15 00:00:00,0.9928343071896376
2013-10-16 00:00:00,0.9884835871756603
2013-10-17 00:00:00,1.0047677106565471
2013-10-18 00:00:00,1.00588646723157
2013-10-21 00:00:00,1.003711107224581
2013-10-22 00:00:00,1.0081861335246722
2013-10-23 00:00:00,1.0050784763718312
2013-10-24 00:00:00,1.0060107735176835
2013-10-25 00:00:00,1.0042704855120923
2013-10-28 00:00:00,1.0025923506495584
2013-10-29 00:00:00,0.9981173243494673
2013-10-30 00:00:00,0.9992982340675468
2013-10-31 00:00:00,0.9983850241519275
2013-11-01 00:00:00,0.9983850241519275
2013-11-04 00:00:00,1.0001407571425225
2013-11-05 00:00:00,1.0060350036109487
2013-11-06 00:00:00,1.0082923745988568
2013-11-07 00:00:00,1.0076026223525514
2013-11-08 00:00:00,1.0029624708774072
2013-11-12 00:00:00,0.9980087956539427
2013-11-13 00:00:00,1.0053452513646435
2013-11-14 00:00:00,1.008104260349864
2013-11-15 00:00:00,1.0099854028397874
2013-11-18 00:00:00,1.0101735170887798
2013-11-19 00:00:00,1.0101735170887798
2013-11-20 00:00:00,1.012681707075344
2013-11-21 00:00:00,1.0129952308236645
2013-11-22 00:00:00,1.0165066968048546
2013-11-25 00:00:00,1.0124308880766877
2013-11-26 00:00:00,1.015001782812916
2013-11-27 00:00:00,1.0200181627860447
2013-11-29 00:00:00,1.02666486625044
2013-12-02 00:00:00,1.0261632282531274
2013-12-03 00:00:00,1.0293611704859968
2013-12-04 00:00:00,1.0253480665074939
2013-12-05 00:00:00,1.0238431525155554
2013-12-06 00:00:00,1.0237804477658912
2013-12-09 00:00:00,1.0285460087403635
2013-12-10 00:00:00,1.0298628084833097
2013-12-11 00:00:00,1.027668142245066
2013-12-12 00:00:00,1.0237177430162272
2013-12-13 00:00:00,1.0217111910269756
2013-12-16 00:00:00,1.0227771717712655
2013-12-17 00:00:00,1.0192030010404112
2013-12-18 00:00:00,1.0276054374954018
2013-12-19 00:00:00,1.0272292089974173
2013-12-20 00:00:00,1.0255361807564862
2013-12-23 00:00:00,1.0255988855061504
2013-12-24 00:00:00,1.026539456751112
2013-12-26 00:00:00,1.0299255132329739
2013-12-27 00:00:00,1.0340640267108048
2013-12-30 00:00:00,1.0360078739503922
2013-12-31 00:00:00,1.039268520932926
2014-01-02 00:00:00,1.030629273720354
2014-01-03 00:00:00,1.030629273720354
2014-01-06 00:00:00,1.0298762567156874
2014-01-07 00:00:00,1.0304410194691873
2014-01-08 00:00:00,1.0329510761514091
2014-01-09 00:00:00,1.0328255733172982
2014-01-10 00:00:00,1.0335158389049093
2014-01-13 00:00:00,1.027805459952854
2014-01-14 00:00:00,1.0322608105637983
2014-01-15 00:00:00,1.027554454284632
2014-01-16 00:00:00,1.02504439760241
2014-01-17 00:00:00,1.0309430308056318
2014-01-21 00:00:00,1.0334530874878536
2014-01-22 00:00:00,1.0398537320275199
2014-01-23 00:00:00,1.0424265401267974
2014-01-24 00:00:00,1.0348336186630758
2014-01-27 00:00:00,1.0409205061174642
2014-01-28 00:00:00,1.0404812461980752
2014-01-29 00:00:00,1.0392262178569642
2014-01-30 00:00:00,1.0345826129948537
2014-01-31 00:00:00,1.0322608105637983
2014-02-03 00:00:00,1.0232873579248545
2014-02-04 00:00:00,1.0228480980054657
2014-02-05 00:00:00,1.0233501093419102
2014-02-06 00:00:00,1.0256719117729656
2014-02-07 00:00:00,1.0288094826257428
2014-02-10 00:00:00,1.0303155166350761
2014-02-11 00:00:00,1.0333903360707983
2014-02-12 00:00:00,1.0402929919469086
2014-02-13 00:00:00,1.0443718340555193
2014-02-14 00:00:00,1.0502077158416854
2014-02-18 00:00:00,1.0476976591594633
2014-02-19 00:00:00,1.0490781903346857
2014-02-20 00:00:00,1.0441835798043526
2014-02-21 00:00:00,1.0435560656337972
2014-02-24 00:00:00,1.0442463312214083
2014-02-25 00:00:00,1.0476976591594633
2014-02-26 00:00:00,1.044685591140797
2014-02-27 00:00:00,1.0475094049082967
2014-02-28 00:00:00,1.0510862356804633
2014-03-03 00:00:00,1.0487016818323522
2014-03-04 00:00:00,1.0454431764486254
2014-03-05 00:00:00,1.0454431764486254
2014-03-06 00:00:00,1.0463180765903122
2014-03-07 00:00:00,1.045193204979572
2014-03-10 00:00:00,1.0394438611913435
2014-03-11 00:00:00,1.0391313968550269
2014-03-12 00:00:00,1.0376940609079697
2014-03-13 00:00:00,1.042193547350931
2014-03-14 00:00:00,1.0392563825895536
2014-03-17 00:00:00,1.0401937755985038
2014-03-18 00:00:00,1.0357567820228057
2014-03-19 00:00:00,1.03919388972229
2014-03-20 00:00:00,1.0318197313852144
2014-03-21 00:00:00,1.0310073241107909
2014-03-24 00:00:00,1.0305698740399474
2014-03-25 00:00:00,1.031569759916161
2014-03-26 00:00:00,1.0352568390846988
2014-03-27 00:00:00,1.0390689039877634
2014-03-28 00:00:00,1.0396938326603968
2014-03-31 00:00:00,1.0420685616164043
2014-04-01 00:00:00,1.0398188183949235
2014-04-02 00:00:00,1.039506354058607
2014-04-03 00:00:00,1.036319217828176
2014-04-04 00:00:00,1.0370066393680728
2014-04-07 00:00:00,1.0383814824478665
2014-04-08 00:00:00,1.0463180765903122
2014-04-09 00:00:00,1.0468180195284191
2014-04-10 00:00:00,1.0486928055463196
2014-04-11 00:00:00,1.045880626519469
2014-04-14 00:00:00,1.0461930908557855
2014-04-15 00:00:00,1.045193204979572
2014-04-16 00:00:00,1.0495052128207434
2014-04-17 00:00:00,1.0504426058296936
2014-04-18 00:00:00,1.0493802270862167
2014-04-21 00:00:00,1.0493802270862167
2014-04-22 00:00:00,1.051942434644014
2014-04-23 00:00:00,1.0478803982718963
2014-04-24 00:00:00,1.0496926914225333
2014-04-25 00:00:00,1.050505098696957
2014-04-28 00:00:00,1.0506300844314838
2014-04-29 00:00:00,1.0516924631749607
2014-04-30 00:00:00,1.054753445054247
2014-05-01 00:00:00,1.054753445054247
2014-05-02 00:00:00,1.052569044428395
2014-05-05 00:00:00,1.0528811016606596
2014-05-06 00:00:00,1.0594967149846686
2014-05-07 00:00:00,1.0587477776272334
2014-05-08 00:00:00,1.057499548698175
2014-05-09 00:00:00,1.0515704612851486
2014-05-12 00:00:00,1.0529435131071125
2014-05-13 00:00:00,1.0508839353741664
2014-05-14 00:00:00,1.047513717265709
2014-05-15 00:00:00,1.0479505973908796
2014-05-16 00:00:00,1.0501974094631843
2014-05-19 00:00:00,1.0498853522309197
2014-05-20 00:00:00,1.0514456383922428
2014-05-21 00:00:00,1.0528186902142067
2014-05-22 00:00:00,1.0521945757496776
2014-05-23 00:00:00,1.0498853522309197
2014-05-27 00:00:00,1.0485123004089556
2014-05-28 00:00:00,1.0428328587817406
2014-05-29 00:00:00,1.0434569732462697
2014-05-30 00:00:00,1.0462654883366507
2014-06-02 00:00:00,1.0457661967650276
2014-06-03 00:00:00,1.0455789624256688
2014-06-04 00:00:00,1.0452044937469513
2014-06-05 00:00:00,1.048262654623144
2014-06-06 00:00:00,1.0481378317302381
2014-06-09 00:00:00,1.0483874775160498
2014-06-10 00:00:00,1.0455789624256688
2014-06-11 00:00:00,1.048200243176691
2014-06-12 00:00:00,1.0518201070709603
2014-06-13 00:00:00,1.0580612517162515
2014-06-16 00:00:00,1.0602456523421036
2014-06-17 00:00:00,1.0588101890736865
2014-06-18 00:00:00,1.0579364288233457
2014-06-19 00:00:00,1.0638655162363724
2014-06-20 00:00:00,1.0618683499498793
2014-06-23 00:00:00,1.0616187041640677
2014-06-24 00:00:00,1.059184657752404
2014-06-25 00:00:00,1.0601208294491977
2014-06-26 00:00:00,1.062117995735691
2014-06-27 00:00:00,1.0616767468092687
2014-06-30 00:00:00,1.0616767468092687
2014-07-01 00:00:00,1.064283611665509
2014-07-02 00:00:00,1.0654008394610404
2014-07-03 00:00:00,1.0645939527198234
2014-07-07 00:00:00,1.0631043156591147
2014-07-08 00:00:00,1.0630422474482515
2014-07-09 00:00:00,1.0632284520808404
2014-07-10 00:00:00,1.0627319063939373
2014-07-11 00:00:00,1.0618629514418576
2014-07-14 00:00:00,1.0600629733268343
2014-07-15 00:00:00,1.0644077480872347
2014-07-16 00:00:00,1.0632905202917033
2014-07-17 00:00:00,1.0616146785984057
2014-07-18 00:00:00,1.0594422912182058
2014-07-21 00:00:00,1.05931815479648
2014-07-22 00:00:00,1.058759540898714
2014-07-23 00:00:00,1.0573940402597313
2014-07-24 00:00:00,1.0539802886622738
2014-07-25 00:00:00,1.053421674764508
2014-07-28 00:00:00,1.0546009707709025
2014-07-29 00:00:00,1.0513734238060335
2014-07-30 00:00:00,1.0491389682149705
2014-07-31 00:00:00,1.0482700132628904
2014-08-01 00:00:00,1.0447321252437072
2014-08-04 00:00:00,1.045290739141473
2014-08-05 00:00:00,1.0473389900999475
2014-08-06 00:00:00,1.0447941934545701
2014-08-07 00:00:00,1.0457872848283758
2014-08-08 00:00:00,1.0413804418571126
2014-08-11 00:00:00,1.0419390557548784
2014-08-12 00:00:00,1.043118351761273
2014-08-13 00:00:00,1.0362908485663578
2014-08-14 00:00:00,1.036166712144632
2014-08-15 00:00:00,1.0356701664577292
2014-08-18 00:00:00,1.0377804856270665
2014-08-19 00:00:00,1.0315736645407803
2014-08-20 00:00:00,1.0323805512819975
2014-08-21 00:00:00,1.0296495500040315
2014-08-22 00:00:00,1.0287185268410886
2014-08-25 00:00:00,1.02940127716058
2014-08-26 00:00:00,1.0281517509735942
2014-08-27 00:00:00,1.0281517509735942
2014-08-28 00:00:00,1.0277204352489788
2014-08-29 00:00:00,1.027289119524363
2014-09-02 00:00:00,1.0323791641953701
2014-09-03 00:00:00,1.035484000634243
2014-09-04 00:00:00,1.0417527626930794
2014-09-05 00:00:00,1.0439890705303938
2014-09-08 00:00:00,1.0545384378397686
2014-09-09 00:00:00,1.0577673497931501
2014-09-10 00:00:00,1.0548545237783673
2014-09-11 00:00:00,1.049149998687146
2014-09-12 00:00:00,1.0479742298754802
2014-09-15 00:00:00,1.0479151406943898
2014-09-16 00:00:00,1.0449402769223526
2014-09-17 00:00:00,1.042461715208349
2014-09-18 00:00:00,1.0397350024653287
2014-09-19 00:00:00,1.043274103204981
2014-09-22 00:00:00,1.0416020323352817
2014-09-23 00:00:00,1.0396818104365657
2014-09-24 00:00:00,1.0412357029440842
2014-09-25 00:00:00,1.0430997842378733
2014-09-26 00:00:00,1.0467009227347799
2014-09-29 00:00:00,1.0461455314956558
2014-09-30 00:00:00,1.0486920281192411
2014-10-01 00:00:00,1.0488810899671674
2014-10-02 00:00:00,1.0535368703373948
2014-10-03 00:00:00,1.0645205019475494
2014-10-06 00:00:00,1.0603048830304287
2014-10-07 00:00:00,1.0575781702874083
2014-10-08 00:00:00,1.0577672321353346
2014-10-09 00:00:00,1.0542960663052638
2014-10-10 00:00:00,1.0588277711609833
2014-10-14 00:00:00,1.0661511750931407
2014-10-15 00:00:00,1.0642929909516787
2014-10-16 00:00:00,1.057657899501645
2014-10-17 00:00:00,1.0562960174182168
2014-10-20 00:00:00,1.0530730026171629
2014-10-21 00:00:00,1.053200026707835
2014-10-22 00:00:00,1.0571113539910122
2014-10-23 00:00:00,1.05909951079931
2014-10-24 00:00:00,1.0549476729004224
2014-10-27 00:00:00,1.0549476729004224
2014-10-28 00:00:00,1.0533176676530565
2014-10-29 00:00:00,1.053780163833374
2014-10-30 00:00:00,1.0619587590282729
2014-10-31 00:00:00,1.0634675059224319
2014-11-03 00:00:00,1.0642569554508248
2014-11-04 00:00:00,1.063869372926146
2014-11-05 00:00:00,1.064266478436848
2014-11-06 00:00:00,1.072183510953287
2014-11-07 00:00:00,1.0732999138297552
2014-11-10 00:00:00,1.0723892059481555
2014-11-12 00:00:00,1.0750749848953862
2014-11-13 00:00:00,1.0814226413410626
2014-11-14 00:00:00,1.085285452341365
2014-11-17 00:00:00,1.0860095112001429
2014-11-18 00:00:00,1.0857527100146942
2014-11-19 00:00:00,1.0842534861065585
2014-11-20 00:00:00,1.0833427782249587
2014-11-21 00:00:00,1.0840014464141212
2014-11-24 00:00:00,1.08204448781868
2014-11-25 00:00:00,1.0811337799370802
2014-11-26 00:00:00,1.0762996318785742
2014-11-28 00:00:00,1.0859822124746208
2014-12-01 00:00:00,1.0790555629884317
2014-12-02 00:00:00,1.0850108754164176
2014-12-03 00:00:00,1.0817461034286742
2014-12-04 00:00:00,1.081227739564765
2014-12-05 00:00:00,1.0881639120369773
2014-12-08 00:00:00,1.0864685161199963
2014-12-09 00:00:00,1.081895930739951
2014-12-10 00:00:00,1.082162254911423
2014-12-11 00:00:00,1.0805976403336721
2014-12-12 00:00:00,1.0794907604432271
2014-12-15 00:00:00,1.0836805247916053
2014-12-16 00:00:00,1.0788463767330991
2014-12-17 00:00:00,1.0842785638041643
2014-12-18 00:00:00,1.0835640279314098
2014-12-19 00:00:00,1.0869691042444067
2014-12-22 00:00:00,1.086319959041267
2014-12-23 00:00:00,1.092863787495789
2014-12-24 00:00:00,1.0903941725896322
2014-12-29 00:00:00,1.0903941725896322
2014-12-30 00:00:00,1.0868897828324109
2014-12-31 00:00:00,1.0864759202327483
2015-01-02 00:00:00,1.101655171928042
2015-01-05 00:00:00,1.1105128908010562
2015-01-06 00:00:00,1.1146645796841512
2015-01-07 00:00:00,1.1216960779640623
2015-01-08 00:00:00,1.1184726452211646
2015-01-09 00:00:00,1.1160920835212376
2015-01-12 00:00:00,1.1148353498786046
2015-01-13 00:00:00,1.1149131620540083
2015-01-14 00:00:00,1.11007422647875
2015-01-15 00:00:00,1.1151390256583966
2015-01-16 00:00:00,1.117113297680484
2015-01-20 00:00:00,1.1149434537412997
2015-01-21 00:00:00,1.1179713145671004
2015-01-22 00:00:00,1.1225444389716808
2015-01-23 00:00:00,1.1245889502473494
2015-01-26 00:00:00,1.119890493179253
2015-01-27 00:00:00,1.1122419874607594
2015-01-28 00:00:00,1.1143567379900088
2015-01-29 00:00:00,1.1228632605951185
2015-01-30 00:00:00,1.1239946615742356
2015-02-02 00:00:00,1.1238617559888968
2015-02-03 00:00:00,1.1166346857918885
2015-02-04 00:00:00,1.1109528791736598
2015-02-05 00:00:00,1.1049901155411075
2015-02-06 00:00:00,1.1081584548740702
2015-02-09 00:00:00,1.1102029661497388
2015-02-10 00:00:00,1.1076819259426498
2015-02-11 00:00:00,1.1090240446825093
2015-02-12 00:00:00,1.0985659688207807
2015-02-13 00:00:00,1.0975199529388902
2015-02-17 00:00:00,1.100618053018272
2015-02-18 00:00:00,1.0948660071464624
2015-02-19 00:00:00,1.0933283164895058
2015-02-20 00:00:00,1.0979014408940861
2015-02-23 00:00:00,1.0922196342758574
2015-02-24 00:00:00,1.0943343848051068
2015-02-25 00:00:00,1.0897061669905914
2015-02-26 00:00:00,1.0945843264256228
2015-02-27 00:00:00,1.0945843264256228
2015-03-02 00:00:00,1.099342439696058
2015-03-03 00:00:00,1.0978615853697928
2015-03-04 00:00:00,1.1066608481062725
2015-03-05 00:00:00,1.109221143246052
2015-03-06 00:00:00,1.1209271977037212
2015-03-09 00:00:00,1.1184537803507084
2015-03-10 00:00:00,1.1191707441550989
2015-03-11 00:00:00,1.1291043646364332
2015-03-12 00:00:00,1.131735557135266
2015-03-13 00:00:00,1.1424490485661876
2015-03-16 00:00:00,1.1391957602635872
2015-03-17 00:00:00,1.1431031052253815
2015-03-18 00:00:00,1.1471522449052824
2015-03-19 00:00:00,1.1440407513207886
2015-03-20 00:00:00,1.1302237565192301
2015-03-23 00:00:00,1.1292391837063387
2015-03-24 00:00:00,1.1338555022586672
2015-03-25 00:00:00,1.1306022139560667
2015-03-26 00:00:00,1.1355730193036622
2015-03-27 00:00:00,1.1330996019506492
2015-03-30 00:00:00,1.1391338676840457
2015-03-31 00:00:00,1.134958913713751
2015-04-01 00:00:00,1.1368102352629963
2015-04-02 00:00:00,1.1354002782957846
2015-04-03 00:00:00,1.1300909665806351
2015-04-06 00:00:00,1.1269794729961418
2015-04-07 00:00:00,1.1341480964743929
2015-04-08 00:00:00,1.1293350662726174
2015-04-09 00:00:00,1.1423881705523016
2015-04-10 00:00:00,1.148776923080965
2015-04-13 00:00:00,1.1480050423452342
2015-04-14 00:00:00,1.1385836838049868
2015-04-15 00:00:00,1.1390879555322173
2015-04-16 00:00:00,1.1290285207604895
2015-04-17 00:00:00,1.1276185637932779
2015-04-20 00:00:00,1.1296116800606297
2015-04-21 00:00:00,1.1273509547847773
2015-04-22 00:00:00,1.1214035668381472
2015-04-23 00:00:00,1.119922712511882
2015-04-24 00:00:00,1.1103856707508672
2015-04-27 00:00:00,1.1103856707508672
2015-04-28 00:00:00,1.1103856707508672
2015-04-29 00:00:00,1.1103856707508672
2015-04-30 00:00:00,1.1103856707508672
2015-05-01 00:00:00,1.1103856707508672
2015-05-04 00:00:00,1.1103856707508672
2015-05-05 00:00:00,1.1103856707508672
2015-05-06 00:00:00,1.1103856707508672
2015-05-07 00:00:00,1.1103856707508672
2015-05-08 00:00:00,1.1103856707508672
2015-05-11 00:00:00,1.1103856707508672
2015-05-12 00:00:00,1.1103856707508672
2015-05-13 00:00:00,1.1103856707508672
2015-05-14 00:00:00,1.1103856707508672
2015-05-15 00:00:00,1.1103856707508672
2015-05-18 00:00:00,1.1103856707508672
2015-05-19 00:00:00,1.1103856707508672
2015-05-20 00:00:00,1.1103856707508672
2015-05-21 00:00:00,1.1103856707508672
2015-05-22 00:00:00,1.1103856707508672
2015-05-26 00:00:00,1.1103856707508672
2015-05-27 00:00:00,1.1103856707508672
2015-05-28 00:00:00,1.1103856707508672
2015-05-29 00:00:00,1.1103856707508672
2015-06-01 00:00:00,1.1103856707508672
2015-06-02 00:00:00,1.1103856707508672
2015-06-03 00:00:00,1.1103856707508672
2015-06-04 00:00:00,1.1103856707508672
2015-06-05 00:00:00,1.1103856707508672
2015-06-08 00:00:00,1.1103856707508672
2015-06-09 00:00:00,1.1103856707508672
2015-06-10 00:00:00,1.1103856707508672
2015-06-11 00:00:00,1.1103856707508672
2015-06-12 00:00:00,1.1103856707508672
2015-06-15 00:00:00,1.1103856707508672
2015-06-16 00:00:00,1.1103856707508672
2015-06-17 00:00:00,1.1103856707508672
2015-06-18 00:00:00,1.1103856707508672
2015-06-19 00:00:00,1.1103856707508672
2015-06-22 00:00:00,1.1103856707508672
2015-06-23 00:00:00,1.1103856707508672
2015-06-24 00:00:00,1.1103856707508672
2015-06-25 00:00:00,1.1103856707508672
2015-06-26 00:00:00,1.1103856707508672
2015-06-29 00:00:00,1.1103856707508672
2015-06-30 00:00:00,1.1103856707508672
2015-07-01 00:00:00,1.1103856707508672
2015-07-02 00:00:00,1.1103856707508672
2015-07-06 00:00:00,1.1103856707508672
2015-07-07 00:00:00,1.1103856707508672
2015-07-08 00:00:00,1.1103856707508672
2015-07-09 00:00:00,1.1103856707508672
2015-07-10 00:00:00,1.1103856707508672
2015-07-13 00:00:00,1.1103856707508672
2015-07-14 00:00:00,1.1103856707508672
2015-07-15 00:00:00,1.1103856707508672
2015-07-16 00:00:00,1.1103856707508672
2015-07-17 00:00:00,1.1103856707508672
2015-07-20 00:00:00,1.1103856707508672
2015-07-21 00:00:00,1.1103856707508672
2015-07-22 00:00:00,1.1103856707508672
2015-07-23 00:00:00,1.1044131794693743
2015-07-24 00:00:00,1.10306225882237
2015-07-27 00:00:00,1.1088214468438096
2015-07-28 00:00:00,1.1103856707508672
2015-07-29 00:00:00,1.1108833783576584
2015-07-30 00:00:00,1.1078260316302275
2015-07-31 00:00:00,1.1115943892245026
2015-08-03 00:00:00,1.109390255537285
2015-08-04 00:00:00,1.110030165317445
2015-08-05 00:00:00,1.1094613566239695
2015-08-06 00:00:00,1.1035599664291613
2015-08-07 00:00:00,1.0997205077482015
2015-08-10 00:00:00,1.105337493596272
2015-08-11 00:00:00,1.1071861218500674
2015-08-12 00:00:00,1.111949894657925
2015-08-13 00:00:00,1.1088214468438096
2015-08-14 00:00:00,1.1109544794443427
2015-08-17 00:00:00,1.1090347501038629
2015-08-18 00:00:00,1.1133008153049293
2015-08-19 00:00:00,1.1123765011780313
2015-08-20 00:00:00,1.1154338479054622
2015-08-21 00:00:00,1.1161448587723068
2015-08-24 00:00:00,1.118491194632893
2015-08-25 00:00:00,1.1161448587723068
2015-08-26 00:00:00,1.1015691360019968
2015-08-27 00:00:00,1.095738846893873
2015-08-28 00:00:00,1.0922548936463357
2015-08-31 00:00:00,1.09232599473302
2015-09-01 00:00:00,1.0907617708259623
2015-09-02 00:00:00,1.0885576371387446
2015-09-03 00:00:00,1.0845759762844163
2015-09-04 00:00:00,1.0803810121700343
2015-09-08 00:00:00,1.0936058142933398
2015-09-09 00:00:00,1.09232599473302
2015-09-10 00:00:00,1.099009496881357
2015-09-11 00:00:00,1.0968053631941395
2015-09-14 00:00:00,1.0965920599340864
2015-09-15 00:00:00,1.091543882779491
2015-09-16 00:00:00,1.1019957425221034
2015-09-17 00:00:00,1.1023736376877227
2015-09-18 00:00:00,1.1023736376877227
2015-09-21 00:00:00,1.1070530449515348
2015-09-22 00:00:00,1.1176078141833736
2015-09-23 00:00:00,1.1255434461523575
2015-09-24 00:00:00,1.1247014289160961
2015-09-25 00:00:00,1.1304426485837684
2015-09-28 00:00:00,1.1278309440077403
2015-09-29 00:00:00,1.130599088944604
2015-09-30 00:00:00,1.1342166838045558
2015-10-01 00:00:00,1.1308971042926208
2015-10-02 00:00:00,1.1270112248319601
2015-10-05 00:00:00,1.1305580321983215
2015-10-06 00:00:00,1.1261058527889354
2015-10-07 00:00:00,1.1198131985461914
2015-10-08 00:00:00,1.119679056245837
2015-10-09 00:00:00,1.119686488932664
2015-10-13 00:00:00,1.1247906211580203
2015-10-14 00:00:00,1.110357405152348
2015-10-15 00:00:00,1.1081704255378637
2015-10-16 00:00:00,1.1105138455131833
2015-10-19 00:00:00,1.1083268658986993
2015-10-20 00:00:00,1.1083342985855262
2015-10-21 00:00:00,1.1087664562338972
2015-10-22 00:00:00,1.1132335010169374
2015-10-23 00:00:00,1.117346608332024
2015-10-26 00:00:00,1.115796716159856
2015-10-27 00:00:00,1.119201948539036
2015-10-28 00:00:00,1.1186430812771375
2015-10-29 00:00:00,1.1202078388229595
2015-10-30 00:00:00,1.109597147471184
2015-11-02 00:00:00,1.110737180055462
2015-11-03 00:00:00,1.1123727250948747
2015-11-04 00:00:00,1.1142206326150594
2015-11-05 00:00:00,1.1241383144045822
2015-11-06 00:00:00,1.1357548960402815
2015-11-09 00:00:00,1.1319398040732116
2015-11-10 00:00:00,1.1328674741767175
2015-11-12 00:00:00,1.126008519985248
2015-11-13 00:00:00,1.125803590191303
2015-11-16 00:00:00,1.1260233853589023
2015-11-17 00:00:00,1.1249214435249253
2015-11-18 00:00:00,1.1249214435249253
2015-11-19 00:00:00,1.1162035509939827
2015-11-20 00:00:00,1.1256056948643292
2015-11-23 00:00:00,1.1310140347931672
2015-11-24 00:00:00,1.1359786187285041
2015-11-25 00:00:00,1.132068082793822
2015-11-27 00:00:00,1.137106626061409
2015-11-30 00:00:00,1.1367461380747348
2015-12-01 00:00:00,1.1344627074495561
2015-12-02 00:00:00,1.1452700786326557
2015-12-03 00:00:00,1.1332979754827064
2015-12-04 00:00:00,1.1323458128380304
2015-12-07 00:00:00,1.1340561861543603
2015-12-08 00:00:00,1.1396124447476987
2015-12-09 00:00:00,1.127122626271998
2015-12-10 00:00:00,1.126466300956323
2015-12-11 00:00:00,1.123665155005393
2015-12-14 00:00:00,1.1297391289244827
2015-12-15 00:00:00,1.1360349808403225
2015-12-16 00:00:00,1.1382630694824034
2015-12-17 00:00:00,1.1483308473430016
2015-12-18 00:00:00,1.1454557420598215
2015-12-21 00:00:00,1.1459827660601491
2015-12-22 00:00:00,1.1529442519662403
2015-12-23 00:00:00,1.1490337160315582
2015-12-24 00:00:00,1.1430523187938717
2015-12-28 00:00:00,1.1474252280712074
2015-12-29 00:00:00,1.1539429579837976
2015-12-30 00:00:00,1.1510678527006177
2015-12-31 00:00:00,1.1573637046164578
2016-01-04 00:00:00,1.1617366138937935
2016-01-05 00:00:00,1.163299068545623
2016-01-06 00:00:00,1.1660448725134553
2016-01-07 00:00:00,1.169456310471539
2016-01-08 00:00:00,1.173533382419874
2016-01-11 00:00:00,1.1704363991399436
2016-01-12 00:00:00,1.1822792009745455
2016-01-13 00:00:00,1.1772592750561108
2016-01-14 00:00:00,1.1817061436656966
2016-01-15 00:00:00,1.190516612878042
2016-01-19 00:00:00,1.1988416869928296
2016-01-20 00:00:00,1.1988416869928296
2016-01-21 00:00:00,1.1961495020781396
2016-01-22 00:00:00,1.1867721690535866
2016-01-25 00:00:00,1.192034464168354
2016-01-26 00:00:00,1.1837572188074494
2016-01-27 00:00:00,1.1905427122257306
2016-01-28 00:00:00,1.1828578217606363
2016-01-29 00:00:00,1.196920818184591
2016-02-01 00:00:00,1.1813660698180122
2016-02-02 00:00:00,1.1785892627753494
2016-02-03 00:00:00,1.1635422471766086
2016-02-04 00:00:00,1.1631348597171884
2016-02-05 00:00:00,1.1725436391026307
2016-02-08 00:00:00,1.176959712937669
2016-02-09 00:00:00,1.1719827305677095
2016-02-10 00:00:00,1.1719138316201811
2016-02-11 00:00:00,1.1739604858719765
2016-02-12 00:00:00,1.1728761213887728
2016-02-16 00:00:00,1.1871929841966467
2016-02-17 00:00:00,1.1848392877938485
2016-02-18 00:00:00,1.183416434798753
2016-02-19 00:00:00,1.182501314571495
2016-02-22 00:00:00,1.198172131426936
2016-02-23 00:00:00,1.2080040214522434
2016-02-24 00:00:00,1.2170743123257939
2016-02-25 00:00:00,1.2165823027384008
2016-02-26 00:00:00,1.2224369527489791
2016-02-29 00:00:00,1.2173753482510465
2016-03-01 00:00:00,1.2154447624881133
2016-03-02 00:00:00,1.2059828073355874
2016-03-03 00:00:00,1.1980440504865741
2016-03-04 00:00:00,1.1917131140690471
2016-03-07 00:00:00,1.1891055512823305
2016-03-08 00:00:00,1.1916599383019637
2016-03-09 00:00:00,1.190660195946733
2016-03-10 00:00:00,1.1846677480410976
2016-03-11 00:00:00,1.174444193736815
2016-03-14 00:00:00,1.183006751842528
2016-03-15 00:00:00,1.196308149114726
2016-03-16 00:00:00,1.201824310613413
2016-03-17 00:00:00,1.168393129250335
2016-03-18 00:00:00,1.168393129250335
2016-03-21 00:00:00,1.168393129250335
2016-03-22 00:00:00,1.168393129250335
2016-03-23 00:00:00,1.168393129250335
2016-03-24 00:00:00,1.168393129250335
2016-03-25 00:00:00,1.168393129250335
2016-03-28 00:00:00,1.168393129250335
2016-03-29 00:00:00,1.168393129250335
2016-03-30 00:00:00,1.168393129250335
2016-03-31 00:00:00,1.168393129250335
2016-04-01 00:00:00,1.168393129250335
2016-04-04 00:00:00,1.168393129250335
2016-04-05 00:00:00,1.168393129250335
2016-04-06 00:00:00,1.168393129250335
2016-04-07 00:00:00,1.168393129250335
2016-04-08 00:00:00,1.168393129250335
2016-04-11 00:00:00,1.168393129250335
2016-04-12 00:00:00,1.168393129250335
2016-04-13 00:00:00,1.168393129250335
2016-04-14 00:00:00,1.168393129250335
2016-04-15 00:00:00,1.168393129250335
2016-04-18 00:00:00,1.168393129250335
2016-04-19 00:00:00,1.168393129250335
2016-04-20 00:00:00,1.168393129250335
2016-04-21 00:00:00,1.168393129250335
2016-04-22 00:00:00,1.168393129250335
2016-04-25 00:00:00,1.168393129250335
2016-04-26 00:00:00,1.168393129250335
2016-04-27 00:00:00,1.168393129250335
2016-04-28 00:00:00,1.168393129250335
2016-04-29 00:00:00,1.168393129250335
2016-05-02 00:00:00,1.168393129250335
2016-05-03 00:00:00,1.168393129250335
2016-05-04 00:00:00,1.168393129250335
2016-05-05 00:00:00,1.168393129250335
2016-05-06 00:00:00,1.168393129250335
2016-05-09 00:00:00,1.168393129250335
2016-05-10 00:00:00,1.168393129250335
2016-05-11 00:00:00,1.168393129250335
2016-05-12 00:00:00,1.168393129250335
2016-05-13 00:00:00,1.168393129250335
2016-05-16 00:00:00,1.168393129250335
2016-05-17 00:00:00,1.168393129250335
2016-05-18 00:00:00,1.168393129250335
2016-05-19 00:00:00,1.168393129250335
2016-05-20 00:00:00,1.168393129250335
2016-05-23 00:00:00,1.1628381698402699
2016-05-24 00:00:00,1.177248861643192
2016-05-25 00:00:00,1.182964834369491
2016-05-26 00:00:00,1.1812741945490361
2016-05-27 00:00:00,1.1789395014636466
2016-05-31 00:00:00,1.169761742438322
2016-06-01 00:00:00,1.1588933435925426
2016-06-02 00:00:00,1.1608255033873478
2016-06-03 00:00:00,1.1690371825152697
2016-06-06 00:00:00,1.1633212097889714
2016-06-07 00:00:00,1.172498968814296
2016-06-08 00:00:00,1.1710498489681918
2016-06-09 00:00:00,1.1646898229769584
2016-06-10 00:00:00,1.1546264907123476
2016-06-13 00:00:00,1.1450461983964384
2016-06-14 00:00:00,1.1375590791915684
2016-06-15 00:00:00,1.141986945387997
2016-06-16 00:00:00,1.1331312129951396
2016-06-17 00:00:00,1.1500376111996855
2016-06-20 00:00:00,1.1824817944207895
2016-06-21 00:00:00,1.180871661258452
2016-06-22 00:00:00,1.1819987544720882
2016-06-23 00:00:00,1.1914985401298805
2016-06-24 00:00:00,1.0980303100561783
2016-06-27 00:00:00,1.0640565003308535
2016-06-28 00:00:00,1.0702555130058535
2016-06-29 00:00:00,1.0876449511591004
2016-06-30 00:00:00,1.0660691667837756
2016-07-01 00:00:00,1.0692089264503342
2016-07-05 00:00:00,1.047926677401169
2016-07-06 00:00:00,1.047926677401169
2016-07-07 00:00:00,1.047926677401169
2016-07-08 00:00:00,1.047926677401169
2016-07-11 00:00:00,1.047926677401169
2016-07-12 00:00:00,1.047926677401169
2016-07-13 00:00:00,1.047926677401169
2016-07-14 00:00:00,1.047926677401169
2016-07-15 00:00:00,1.047926677401169
2016-07-18 00:00:00,1.047926677401169
2016-07-19 00:00:00,1.047926677401169
2016-07-20 00:00:00,1.047926677401169
2016-07-21 00:00:00,1.047926677401169
2016-07-22 00:00:00,1.047926677401169
2016-07-25 00:00:00,1.047926677401169
2016-07-26 00:00:00,1.047926677401169
2016-07-27 00:00:00,1.047926677401169
2016-07-28 00:00:00,1.047926677401169
2016-07-29 00:00:00,1.047926677401169
2016-08-01 00:00:00,1.047926677401169
2016-08-02 00:00:00,1.047926677401169
2016-08-03 00:00:00,1.047926677401169
2016-08-04 00:00:00,1.047926677401169
2016-08-05 00:00:00,1.047926677401169
2016-08-08 00:00:00,1.047926677401169
2016-08-09 00:00:00,1.047926677401169
2016-08-10 00:00:00,1.047926677401169
2016-08-11 00:00:00,1.047926677401169
2016-08-12 00:00:00,1.047926677401169
2016-08-15 00:00:00,1.047926677401169
2016-08-16 00:00:00,1.047926677401169
2016-08-17 00:00:00,1.047926677401169
2016-08-18 00:00:00,1.047926677401169
2016-08-19 00:00:00,1.047926677401169
2016-08-22 00:00:00,1.047926677401169
2016-08-23 00:00:00,1.047926677401169
2016-08-24 00:00:00,1.047926677401169
2016-08-25 00:00:00,1.047926677401169
2016-08-26 00:00:00,1.047926677401169
2016-08-29 00:00:00,1.047926677401169
2016-08-30 00:00:00,1.047926677401169
2016-08-31 00:00:00,1.047926677401169
2016-09-01 00:00:00,1.047926677401169
2016-09-02 00:00:00,1.045813706034851
2016-09-06 00:00:00,1.0354897518877204
2016-09-07 00:00:00,1.0425351843923085
2016-09-08 00:00:00,1.0454751255064902
2016-09-09 00:00:00,1.048888777165719
2016-09-12 00:00:00,1.0444072530741666
2016-09-13 00:00:00,1.054531804121559
2016-09-14 00:00:00,1.0528925433002878
2016-09-15 00:00:00,1.051963848296587
2016-09-16 00:00:00,1.0617725923139483
2016-09-19 00:00:00,1.064791485185638
2016-09-20 00:00:00,1.0708105448426242
2016-09-21 00:00:00,1.070434512141478
2016-09-22 00:00:00,1.0613737861144728
2016-09-23 00:00:00,1.0718141441918962
2016-09-26 00:00:00,1.070253835128133
2016-09-27 00:00:00,1.0680619120043071
2016-09-28 00:00:00,1.0687122521507624
2016-09-29 00:00:00,1.0690467852671866
2016-09-30 00:00:00,1.0670917174158838
2016-10-03 00:00:00,1.0808480493086356
2016-10-04 00:00:00,1.088209288843255
2016-10-05 00:00:00,1.0882280149296477
2016-10-06 00:00:00,1.0959050614942982
2016-10-07 00:00:00,1.1126615601723469
2016-10-11 00:00:00,1.1296549141229189
2016-10-12 00:00:00,1.1314105788744835
2016-10-13 00:00:00,1.1308766426583217
2016-10-14 00:00:00,1.1317638380773003
2016-10-17 00:00:00,1.1319404676787088
2016-10-18 00:00:00,1.1220902240766253
2016-10-19 00:00:00,1.1244775028882523
2016-10-20 00:00:00,1.126233167639817
2016-10-21 00:00:00,1.129804722814061
2016-10-24 00:00:00,1.1302182076879932
2016-10-25 00:00:00,1.1333160523171906
2016-10-26 00:00:00,1.1277292036205289
2016-10-27 00:00:00,1.13248503515739
2016-10-28 00:00:00,1.1338459411214157
2016-10-31 00:00:00,1.1289710872691352
2016-11-01 00:00:00,1.1289710872691352
2016-11-02 00:00:00,1.1199431824733228
2016-11-03 00:00:00,1.1070343818135961
2016-11-04 00:00:00,1.0984684884301545
2016-11-07 00:00:00,1.1116171314281376
2016-11-08 00:00:00,1.1144167187890162
2016-11-09 00:00:00,1.104926802580833
2016-11-10 00:00:00,1.1003342073437796
2016-11-14 00:00:00,1.1052590472015638
2016-11-15 00:00:00,1.1095370710820287
2016-11-16 00:00:00,1.1068849237769323
2016-11-17 00:00:00,1.1068200403811121
2016-11-18 00:00:00,1.1181206377296125
2016-11-21 00:00:00,1.1044726188100924
2016-11-22 00:00:00,1.10902784953798
2016-11-23 00:00:00,1.1058212885380387
2016-11-25 00:00:00,1.105386796012322
2016-11-28 00:00:00,1.1100344290226836
2016-11-29 00:00:00,1.1012837310742938
2016-11-30 00:00:00,1.103436502457853
2016-12-01 00:00:00,1.092745356577506
2016-12-02 00:00:00,1.0844566700414868
2016-12-05 00:00:00,1.0822665341487616
2016-12-06 00:00:00,1.08238645531789
2016-12-07 00:00:00,1.0917466047344326
2016-12-08 00:00:00,1.094453789812837
2016-12-09 00:00:00,1.0929104698974306
2016-12-12 00:00:00,1.0848065879263595
2016-12-13 00:00:00,1.0840024862707465
2016-12-14 00:00:00,1.0819971549429694
2016-12-15 00:00:00,1.111223795091454
2016-12-16 00:00:00,1.1029351085554349
2016-12-19 00:00:00,1.1083219598255896
2016-12-20 00:00:00,1.1138936156606924
2016-12-21 00:00:00,1.114752755089614
2016-12-22 00:00:00,1.1190307789700786
2016-12-23 00:00:00,1.1234936074154918
2016-12-27 00:00:00,1.1225971034774045
2016-12-28 00:00:00,1.1261359090980763
2016-12-29 00:00:00,1.1246849914651438
2016-12-30 00:00:00,1.1150411884957283
2017-01-03 00:00:00,1.1150411884957283
2017-01-04 00:00:00,1.1110649996713067
2017-01-05 00:00:00,1.1004473285720657
2017-01-06 00:00:00,1.1095721458787953
2017-01-09 00:00:00,1.1228820068107535
2017-01-10 00:00:00,1.1229998824023166
2017-01-11 00:00:00,1.1272118224098644
2017-01-12 00:00:00,1.1186866731232377
2017-01-13 00:00:00,1.119805320016486
2017-01-17 00:00:00,1.1024551874331816
2017-01-18 00:00:00,1.1095784621365403
2017-01-19 00:00:00,1.1086045872171746
2017-01-23 00:00:00,1.0934379556557283
2017-01-24 00:00:00,1.0891888292035745
2017-01-25 00:00:00,1.0810275967539242
2017-01-26 00:00:00,1.0846936615060074
2017-01-27 00:00:00,1.0889965807227993
2017-01-30 00:00:00,1.0937543959858118
2017-01-31 00:00:00,1.0839555377697676
2017-02-01 00:00:00,1.0786146608066847
2017-02-02 00:00:00,1.087830457322658
2017-02-03 00:00:00,1.0911326052377648
2017-02-06 00:00:00,1.0959813997100212
2017-02-07 00:00:00,1.0926420653503086
2017-02-08 00:00:00,1.08739216759647
2017-02-09 00:00:00,1.0897845234191355
2017-02-10 00:00:00,1.090994149521628
2017-02-13 00:00:00,1.0902022330207501
2017-02-14 00:00:00,1.0942322146098098
2017-02-15 00:00:00,1.0941681317828846
2017-02-16 00:00:00,1.0930122984450303
2017-02-17 00:00:00,1.0974061968710664
2017-02-21 00:00:00,1.0939758833021096
2017-02-22 00:00:00,1.0947306133583814
2017-02-23 00:00:00,1.0862964432809987
2017-02-24 00:00:00,1.0906903417070346
2017-02-27 00:00:00,1.0929917183204565
2017-02-28 00:00:00,1.0971126791187602
2017-03-01 00:00:00,1.1069653300994424
2017-03-02 00:00:00,1.1115411869439666
2017-03-03 00:00:00,1.1127802175268866
2017-03-06 00:00:00,1.1127802175268866
2017-03-07 00:00:00,1.1158065633744583
2017-03-08 00:00:00,1.1209234054241963
2017-03-09 00:00:00,1.1195869765889872
2017-03-10 00:00:00,1.1202501528167192
2017-03-13 00:00:00,1.1132784733495842
2017-03-14 00:00:00,1.1192133356523435
2017-03-15 00:00:00,1.11424126124815
2017-03-16 00:00:00,1.100725419756843
2017-03-17 00:00:00,1.100479684592329
2017-03-20 00:00:00,1.1010519696808367
2017-03-21 00:00:00,1.0906264269231665
2017-03-22 00:00:00,1.0908351474547755
2017-03-23 00:00:00,1.0862266376074803
2017-03-24 00:00:00,1.0893438745942767
2017-03-27 00:00:00,1.080917936899548
2017-03-28 00:00:00,1.088125275151452
2017-03-29 00:00:00,1.0964233070740512
2017-03-30 00:00:00,1.0892698453284673
2017-03-31 00:00:00,1.0848431177596212
2017-04-03 00:00:00,1.0900508509485836
2017-04-04 00:00:00,1.0938043259099524
2017-04-05 00:00:00,1.0891049249234326
2017-04-06 00:00:00,1.089222754315817
2017-04-07 00:00:00,1.0971572216815177
2017-04-10 00:00:00,1.0952754460109608
2017-04-11 00:00:00,1.089212677936072
2017-04-12 00:00:00,1.0876944668224136
2017-04-13 00:00:00,1.0856309088734073
2017-04-14 00:00:00,1.084748935734321
2017-04-17 00:00:00,1.0795950790516782
2017-04-18 00:00:00,1.0629889388267346
2017-04-19 00:00:00,1.061107163156178
2017-04-20 00:00:00,1.057316673561904
2017-04-21 00:00:00,1.0615246042193958
2017-04-24 00:00:00,1.061460651333331
2017-04-25 00:00:00,1.056579468068362
2017-04-26 00:00:00,1.056333732903848
2017-04-27 00:00:00,1.0516343319173282
2017-04-28 00:00:00,1.0471167132092576
2017-05-01 00:00:00,1.0486276401816514
2017-05-02 00:00:00,1.0486276401816514
2017-05-03 00:00:00,1.0482218559388754
2017-05-04 00:00:00,1.0477349148475443
2017-05-05 00:00:00,1.050981188789752
2017-05-08 00:00:00,1.0503319340013104
2017-05-09 00:00:00,1.0500884634556449
2017-05-10 00:00:00,1.0500884634556449
2017-05-11 00:00:00,1.0457059936336643
2017-05-12 00:00:00,1.0453002093908885
2017-05-15 00:00:00,1.0483030127874307
2017-05-16 00:00:00,1.0478972285446546
2017-05-17 00:00:00,1.0504942476984207
2017-05-18 00:00:00,1.0557694428545084
2017-05-19 00:00:00,1.0564998544915052
2017-05-22 00:00:00,1.0555259723088428
2017-05-23 00:00:00,1.0537405216406286
2017-05-24 00:00:00,1.0497638360614243
2017-05-25 00:00:00,1.051305816183973
2017-05-26 00:00:00,1.0384018772636971
2017-05-30 00:00:00,1.0435147587226743
2017-05-31 00:00:00,1.0473291306047683
2017-06-01 00:00:00,1.0464364052706614
2017-06-02 00:00:00,1.0457059936336643
2017-06-05 00:00:00,1.0483030127874307
2017-06-06 00:00:00,1.0470045032105475
2017-06-07 00:00:00,1.0502507771527554
2017-06-08 00:00:00,1.0500884634556449
2017-06-09 00:00:00,1.0336947800474958
2017-06-12 00:00:00,1.0272833890116355
2017-06-13 00:00:00,1.0338570937446063
2017-06-14 00:00:00,1.0394569162949145
2017-06-15 00:00:00,1.0362106423527069
2017-06-16 00:00:00,1.0370222108382587
2017-06-19 00:00:00,1.0341817211388271
2017-06-20 00:00:00,1.0248486835549797
2017-06-21 00:00:00,1.0280138006486323
2017-06-22 00:00:00,1.0273645458601908
2017-06-23 00:00:00,1.032883211561944
2017-06-26 00:00:00,1.03328899580472
2017-06-27 00:00:00,1.0380772498694764
2017-06-28 00:00:00,1.049530404617925
2017-06-29 00:00:00,1.049530404617925
2017-06-30 00:00:00,1.0504195631554172
2017-07-03 00:00:00,1.0468629290054488
2017-07-05 00:00:00,1.045488774902052
2017-07-06 00:00:00,1.048156250514528
2017-07-07 00:00:00,1.041123814808909
2017-07-10 00:00:00,1.0414471451861789
2017-07-11 00:00:00,1.0387796695737024
2017-07-12 00:00:00,1.041851308157766
2017-07-13 00:00:00,1.044437951175925
2017-07-14 00:00:00,1.057209501078084
2017-07-17 00:00:00,1.0555120165974172
2017-07-18 00:00:00,1.0529253735792585
2017-07-19 00:00:00,1.0537336995224331
2017-07-20 00:00:00,1.0488837438633853
2017-07-21 00:00:00,1.0482370831088454
2017-07-24 00:00:00,1.0530870387678932
2017-07-25 00:00:00,1.0545420254656075
2017-07-26 00:00:00,1.0547036906542424
2017-07-27 00:00:00,1.0560778447576396
2017-07-28 00:00:00,1.0608469678223695
2017-07-31 00:00:00,1.066666914613227
2017-08-01 00:00:00,1.0674752405564014
2017-08-02 00:00:00,1.0699002183859256
2017-08-03 00:00:00,1.062463619708719
2017-08-04 00:00:00,1.0537336995224331
2017-08-07 00:00:00,1.0525212106076711
2017-08-08 00:00:00,1.0482370831088454
2017-08-09 00:00:00,1.050581228344052
2017-08-10 00:00:00,1.0490454090520203
2017-08-11 00:00:00,1.0498537349951949
2017-08-14 00:00:00,1.048802911269068
2017-08-15 00:00:00,1.0396688281111948
2017-08-16 00:00:00,1.0395071629225598
2017-08-17 00:00:00,1.0417704755634485
2017-08-18 00:00:00,1.0384563391964325
2017-08-21 00:00:00,1.0429829644782107
2017-08-22 00:00:00,1.0374055154703057
2017-08-23 00:00:00,1.033606383537385
2017-08-24 00:00:00,1.034818872452147
2017-08-25 00:00:00,1.0402431275273014
2017-08-28 00:00:00,1.0402431275273014
2017-08-29 00:00:00,1.0393786376860294
2017-08-30 00:00:00,1.0395602653242855
2017-08-31 00:00:00,1.0432021277025179
2017-09-01 00:00:00,1.0363828152854728
2017-09-05 00:00:00,1.0330237376084042
2017-09-06 00:00:00,1.0281357189997182
2017-09-07 00:00:00,1.0263860528296151
2017-09-08 00:00:00,1.0169112114260765
2017-09-11 00:00:00,1.0199093092015228
2017-09-12 00:00:00,1.011239173551467
2017-09-13 00:00:00,1.0161685651352719
2017-09-14 00:00:00,1.001624077484791
2017-09-15 00:00:00,0.9870795898343109
2017-09-18 00:00:00,0.9945035692539126
2017-09-19 00:00:00,0.9918687267549784
2017-09-20 00:00:00,0.98802682562582
2017-09-21 00:00:00,0.9870013946338517
2017-09-22 00:00:00,0.9905627864367357
2017-09-25 00:00:00,0.99645782492472
2017-09-26 00:00:00,0.999214510974121
2017-09-27 00:00:00,1.000844608968646
2017-09-28 00:00:00,0.9980488253190155
2017-09-29 00:00:00,1.0006445702177198
2017-10-02 00:00:00,1.0113678432266013
2017-10-03 00:00:00,1.0126760589197334
2017-10-04 00:00:00,1.0112482750510234
2017-10-05 00:00:00,1.0221324892106016
2017-10-06 00:00:00,1.0276251748218443
2017-10-10 00:00:00,1.0153338632811162
2017-10-11 00:00:00,1.0156764320700684
2017-10-12 00:00:00,1.018513588694818
2017-10-13 00:00:00,1.0079926298117516
2017-10-16 00:00:00,1.0094617866555802
2017-10-17 00:00:00,1.0176904718286648
2017-10-18 00:00:00,1.0175502171655275
2017-10-19 00:00:00,1.0176513742284352
2017-10-20 00:00:00,1.017752531291343
2017-10-23 00:00:00,1.0159223945458917
2017-10-24 00:00:00,1.0220588447599208
2017-10-25 00:00:00,1.0113867540892931
2017-10-26 00:00:00,1.0113867540892931
2017-10-27 00:00:00,1.0057854163267168
2017-10-30 00:00:00,1.012460983249239
2017-10-31 00:00:00,1.0190598195174798
2017-11-01 00:00:00,1.0172182838147152
2017-11-02 00:00:00,1.002716190155442
2017-11-03 00:00:00,1.00263945950116
2017-11-06 00:00:00,1.0086244505351458
2017-11-07 00:00:00,1.009161565115119
2017-11-08 00:00:00,1.0057854163267168
2017-11-09 00:00:00,1.0077036826837633
2017-11-13 00:00:00,1.0052483017467437
2017-11-14 00:00:00,1.007320029412354
2017-11-15 00:00:00,1.0101590636207831
2017-11-16 00:00:00,1.0126144445578031
2017-11-17 00:00:00,1.0145327109148499
2017-11-20 00:00:00,1.0159905933462052
2017-11-21 00:00:00,1.0153000174576683
2017-11-22 00:00:00,1.0198271260602985
2017-11-24 00:00:00,1.0232800055029825
2017-11-27 00:00:00,1.0230498135401367
2017-11-28 00:00:00,1.0152232868033864
2017-11-29 00:00:00,1.0309530709311692
2017-11-30 00:00:00,1.0363242167309
2017-12-01 00:00:00,1.0362474860766182
2017-12-04 00:00:00,1.0331782599053434
2017-12-05 00:00:00,1.0320273000911155
2017-12-06 00:00:00,1.0268096155999484
2017-12-07 00:00:00,1.0306461483140419
2017-12-08 00:00:00,1.0256586557857204
2017-12-11 00:00:00,1.0253517331685928
2017-12-12 00:00:00,1.0222825069973183
2017-12-13 00:00:00,1.0255051944771567
2017-12-14 00:00:00,1.031259993548297
2017-12-15 00:00:00,1.021745392417345
2017-12-18 00:00:00,1.0280373060684582
2017-12-19 00:00:00,1.0248146185886198
2017-12-20 00:00:00,1.0288046126112769
2017-12-21 00:00:00,1.0260423090571298
2017-12-22 00:00:00,1.0265794236371029
2017-12-26 00:00:00,1.0255087010680575
2017-12-27 00:00:00,1.0255087010680575
2017-12-28 00:00:00,1.0291048294684304
2017-12-29 00:00:00,1.0351493857158658
2018-01-02 00:00:00,1.0402757815206527
2018-01-03 00:00:00,1.0346137921243208
2018-01-04 00:00:00,1.0359145194180728
2018-01-05 00:00:00,1.037674326933149
2018-01-08 00:00:00,1.0379803804140317
2018-01-09 00:00:00,1.0343077386434378
2018-01-10 00:00:00,1.0339251717923346
2018-01-11 00:00:00,1.0362205728989555
2018-01-12 00:00:00,1.0473915249511778
2018-01-16 00:00:00,1.0538951614199377
2018-01-17 00:00:00,1.0577208299309726
2018-01-18 00:00:00,1.0626941989953183
2018-01-19 00:00:00,1.0602457711482556
2018-01-22 00:00:00,1.066902434357457
2018-01-23 00:00:00,1.0687387552427536
2018-01-24 00:00:00,1.0863368303935148
2018-01-25 00:00:00,1.091386712828081
2018-01-26 00:00:00,1.0848830763593216
2018-01-29 00:00:00,1.0744007446390855
2018-01-30 00:00:00,1.0806748409971831
2018-01-31 00:00:00,1.0857247234317493
2018-02-01 00:00:00,1.0900859855343294
2018-02-02 00:00:00,1.0808278677376244
2018-02-05 00:00:00,1.0728704772346713
2018-02-06 00:00:00,1.0674380279490017
2018-02-07 00:00:00,1.0620820920335523
2018-02-08 00:00:00,1.0646835466210562
2018-02-09 00:00:00,1.0554254288243516
2018-02-12 00:00:00,1.0574147764500896
2018-02-13 00:00:00,1.0629237391059803
2018-02-14 00:00:00,1.0677440814298844
2018-02-15 00:00:00,1.0758544986732788
2018-02-16 00:00:00,1.0753954184519547
2018-02-20 00:00:00,1.0727939638644508
2018-02-21 00:00:00,1.0670554610978982
2018-02-22 00:00:00,1.0665198675063532
2018-02-23 00:00:00,1.0695804023151811
2018-02-26 00:00:00,1.0672068887089021
2018-02-27 00:00:00,1.0672068887089021
2018-02-28 00:00:00,1.0586115218503234
2018-03-01 00:00:00,1.055618492319211
2018-03-02 00:00:00,1.0566929131765335
2018-03-05 00:00:00,1.063369671361322
2018-03-06 00:00:00,1.0656720017698702
2018-03-07 00:00:00,1.0658254904637734
2018-03-08 00:00:00,1.0609138522588712
2018-03-09 00:00:00,1.0639068817899835
2018-03-12 00:00:00,1.0665929339332894
2018-03-13 00:00:00,1.0734231808119814
2018-03-14 00:00:00,1.070276662586966
2018-03-15 00:00:00,1.0706603843217237
2018-03-16 00:00:00,1.0682045652192729
2018-03-19 00:00:00,1.0768766764248032
2018-03-20 00:00:00,1.075418533832723
2018-03-21 00:00:00,1.0793324955272545
2018-03-22 00:00:00,1.0819418033236086
2018-03-23 00:00:00,1.0860092537120432
2018-03-26 00:00:00,1.092532523202929
2018-03-27 00:00:00,1.0867766971815591
2018-03-28 00:00:00,1.0828627354870277
2018-03-29 00:00:00,1.0766464433839487
2018-03-30 00:00:00,1.0764929546900455
2018-04-02 00:00:00,1.0768766764248032
2018-04-03 00:00:00,1.079639472915061
2018-04-04 00:00:00,1.0802534276906735
2018-04-05 00:00:00,1.0737301581997878
2018-04-06 00:00:00,1.0811743598540926
2018-04-09 00:00:00,1.0848580885077692
2018-04-10 00:00:00,1.0867766971815591
2018-04-11 00:00:00,1.089309260630962
2018-04-12 00:00:00,1.0931464779785418
2018-04-13 00:00:00,1.0939906657950091
2018-04-16 00:00:00,1.0998999805102823
2018-04-17 00:00:00,1.0975209057547828
2018-04-18 00:00:00,1.0918418240803647
2018-04-19 00:00:00,1.0892325162840104
2018-04-20 00:00:00,1.0769534207717548
2018-04-23 00:00:00,1.070813873015627
2018-04-24 00:00:00,1.0721820865819496
2018-04-25 00:00:00,1.0721820865819496
2018-04-26 00:00:00,1.0711053668909558
2018-04-27 00:00:00,1.0601843528823023
2018-04-30 00:00:00,1.057569462204174
2018-05-01 00:00:00,1.046802265294234
2018-05-02 00:00:00,1.0467253567448773
2018-05-03 00:00:00,1.043572106221252
2018-05-04 00:00:00,1.0409572155431237
2018-05-07 00:00:00,1.0434182891225385
2018-05-08 00:00:00,1.0398804958521297
2018-05-09 00:00:00,1.0434182891225385
2018-05-10 00:00:00,1.0372656051740015
2018-05-11 00:00:00,1.0420339352341177
2018-05-14 00:00:00,1.0455717285045265
2018-05-15 00:00:00,1.0391883189079194
2018-05-16 00:00:00,1.0365734282297911
2018-05-17 00:00:00,1.038803776161136
2018-05-18 00:00:00,1.0364196111310775
2018-05-21 00:00:00,1.0319589152683883
2018-05-22 00:00:00,1.0340354461010195
2018-05-23 00:00:00,1.0260369569679213
2018-05-24 00:00:00,1.02934402459026
2018-05-25 00:00:00,1.024498785980787
2018-05-29 00:00:00,1.0196535473713142
2018-05-30 00:00:00,1.022576072246869
2018-05-31 00:00:00,1.0220377124013722
2018-06-01 00:00:00,1.0273444023069855
2018-06-04 00:00:00,1.02396042613529
2018-06-05 00:00:00,1.0274982194056987
2018-06-06 00:00:00,1.032804909311312
2018-06-07 00:00:00,1.0326510922125987
2018-06-08 00:00:00,1.0310360126761076
2018-06-11 00:00:00,1.0294978416889735
2018-06-12 00:00:00,1.0318050981696747
2018-06-13 00:00:00,1.0288825732941198
2018-06-14 00:00:00,1.0254216885730676
2018-06-15 00:00:00,1.021576261105232
2018-06-18 00:00:00,1.0188075533283902
2018-06-19 00:00:00,1.0130394121266366
2018-06-20 00:00:00,1.0161926626502618
2018-06-21 00:00:00,1.0187935328998423
2018-06-22 00:00:00,1.0187935328998423
2018-06-25 00:00:00,1.0175823263208346
2018-06-26 00:00:00,1.0198290854214536
2018-06-27 00:00:00,1.0277622769730146
2018-06-28 00:00:00,1.0310848476184065
2018-06-29 00:00:00,1.0231882407254533
2018-07-02 00:00:00,1.0280476850062352
2018-07-03 00:00:00,1.0248385427012208
2018-07-05 00:00:00,1.020630432533203
2018-07-06 00:00:00,1.017959196000575
2018-07-09 00:00:00,1.0225112655542785
2018-07-10 00:00:00,1.017534718568566
2018-07-11 00:00:00,1.0193972592603375
2018-07-12 00:00:00,1.0195692389531803
2018-07-13 00:00:00,1.0212012485996436
2018-07-16 00:00:00,1.0196058236117884
2018-07-17 00:00:00,1.0253105483920344
2018-07-18 00:00:00,1.0337816457159819
2018-07-19 00:00:00,1.038564246314994
2018-07-20 00:00:00,1.0287465473778037
2018-07-23 00:00:00,1.0293795891612636
2018-07-24 00:00:00,1.0270157273557137
2018-07-25 00:00:00,1.0258045207767057
2018-07-26 00:00:00,1.0281281235590942
2018-07-27 00:00:00,1.0281464158883982
2018-07-30 00:00:00,1.026397303537004
2018-07-31 00:00:00,1.0274914074110808
2018-08-01 00:00:00,1.0278170744674626
2018-08-02 00:00:00,1.0342902360654034
2018-08-03 00:00:00,1.0353074962577107
2018-08-06 00:00:00,1.0409353773561874
2018-08-07 00:00:00,1.0401083891860268
2018-08-08 00:00:00,1.0459668013298118
2018-08-09 00:00:00,1.0466766867950412
2018-08-10 00:00:00,1.0543793473012937
2018-08-13 00:00:00,1.055242920130062
2018-08-14 00:00:00,1.0566443987312166
2018-08-15 00:00:00,1.060658562512534
2018-08-16 00:00:00,1.0577567949345974
2018-08-17 00:00:00,1.0566992757191285
2018-08-20 00:00:00,1.0540297758537087
2018-08-21 00:00:00,1.0540297758537087
2018-08-22 00:00:00,1.0498711054334882
2018-08-23 00:00:00,1.0563674794037021
2018-08-24 00:00:00,1.0540119703418627
2018-08-27 00:00:00,1.0512466518803913
2018-08-28 00:00:00,1.0515958848561238
2018-08-29 00:00:00,1.0416998828410542
2018-08-30 00:00:00,1.0423769633364923
2018-08-31 00:00:00,1.0450211289501643
2018-09-04 00:00:00,1.055697558796625
2018-09-05 00:00:00,1.0498996507778766
2018-09-06 00:00:00,1.0473802179561844
2018-09-07 00:00:00,1.0472376796523581
2018-09-10 00:00:00,1.0396366102752284
2018-09-11 00:00:00,1.0404776145305195
2018-09-12 00:00:00,1.03926957178765
2018-09-13 00:00:00,1.0330618543692691
2018-09-14 00:00:00,1.0346405155438976
2018-09-17 00:00:00,1.0294983025645603
2018-09-18 00:00:00,1.0284541835815435
2018-09-19 00:00:00,1.0280657596379383
2018-09-20 00:00:00,1.0218580422195576
2018-09-21 00:00:00,1.0357309853831487
2018-09-24 00:00:00,1.0306707342837376
2018-09-25 00:00:00,1.0278234539423396
2018-09-26 00:00:00,1.0261236399199118
2018-09-27 00:00:00,1.0324560901302726
2018-09-28 00:00:00,1.0365755695826202
2018-10-01 00:00:00,1.0382361926371755
2018-10-02 00:00:00,1.0421097864497435
2018-10-03 00:00:00,1.0413115531065065
2018-10-04 00:00:00,1.0395297772041519
2018-10-05 00:00:00,1.0323385172266542
2018-10-09 00:00:00,1.0291633893655505
2018-10-10 00:00:00,1.0236113669865812
2018-10-11 00:00:00,1.024616295001725
2018-10-12 00:00:00,1.0277522318949555
2018-10-15 00:00:00,1.0265441891520861
2018-10-16 00:00:00,1.023041213771277
2018-10-17 00:00:00,1.0289638545820057
2018-10-18 00:00:00,1.0348161720997575
2018-10-19 00:00:00,1.0348161720997575
2018-10-22 00:00:00,1.0291839798253932
2018-10-23 00:00:00,1.0298185930394061
2018-10-24 00:00:00,1.0231551542922708
2018-10-25 00:00:00,1.0175229620179065
2018-10-26 00:00:00,1.017443635366155
2018-10-29 00:00:00,1.0159364289828743
2018-10-30 00:00:00,1.0099076034497518
2018-10-31 00:00:00,1.0137152827338292
2018-11-01 00:00:00,1.0291839798253932
2018-11-02 00:00:00,1.0284700399596287
2018-11-05 00:00:00,1.0328330058059674
2018-11-06 00:00:00,1.0372752983040576
2018-11-07 00:00:00,1.042669510623167
2018-11-08 00:00:00,1.0404483643741218
2018-11-09 00:00:00,1.0295012864323996
2018-11-13 00:00:00,1.0337055989752348
2018-11-14 00:00:00,1.0321190659402026
2018-11-15 00:00:00,1.0113354831812809
2018-11-16 00:00:00,1.0184748818389258
2018-11-19 00:00:00,1.0187128617941805
2018-11-20 00:00:00,1.0160950822863775
2018-11-21 00:00:00,1.0134773027785744
2018-11-23 00:00:00,1.0156984490276195
2018-11-26 00:00:00,1.0160950822863775
2018-11-27 00:00:00,1.0097489501462484
2018-11-28 00:00:00,1.012684036261058
2018-11-29 00:00:00,1.0145085492513453
2018-11-30 00:00:00,1.0131599961715678
2018-12-03 00:00:00,1.0107801966190195
2018-12-04 00:00:00,1.0089556836287326
2018-12-06 00:00:00,1.013556629430326
2018-12-07 00:00:00,1.0113354831812809
2018-12-10 00:00:00,0.9961840926967234
2018-12-11 00:00:00,0.9934869865371685
2018-12-12 00:00:00,1.0041167578718844
2018-12-13 00:00:00,1.0022922448815972
2018-12-14 00:00:00,0.9971360125177425
2018-12-17 00:00:00,0.9999917719808005
2018-12-18 00:00:00,1.0030061847473617
2018-12-19 00:00:00,1.004678906189522
2018-12-20 00:00:00,1.004678906189522
2018-12-21 00:00:00,1.0021591070429048
2018-12-26 00:00:00,1.0024984731629139
2018-12-27 00:00:00,1.0063323746087995
2018-12-28 00:00:00,1.0005563039085243
2018-12-31 00:00:00,0.9954156032674997
2019-01-02 00:00:00,1.0084623705725146
2019-01-03 00:00:00,1.005624886396272
2019-01-04 00:00:00,0.997069071686777
2019-01-07 00:00:00,0.9956611701438479
2019-01-08 00:00:00,0.9982243314712329
2019-01-09 00:00:00,0.994989741007959
2019-01-10 00:00:00,0.9946143158113115
2019-01-11 00:00:00,0.9891559301406616
2019-01-15 00:00:00,0.9950547842791109
2019-01-16 00:00:00,0.9869754971140535
2019-01-17 00:00:00,0.9807228988693407
2019-01-18 00:00:00,0.9840008515133825
2019-01-22 00:00:00,0.9794160996742016
2019-01-23 00:00:00,0.9699072298758313
2019-01-24 00:00:00,0.9735822888069042
2019-01-25 00:00:00,0.9616907812863451
2019-01-28 00:00:00,0.963062623752636
2019-01-29 00:00:00,0.9639579386744891
2019-01-30 00:00:00,0.9705715841295947
2019-01-31 00:00:00,0.9647160921719136
2019-02-01 00:00:00,0.967914623558549
2019-02-04 00:00:00,0.96992183608409
2019-02-05 00:00:00,0.9794740680632282
2019-02-06 00:00:00,0.9787015365795491
2019-02-07 00:00:00,0.9778495838384639
2019-02-08 00:00:00,0.9804127451658491
2019-02-11 00:00:00,0.985993914274673
2019-02-12 00:00:00,0.9839506426724934
2019-02-13 00:00:00,0.9856401701684092
2019-02-14 00:00:00,0.9913007605346396
2019-02-15 00:00:00,0.9861600598936147
2019-02-19 00:00:00,0.9718859146508672
2019-02-21 00:00:00,0.969922064306094
2019-02-22 00:00:00,0.9693083753372275
2019-02-25 00:00:00,0.9695846015575984
2019-02-26 00:00:00,0.9695846015575984
2019-02-27 00:00:00,0.9695846015575984
2019-02-28 00:00:00,0.9695846015575984
2019-03-01 00:00:00,0.9695846015575984
2019-03-04 00:00:00,0.9695846015575984
2019-03-05 00:00:00,0.9695846015575984
2019-03-06 00:00:00,0.9695846015575984
2019-03-07 00:00:00,0.9695846015575984
2019-03-08 00:00:00,0.9695846015575984
2019-03-11 00:00:00,0.9695846015575984
2019-03-12 00:00:00,0.9695846015575984
2019-03-13 00:00:00,0.9695846015575984
2019-03-14 00:00:00,0.9695846015575984
2019-03-15 00:00:00,0.9695846015575984
2019-03-18 00:00:00,0.9695846015575984
2019-03-19 00:00:00,0.9695846015575984
2019-03-20 00:00:00,0.9695846015575984
2019-03-21 00:00:00,0.9695846015575984
2019-03-22 00:00:00,0.9695846015575984
2019-03-25 00:00:00,0.9695846015575984
2019-03-26 00:00:00,0.9695846015575984
2019-03-27 00:00:00,0.9695846015575984
2019-03-28 00:00:00,0.9695846015575984
2019-03-29 00:00:00,0.9695846015575984
2019-04-01 00:00:00,0.9695846015575984
2019-04-02 00:00:00,0.9695846015575984
2019-04-03 00:00:00,0.9695846015575984
2019-04-04 00:00:00,0.9695846015575984
2019-04-05 00:00:00,0.9695846015575984
2019-04-08 00:00:00,0.9695846015575984
2019-04-09 00:00:00,0.9695846015575984
2019-04-10 00:00:00,0.9695846015575984
2019-04-11 00:00:00,0.9695846015575984
2019-04-12 00:00:00,0.9695846015575984
2019-04-15 00:00:00,0.9695846015575984
2019-04-16 00:00:00,0.9654413937981764
2019-04-17 00:00:00,0.9644795777111678
2019-04-18 00:00:00,0.9620380445672226
2019-04-19 00:00:00,0.9620380445672226
2019-04-22 00:00:00,0.9605583275102862
2019-04-23 00:00:00,0.9575988933964134
2019-04-24 00:00:00,0.9578948368078005
2019-04-25 00:00:00,0.9544914875768468
2019-04-26 00:00:00,0.9566370773094046
2019-04-29 00:00:00,0.9561931621923238
2019-04-30 00:00:00,0.9640356625940868
2019-05-01 00:00:00,0.9685487996177429
2019-05-02 00:00:00,0.9641836342997804
2019-05-03 00:00:00,0.9721001205543903
2019-05-06 00:00:00,0.9686967713234365
2019-05-07 00:00:00,0.9656633513567168
2019-05-08 00:00:00,0.9628518889485376
2019-05-09 00:00:00,0.9627779030956907
2019-05-10 00:00:00,0.9644795777111678
2019-05-13 00:00:00,0.958930638747656
2019-05-14 00:00:00,0.9559712046337832
2019-05-15 00:00:00,0.95278981296137
2019-05-16 00:00:00,0.9472408739978582
2019-05-17 00:00:00,0.9413220057701125
2019-05-20 00:00:00,0.9409520765058785
2019-05-21 00:00:00,0.9430976662384362
2019-05-22 00:00:00,0.9376966989806184
2019-05-23 00:00:00,0.9371048121578437
2019-05-24 00:00:00,0.9396203311546356
2019-05-28 00:00:00,0.9372527838635373
2019-05-29 00:00:00,0.9345153073082049
2019-05-30 00:00:00,0.9336274770740431
2019-05-31 00:00:00,0.9337014629268899
2019-06-03 00:00:00,0.9337754487797367
2019-06-04 00:00:00,0.9377706848334652
2019-06-05 00:00:00,0.9400642462717165
2019-06-06 00:00:00,0.9405821472416445
2019-06-07 00:00:00,0.9425797652685085
2019-06-10 00:00:00,0.9384365575090865
2019-06-11 00:00:00,0.941105116242492
2019-06-12 00:00:00,0.941105116242492
2019-06-13 00:00:00,0.9421631842159648
2019-06-14 00:00:00,0.9478181573503163
2019-06-17 00:00:00,0.9502108106930764
2019-06-18 00:00:00,0.9517137404563116
2019-06-19 00:00:00,0.945876450688466
2019-06-20 00:00:00,0.9402615918155016
2019-06-21 00:00:00,0.9399850744196871
2019-06-24 00:00:00,0.9380773971280767
2019-06-25 00:00:00,0.9385423160485327
2019-06-26 00:00:00,0.940267676706649
2019-06-27 00:00:00,0.9419188937331382
2019-06-28 00:00:00,0.9396404982833926
2019-07-01 00:00:00,0.9440350296800837
2019-07-02 00:00:00,0.9473174066023687
2019-07-03 00:00:00,0.9495617726818747
2019-07-05 00:00:00,0.95410459134182
2019-07-08 00:00:00,0.9542729357357678
2019-07-09 00:00:00,0.9571845944999173
2019-07-10 00:00:00,0.9538681882073925
2019-07-11 00:00:00,0.9507000691781218
2019-07-12 00:00:00,0.9503494081506798
2019-07-15 00:00:00,0.9525196305985587
2019-07-16 00:00:00,0.9609920617347393
2019-07-17 00:00:00,0.9587136662849934
2019-07-18 00:00:00,0.9545075364129436
2019-07-19 00:00:00,0.9540085881222476
2019-07-22 00:00:00,0.955808092411991
2019-07-23 00:00:00,0.9576817403333617
2019-07-24 00:00:00,0.9539946158827013
2019-07-25 00:00:00,0.9559424074356988
2019-07-26 00:00:00,0.96211638599144
2019-07-29 00:00:00,0.9732579878661952
2019-07-30 00:00:00,0.9797285409484444
2019-07-31 00:00:00,0.9743361129703615
2019-08-01 00:00:00,0.9798427988414589
2019-08-02 00:00:00,0.9807525795516773
2019-08-05 00:00:00,0.9782517532070504
2019-08-06 00:00:00,0.97938396481215
2019-08-07 00:00:00,0.9786625856265728
2019-08-08 00:00:00,0.9798090402233082
2019-08-09 00:00:00,0.9798090402233082
2019-08-12 00:00:00,0.9809688762851457
2019-08-13 00:00:00,0.9811557948060089
2019-08-14 00:00:00,0.9810184074798803
2019-08-15 00:00:00,0.9773947322985923
2019-08-16 00:00:00,0.9740953629642959
2019-08-19 00:00:00,0.9751741225643858
2019-08-20 00:00:00,0.9739016647737868
2019-08-21 00:00:00,0.974737194988633
2019-08-22 00:00:00,0.9659246262554796
2019-08-23 00:00:00,0.9649764743118723
2019-08-26 00:00:00,0.9672713808381804
2019-08-27 00:00:00,0.9626747881159177
2019-08-28 00:00:00,0.9658615357214527
2019-08-29 00:00:00,0.9699401244062147
2019-08-30 00:00:00,0.9723971838560189
2019-09-03 00:00:00,0.9788269899314699
2019-09-04 00:00:00,0.970338727045308
2019-09-05 00:00:00,0.9583641763039868
2019-09-06 00:00:00,0.9613887709860262
2019-09-09 00:00:00,0.9557381842610411
2019-09-10 00:00:00,0.9567358673993829
2019-09-11 00:00:00,0.9587875445404473
2019-09-12 00:00:00,0.9564610927471258
2019-09-13 00:00:00,0.9478917533992162
2019-09-16 00:00:00,0.9509974245430034
2019-09-17 00:00:00,0.94526576135627
2019-09-18 00:00:00,0.946425597418108
2019-09-19 00:00:00,0.9461260571684836
2019-09-20 00:00:00,0.9454211346101199
2019-09-23 00:00:00,0.9503104879123607
2019-09-24 00:00:00,0.9464435833458289
2019-09-25 00:00:00,0.9554678361972126
2019-09-26 00:00:00,0.9570330545677899
2019-09-27 00:00:00,0.9594901140175938
2019-09-30 00:00:00,0.9600013383854485
2019-10-01 00:00:00,0.9650528446111853
2019-10-02 00:00:00,0.959240104962704
2019-10-03 00:00:00,0.9529409065437355
2019-10-04 00:00:00,0.9594517890809342
2019-10-07 00:00:00,0.9580475415017641
2019-10-08 00:00:00,0.9580475415017641
2019-10-09 00:00:00,0.9572860723294012
2019-10-10 00:00:00,0.9441232012598341
2019-10-11 00:00:00,0.9204426855432706
2019-10-15 00:00:00,0.9161491715267673
2019-10-16 00:00:00,0.9069107947284673
2019-10-17 00:00:00,0.906934224410358
2019-10-18 00:00:00,0.902876180050131
2019-10-21 00:00:00,0.8966204188979939
2019-10-22 00:00:00,0.8993125046843466
2019-10-23 00:00:00,0.9041238173771834
2019-10-24 00:00:00,0.910033988465975
2019-10-25 00:00:00,0.9081736608976574
2019-10-28 00:00:00,0.9059993737876386
2019-10-29 00:00:00,0.9024122687399634
2019-10-30 00:00:00,0.9049473747554655
2019-10-31 00:00:00,0.8996334922284326
2019-11-01 00:00:00,0.8987150432852193
2019-11-04 00:00:00,0.9021135380403998
2019-11-05 00:00:00,0.9048841137121777
2019-11-06 00:00:00,0.9046720737377926
2019-11-07 00:00:00,0.9079920786075477
2019-11-08 00:00:00,0.9109981239356015
2019-11-12 00:00:00,0.9058412211794195
2019-11-13 00:00:00,0.9069635092572651
2019-11-14 00:00:00,0.9038473435221419
2019-11-15 00:00:00,0.9020655058392498
2019-11-18 00:00:00,0.8969870929684932
2019-11-19 00:00:00,0.899993138296547
2019-11-20 00:00:00,0.9005659971764152
2019-11-21 00:00:00,0.9007464066291567
2019-11-22 00:00:00,0.9074414765722019
2019-11-25 00:00:00,0.9029909827848479
2019-11-26 00:00:00,0.9056830685712005
2019-11-27 00:00:00,0.9031948219194801
2019-11-29 00:00:00,0.8985873483612755
2019-12-02 00:00:00,0.8987677578140167
2019-12-03 00:00:00,0.8935323651724096
2019-12-04 00:00:00,0.8861777456243177
2019-12-05 00:00:00,0.8806283934410092
2019-12-06 00:00:00,0.8832685346211872
2019-12-09 00:00:00,0.8832685346211872
2019-12-10 00:00:00,0.8846783270683289
2019-12-11 00:00:00,0.884544061120982
2019-12-12 00:00:00,0.881657343253025
2019-12-13 00:00:00,0.8961580655664838
2019-12-16 00:00:00,0.8948825390666887
2019-12-17 00:00:00,0.8805160827005769
2019-12-18 00:00:00,0.8779650297009869
2019-12-19 00:00:00,0.8750111788593564
2019-12-20 00:00:00,0.8751454448067033
2019-12-23 00:00:00,0.8671566209395664
2019-12-24 00:00:00,0.8697076739391564
2019-12-26 00:00:00,0.8731985885701741
2019-12-27 00:00:00,0.8787706253850679
2019-12-30 00:00:00,0.8821272740687389
2019-12-31 00:00:00,0.8907874276726102
2020-01-02 00:00:00,0.8813216783846579
2020-01-03 00:00:00,0.8788377583587413
2020-01-06 00:00:00,0.8836713324632277
2020-01-07 00:00:00,0.8812545454109845
2020-01-08 00:00:00,0.8801132848585363
2020-01-09 00:00:00,0.8773608329379261
2020-01-10 00:00:00,0.8767566361748653
2020-01-13 00:00:00,0.8715873972020121
2020-01-14 00:00:00,0.8739370512805817
2020-01-15 00:00:00,0.8747426469646628
2020-01-16 00:00:00,0.8778307637536401
2020-01-17 00:00:00,0.8746755139909893
2020-01-21 00:00:00,0.8758839075171109
2020-01-22 00:00:00,0.8818587421740454
2020-01-23 00:00:00,0.8797104870164958
2020-01-24 00:00:00,0.8774950988852729
2020-01-27 00:00:00,0.8763538383328248
2020-01-28 00:00:00,0.8724601258597665
2020-01-29 00:00:00,0.8735342534385411
2020-01-30 00:00:00,0.8798447529638426
2020-01-31 00:00:00,0.885819587620777
2020-02-03 00:00:00,0.8731314555965006
2020-02-04 00:00:00,0.8746755139909893
2020-02-05 00:00:00,0.8727286577544602
2020-02-06 00:00:00,0.8681000339053015
2020-02-07 00:00:00,0.8681000339053015
2020-02-10 00:00:00,0.8688398154650289
2020-02-11 00:00:00,0.8705883900607475
2020-02-12 00:00:00,0.8728077347399291
2020-02-13 00:00:00,0.8777171941817549
2020-02-14 00:00:00,0.8769101597529616
2020-02-18 00:00:00,0.8754305966335072
2020-02-19 00:00:00,0.8698486085010204
2020-02-20 00:00:00,0.8660151949642524
2020-02-21 00:00:00,0.8720007003111357
2020-02-24 00:00:00,0.8691088269412932
2020-02-25 00:00:00,0.8745563093356478
2020-02-26 00:00:00,0.868974321203161
2020-02-27 00:00:00,0.8659479420951862
2020-02-28 00:00:00,0.8593571609267078
2020-03-02 00:00:00,0.860231448224567
2020-03-03 00:00:00,0.862652551510947
2020-03-04 00:00:00,0.863257827332542
2020-03-05 00:00:00,0.8701848728463508
2020-03-06 00:00:00,0.8749598265500445
2020-03-09 00:00:00,0.881012584765994
2020-03-10 00:00:00,0.8697813556319541
2020-03-11 00:00:00,0.8666877236549133
2020-03-12 00:00:00,0.8434182309580405
2020-03-13 00:00:00,0.8343390936341162
2020-03-16 00:00:00,0.8257307263936546
2020-03-17 00:00:00,0.8081777275674008
2020-03-18 00:00:00,0.7908937402174114
2020-03-19 00:00:00,0.7843029590489329
2020-03-20 00:00:00,0.7897504414432875
2020-03-23 00:00:00,0.7726095412975234
2020-03-24 00:00:00,0.7726095412975234
2020-03-25 00:00:00,0.7726095412975234
2020-03-26 00:00:00,0.7726095412975234
2020-03-27 00:00:00,0.7726095412975234
2020-03-30 00:00:00,0.7726095412975234
2020-03-31 00:00:00,0.7726095412975234
2020-04-01 00:00:00,0.7726095412975234
2020-04-02 00:00:00,0.7726095412975234
2020-04-03 00:00:00,0.7726095412975234
2020-04-06 00:00:00,0.7726095412975234
2020-04-07 00:00:00,0.7726095412975234
2020-04-08 00:00:00,0.7726095412975234
2020-04-09 00:00:00,0.7726095412975234
2020-04-10 00:00:00,0.7726095412975234
2020-04-13 00:00:00,0.7726095412975234
2020-04-14 00:00:00,0.7726095412975234
2020-04-15 00:00:00,0.7726095412975234
2020-04-16 00:00:00,0.7726095412975234
2020-04-17 00:00:00,0.7726095412975234
2020-04-20 00:00:00,0.7726095412975234
2020-04-21 00:00:00,0.7726095412975234
2020-04-22 00:00:00,0.7726095412975234
2020-04-23 00:00:00,0.7726095412975234
2020-04-24 00:00:00,0.7726095412975234
2020-04-27 00:00:00,0.7726095412975234
2020-04-28 00:00:00,0.7726095412975234
2020-04-29 00:00:00,0.7726095412975234
2020-04-30 00:00:00,0.7726095412975234
2020-05-01 00:00:00,0.7726095412975234
2020-05-04 00:00:00,0.7726095412975234
2020-05-05 00:00:00,0.7726095412975234
2020-05-06 00:00:00,0.7726095412975234
2020-05-07 00:00:00,0.7726095412975234
2020-05-08 00:00:00,0.7726095412975234
2020-05-11 00:00:00,0.7726095412975234
2020-05-12 00:00:00,0.7726095412975234
2020-05-13 00:00:00,0.7726095412975234
2020-05-14 00:00:00,0.7726095412975234
2020-05-15 00:00:00,0.7726095412975234
2020-05-18 00:00:00,0.7726095412975234
2020-05-19 00:00:00,0.7726095412975234
2020-05-20 00:00:00,0.7726095412975234
2020-05-21 00:00:00,0.7726095412975234
2020-05-22 00:00:00,0.7726095412975234
2020-05-26 00:00:00,0.7726095412975234
2020-05-27 00:00:00,0.7726095412975234
2020-05-28 00:00:00,0.7726095412975234
2020-05-29 00:00:00,0.7726095412975234
2020-06-01 00:00:00,0.7726095412975234
2020-06-02 00:00:00,0.7726095412975234
2020-06-03 00:00:00,0.7726095412975234
2020-06-04 00:00:00,0.7726095412975234
2020-06-05 00:00:00,0.7726095412975234
2020-06-08 00:00:00,0.7726095412975234
2020-06-09 00:00:00,0.7726095412975234
2020-06-10 00:00:00,0.7726095412975234
2020-06-11 00:00:00,0.7726095412975234
2020-06-12 00:00:00,0.7726095412975234
2020-06-15 00:00:00,0.7726095412975234
2020-06-16 00:00:00,0.7726095412975234
2020-06-17 00:00:00,0.7726095412975234
2020-06-18 00:00:00,0.7726095412975234
2020-06-19 00:00:00,0.7726095412975234
2020-06-22 00:00:00,0.7726095412975234
2020-06-23 00:00:00,0.7726095412975234
2020-06-24 00:00:00,0.7726095412975234
2020-06-25 00:00:00,0.7726095412975234
2020-06-26 00:00:00,0.7726095412975234
2020-06-29 00:00:00,0.7726095412975234
2020-06-30 00:00:00,0.7726095412975234
2020-07-01 00:00:00,0.7726095412975234
2020-07-02 00:00:00,0.7726095412975234
2020-07-06 00:00:00,0.7726095412975234
2020-07-07 00:00:00,0.7726095412975234
2020-07-08 00:00:00,0.7726095412975234
2020-07-09 00:00:00,0.7726095412975234
2020-07-10 00:00:00,0.7726095412975234
2020-07-13 00:00:00,0.7726095412975234
2020-07-14 00:00:00,0.7726095412975234
2020-07-15 00:00:00,0.7726095412975234
2020-07-16 00:00:00,0.7726095412975234
2020-07-17 00:00:00,0.7726095412975234
2020-07-20 00:00:00,0.7726095412975234
2020-07-21 00:00:00,0.7726095412975234
2020-07-22 00:00:00,0.77218489723431
2020-07-23 00:00:00,0.7740048003623665
2020-07-24 00:00:00,0.7759460303656266
2020-07-27 00:00:00,0.7817697203754068
2020-07-28 00:00:00,0.7855915169443252
2020-07-29 00:00:00,0.7870474394467704
2020-07-30 00:00:00,0.7907479091404851
2020-07-31 00:00:00,0.7966929260254689
2020-08-03 00:00:00,0.7918398510173188
2020-08-04 00:00:00,0.7922038316429301
2020-08-05 00:00:00,0.7971782335262841
2020-08-06 00:00:00,0.7975422141518953
2020-08-07 00:00:00,0.7912332166412999
2020-08-10 00:00:00,0.7935990907077733
2020-08-11 00:00:00,0.7932957735197638
2020-08-12 00:00:00,0.7914758703917074
2020-08-13 00:00:00,0.7935990907077733
2020-08-14 00:00:00,0.795176340085422
2020-08-17 00:00:00,0.7949943497726164
2020-08-18 00:00:00,0.8024559525976475
2020-08-19 00:00:00,0.8002114054063779
2020-08-20 00:00:00,0.8001507419687761
2020-08-21 00:00:00,0.7945697057094033
2020-08-24 00:00:00,0.7933564369573658
2020-08-25 00:00:00,0.7968749163382748
2020-08-26 00:00:00,0.7999080882183686
2020-08-27 00:00:00,0.8025166160352494
2020-08-28 00:00:00,0.8093109210466598
2020-08-31 00:00:00,0.8113734779251235
2020-09-01 00:00:00,0.8138606788668006
2020-09-02 00:00:00,0.8077336716690109
2020-09-03 00:00:00,0.8045791729137133
2020-09-04 00:00:00,0.8025772794728512
2020-09-08 00:00:00,0.7909905628908925
2020-09-09 00:00:00,0.7892919866380398
2020-09-10 00:00:00,0.77928251943373
2020-09-11 00:00:00,0.775764040052821
2020-09-14 00:00:00,0.7811024225617863
2020-09-15 00:00:00,0.7804957881857675
2020-09-16 00:00:00,0.7871796372099923
2020-09-17 00:00:00,0.7871796372099923
2020-09-18 00:00:00,0.7868758241504746
2020-09-21 00:00:00,0.777396856693527
2020-09-22 00:00:00,0.773264999084088
2020-09-23 00:00:00,0.7747233017697723
2020-09-24 00:00:00,0.7740549130388337
2020-09-25 00:00:00,0.7720497468460179
2020-09-28 00:00:00,0.7817110021386762
2020-09-29 00:00:00,0.7806172751244129
2020-09-30 00:00:00,0.7851137084052728
2020-10-01 00:00:00,0.7838984561672027
2020-10-02 00:00:00,0.7855390466885974
2020-10-05 00:00:00,0.7882126016123518
2020-10-06 00:00:00,0.7865720110909571
2020-10-07 00:00:00,0.7846883701219484
2020-10-08 00:00:00,0.7865112484790536
2020-10-09 00:00:00,0.7900962425813609
2020-10-13 00:00:00,0.7879695511647378
2020-10-14 00:00:00,0.791311494819431
2020-10-15 00:00:00,0.7848706579576589
2020-10-16 00:00:00,0.7857213345243079
2020-10-19 00:00:00,0.7897924295218433
2020-10-20 00:00:00,0.7869365867623781
2020-10-21 00:00:00,0.7986030082478525
2020-10-22 00:00:00,0.7953825898169662
2020-10-23 00:00:00,0.7922836966098873
2020-10-26 00:00:00,0.791189969595624
2020-10-27 00:00:00,0.7939850497431855
2020-10-28 00:00:00,0.7897316669099397
2020-10-29 00:00:00,0.783230067436264
2020-10-30 00:00:00,0.785842859748115
2020-11-02 00:00:00,0.7840807440029132
2020-11-03 00:00:00,0.7929520853408257
2020-11-04 00:00:00,0.791189969595624
2020-11-05 00:00:00,0.7969624177264576
2020-11-06 00:00:00,0.7997574978740192
2020-11-09 00:00:00,0.7982384325764315
2020-11-10 00:00:00,0.8041324059310718
2020-11-12 00:00:00,0.7985422456359489
2020-11-13 00:00:00,0.8006081744406683
2020-11-16 00:00:00,0.801648035399479
2020-11-17 00:00:00,0.801648035399479
2020-11-18 00:00:00,0.8047948382862287
2020-11-19 00:00:00,0.8003166957166234
2020-11-20 00:00:00,0.8044922610855796
2020-11-23 00:00:00,0.8048553537263586
2020-11-24 00:00:00,0.8078811257328486
2020-11-25 00:00:00,0.8095755580564832
2020-11-30 00:00:00,0.807154940451291
2020-12-01 00:00:00,0.8104227742183002
2020-12-02 00:00:00,0.807760094852589
2020-12-03 00:00:00,0.8167163799917996
2020-12-04 00:00:00,0.8160507101503718
2020-12-07 00:00:00,0.808062672053238
2020-12-08 00:00:00,0.8083652492538871
2020-12-09 00:00:00,0.8104227742183002
2020-12-10 00:00:00,0.8044317456454498
2020-12-11 00:00:00,0.798622263392989
2020-12-14 00:00:00,0.8063077242894737
2020-12-15 00:00:00,0.8129644227037519
2020-12-16 00:00:00,0.8171399880727083
2020-12-17 00:00:00,0.8235546247264672
2020-12-18 00:00:00,0.8167768954319293
2020-12-21 00:00:00,0.8081231874933676
2020-12-22 00:00:00,0.8078206102927188
2020-12-23 00:00:00,0.8175635961536168
2020-12-28 00:00:00,0.8137511234254392
2020-12-29 00:00:00,0.8176846270338765
2020-12-30 00:00:00,0.823312562965948
2020-12-31 00:00:00,0.8267619430533466
2021-01-04 00:00:00,0.8200447291989386
2021-01-05 00:00:00,0.824220294567895
2021-01-06 00:00:00,0.8225863776843904
2021-01-07 00:00:00,0.8200447291989386
2021-01-08 00:00:00,0.8219812232830923
2021-01-11 00:00:00,0.8182897814351745
2021-01-12 00:00:00,0.8252490570501015
2021-01-13 00:00:00,0.8248859644093227
2021-01-14 00:00:00,0.8284563753769811
2021-01-15 00:00:00,0.8229494703251692
2021-01-19 00:00:00,0.8246439026488035
2021-01-21 00:00:00,0.8300918596103851
2021-01-22 00:00:00,0.8300918596103851
2021-01-25 00:00:00,0.8290606895984467
2021-01-26 00:00:00,0.8327607702295197
2021-01-27 00:00:00,0.8302738307889623
2021-01-28 00:00:00,0.8326394561104682
2021-01-29 00:00:00,0.832396827872365
2021-02-01 00:00:00,0.8293033178365499
2021-02-02 00:00:00,0.8276049201698279
2021-02-03 00:00:00,0.8280901766460341
2021-02-04 00:00:00,0.8288787184198694
2021-02-05 00:00:00,0.8318509143366329
2021-02-08 00:00:00,0.8333066837652516
2021-02-09 00:00:00,0.8368247932177474
2021-02-10 00:00:00,0.8401002744321397
2021-02-11 00:00:00,0.8384018767654179
2021-02-12 00:00:00,0.8404035597297688
2021-02-16 00:00:00,0.8437396980036871
2021-02-17 00:00:00,0.8399789603130883
2021-02-18 00:00:00,0.8465299227418731
2021-02-19 00:00:00,0.8507152598491525
2021-02-22 00:00:00,0.8538694269444933
2021-02-23 00:00:00,0.8547792828373801
2021-02-24 00:00:00,0.8556284816707411
2021-02-25 00:00:00,0.8555678246112154
2021-02-26 00:00:00,0.8459840092061411
2021-03-01 00:00:00,0.845438095670409
2021-03-02 00:00:00,0.846893865099028
2021-03-03 00:00:00,0.8478643780514404
2021-03-04 00:00:00,0.849138176301482
2021-03-05 00:00:00,0.8380985914677889
2021-03-08 00:00:00,0.8376739920511084
2021-03-09 00:00:00,0.8421626144560166
2021-03-10 00:00:00,0.8430724703489032
2021-03-11 00:00:00,0.847985692170492
2021-03-12 00:00:00,0.8446495538965739
2021-03-15 00:00:00,0.8410707873845525
2021-03-16 00:00:00,0.8426478709322228
2021-03-17 00:00:00,0.8424052426941198
2021-03-18 00:00:00,0.845438095670409
2021-03-19 00:00:00,0.8414347297417072
2021-03-22 00:00:00,0.8402151892314114
2021-03-23 00:00:00,0.8402151892314114
2021-03-24 00:00:00,0.8358298689251655
2021-03-25 00:00:00,0.8357689616986899
2021-03-26 00:00:00,0.8401542820049357
2021-03-29 00:00:00,0.8400933747784601
2021-03-30 00:00:00,0.8361953122840193
2021-03-31 00:00:00,0.8402151892314114
2021-04-01 00:00:00,0.8420424060256805
2021-04-02 00:00:00,0.8420424060256805
2021-04-05 00:00:00,0.8470367985966828
2021-04-06 00:00:00,0.8435041794610958
2021-04-07 00:00:00,0.8379007146253371
2021-04-08 00:00:00,0.8368043845487756
2021-04-09 00:00:00,0.8364998484163975
2021-04-12 00:00:00,0.836926199001727
2021-04-13 00:00:00,0.8369871062282026
2021-04-14 00:00:00,0.8399106530990332
2021-04-15 00:00:00,0.8393624880607525
2021-04-16 00:00:00,0.8421033132521561
2021-04-19 00:00:00,0.8513003044499773
2021-04-20 00:00:00,0.8499603454675133
2021-04-21 00:00:00,0.8488031081644761
2021-04-22 00:00:00,0.843625993914047
2021-04-23 00:00:00,0.8432605505551933
2021-04-26 00:00:00,0.846001375746597
2021-04-27 00:00:00,0.8470977058231585
2021-04-28 00:00:00,0.8476458708614392
2021-04-29 00:00:00,0.850021252693989
2021-04-30 00:00:00,0.8428341999698636
2021-05-03 00:00:00,0.8474022419555365
2021-05-04 00:00:00,0.844965952896511
2021-05-05 00:00:00,0.8474022419555365
2021-05-06 00:00:00,0.8453923034818405
2021-05-07 00:00:00,0.8527011706589169
2021-05-10 00:00:00,0.8620199763096895
2021-05-11 00:00:00,0.8617763474037868
2021-05-12 00:00:00,0.8576346560034436
2021-05-13 00:00:00,0.8547111091326128
2021-05-14 00:00:00,0.858548264400578
2021-05-17 00:00:00,0.8604363884213229
2021-05-18 00:00:00,0.8636560357736647
2021-05-19 00:00:00,0.8636560357736647
2021-05-20 00:00:00,0.8644484366816367
2021-05-21 00:00:00,0.8629855426976881
2021-05-24 00:00:00,0.8623150496217118
2021-05-25 00:00:00,0.8608521556377632
2021-05-26 00:00:00,0.8612178791337504
2021-05-27 00:00:00,0.8638388975216582
2021-05-28 00:00:00,0.8648141601776241
2021-06-01 00:00:00,0.8635950818576669
2021-06-02 00:00:00,0.8641436671016476
2021-06-03 00:00:00,0.8593892616538145
2021-06-04 00:00:00,0.8640217592696519
2021-06-07 00:00:00,0.8642655749336433
2021-06-08 00:00:00,0.8622540957057139
2021-06-09 00:00:00,0.860913109553761
2021-06-10 00:00:00,0.8634122201096732
2021-06-11 00:00:00,0.8603035703937825
2021-06-14 00:00:00,0.8604254782257781
2021-06-15 00:00:00,0.8578044598378702
2021-06-16 00:00:00,0.860059754729791
2021-06-17 00:00:00,0.8482346950262063
2021-06-18 00:00:00,0.8422002573424182
2021-06-21 00:00:00,0.8481737411102084
2021-06-22 00:00:00,0.8485394646061956
2021-06-23 00:00:00,0.8519528839020757
2021-06-24 00:00:00,0.8476861097822257
2021-06-25 00:00:00,0.8471984784542427
2021-06-28 00:00:00,0.8469546627902512
2021-06-29 00:00:00,0.8439069669903584
2021-06-30 00:00:00,0.8415297642664418
2021-07-01 00:00:00,0.8399449624504973
2021-07-02 00:00:00,0.8408592711904653
2021-07-06 00:00:00,0.8406764094424718
2021-07-07 00:00:00,0.8406764094424718
2021-07-08 00:00:00,0.8391525615425253
2021-07-09 00:00:00,0.8437241052423649
2021-07-12 00:00:00,0.8464060775462706
2021-07-13 00:00:00,0.844028874822354
2021-07-14 00:00:00,0.844455552234339
2021-07-15 00:00:00,0.8441507826543497
2021-07-16 00:00:00,0.8399906352197547
2021-07-19 00:00:00,0.8399906352197547
2021-07-20 00:00:00,0.8445442077878916
2021-07-21 00:00:00,0.8395872947125618
2021-07-22 00:00:00,0.8361643309345649
2021-07-23 00:00:00,0.836177413582595
2021-07-26 00:00:00,0.831220500507265
2021-07-27 00:00:00,0.8277975367292685
2021-07-28 00:00:00,0.8277492614054053
2021-07-29 00:00:00,0.8226696323862885
2021-07-30 00:00:00,0.8258733295727722
2021-08-02 00:00:00,0.827481719490029
2021-08-03 00:00:00,0.8262676427001925
2021-08-04 00:00:00,0.8257898615730759
2021-08-05 00:00:00,0.8246985007270259
2021-08-06 00:00:00,0.8280862718291896
2021-08-09 00:00:00,0.8293265139150864
2021-08-10 00:00:00,0.8300145342539433
2021-08-11 00:00:00,0.8283709516608532
2021-08-12 00:00:00,0.8303474894094701
2021-08-13 00:00:00,0.828826622760167
2021-08-16 00:00:00,0.8292692112114504
2021-08-17 00:00:00,0.8359703127958541
2021-08-18 00:00:00,0.8353084577530574
2021-08-19 00:00:00,0.8399233882930878
2021-08-20 00:00:00,0.8428202956201045
2021-08-23 00:00:00,0.8371270868820545
2021-08-24 00:00:00,0.8371401695300846
2021-08-25 00:00:00,0.836662388402968
2021-08-26 00:00:00,0.8372890507699317
2021-08-27 00:00:00,0.8337433710481483
2021-08-30 00:00:00,0.834370033415112
2021-08-31 00:00:00,0.8349966957820754
2021-09-01 00:00:00,0.8323100276667987
2021-09-02 00:00:00,0.8301142233266687
2021-09-03 00:00:00,0.827795703042752
2021-09-07 00:00:00,0.8320424857514225
2021-09-08 00:00:00,0.8338963075562525
2021-09-09 00:00:00,0.828080382874416
2021-09-10 00:00:00,0.8285229713256993
2021-09-13 00:00:00,0.8286587699175162
2021-09-14 00:00:00,0.8281130655155137
2021-09-15 00:00:00,0.8281130655155137
2021-09-16 00:00:00,0.8311775548664496
2021-09-17 00:00:00,0.8329253941168335
2021-09-20 00:00:00,0.8388027268644039
2021-09-21 00:00:00,0.8383362000365862
2021-09-22 00:00:00,0.8379295209406118
2021-09-23 00:00:00,0.8333335006156076
2021-09-24 00:00:00,0.837116162748663
2021-09-27 00:00:00,0.8352132903566066
2021-09-28 00:00:00,0.8456390507242666
2021-09-29 00:00:00,0.8514565357399935
2021-09-30 00:00:00,0.8495536633479372
2021-10-01 00:00:00,0.8434016019950076
2021-10-04 00:00:00,0.8415585773347943
2021-10-05 00:00:00,0.8392367708198348
2021-10-06 00:00:00,0.8434383670757933
2021-10-07 00:00:00,0.8395006718010652
2021-10-08 00:00:00,0.8396924700235237
2021-10-12 00:00:00,0.841141070614691
2021-10-13 00:00:00,0.838699568636045
2021-10-14 00:00:00,0.8363179143892423
2021-10-15 00:00:00,0.8319612849916113
2021-10-18 00:00:00,0.8337091242419951
2021-10-19 00:00:00,0.8288138652577743
2021-10-20 00:00:00,0.8279284043070536
2021-10-21 00:00:00,0.8284194411887287
2021-10-22 00:00:00,0.832621037444687
2021-10-25 00:00:00,0.8306583173207873
2021-10-26 00:00:00,0.8306705723477159
2021-10-27 00:00:00,0.8325979547936295
2021-10-28 00:00:00,0.8286602595189014
2021-10-29 00:00:00,0.8356746991714942
2021-11-01 00:00:00,0.8360460405894825
2021-11-02 00:00:00,0.8400082459180679
2021-11-03 00:00:00,0.8371478098165188
2021-11-04 00:00:00,0.846975092865746
2021-11-05 00:00:00,0.8471070433563611
2021-11-08 00:00:00,0.84275041395873
2021-11-09 00:00:00,0.8434209940359347
2021-11-10 00:00:00,0.848221067610326
2021-11-12 00:00:00,0.8513962094326671
2021-11-15 00:00:00,0.8513962094326671
2021-11-16 00:00:00,0.8522972148806486
2021-11-17 00:00:00,0.8485118680898603
2021-11-18 00:00:00,0.8483996081889187
2021-11-19 00:00:00,0.8493006136369001
2021-11-22 00:00:00,0.8531780860473431
2021-11-23 00:00:00,0.8546490532540938
2021-11-24 00:00:00,0.8581465511586908
2021-11-26 00:00:00,0.8587309111851336
2021-11-29 00:00:00,0.8606451819820382
2021-11-30 00:00:00,0.8630660854534042
2021-12-01 00:00:00,0.8594707259155391
2021-12-02 00:00:00,0.8596117823518282
2021-12-03 00:00:00,0.8640592165210406
2021-12-06 00:00:00,0.862870362186868
2021-12-07 00:00:00,0.8638346967191569
2021-12-08 00:00:00,0.8637857659025229
2021-12-09 00:00:00,0.8667766311326583
2021-12-10 00:00:00,0.8620413480772547
2021-12-13 00:00:00,0.8638289607055439
2021-12-14 00:00:00,0.8642866625633714
2021-12-15 00:00:00,0.864934351674122
2021-12-16 00:00:00,0.8578558924993337
2021-12-17 00:00:00,0.8613533904039307
2021-12-20 00:00:00,0.8642809265497582
2021-12-21 00:00:00,0.8622687941195856
2021-12-22 00:00:00,0.8563935875466435
2021-12-23 00:00:00,0.8522282662500092
2021-12-27 00:00:00,0.8504061210727596
2021-12-28 00:00:00,0.8507371647619717
2021-12-29 00:00:00,0.8479650833201067
2021-12-30 00:00:00,0.8463329253957803
2022-01-03 00:00:00,0.8482471961926848
2022-01-04 00:00:00,0.8434485840529735
2022-01-05 00:00:00,0.8415631097914162
2022-01-06 00:00:00,0.8436673678412437
2022-01-07 00:00:00,0.8408319573150712
2022-01-10 00:00:00,0.8417962918473603
2022-01-11 00:00:00,0.8382642613938028
2022-01-12 00:00:00,0.8334023201697839
2022-01-13 00:00:00,0.8314514142983199
2022-01-14 00:00:00,0.8314514142983199
2022-01-18 00:00:00,0.8264639222739993
2022-01-19 00:00:00,0.8287143759922904
2022-01-20 00:00:00,0.8297483682412349
2022-01-21 00:00:00,0.824882522363849
2022-01-24 00:00:00,0.8178878689151067
2022-01-25 00:00:00,0.8208073764415381
2022-01-26 00:00:00,0.822084660984352
2022-01-27 00:00:00,0.8141168383601326
2022-01-28 00:00:00,0.8160631767110869
2022-01-31 00:00:00,0.8174012843273681
2022-02-01 00:00:00,0.8214156071762115
2022-02-02 00:00:00,0.825064991584251
2022-02-03 00:00:00,0.8273154453025419
2022-02-04 00:00:00,0.8237268839679698
2022-02-07 00:00:00,0.8231186532332965
2022-02-08 00:00:00,0.8242742916291756
2022-02-09 00:00:00,0.8235444147475678
2022-02-10 00:00:00,0.8293834298004308
2022-02-11 00:00:00,0.8272546222290746
2022-02-14 00:00:00,0.822084660984352
2022-02-15 00:00:00,0.8234835916741005
2022-02-16 00:00:00,0.8262814530535975
2022-02-17 00:00:00,0.8286535529188231
2022-02-18 00:00:00,0.8262814530535975
2022-02-22 00:00:00,0.8270113299352052
2022-02-23 00:00:00,0.8244567608495776
2022-02-24 00:00:00,0.8125962615234495
2022-02-25 00:00:00,0.8154549459764137
2022-02-28 00:00:00,0.8161848228580216
2022-03-01 00:00:00,0.8100416924378219
2022-03-02 00:00:00,0.8129003768907861
2022-03-03 00:00:00,0.8105282770255604
2022-03-04 00:00:00,0.8037160927972201
2022-03-07 00:00:00,0.7976946085239551
2022-03-08 00:00:00,0.7968430854954125
2022-03-09 00:00:00,0.8004316468299847
2022-03-10 00:00:00,0.7972688470096837
2022-03-11 00:00:00,0.7945318087036543
2022-03-14 00:00:00,0.7933761703077751
2022-03-15 00:00:00,0.7944040194262993
2022-03-16 00:00:00,0.7944040194262993
2022-03-17 00:00:00,0.7905367808506286
2022-03-18 00:00:00,0.7898845249436809
2022-03-21 00:00:00,0.7878977479289612
2022-03-22 00:00:00,0.78439446965541
2022-03-23 00:00:00,0.7871391765682447
2022-03-24 00:00:00,0.7888526626250739
2022-03-25 00:00:00,0.788200406718126
2022-03-28 00:00:00,0.7943420764507433
2022-03-29 00:00:00,0.792233979335317
2022-03-30 00:00:00,0.7907324827234236
2022-03-31 00:00:00,0.7905048471689484
2022-04-01 00:00:00,0.7927642736789572
2022-04-04 00:00:00,0.7925972981748352
2022-04-05 00:00:00,0.7934615435267187
2022-04-06 00:00:00,0.7945684290800155
2022-04-07 00:00:00,0.795857294784372
2022-04-08 00:00:00,0.7975101207908479
2022-04-11 00:00:00,0.7974038053370794
2022-04-12 00:00:00,0.7974794700343706
2022-04-13 00:00:00,0.7949467525664716
2022-04-14 00:00:00,0.7961142981701215
2022-04-15 00:00:00,0.7952194020617604
2022-04-18 00:00:00,0.7980247690249485
2022-04-19 00:00:00,0.7985857141250657
2022-04-20 00:00:00,0.7957496964054004
2022-04-21 00:00:00,0.7964926216565775
2022-04-22 00:00:00,0.8082150160216948
2022-04-25 00:00:00,0.8172683681712686
2022-04-26 00:00:00,0.8221361768464673
2022-04-27 00:00:00,0.8263367249677803
2022-04-28 00:00:00,0.8325997148011041
2022-04-29 00:00:00,0.825153533254591
2022-05-02 00:00:00,0.8276555999660127
2022-05-03 00:00:00,0.8283985252171898
2022-05-04 00:00:00,0.8297480509718994
2022-05-05 00:00:00,0.8389833832725329
2022-05-06 00:00:00,0.8383311273655851
2022-05-09 00:00:00,0.838831412415349
2022-05-10 00:00:00,0.8401202781197055
2022-05-11 00:00:00,0.8395936613090492
2022-05-12 00:00:00,0.8395936613090492
2022-05-13 00:00:00,0.8365168696050256
2022-05-16 00:00:00,0.8345413648809119
2022-05-17 00:00:00,0.8208646859952526
2022-05-18 00:00:00,0.8257722248955778
2022-05-19 00:00:00,0.8182902852719133
2022-05-20 00:00:00,0.8190679979975752
2022-05-23 00:00:00,0.8135821410249978
2022-05-24 00:00:00,0.8153923102943257
2022-05-25 00:00:00,0.815688209966277
2022-05-26 00:00:00,0.8126802486984978
2022-05-27 00:00:00,0.8104982526656511
2022-05-31 00:00:00,0.8096928653576921
2022-06-01 00:00:00,0.8201068391575685
2022-06-02 00:00:00,0.814207999567525
2022-06-03 00:00:00,0.818358403669162
2022-06-06 00:00:00,0.8150062902201606
2022-06-07 00:00:00,0.8115165158986706
2022-06-08 00:00:00,0.8140149895304424
2022-06-09 00:00:00,0.8171329370884135
2022-06-10 00:00:00,0.8295429935393772
2022-06-13 00:00:00,0.8405076108292087
2022-06-14 00:00:00,0.8514033976827958
2022-06-15 00:00:00,0.8481889451062834
2022-06-16 00:00:00,0.8285928487036064
2022-06-17 00:00:00,0.8381808572685503
2022-06-21 00:00:00,0.8329014916047061
2022-06-22 00:00:00,0.8326467477867022
2022-06-23 00:00:00,0.8353517127272071
2022-06-24 00:00:00,0.8330320558218717
2022-06-27 00:00:00,0.8307812293527806
2022-06-28 00:00:00,0.8379601726491707
2022-06-29 00:00:00,0.8412846115158751
2022-06-30 00:00:00,0.8404792242079163
2022-07-01 00:00:00,0.8482776414305058
2022-07-05 00:00:00,0.8562137195255843
2022-07-06 00:00:00,0.8578862279224233
2022-07-07 00:00:00,0.851849727459891
2022-07-08 00:00:00,0.848910596628356
2022-07-11 00:00:00,0.8577414703946113
2022-07-12 00:00:00,0.8575790006594369
2022-07-13 00:00:00,0.8575790006594369
2022-07-14 00:00:00,0.8575790006594369
2022-07-15 00:00:00,0.8575790006594369
2022-07-18 00:00:00,0.8575790006594369
2022-07-19 00:00:00,0.8575790006594369
2022-07-20 00:00:00,0.8575790006594369
2022-07-21 00:00:00,0.8575790006594369
2022-07-22 00:00:00,0.8575790006594369
2022-07-25 00:00:00,0.8575790006594369
2022-07-26 00:00:00,0.8575790006594369
2022-07-27 00:00:00,0.8575790006594369
2022-07-28 00:00:00,0.8575790006594369
2022-07-29 00:00:00,0.8575790006594369
2022-08-01 00:00:00,0.8575790006594369
2022-08-02 00:00:00,0.8575790006594369
2022-08-03 00:00:00,0.8575790006594369
2022-08-04 00:00:00,0.8575790006594369
2022-08-05 00:00:00,0.8575790006594369
2022-08-08 00:00:00,0.8575790006594369
2022-08-09 00:00:00,0.8575790006594369
2022-08-10 00:00:00,0.8575790006594369
2022-08-11 00:00:00,0.8575790006594369
2022-08-12 00:00:00,0.8575790006594369
2022-08-15 00:00:00,0.8575790006594369
2022-08-16 00:00:00,0.8575790006594369
2022-08-17 00:00:00,0.8575790006594369
2022-08-18 00:00:00,0.8575790006594369
2022-08-19 00:00:00,0.8575790006594369
2022-08-22 00:00:00,0.8575790006594369
2022-08-23 00:00:00,0.8575790006594369
2022-08-24 00:00:00,0.8575790006594369
2022-08-25 00:00:00,0.8575790006594369
2022-08-26 00:00:00,0.8575790006594369
2022-08-29 00:00:00,0.8575790006594369
2022-08-30 00:00:00,0.8575790006594369
2022-08-31 00:00:00,0.8575790006594369
2022-09-01 00:00:00,0.8575790006594369
2022-09-02 00:00:00,0.8575790006594369
2022-09-06 00:00:00,0.8575790006594369
2022-09-07 00:00:00,0.8575790006594369
2022-09-08 00:00:00,0.8575790006594369
2022-09-09 00:00:00,0.8575790006594369
2022-09-12 00:00:00,0.8575790006594369
2022-09-13 00:00:00,0.8575790006594369
2022-09-14 00:00:00,0.8575790006594369
2022-09-15 00:00:00,0.8575790006594369
2022-09-16 00:00:00,0.8575790006594369
2022-09-19 00:00:00,0.8575790006594369
2022-09-20 00:00:00,0.8575790006594369
2022-09-21 00:00:00,0.8575790006594369
2022-09-22 00:00:00,0.8575790006594369
2022-09-23 00:00:00,0.8575790006594369
2022-09-26 00:00:00,0.8575790006594369
2022-09-27 00:00:00,0.8575790006594369
2022-09-28 00:00:00,0.8575790006594369
2022-09-29 00:00:00,0.8575790006594369
2022-09-30 00:00:00,0.8575790006594369
2022-10-03 00:00:00,0.8575790006594369
2022-10-04 00:00:00,0.8575790006594369
2022-10-05 00:00:00,0.8575790006594369
2022-10-06 00:00:00,0.8575790006594369
2022-10-07 00:00:00,0.8575790006594369
2022-10-11 00:00:00,0.8575790006594369
2022-10-12 00:00:00,0.8575790006594369
2022-10-13 00:00:00,0.8575790006594369
2022-10-14 00:00:00,0.8575790006594369
2022-10-17 00:00:00,0.8575790006594369
2022-10-18 00:00:00,0.8575790006594369
2022-10-19 00:00:00,0.8575790006594369
2022-10-20 00:00:00,0.8575790006594369
2022-10-21 00:00:00,0.8575790006594369
2022-10-24 00:00:00,0.8575790006594369
2022-10-25 00:00:00,0.8575790006594369
2022-10-26 00:00:00,0.8575790006594369
2022-10-27 00:00:00,0.8575790006594369
2022-10-28 00:00:00,0.8575790006594369
2022-10-31 00:00:00,0.8575790006594369
2022-11-01 00:00:00,0.8575790006594369
2022-11-02 00:00:00,0.8575790006594369
2022-11-03 00:00:00,0.8575790006594369
2022-11-04 00:00:00,0.8575790006594369
2022-11-07 00:00:00,0.8575790006594369
2022-11-08 00:00:00,0.8575790006594369
2022-11-09 00:00:00,0.8575790006594369
2022-11-10 00:00:00,0.8575790006594369
2022-11-14 00:00:00,0.8575790006594369
2022-11-15 00:00:00,0.8575790006594369
2022-11-16 00:00:00,0.8575790006594369
2022-11-17 00:00:00,0.8575790006594369
2022-11-18 00:00:00,0.8575790006594369
2022-11-21 00:00:00,0.8575790006594369
2022-11-22 00:00:00,0.8575790006594369
2022-11-23 00:00:00,0.8575790006594369
2022-11-25 00:00:00,0.8575790006594369
2022-11-28 00:00:00,0.8575790006594369
2022-11-29 00:00:00,0.8575790006594369
2022-11-30 00:00:00,0.8575790006594369
2022-12-01 00:00:00,0.8575790006594369
2022-12-02 00:00:00,0.8575790006594369
2022-12-05 00:00:00,0.8575790006594369
2022-12-06 00:00:00,0.8575790006594369
2022-12-07 00:00:00,0.8575790006594369
2022-12-08 00:00:00,0.8575790006594369
2022-12-09 00:00:00,0.8575790006594369
2022-12-12 00:00:00,0.8575790006594369
2022-12-13 00:00:00,0.8575790006594369
2022-12-14 00:00:00,0.8575790006594369
2022-12-15 00:00:00,0.8575790006594369
2022-12-16 00:00:00,0.8575790006594369
2022-12-19 00:00:00,0.8575790006594369
2022-12-20 00:00:00,0.8575790006594369
2022-12-21 00:00:00,0.8575790006594369
2022-12-22 00:00:00,0.8575790006594369
2022-12-23 00:00:00,0.8575790006594369
2022-12-27 00:00:00,0.8575790006594369
2022-12-28 00:00:00,0.8575790006594369
2022-12-29 00:00:00,0.8575790006594369
2022-12-30 00:00:00,0.8575790006594369
2023-01-03 00:00:00,0.8575790006594369
2023-01-04 00:00:00,0.8575790006594369
2023-01-05 00:00:00,0.8575790006594369
2023-01-06 00:00:00,0.8575790006594369
2023-01-09 00:00:00,0.8575790006594369
2023-01-10 00:00:00,0.8575790006594369
2023-01-11 00:00:00,0.8575790006594369
2023-01-12 00:00:00,0.8575790006594369
2023-01-13 00:00:00,0.8575790006594369
2023-01-17 00:00:00,0.8575790006594369
2023-01-18 00:00:00,0.8575790006594369
2023-01-19 00:00:00,0.8575790006594369
2023-01-20 00:00:00,0.8575790006594369
2023-01-23 00:00:00,0.8575790006594369
2023-01-24 00:00:00,0.8575790006594369
2023-01-25 00:00:00,0.8575790006594369
2023-01-26 00:00:00,0.8575790006594369
2023-01-27 00:00:00,0.8575790006594369
2023-01-30 00:00:00,0.8575790006594369
2023-01-31 00:00:00,0.854182785430122
2023-02-01 00:00:00,0.8530738171919784
2023-02-02 00:00:00,0.8497469124775475
2023-02-03 00:00:00,0.836785846194244
2023-02-06 00:00:00,0.8323499732416697
2023-02-07 00:00:00,0.8326272153012055
2023-02-08 00:00:00,0.8381720564919236
2023-02-09 00:00:00,0.842607929444498
2023-02-10 00:00:00,0.8359541200156363
2023-02-13 00:00:00,0.8411524086319345
2023-02-14 00:00:00,0.842607929444498
2023-02-15 00:00:00,0.8338748045691171
2023-02-16 00:00:00,0.8329737678756254
2023-02-17 00:00:00,0.8325579047863215
2023-02-21 00:00:00,0.8394196457598352
2023-02-22 00:00:00,0.8361620515602882
2023-02-23 00:00:00,0.8328351468458574
2023-02-24 00:00:00,0.8281220318337471
2023-02-27 00:00:00,0.834221357143537
2023-02-28 00:00:00,0.8381720564919236
2023-03-01 00:00:00,0.834082736113769
2023-03-02 00:00:00,0.8277061687444431
2023-03-03 00:00:00,0.8314489365481779
2023-03-06 00:00:00,0.8350530833221447
2023-03-07 00:00:00,0.8218147749793051
2023-03-08 00:00:00,0.8204285646816256
2023-03-09 00:00:00,0.8263199584467635
2023-03-10 00:00:00,0.8347065307477247
2023-03-13 00:00:00,0.84281586098915
2023-03-14 00:00:00,0.8418455137807742
2023-03-15 00:00:00,0.8339441150840011
2023-03-16 00:00:00,0.8394196457598352
2023-03-17 00:00:00,0.8414989612063545
2023-03-20 00:00:00,0.8495389809328957
2023-03-21 00:00:00,0.8452417290100891
2023-03-22 00:00:00,0.8478062180607963
2023-03-23 00:00:00,0.8540441644003541
2023-03-24 00:00:00,0.8473210444566084
2023-03-27 00:00:00,0.8509945017454592
2023-03-28 00:00:00,0.8551037904829518
2023-03-29 00:00:00,0.8551037904829518
2023-03-30 00:00:00,0.8589233883450944
2023-03-31 00:00:00,0.8589928355789516
2023-04-03 00:00:00,0.8613540415300942
2023-04-04 00:00:00,0.8679515287465225
2023-04-05 00:00:00,0.8659375589646654
2023-04-06 00:00:00,0.8650347449245226
2023-04-07 00:00:00,0.86267353897338
2023-04-10 00:00:00,0.8582289160065231
2023-04-11 00:00:00,0.8617707249332371
2023-04-12 00:00:00,0.8660764534323797
2023-04-13 00:00:00,0.8702432874638082
2023-04-14 00:00:00,0.8623263028040942
2023-04-17 00:00:00,0.8582983632403801
2023-04-18 00:00:00,0.8624651972718086
2023-04-19 00:00:00,0.8640624836505226
2023-04-20 00:00:00,0.8644791670536656
2023-04-21 00:00:00,0.8624651972718086
2023-04-24 00:00:00,0.8651041921583797
2023-04-25 00:00:00,0.8610068053608086
2023-04-26 00:00:00,0.8671181619402367
2023-04-27 00:00:00,0.8660764534323797
2023-04-28 00:00:00,0.8737850963905223
2023-05-01 00:00:00,0.8677431870449511
2023-05-02 00:00:00,0.8663542423678083
2023-05-03 00:00:00,0.8713544432055221
2023-05-04 00:00:00,0.8736462019228078
2023-05-05 00:00:00,0.8785075082928075
2023-05-08 00:00:00,0.8773269053172362
2023-05-09 00:00:00,0.8762851968093792
2023-05-10 00:00:00,0.8760074078739507
2023-05-11 00:00:00,0.8681598704480938
2023-05-12 00:00:00,0.8655903227953796
2023-05-15 00:00:00,0.8698960512945223
2023-05-16 00:00:00,0.867673739811094
2023-05-17 00:00:00,0.8663542423678083
2023-05-18 00:00:00,0.862812433441094
2023-05-19 00:00:00,0.8655903227953796
2023-05-22 00:00:00,0.8628818806749513
2023-05-23 00:00:00,0.8627429862072371
2023-05-24 00:00:00,0.8586668572079494
2023-05-25 00:00:00,0.8586668572079494
2023-05-26 00:00:00,0.859851225286857
2023-05-30 00:00:00,0.8641010166288192
2023-05-31 00:00:00,0.8636133356551516
2023-06-01 00:00:00,0.8733669551285076
2023-06-02 00:00:00,0.8686294828128773
2023-06-05 00:00:00,0.8666787589182062
2023-06-06 00:00:00,0.8651460472866789
2023-06-07 00:00:00,0.86744511473397
2023-06-08 00:00:00,0.874133310944271
2023-06-09 00:00:00,0.8763627096810382
2023-06-12 00:00:00,0.8700925257338807
2023-06-13 00:00:00,0.8785921084178054
2023-06-14 00:00:00,0.884513948812343
2023-06-15 00:00:00,0.8891120837069251
2023-06-16 00:00:00,0.8928045253646956
2023-06-20 00:00:00,0.8870220223912061
2023-06-21 00:00:00,0.8873703659438258
2023-06-22 00:00:00,0.8882760591806375
2023-06-23 00:00:00,0.8848622923649628
2023-06-26 00:00:00,0.8864646727070141
2023-06-27 00:00:00,0.8884153966016853
2023-06-28 00:00:00,0.8804034948914288
2023-06-29 00:00:00,0.8790101206809493
2023-06-30 00:00:00,0.8854196420491545
2023-07-03 00:00:00,0.8844442801018191
2023-07-05 00:00:00,0.8854893107596784
2023-07-06 00:00:00,0.8862556665754422
2023-07-07 00:00:00,0.894406905706747
2023-07-10 00:00:00,0.8943372369962229
2023-07-11 00:00:00,0.8987960344697571
2023-07-12 00:00:00,0.9052055558379625
2023-07-13 00:00:00,0.9124511017324556
2023-07-14 00:00:00,0.913565801100839
2023-07-17 00:00:00,0.9111273962325
2023-07-18 00:00:00,0.9094553471799247
2023-07-19 00:00:00,0.8985870283381852
2023-07-20 00:00:00,0.8951732615225104
2023-07-21 00:00:00,0.8955216050751305
2023-07-24 00:00:00,0.8937102186015072
2023-07-25 00:00:00,0.8967967166494956
2023-07-26 00:00:00,0.8967967166494956
2023-07-27 00:00:00,0.8926352469666673
2023-07-28 00:00:00,0.8926352469666673
2023-07-31 00:00:00,0.8917335952020546
2023-08-01 00:00:00,0.8843123076010108
2023-08-02 00:00:00,0.8816767101352196
2023-08-03 00:00:00,0.881468636651078
2023-08-04 00:00:00,0.8860462533021892
2023-08-07 00:00:00,0.8856301063339063
2023-08-08 00:00:00,0.8828557932120208
2023-08-09 00:00:00,0.881884783619361
2023-08-10 00:00:00,0.8826477197278795
2023-08-11 00:00:00,0.880428269230371
2023-08-14 00:00:00,0.8802201957462296
2023-08-15 00:00:00,0.883965518460775
2023-08-16 00:00:00,0.8842429497729636
2023-08-17 00:00:00,0.8845203810851523
2023-08-18 00:00:00,0.8834800136644451
2023-08-21 00:00:00,0.883410655836398
2023-08-22 00:00:00,0.8831332245242095
2023-08-23 00:00:00,0.881884783619361
2023-08-24 00:00:00,0.8762667995475428
2023-08-25 00:00:00,0.8718278985525258
2023-08-28 00:00:00,0.873353770769563
2023-08-29 00:00:00,0.8748796429866
2023-08-30 00:00:00,0.8826477197278795
2023-08-31 00:00:00,0.8785556078730983
2023-09-01 00:00:00,0.8734924864256572
2023-09-05 00:00:00,0.8727295503171386
2023-09-06 00:00:00,0.866834134933132
2023-09-07 00:00:00,0.8659324831685191
2023-09-08 00:00:00,0.865308262716095
2023-09-11 00:00:00,0.8689842276025932
2023-09-12 00:00:00,0.865377620544142
2023-09-13 00:00:00,0.8661405566526605
2023-09-14 00:00:00,0.8607306460649838
2023-09-15 00:00:00,0.8594822051601354
2023-09-18 00:00:00,0.8602451412686538
2023-09-19 00:00:00,0.8595515629881825
2023-09-20 00:00:00,0.8592741316759939
2023-09-21 00:00:00,0.8527628881367566
2023-09-22 00:00:00,0.8527628881367566
2023-09-25 00:00:00,0.8554272468619594
2023-09-26 00:00:00,0.8588569145346618
2023-09-27 00:00:00,0.8612429790971377
2023-09-28 00:00:00,0.854932351074389
2023-09-29 00:00:00,0.8555095035791379
2023-10-02 00:00:00,0.8613046716350214
2023-10-03 00:00:00,0.8654996482552237
2023-10-04 00:00:00,0.8593281673138388
2023-10-05 00:00:00,0.8583051283829064
2023-10-06 00:00:00,0.8524119416042485
2023-10-10 00:00:00,0.8500670054003622
2023-10-11 00:00:00,0.8489048193880663
2023-10-12 00:00:00,0.8551174286880405
2023-10-13 00:00:00,0.860286434877788
2023-10-16 00:00:00,0.856132586616175
2023-10-17 00:00:00,0.8555269889293335
2023-10-18 00:00:00,0.8593740978461267
2023-10-19 00:00:00,0.8596729561881487
2023-10-20 00:00:00,0.859067358501307
2023-10-23 00:00:00,0.8533133188040126
2023-10-24 00:00:00,0.8577865895869421
2023-10-25 00:00:00,0.8598247864460089
2023-10-26 00:00:00,0.8616542626830301
2023-10-27 00:00:00,0.8589614587757347
2023-10-30 00:00:00,0.8584950081702568
2023-10-31 00:00:00,0.8599766167038692
2023-11-01 00:00:00,0.8604841956679364
2023-11-02 00:00:00,0.857095656353823
2023-11-03 00:00:00,0.8432015123967587
2023-11-06 00:00:00,0.841969752843781
2023-11-07 00:00:00,0.8485302298471643
2023-11-08 00:00:00,0.8481333527823682
2023-11-09 00:00:00,0.8496149613159805
2023-11-13 00:00:00,0.8503312609020931
2023-11-14 00:00:00,0.8353239402941202
2023-11-15 00:00:00,0.8388927550481862
2023-11-16 00:00:00,0.8394003340122536
2023-11-17 00:00:00,0.8388643098660935
2023-11-20 00:00:00,0.833597284953572
2023-11-21 00:00:00,0.830857372801881
2023-11-22 00:00:00,0.830857372801881
2023-11-24 00:00:00,0.8219466106214475
2023-11-27 00:00:00,0.8210991899640351
2023-11-28 00:00:00,0.8143875209262438
2023-11-29 00:00:00,0.8158724717837551
2023-11-30 00:00:00,0.8191566806670644
2023-12-01 00:00:00,0.816310084425432
2023-12-04 00:00:00,0.8195276541226004
2023-12-05 00:00:00,0.8223453887029252
2023-12-06 00:00:00,0.8223642774653416
2023-12-07 00:00:00,0.822783001344602
2023-12-08 00:00:00,0.8256007359249266
2023-12-11 00:00:00,0.8248199544536551
2023-12-12 00:00:00,0.8248388432160716
2023-12-13 00:00:00,0.826257154887442
2023-12-14 00:00:00,0.8102159997899568
2023-12-15 00:00:00,0.8140333221623914
2023-12-18 00:00:00,0.8191167890714988
2023-12-19 00:00:00,0.8111389754970347
2023-12-20 00:00:00,0.8171553910121114
2023-12-21 00:00:00,0.8165745270992619
2023-12-22 00:00:00,0.8130615389962228
2023-12-26 00:00:00,0.8137468196200459
2023-12-27 00:00:00,0.8078348208159426
2023-12-28 00:00:00,0.8113855864438146
2023-12-29 00:00:00,0.8113378360200905
