date,combined_equity
1999-03-10 00:00:00,1.0
1999-03-11 00:00:00,1.0
1999-03-12 00:00:00,1.0
1999-03-15 00:00:00,1.0
1999-03-16 00:00:00,1.0
1999-03-17 00:00:00,1.0
1999-03-18 00:00:00,1.0
1999-03-19 00:00:00,1.0
1999-03-22 00:00:00,1.0
1999-03-23 00:00:00,1.0
1999-03-24 00:00:00,1.0
1999-03-25 00:00:00,1.0
1999-03-26 00:00:00,1.0
1999-03-29 00:00:00,1.0
1999-03-30 00:00:00,1.0
1999-03-31 00:00:00,1.0
1999-04-01 00:00:00,1.0
1999-04-05 00:00:00,1.0
1999-04-06 00:00:00,1.0
1999-04-07 00:00:00,1.0
1999-04-08 00:00:00,1.0
1999-04-09 00:00:00,1.0
1999-04-12 00:00:00,1.0
1999-04-13 00:00:00,1.0
1999-04-14 00:00:00,1.0
1999-04-15 00:00:00,1.0
1999-04-16 00:00:00,1.0
1999-04-19 00:00:00,1.0
1999-04-20 00:00:00,1.0
1999-04-21 00:00:00,1.0
1999-04-22 00:00:00,1.0
1999-04-23 00:00:00,1.0
1999-04-26 00:00:00,1.0
1999-04-27 00:00:00,1.0
1999-04-28 00:00:00,1.0
1999-04-29 00:00:00,1.0
1999-04-30 00:00:00,1.0
1999-05-03 00:00:00,1.0
1999-05-04 00:00:00,1.0
1999-05-05 00:00:00,1.0
1999-05-06 00:00:00,1.0
1999-05-07 00:00:00,1.0
1999-05-10 00:00:00,1.0
1999-05-11 00:00:00,1.0
1999-05-12 00:00:00,1.0
1999-05-13 00:00:00,1.0
1999-05-14 00:00:00,1.0
1999-05-17 00:00:00,1.0
1999-05-18 00:00:00,1.0
1999-05-19 00:00:00,1.0
1999-05-20 00:00:00,1.0
1999-05-21 00:00:00,1.0
1999-05-24 00:00:00,1.0
1999-05-25 00:00:00,1.0
1999-05-26 00:00:00,1.0
1999-05-27 00:00:00,1.0
1999-05-28 00:00:00,1.0
1999-06-01 00:00:00,1.0
1999-06-02 00:00:00,1.0
1999-06-03 00:00:00,1.0
1999-06-04 00:00:00,1.0
1999-06-07 00:00:00,1.0
1999-06-08 00:00:00,1.0
1999-06-09 00:00:00,1.0
1999-06-10 00:00:00,1.0
1999-06-11 00:00:00,1.0
1999-06-14 00:00:00,1.0
1999-06-15 00:00:00,1.0
1999-06-16 00:00:00,1.0
1999-06-17 00:00:00,1.0
1999-06-18 00:00:00,1.0
1999-06-21 00:00:00,1.0
1999-06-22 00:00:00,1.0
1999-06-23 00:00:00,1.0
1999-06-24 00:00:00,1.0
1999-06-25 00:00:00,1.0
1999-06-28 00:00:00,1.0
1999-06-29 00:00:00,1.0
1999-06-30 00:00:00,1.0
1999-07-01 00:00:00,1.0
1999-07-02 00:00:00,1.0
1999-07-06 00:00:00,1.0
1999-07-07 00:00:00,1.0
1999-07-08 00:00:00,1.0
1999-07-09 00:00:00,1.0
1999-07-12 00:00:00,1.0
1999-07-13 00:00:00,1.0
1999-07-14 00:00:00,1.0
1999-07-15 00:00:00,1.0
1999-07-16 00:00:00,1.0
1999-07-19 00:00:00,1.0
1999-07-20 00:00:00,1.0
1999-07-21 00:00:00,1.0
1999-07-22 00:00:00,1.0
1999-07-23 00:00:00,1.0
1999-07-26 00:00:00,1.0
1999-07-27 00:00:00,1.0
1999-07-28 00:00:00,1.0
1999-07-29 00:00:00,1.0
1999-07-30 00:00:00,1.0
1999-08-02 00:00:00,1.0
1999-08-03 00:00:00,1.0
1999-08-04 00:00:00,1.0
1999-08-05 00:00:00,1.0
1999-08-06 00:00:00,1.0
1999-08-09 00:00:00,1.0
1999-08-10 00:00:00,1.0044216827409669
1999-08-11 00:00:00,0.978612610096885
1999-08-12 00:00:00,0.9881769993805377
1999-08-13 00:00:00,0.954486199162826
1999-08-16 00:00:00,0.954486199162826
1999-08-17 00:00:00,0.954486199162826
1999-08-18 00:00:00,0.954486199162826
1999-08-19 00:00:00,0.954486199162826
1999-08-20 00:00:00,0.954486199162826
1999-08-23 00:00:00,0.954486199162826
1999-08-24 00:00:00,0.954486199162826
1999-08-25 00:00:00,0.954486199162826
1999-08-26 00:00:00,0.954486199162826
1999-08-27 00:00:00,0.954486199162826
1999-08-30 00:00:00,0.954486199162826
1999-08-31 00:00:00,0.954486199162826
1999-09-01 00:00:00,0.954486199162826
1999-09-02 00:00:00,0.954486199162826
1999-09-03 00:00:00,0.954486199162826
1999-09-07 00:00:00,0.954486199162826
1999-09-08 00:00:00,0.954486199162826
1999-09-09 00:00:00,0.954486199162826
1999-09-10 00:00:00,0.954486199162826
1999-09-13 00:00:00,0.954486199162826
1999-09-14 00:00:00,0.954486199162826
1999-09-15 00:00:00,0.954486199162826
1999-09-16 00:00:00,0.954486199162826
1999-09-17 00:00:00,0.954486199162826
1999-09-20 00:00:00,0.954486199162826
1999-09-21 00:00:00,0.954486199162826
1999-09-22 00:00:00,0.954486199162826
1999-09-23 00:00:00,0.954486199162826
1999-09-24 00:00:00,0.954486199162826
1999-09-27 00:00:00,0.954486199162826
1999-09-28 00:00:00,0.954486199162826
1999-09-29 00:00:00,0.954486199162826
1999-09-30 00:00:00,0.954486199162826
1999-10-01 00:00:00,0.954486199162826
1999-10-04 00:00:00,0.954486199162826
1999-10-05 00:00:00,0.954486199162826
1999-10-06 00:00:00,0.954486199162826
1999-10-07 00:00:00,0.954486199162826
1999-10-08 00:00:00,0.954486199162826
1999-10-11 00:00:00,0.954486199162826
1999-10-12 00:00:00,0.954486199162826
1999-10-13 00:00:00,0.954486199162826
1999-10-14 00:00:00,0.954486199162826
1999-10-15 00:00:00,0.954486199162826
1999-10-18 00:00:00,0.954486199162826
1999-10-19 00:00:00,0.954486199162826
1999-10-20 00:00:00,0.954486199162826
1999-10-21 00:00:00,0.954486199162826
1999-10-22 00:00:00,0.954486199162826
1999-10-25 00:00:00,0.954486199162826
1999-10-26 00:00:00,0.954486199162826
1999-10-27 00:00:00,0.954486199162826
1999-10-28 00:00:00,0.954486199162826
1999-10-29 00:00:00,0.954486199162826
1999-11-01 00:00:00,0.954486199162826
1999-11-02 00:00:00,0.954486199162826
1999-11-03 00:00:00,0.954486199162826
1999-11-04 00:00:00,0.954486199162826
1999-11-05 00:00:00,0.954486199162826
1999-11-08 00:00:00,0.954486199162826
1999-11-09 00:00:00,0.954486199162826
1999-11-10 00:00:00,0.954486199162826
1999-11-11 00:00:00,0.954486199162826
1999-11-12 00:00:00,0.954486199162826
1999-11-15 00:00:00,0.954486199162826
1999-11-16 00:00:00,0.954486199162826
1999-11-17 00:00:00,0.954486199162826
1999-11-18 00:00:00,0.954486199162826
1999-11-19 00:00:00,0.954486199162826
1999-11-22 00:00:00,0.954486199162826
1999-11-23 00:00:00,0.954486199162826
1999-11-24 00:00:00,0.954486199162826
1999-11-26 00:00:00,0.954486199162826
1999-11-29 00:00:00,0.954486199162826
1999-11-30 00:00:00,0.954486199162826
1999-12-01 00:00:00,0.954486199162826
1999-12-02 00:00:00,0.954486199162826
1999-12-03 00:00:00,0.954486199162826
1999-12-06 00:00:00,0.954486199162826
1999-12-07 00:00:00,0.954486199162826
1999-12-08 00:00:00,0.954486199162826
1999-12-09 00:00:00,0.954486199162826
1999-12-10 00:00:00,0.954486199162826
1999-12-13 00:00:00,0.954486199162826
1999-12-14 00:00:00,0.954486199162826
1999-12-15 00:00:00,0.954486199162826
1999-12-16 00:00:00,0.954486199162826
1999-12-17 00:00:00,0.954486199162826
1999-12-20 00:00:00,0.954486199162826
1999-12-21 00:00:00,0.954486199162826
1999-12-22 00:00:00,0.954486199162826
1999-12-23 00:00:00,0.954486199162826
1999-12-27 00:00:00,0.954486199162826
1999-12-28 00:00:00,0.954486199162826
1999-12-29 00:00:00,0.954486199162826
1999-12-30 00:00:00,0.954486199162826
1999-12-31 00:00:00,0.954486199162826
2000-01-03 00:00:00,0.954486199162826
2000-01-04 00:00:00,0.954486199162826
2000-01-05 00:00:00,0.954486199162826
2000-01-06 00:00:00,0.954486199162826
2000-01-07 00:00:00,0.954486199162826
2000-01-10 00:00:00,0.954486199162826
2000-01-11 00:00:00,0.954486199162826
2000-01-12 00:00:00,0.954486199162826
2000-01-13 00:00:00,0.954486199162826
2000-01-14 00:00:00,0.954486199162826
2000-01-18 00:00:00,0.954486199162826
2000-01-19 00:00:00,0.954486199162826
2000-01-20 00:00:00,0.954486199162826
2000-01-21 00:00:00,0.954486199162826
2000-01-24 00:00:00,0.954486199162826
2000-01-25 00:00:00,0.954486199162826
2000-01-26 00:00:00,0.954486199162826
2000-01-27 00:00:00,0.954486199162826
2000-01-28 00:00:00,0.954486199162826
2000-01-31 00:00:00,0.954486199162826
2000-02-01 00:00:00,0.954486199162826
2000-02-02 00:00:00,0.954486199162826
2000-02-03 00:00:00,0.954486199162826
2000-02-04 00:00:00,0.954486199162826
2000-02-07 00:00:00,0.954486199162826
2000-02-08 00:00:00,0.954486199162826
2000-02-09 00:00:00,0.954486199162826
2000-02-10 00:00:00,0.954486199162826
2000-02-11 00:00:00,0.954486199162826
2000-02-14 00:00:00,0.954486199162826
2000-02-15 00:00:00,0.954486199162826
2000-02-16 00:00:00,0.954486199162826
2000-02-17 00:00:00,0.954486199162826
2000-02-18 00:00:00,0.954486199162826
2000-02-22 00:00:00,0.954486199162826
2000-02-23 00:00:00,0.954486199162826
2000-02-24 00:00:00,0.954486199162826
2000-02-25 00:00:00,0.954486199162826
2000-02-28 00:00:00,0.954486199162826
2000-02-29 00:00:00,0.954486199162826
2000-03-01 00:00:00,0.954486199162826
2000-03-02 00:00:00,0.954486199162826
2000-03-03 00:00:00,0.954486199162826
2000-03-06 00:00:00,0.954486199162826
2000-03-07 00:00:00,0.954486199162826
2000-03-08 00:00:00,0.954486199162826
2000-03-09 00:00:00,0.954486199162826
2000-03-10 00:00:00,0.954486199162826
2000-03-13 00:00:00,0.954486199162826
2000-03-14 00:00:00,0.954486199162826
2000-03-15 00:00:00,0.954486199162826
2000-03-16 00:00:00,0.954486199162826
2000-03-17 00:00:00,0.954486199162826
2000-03-20 00:00:00,0.954486199162826
2000-03-21 00:00:00,0.954486199162826
2000-03-22 00:00:00,0.954486199162826
2000-03-23 00:00:00,0.954486199162826
2000-03-24 00:00:00,0.954486199162826
2000-03-27 00:00:00,0.954486199162826
2000-03-28 00:00:00,0.954486199162826
2000-03-29 00:00:00,0.954486199162826
2000-03-30 00:00:00,0.954486199162826
2000-03-31 00:00:00,0.954486199162826
2000-04-03 00:00:00,0.954486199162826
2000-04-04 00:00:00,0.954486199162826
2000-04-05 00:00:00,0.954486199162826
2000-04-06 00:00:00,0.954486199162826
2000-04-07 00:00:00,0.954486199162826
2000-04-10 00:00:00,0.954486199162826
2000-04-11 00:00:00,0.954486199162826
2000-04-12 00:00:00,0.954486199162826
2000-04-13 00:00:00,0.954486199162826
2000-04-14 00:00:00,0.954486199162826
2000-04-17 00:00:00,0.954486199162826
2000-04-18 00:00:00,0.954486199162826
2000-04-19 00:00:00,0.954486199162826
2000-04-20 00:00:00,0.9642929796958105
2000-04-24 00:00:00,0.972120252949598
2000-04-25 00:00:00,0.9541929779666017
2000-04-26 00:00:00,0.9638688136850733
2000-04-27 00:00:00,0.9517378786337132
2000-04-28 00:00:00,0.9407662115686803
2000-05-01 00:00:00,0.9380034151095324
2000-05-02 00:00:00,0.9552301585227302
2000-05-03 00:00:00,0.9583576966968126
2000-05-04 00:00:00,0.9577881099415271
2000-05-05 00:00:00,0.9511088675826249
2000-05-08 00:00:00,0.962257286959404
2000-05-09 00:00:00,0.9681420030469134
2000-05-10 00:00:00,0.9877186139999636
2000-05-11 00:00:00,0.9724231906616022
2000-05-12 00:00:00,0.9724175721158812
2000-05-15 00:00:00,0.9608819368412838
2000-05-16 00:00:00,0.9530434264960543
2000-05-17 00:00:00,0.9588968110163657
2000-05-18 00:00:00,0.9688859624068176
2000-05-19 00:00:00,0.9750333874189692
2000-05-22 00:00:00,0.9750333874189692
2000-05-23 00:00:00,0.9967683574742368
2000-05-24 00:00:00,0.9818128684714298
2000-05-25 00:00:00,0.9873861854055472
2000-05-26 00:00:00,0.9873810224655004
2000-05-30 00:00:00,0.9624799007727548
2000-05-31 00:00:00,0.9690414055702957
2000-06-01 00:00:00,0.9566679558235305
2000-06-02 00:00:00,0.9398232683896474
2000-06-05 00:00:00,0.9353027220181104
2000-06-06 00:00:00,0.9426259219034337
2000-06-07 00:00:00,0.9357697682631289
2000-06-08 00:00:00,0.9370000578215981
2000-06-09 00:00:00,0.9355910221693564
2000-06-12 00:00:00,0.9440092612378471
2000-06-13 00:00:00,0.934176847253549
2000-06-14 00:00:00,0.9401242286779699
2000-06-15 00:00:00,0.9355704651150936
2000-06-16 00:00:00,0.9341614294628519
2000-06-19 00:00:00,0.9236270672842156
2000-06-20 00:00:00,0.9246608113482703
2000-06-21 00:00:00,0.9211459311130145
2000-06-22 00:00:00,0.931333079631237
2000-06-23 00:00:00,0.9418571632827418
2000-06-26 00:00:00,0.9348325420757958
2000-06-27 00:00:00,0.9379721307228645
2000-06-28 00:00:00,0.9348222635486644
2000-06-29 00:00:00,0.9414435152396498
2000-06-30 00:00:00,0.9363843489768503
2000-07-03 00:00:00,0.9361071345931591
2000-07-05 00:00:00,0.9431617476941109
2000-07-06 00:00:00,0.9348398338826002
2000-07-07 00:00:00,0.9282219328974063
2000-07-10 00:00:00,0.933191319131167
2000-07-11 00:00:00,0.9314128145727131
2000-07-12 00:00:00,0.9237384256352027
2000-07-13 00:00:00,0.9194720623503262
2000-07-14 00:00:00,0.9123088772607109
2000-07-17 00:00:00,0.9100015695139688
2000-07-18 00:00:00,0.9100015695139688
2000-07-19 00:00:00,0.9100015695139688
2000-07-20 00:00:00,0.9100015695139688
2000-07-21 00:00:00,0.9100015695139688
2000-07-24 00:00:00,0.9100015695139688
2000-07-25 00:00:00,0.9100015695139688
2000-07-26 00:00:00,0.9100015695139688
2000-07-27 00:00:00,0.9100015695139688
2000-07-28 00:00:00,0.9100015695139688
2000-07-31 00:00:00,0.9100015695139688
2000-08-01 00:00:00,0.9100015695139688
2000-08-02 00:00:00,0.9100015695139688
2000-08-03 00:00:00,0.9100015695139688
2000-08-04 00:00:00,0.9100015695139688
2000-08-07 00:00:00,0.9100015695139688
2000-08-08 00:00:00,0.8998767871704062
2000-08-09 00:00:00,0.9120958509675302
2000-08-10 00:00:00,0.9209888993087977
2000-08-11 00:00:00,0.9148659661067139
2000-08-14 00:00:00,0.9053681054567759
2000-08-15 00:00:00,0.905359171254428
2000-08-16 00:00:00,0.9007525098042788
2000-08-17 00:00:00,0.8918905050503133
2000-08-18 00:00:00,0.8943271704478598
2000-08-21 00:00:00,0.8930954364455648
2000-08-22 00:00:00,0.8930865022432168
2000-08-23 00:00:00,0.8854472972891986
2000-08-24 00:00:00,0.8781015642871676
2000-08-25 00:00:00,0.8716743249931574
2000-08-28 00:00:00,0.8716743249931574
2000-08-29 00:00:00,0.8716743249931574
2000-08-30 00:00:00,0.8716743249931574
2000-08-31 00:00:00,0.8716743249931574
2000-09-01 00:00:00,0.8716743249931574
2000-09-05 00:00:00,0.8716743249931574
2000-09-06 00:00:00,0.8716743249931574
2000-09-07 00:00:00,0.8716743249931574
2000-09-08 00:00:00,0.8716743249931574
2000-09-11 00:00:00,0.8716743249931574
2000-09-12 00:00:00,0.8716743249931574
2000-09-13 00:00:00,0.8716743249931574
2000-09-14 00:00:00,0.8716743249931574
2000-09-15 00:00:00,0.8716743249931574
2000-09-18 00:00:00,0.8716743249931574
2000-09-19 00:00:00,0.8716743249931574
2000-09-20 00:00:00,0.8716743249931574
2000-09-21 00:00:00,0.8716743249931574
2000-09-22 00:00:00,0.8716743249931574
2000-09-25 00:00:00,0.8716743249931574
2000-09-26 00:00:00,0.8778875451019275
2000-09-27 00:00:00,0.87731854031008
2000-09-28 00:00:00,0.8679669386727532
2000-09-29 00:00:00,0.8810857044964668
2000-10-02 00:00:00,0.8904204791261175
2000-10-03 00:00:00,0.9032589493058265
2000-10-04 00:00:00,0.8956358374731951
2000-10-05 00:00:00,0.8944595254526709
2000-10-06 00:00:00,0.9079053028610566
2000-10-09 00:00:00,0.909625379161914
2000-10-10 00:00:00,0.9297982520264115
2000-10-11 00:00:00,0.935629331106004
2000-10-12 00:00:00,0.9446370941509825
2000-10-13 00:00:00,0.916038524958669
2000-10-16 00:00:00,0.9125264159047727
2000-10-17 00:00:00,0.930036480151226
2000-10-18 00:00:00,0.931195965164074
2000-10-19 00:00:00,0.8982060975490207
2000-10-20 00:00:00,0.8923581914617521
2000-10-23 00:00:00,0.8929103692459234
2000-10-24 00:00:00,0.8915644409880239
2000-10-25 00:00:00,0.9043318082106548
2000-10-26 00:00:00,0.8967486281636243
2000-10-27 00:00:00,0.8973486864551347
2000-10-30 00:00:00,0.908518760933927
2000-10-31 00:00:00,0.8898351696221166
2000-11-01 00:00:00,0.8924810374982622
2000-11-02 00:00:00,0.8886863937190748
2000-11-03 00:00:00,0.8846644377638166
2000-11-06 00:00:00,0.8870072227385348
2000-11-07 00:00:00,0.8881755614702217
2000-11-08 00:00:00,0.9125297421611076
2000-11-09 00:00:00,0.9125615200124416
2000-11-10 00:00:00,0.9274822453963985
2000-11-13 00:00:00,0.9270593988955913
2000-11-14 00:00:00,0.9119749170382316
2000-11-15 00:00:00,0.906134463674409
2000-11-16 00:00:00,0.9231767693683579
2000-11-17 00:00:00,0.9233600886704056
2000-11-20 00:00:00,0.9346059338745548
2000-11-21 00:00:00,0.935016565352673
2000-11-22 00:00:00,0.939850312923498
2000-11-24 00:00:00,0.931078059701577
2000-11-27 00:00:00,0.934819652476112
2000-11-28 00:00:00,0.952315797632591
2000-11-29 00:00:00,0.9629985422283548
2000-11-30 00:00:00,0.9628224296804785
2000-12-01 00:00:00,0.9584731092891641
2000-12-04 00:00:00,0.9542089564048586
2000-12-05 00:00:00,0.9299730231269564
2000-12-06 00:00:00,0.9414222752858006
2000-12-07 00:00:00,0.9478040607776128
2000-12-08 00:00:00,0.9414107202180838
2000-12-11 00:00:00,0.9142365079483731
2000-12-12 00:00:00,0.9258135113677307
2000-12-13 00:00:00,0.9382847736106822
2000-12-14 00:00:00,0.9525445535008216
2000-12-15 00:00:00,0.9589263389926337
2000-12-18 00:00:00,0.9584095564167217
2000-12-19 00:00:00,0.9791420668395404
2000-12-20 00:00:00,0.9936147654972021
2000-12-21 00:00:00,0.9922037240976962
2000-12-22 00:00:00,0.9853958221810504
2000-12-26 00:00:00,0.9840924527555299
2000-12-27 00:00:00,0.9810308731095988
2000-12-28 00:00:00,0.9815647953271724
2000-12-29 00:00:00,0.9953121868931257
2001-01-02 00:00:00,1.017509007838315
2001-01-03 00:00:00,0.9770542088119352
2001-01-04 00:00:00,0.9821274521321833
2001-01-05 00:00:00,1.0031557349717337
2001-01-08 00:00:00,1.0003638179655654
2001-01-09 00:00:00,1.0003584149036133
2001-01-10 00:00:00,0.9871395424932815
2001-01-11 00:00:00,0.9792689791049128
2001-01-12 00:00:00,0.9757130179527498
2001-01-16 00:00:00,0.9790783978878334
2001-01-17 00:00:00,0.9705336779000575
2001-01-18 00:00:00,0.9584833435953647
2001-01-19 00:00:00,0.9596015348657577
2001-01-22 00:00:00,0.959281525390749
2001-01-23 00:00:00,0.9530289378409574
2001-01-24 00:00:00,0.9558999362698091
2001-01-25 00:00:00,0.9569092018112473
2001-01-26 00:00:00,0.949283475003086
2001-01-29 00:00:00,0.9437222082891955
2001-01-30 00:00:00,0.9446753815621766
2001-01-31 00:00:00,0.9540590065828737
2001-02-01 00:00:00,0.9507969539819966
2001-02-02 00:00:00,0.9645874060526363
2001-02-05 00:00:00,0.9647741746212795
2001-02-06 00:00:00,0.9643861396616693
2001-02-07 00:00:00,0.9682133305759171
2001-02-08 00:00:00,0.9751444605427332
2001-02-09 00:00:00,0.9842981641521289
2001-02-12 00:00:00,0.981687555549939
2001-02-13 00:00:00,0.9886953259871889
2001-02-14 00:00:00,0.9802600416320316
2001-02-15 00:00:00,0.9766147866789857
2001-02-16 00:00:00,0.9891406709874678
2001-02-20 00:00:00,0.9973363687164413
2001-02-21 00:00:00,1.003041251156317
2001-02-22 00:00:00,1.0049524303097201
2001-02-23 00:00:00,1.004257833468375
2001-02-26 00:00:00,1.000706754325398
2001-02-27 00:00:00,1.0234311537481278
2001-02-28 00:00:00,1.0372892563865277
2001-03-01 00:00:00,1.0252021785816534
2001-03-02 00:00:00,1.0439809188903295
2001-03-05 00:00:00,1.0363671480584336
2001-03-06 00:00:00,1.019806763280581
2001-03-07 00:00:00,1.019618682023829
2001-03-08 00:00:00,1.0278404178762763
2001-03-09 00:00:00,1.058249756314696
2001-03-12 00:00:00,1.0832911263855418
2001-03-13 00:00:00,1.064046757423902
2001-03-14 00:00:00,1.070300238208239
2001-03-15 00:00:00,1.0846056715439367
2001-03-16 00:00:00,1.0930958058147626
2001-03-19 00:00:00,1.0746566321082591
2001-03-20 00:00:00,1.1006821297131602
2001-03-21 00:00:00,1.1006729807353273
2001-03-22 00:00:00,1.0787446275899009
2001-03-23 00:00:00,1.078735478612068
2001-03-26 00:00:00,1.0875834774407322
2001-03-27 00:00:00,1.0865846898146534
2001-03-28 00:00:00,1.1053321381463022
2001-03-29 00:00:00,1.1117162293155953
2001-03-30 00:00:00,1.1100048314325857
2001-04-02 00:00:00,1.1249104900253555
2001-04-03 00:00:00,1.1482525003673674
2001-04-04 00:00:00,1.1534435720973737
2001-04-05 00:00:00,1.1256561778985252
2001-04-06 00:00:00,1.1342558765979225
2001-04-09 00:00:00,1.1278576166320005
2001-04-10 00:00:00,1.1044162218191254
2001-04-11 00:00:00,1.0941832565126388
2001-04-12 00:00:00,1.0788373507520665
2001-04-16 00:00:00,1.1005602632836176
2001-04-17 00:00:00,1.0920316114618265
2001-04-18 00:00:00,1.0387310655818467
2001-04-19 00:00:00,1.0263723348345601
2001-04-20 00:00:00,1.0258054360209437
2001-04-23 00:00:00,1.044057513572514
2001-04-24 00:00:00,1.0488273393997716
2001-04-25 00:00:00,1.044328117166564
2001-04-26 00:00:00,1.0507832244593605
2001-04-27 00:00:00,1.044036960272101
2001-04-30 00:00:00,1.0384142170618673
2001-05-01 00:00:00,1.0277356294550164
2001-05-02 00:00:00,1.0225061185867421
2001-05-03 00:00:00,1.0347473589112228
2001-05-04 00:00:00,1.0268775737469371
2001-05-07 00:00:00,1.0324900403069641
2001-05-08 00:00:00,1.0268672970967305
2001-05-09 00:00:00,1.0361312068320925
2001-05-10 00:00:00,1.0405078003173907
2001-05-11 00:00:00,1.041738535067016
2001-05-14 00:00:00,1.045834248308058
2001-05-15 00:00:00,1.0439753003708618
2001-05-16 00:00:00,1.0327349522754978
2001-05-17 00:00:00,1.0309409438507737
2001-05-18 00:00:00,1.0282692123458725
2001-05-21 00:00:00,1.0081581192154951
2001-05-22 00:00:00,1.0091537049738364
2001-05-23 00:00:00,1.0241758811329085
2001-05-24 00:00:00,1.0158204066240957
2001-05-25 00:00:00,1.021892282241749
2001-05-29 00:00:00,1.0410556422334176
2001-05-30 00:00:00,1.0523373942856282
2001-05-31 00:00:00,1.0503272821009557
2001-06-01 00:00:00,1.0415042545787854
2001-06-04 00:00:00,1.0429673933504842
2001-06-05 00:00:00,1.029468835694737
2001-06-06 00:00:00,1.0319338737807737
2001-06-07 00:00:00,1.0237787791348287
2001-06-08 00:00:00,1.0327895594078733
2001-06-11 00:00:00,1.041466373242805
2001-06-12 00:00:00,1.0431298918773715
2001-06-13 00:00:00,1.0514727392741907
2001-06-14 00:00:00,1.0668288818713754
2001-06-15 00:00:00,1.0644848032485903
2001-06-18 00:00:00,1.0640172419655873
2001-06-19 00:00:00,1.0801665498986133
2001-06-20 00:00:00,1.0701301231902907
2001-06-21 00:00:00,1.0639990846749219
2001-06-22 00:00:00,1.0650455163520092
2001-06-25 00:00:00,1.0638753763520146
2001-06-26 00:00:00,1.0622830322230519
2001-06-27 00:00:00,1.059318524674943
2001-06-28 00:00:00,1.0533985882240584
2001-06-29 00:00:00,1.0391401202260555
2001-07-02 00:00:00,1.0417698173867729
2001-07-03 00:00:00,1.039755269128842
2001-07-05 00:00:00,1.0628618665445073
2001-07-06 00:00:00,1.0818519737027348
2001-07-09 00:00:00,1.07804305789669
2001-07-10 00:00:00,1.0939721851198994
2001-07-11 00:00:00,1.0886855548624665
2001-07-12 00:00:00,1.061233207834214
2001-07-13 00:00:00,1.0659739256397711
2001-07-16 00:00:00,1.0744089295737984
2001-07-17 00:00:00,1.0643725028654756
2001-07-18 00:00:00,1.0752632571156453
2001-07-19 00:00:00,1.0729176369027706
2001-07-20 00:00:00,1.085129154714337
2001-07-23 00:00:00,1.0979579410029754
2001-07-24 00:00:00,1.1036264129575752
2001-07-25 00:00:00,1.0992951355836045
2001-07-26 00:00:00,1.091877515824272
2001-07-27 00:00:00,1.0813735536795783
2001-07-30 00:00:00,1.0844494980304749
2001-07-31 00:00:00,1.0836983778235232
2001-08-01 00:00:00,1.067145184603521
2001-08-02 00:00:00,1.057135037240485
2001-08-03 00:00:00,1.0661367589712754
2001-08-06 00:00:00,1.0745212122249934
2001-08-07 00:00:00,1.0772267954896466
2001-08-08 00:00:00,1.0991911552389548
2001-08-09 00:00:00,1.097082044382444
2001-08-10 00:00:00,1.1018863404691428
2001-08-13 00:00:00,1.0917527394106925
2001-08-14 00:00:00,1.0979150261469504
2001-08-15 00:00:00,1.1164226824246537
2001-08-16 00:00:00,1.1217580763090256
2001-08-17 00:00:00,1.1312397338195215
2001-08-20 00:00:00,1.123524599404731
2001-08-21 00:00:00,1.147069304594857
2001-08-22 00:00:00,1.1322429270471945
2001-08-23 00:00:00,1.1377132226079376
2001-08-24 00:00:00,1.1083680569973282
2001-08-27 00:00:00,1.1076160148168082
2001-08-28 00:00:00,1.1258272876572801
2001-08-29 00:00:00,1.1341124502914515
2001-08-30 00:00:00,1.1546941375095474
2001-08-31 00:00:00,1.154682849822035
2001-09-04 00:00:00,1.1650421250366274
2001-09-05 00:00:00,1.167104949929536
2001-09-06 00:00:00,1.188279240742038
2001-09-07 00:00:00,1.1912309710265554
2001-09-10 00:00:00,1.1852936473949829
2001-09-17 00:00:00,1.2282461203019053
2001-09-18 00:00:00,1.2386053955164977
2001-09-19 00:00:00,1.2464461054548646
2001-09-20 00:00:00,1.261249907627502
2001-09-21 00:00:00,1.2610110601597377
2001-09-24 00:00:00,1.2503730396907735
2001-09-25 00:00:00,1.2485550023112266
2001-09-26 00:00:00,1.2692173100736415
2001-09-27 00:00:00,1.273019358979585
2001-09-28 00:00:00,1.2629719095391412
2001-10-01 00:00:00,1.2679782626491185
2001-10-02 00:00:00,1.2661602252695714
2001-10-03 00:00:00,1.2223922581161852
2001-10-04 00:00:00,1.1779893817864322
2001-10-05 00:00:00,1.17998541346242
2001-10-08 00:00:00,1.1785506525415805
2001-10-09 00:00:00,1.1895198027500944
2001-10-10 00:00:00,1.1694078882896544
2001-10-11 00:00:00,1.138032652228997
2001-10-12 00:00:00,1.1401622335867074
2001-10-15 00:00:00,1.1422918149444177
2001-10-16 00:00:00,1.1342986642310469
2001-10-17 00:00:00,1.1211335102978093
2001-10-18 00:00:00,1.113414739646937
2001-10-19 00:00:00,1.11071134670233
2001-10-22 00:00:00,1.0996765822615433
2001-10-23 00:00:00,1.0974632699931821
2001-10-24 00:00:00,1.0882663080883175
2001-10-25 00:00:00,1.0770503459735532
2001-10-26 00:00:00,1.0821897602487844
2001-10-29 00:00:00,1.1028447074442056
2001-10-30 00:00:00,1.109759587903804
2001-10-31 00:00:00,1.1042979197006009
2001-11-01 00:00:00,1.089186738980637
2001-11-02 00:00:00,1.0864521069234747
2001-11-05 00:00:00,1.0742777343607857
2001-11-06 00:00:00,1.0592714396464387
2001-11-07 00:00:00,1.0597882737634023
2001-11-08 00:00:00,1.063871232071343
2001-11-09 00:00:00,1.0640734081714558
2001-11-12 00:00:00,1.0612338901086766
2001-11-13 00:00:00,1.0469617974336485
2001-11-14 00:00:00,1.0402981356060748
2001-11-15 00:00:00,1.0402981356060748
2001-11-16 00:00:00,1.0402981356060748
2001-11-19 00:00:00,1.0402981356060748
2001-11-20 00:00:00,1.0402981356060748
2001-11-21 00:00:00,1.0402981356060748
2001-11-23 00:00:00,1.0402981356060748
2001-11-26 00:00:00,1.0402981356060748
2001-11-27 00:00:00,1.0402981356060748
2001-11-28 00:00:00,1.0402981356060748
2001-11-29 00:00:00,1.0402981356060748
2001-11-30 00:00:00,1.0402981356060748
2001-12-03 00:00:00,1.0402981356060748
2001-12-04 00:00:00,1.0402981356060748
2001-12-05 00:00:00,1.0402981356060748
2001-12-06 00:00:00,1.0402981356060748
2001-12-07 00:00:00,1.0402981356060748
2001-12-10 00:00:00,1.0402981356060748
2001-12-11 00:00:00,1.0402981356060748
2001-12-12 00:00:00,1.0402981356060748
2001-12-13 00:00:00,1.0402981356060748
2001-12-14 00:00:00,1.0402981356060748
2001-12-17 00:00:00,1.0402981356060748
2001-12-18 00:00:00,1.0402981356060748
2001-12-19 00:00:00,1.0402981356060748
2001-12-20 00:00:00,1.0402981356060748
2001-12-21 00:00:00,1.0402981356060748
2001-12-24 00:00:00,1.0402981356060748
2001-12-26 00:00:00,1.0402981356060748
2001-12-27 00:00:00,1.0402981356060748
2001-12-28 00:00:00,1.0402981356060748
2001-12-31 00:00:00,1.0402981356060748
2002-01-02 00:00:00,1.0402981356060748
2002-01-03 00:00:00,1.0402981356060748
2002-01-04 00:00:00,1.0402981356060748
2002-01-07 00:00:00,1.0402981356060748
2002-01-08 00:00:00,1.0402981356060748
2002-01-09 00:00:00,1.0402981356060748
2002-01-10 00:00:00,1.0402981356060748
2002-01-11 00:00:00,1.0402981356060748
2002-01-14 00:00:00,1.0402981356060748
2002-01-15 00:00:00,1.0402981356060748
2002-01-16 00:00:00,1.0402981356060748
2002-01-17 00:00:00,1.0402981356060748
2002-01-18 00:00:00,1.0402981356060748
2002-01-22 00:00:00,1.0402981356060748
2002-01-23 00:00:00,1.0402981356060748
2002-01-24 00:00:00,1.0402981356060748
2002-01-25 00:00:00,1.0402981356060748
2002-01-28 00:00:00,1.0402981356060748
2002-01-29 00:00:00,1.0402981356060748
2002-01-30 00:00:00,1.0402981356060748
2002-01-31 00:00:00,1.0402981356060748
2002-02-01 00:00:00,1.0402981356060748
2002-02-04 00:00:00,1.0402981356060748
2002-02-05 00:00:00,1.0402981356060748
2002-02-06 00:00:00,1.0402981356060748
2002-02-07 00:00:00,1.0402981356060748
2002-02-08 00:00:00,1.0402981356060748
2002-02-11 00:00:00,1.0402981356060748
2002-02-12 00:00:00,1.0402981356060748
2002-02-13 00:00:00,1.036374599823606
2002-02-14 00:00:00,1.0375562908179659
2002-02-15 00:00:00,1.0563085985772933
2002-02-19 00:00:00,1.075060906336621
2002-02-20 00:00:00,1.0670308176677934
2002-02-21 00:00:00,1.095506670627152
2002-02-22 00:00:00,1.0925942373267616
2002-02-25 00:00:00,1.0693817710649036
2002-02-26 00:00:00,1.0715869931329507
2002-02-27 00:00:00,1.0797628131308412
2002-02-28 00:00:00,1.0903268723006692
2002-03-01 00:00:00,1.0568790953019367
2002-03-04 00:00:00,1.0328136864786726
2002-03-05 00:00:00,1.02819536805547
2002-03-06 00:00:00,1.0251123462427987
2002-03-07 00:00:00,1.0237352095529395
2002-03-08 00:00:00,1.0068345182454876
2002-03-11 00:00:00,1.0092103288258158
2002-03-12 00:00:00,1.0182390913851127
2002-03-13 00:00:00,1.033920805923378
2002-03-14 00:00:00,1.0281989845319304
2002-03-15 00:00:00,1.0232947387489562
2002-03-18 00:00:00,1.0201629744370035
2002-03-19 00:00:00,1.0210437748565755
2002-03-20 00:00:00,1.0406498773565953
2002-03-21 00:00:00,1.0263720999015193
2002-03-22 00:00:00,1.031414078561191
2002-03-25 00:00:00,1.048047910889711
2002-03-26 00:00:00,1.0431327844748588
2002-03-27 00:00:00,1.0472830820830805
2002-03-28 00:00:00,1.0405845935653284
2002-04-01 00:00:00,1.030319380841777
2002-04-02 00:00:00,1.054978342633346
2002-04-03 00:00:00,1.055859143052918
2002-04-04 00:00:00,1.059860827152565
2002-04-05 00:00:00,1.0656458733551113
2002-04-08 00:00:00,1.0592446118545094
2002-04-09 00:00:00,1.077215965760204
2002-04-10 00:00:00,1.0734897474139518
2002-04-11 00:00:00,1.0859624015023726
2002-04-12 00:00:00,1.0782236184245957
2002-04-15 00:00:00,1.0738322060139618
2002-04-16 00:00:00,1.058666131935134
2002-04-17 00:00:00,1.0621979927914678
2002-04-18 00:00:00,1.0753809916979642
2002-04-19 00:00:00,1.0732009545246093
2002-04-22 00:00:00,1.0903231934515805
2002-04-23 00:00:00,1.1017335343488635
2002-04-24 00:00:00,1.1117651412389802
2002-04-25 00:00:00,1.1133273820850762
2002-04-26 00:00:00,1.140494683064258
2002-04-29 00:00:00,1.1389055318939745
2002-04-30 00:00:00,1.1268773946694328
2002-05-01 00:00:00,1.1302122935247427
2002-05-02 00:00:00,1.150879848470141
2002-05-03 00:00:00,1.166032467386875
2002-05-06 00:00:00,1.1811850863036089
2002-05-07 00:00:00,1.1864896051691558
2002-05-08 00:00:00,1.1260088156927754
2002-05-09 00:00:00,1.142146244614628
2002-05-10 00:00:00,1.1695105075948335
2002-05-13 00:00:00,1.1458616123098915
2002-05-14 00:00:00,1.120168802947926
2002-05-15 00:00:00,1.1099332851068233
2002-05-16 00:00:00,1.1092232975994327
2002-05-17 00:00:00,1.1082328849457104
2002-05-20 00:00:00,1.1183192655720853
2002-05-21 00:00:00,1.1306490473691129
2002-05-22 00:00:00,1.1296586347153905
2002-05-23 00:00:00,1.120816317964384
2002-05-24 00:00:00,1.1318841866029195
2002-05-28 00:00:00,1.1338382379856786
2002-05-29 00:00:00,1.1453267443437114
2002-05-30 00:00:00,1.141672292799839
2002-05-31 00:00:00,1.1486739968165667
2002-06-03 00:00:00,1.1635276049305785
2002-06-04 00:00:00,1.1581906025087165
2002-06-05 00:00:00,1.1539753006721811
2002-06-06 00:00:00,1.1649029567375508
2002-06-07 00:00:00,1.1730263613396046
2002-06-10 00:00:00,1.1737184995638719
2002-06-11 00:00:00,1.1847863682024071
2002-06-12 00:00:00,1.1791689406342138
2002-06-13 00:00:00,1.1803822209504236
2002-06-14 00:00:00,1.1666274442546034
2002-06-17 00:00:00,1.1496053119957472
2002-06-18 00:00:00,1.1412704071237247
2002-06-19 00:00:00,1.1716660576846698
2002-06-20 00:00:00,1.1875829959342252
2002-06-21 00:00:00,1.1991563204903637
2002-06-24 00:00:00,1.1899164960988793
2002-06-25 00:00:00,1.2056524504445423
2002-06-26 00:00:00,1.202204110977614
2002-06-27 00:00:00,1.192059367066668
2002-06-28 00:00:00,1.1940405447165108
2002-07-01 00:00:00,1.2166538874100838
2002-07-02 00:00:00,1.232932793467424
2002-07-03 00:00:00,1.2184444358630608
2002-07-05 00:00:00,1.1896583498512006
2002-07-08 00:00:00,1.207023159331895
2002-07-09 00:00:00,1.2200443551191722
2002-07-10 00:00:00,1.2337894865220194
2002-07-11 00:00:00,1.2174912898787325
2002-07-12 00:00:00,1.2174816445857592
2002-07-15 00:00:00,1.2194493570331524
2002-07-16 00:00:00,1.220674525351024
2002-07-17 00:00:00,1.2112713382539457
2002-07-18 00:00:00,1.2300470224679179
2002-07-19 00:00:00,1.2451472017282748
2002-07-22 00:00:00,1.2571844601939524
2002-07-23 00:00:00,1.277593702165087
2002-07-24 00:00:00,1.2526717163749659
2002-07-25 00:00:00,1.2806361629729766
2002-07-26 00:00:00,1.2720497547544791
2002-07-29 00:00:00,1.24835293728223
2002-07-30 00:00:00,1.2385413607458609
2002-07-31 00:00:00,1.2479240878561495
2002-08-01 00:00:00,1.2707836664630277
2002-08-02 00:00:00,1.2805747830126069
2002-08-05 00:00:00,1.2971043253104808
2002-08-06 00:00:00,1.2754494550346847
2002-08-07 00:00:00,1.2693133834519308
2002-08-08 00:00:00,1.2535801600458483
2002-08-09 00:00:00,1.2584706033239403
2002-08-12 00:00:00,1.2570310102930284
2002-08-13 00:00:00,1.2602858538667616
2002-08-14 00:00:00,1.2330144335399917
2002-08-15 00:00:00,1.2232514680741025
2002-08-16 00:00:00,1.2198584693998675
2002-08-19 00:00:00,1.2115053698278224
2002-08-20 00:00:00,1.2113266251159327
2002-08-21 00:00:00,1.2013079911075606
2002-08-22 00:00:00,1.1939705277775337
2002-08-23 00:00:00,1.2120148135358404
2002-08-26 00:00:00,1.2102184362743933
2002-08-27 00:00:00,1.225939040778134
2002-08-28 00:00:00,1.2418383899937648
2002-08-29 00:00:00,1.2362883737826345
2002-08-30 00:00:00,1.2416417849967745
2002-09-03 00:00:00,1.2568261553648463
2002-09-04 00:00:00,1.255208522815289
2002-09-05 00:00:00,1.2652092965385602
2002-09-06 00:00:00,1.253045725987512
2002-09-09 00:00:00,1.2489256674714992
2002-09-10 00:00:00,1.2387282887512374
2002-09-11 00:00:00,1.2422942528464807
2002-09-12 00:00:00,1.2537249842648694
2002-09-13 00:00:00,1.2504986493083048
2002-09-16 00:00:00,1.2563882946581137
2002-09-17 00:00:00,1.2649591106862677
2002-09-18 00:00:00,1.2678088089720265
2002-09-19 00:00:00,1.2713522057361109
2002-09-20 00:00:00,1.268681944586695
2002-09-23 00:00:00,1.2878626301491327
2002-09-24 00:00:00,1.2875546335091064
2002-09-25 00:00:00,1.262738142584163
2002-09-26 00:00:00,1.2706980717270004
2002-09-27 00:00:00,1.2792485669971851
2002-09-30 00:00:00,1.2966575541775807
2002-10-01 00:00:00,1.259439174578342
2002-10-02 00:00:00,1.2809821246501694
2002-10-03 00:00:00,1.2960288473211754
2002-10-04 00:00:00,1.3075321732280971
2002-10-07 00:00:00,1.3131298378615448
2002-10-08 00:00:00,1.3119359920304974
2002-10-09 00:00:00,1.3160572413455764
2002-10-10 00:00:00,1.2859256552745066
2002-10-11 00:00:00,1.2522506724393523
2002-10-14 00:00:00,1.2445605992074835
2002-10-15 00:00:00,1.2125926295445901
2002-10-16 00:00:00,1.2108443723652975
2002-10-17 00:00:00,1.191602289730794
2002-10-18 00:00:00,1.185097509402565
2002-10-21 00:00:00,1.173098206510845
2002-10-22 00:00:00,1.1768332182327583
2002-10-23 00:00:00,1.1653359249438788
2002-10-24 00:00:00,1.1653359249438788
2002-10-25 00:00:00,1.1494618029504773
2002-10-28 00:00:00,1.1541463236019287
2002-10-29 00:00:00,1.1668796948415838
2002-10-30 00:00:00,1.1525599849375547
2002-10-31 00:00:00,1.1527729219288931
2002-11-01 00:00:00,1.13711173692683
2002-11-04 00:00:00,1.119000213510698
2002-11-05 00:00:00,1.119000213510698
2002-11-06 00:00:00,1.119000213510698
2002-11-07 00:00:00,1.119000213510698
2002-11-08 00:00:00,1.119000213510698
2002-11-11 00:00:00,1.119000213510698
2002-11-12 00:00:00,1.119000213510698
2002-11-13 00:00:00,1.119000213510698
2002-11-14 00:00:00,1.119000213510698
2002-11-15 00:00:00,1.119000213510698
2002-11-18 00:00:00,1.119000213510698
2002-11-19 00:00:00,1.119000213510698
2002-11-20 00:00:00,1.119000213510698
2002-11-21 00:00:00,1.119000213510698
2002-11-22 00:00:00,1.119000213510698
2002-11-25 00:00:00,1.119000213510698
2002-11-26 00:00:00,1.119000213510698
2002-11-27 00:00:00,1.119000213510698
2002-11-29 00:00:00,1.119000213510698
2002-12-02 00:00:00,1.119000213510698
2002-12-03 00:00:00,1.119000213510698
2002-12-04 00:00:00,1.119000213510698
2002-12-05 00:00:00,1.119000213510698
2002-12-06 00:00:00,1.119000213510698
2002-12-09 00:00:00,1.119000213510698
2002-12-10 00:00:00,1.119000213510698
2002-12-11 00:00:00,1.119000213510698
2002-12-12 00:00:00,1.119000213510698
2002-12-13 00:00:00,1.119000213510698
2002-12-16 00:00:00,1.119000213510698
2002-12-17 00:00:00,1.119000213510698
2002-12-18 00:00:00,1.119000213510698
2002-12-19 00:00:00,1.119000213510698
2002-12-20 00:00:00,1.119000213510698
2002-12-23 00:00:00,1.119000213510698
2002-12-24 00:00:00,1.119000213510698
2002-12-26 00:00:00,1.119000213510698
2002-12-27 00:00:00,1.119000213510698
2002-12-30 00:00:00,1.119000213510698
2002-12-31 00:00:00,1.119000213510698
2003-01-02 00:00:00,1.119000213510698
2003-01-03 00:00:00,1.119000213510698
2003-01-06 00:00:00,1.119000213510698
2003-01-07 00:00:00,1.119000213510698
2003-01-08 00:00:00,1.119000213510698
2003-01-09 00:00:00,1.119000213510698
2003-01-10 00:00:00,1.119000213510698
2003-01-13 00:00:00,1.119000213510698
2003-01-14 00:00:00,1.119000213510698
2003-01-15 00:00:00,1.119000213510698
2003-01-16 00:00:00,1.119000213510698
2003-01-17 00:00:00,1.119000213510698
2003-01-21 00:00:00,1.119000213510698
2003-01-22 00:00:00,1.119000213510698
2003-01-23 00:00:00,1.119000213510698
2003-01-24 00:00:00,1.119000213510698
2003-01-27 00:00:00,1.119000213510698
2003-01-28 00:00:00,1.119000213510698
2003-01-29 00:00:00,1.119000213510698
2003-01-30 00:00:00,1.119000213510698
2003-01-31 00:00:00,1.119000213510698
2003-02-03 00:00:00,1.119000213510698
2003-02-04 00:00:00,1.119000213510698
2003-02-05 00:00:00,1.119000213510698
2003-02-06 00:00:00,1.119000213510698
2003-02-07 00:00:00,1.1360131279425683
2003-02-10 00:00:00,1.1295023371437778
2003-02-11 00:00:00,1.1254661520805318
2003-02-12 00:00:00,1.1356589499966683
2003-02-13 00:00:00,1.1319320906503656
2003-02-14 00:00:00,1.11490422547551
2003-02-18 00:00:00,1.091380520244849
2003-02-19 00:00:00,1.096624106689896
2003-02-20 00:00:00,1.0997024131163413
2003-02-21 00:00:00,1.093810273751437
2003-02-24 00:00:00,1.1070963288370046
2003-02-25 00:00:00,1.1061534009431897
2003-02-26 00:00:00,1.1231513646320743
2003-02-27 00:00:00,1.1061234994572184
2003-02-28 00:00:00,1.0940448457534522
2003-03-03 00:00:00,1.1098055065745644
2003-03-04 00:00:00,1.1144304415857254
2003-03-05 00:00:00,1.1128688622580243
2003-03-06 00:00:00,1.1147098658166974
2003-03-07 00:00:00,1.1131482864889963
2003-03-10 00:00:00,1.1193277688232264
2003-03-11 00:00:00,1.1299337413401962
2003-03-12 00:00:00,1.1123736210649726
2003-03-13 00:00:00,1.0646925092144401
2003-03-14 00:00:00,1.0646925092144401
2003-03-17 00:00:00,1.0646925092144401
2003-03-18 00:00:00,1.0646925092144401
2003-03-19 00:00:00,1.0646925092144401
2003-03-20 00:00:00,1.0646925092144401
2003-03-21 00:00:00,1.0646925092144401
2003-03-24 00:00:00,1.0646925092144401
2003-03-25 00:00:00,1.0646925092144401
2003-03-26 00:00:00,1.0646925092144401
2003-03-27 00:00:00,1.0646925092144401
2003-03-28 00:00:00,1.0646925092144401
2003-03-31 00:00:00,1.0646925092144401
2003-04-01 00:00:00,1.0646925092144401
2003-04-02 00:00:00,1.0646925092144401
2003-04-03 00:00:00,1.0646925092144401
2003-04-04 00:00:00,1.0646925092144401
2003-04-07 00:00:00,1.0646925092144401
2003-04-08 00:00:00,1.0646925092144401
2003-04-09 00:00:00,1.0646925092144401
2003-04-10 00:00:00,1.0646925092144401
2003-04-11 00:00:00,1.0646925092144401
2003-04-14 00:00:00,1.0646925092144401
2003-04-15 00:00:00,1.0646925092144401
2003-04-16 00:00:00,1.0646925092144401
2003-04-17 00:00:00,1.0646925092144401
2003-04-21 00:00:00,1.0646925092144401
2003-04-22 00:00:00,1.0646925092144401
2003-04-23 00:00:00,1.0646925092144401
2003-04-24 00:00:00,1.0646925092144401
2003-04-25 00:00:00,1.0646925092144401
2003-04-28 00:00:00,1.0646925092144401
2003-04-29 00:00:00,1.0646925092144401
2003-04-30 00:00:00,1.0646925092144401
2003-05-01 00:00:00,1.0646925092144401
2003-05-02 00:00:00,1.0646925092144401
2003-05-05 00:00:00,1.0646925092144401
2003-05-06 00:00:00,1.0646925092144401
2003-05-07 00:00:00,1.0646925092144401
2003-05-08 00:00:00,1.0646925092144401
2003-05-09 00:00:00,1.0646925092144401
2003-05-12 00:00:00,1.0646925092144401
2003-05-13 00:00:00,1.0646925092144401
2003-05-14 00:00:00,1.0646925092144401
2003-05-15 00:00:00,1.0646925092144401
2003-05-16 00:00:00,1.0646925092144401
2003-05-19 00:00:00,1.0646925092144401
2003-05-20 00:00:00,1.0646925092144401
2003-05-21 00:00:00,1.0646925092144401
2003-05-22 00:00:00,1.0646925092144401
2003-05-23 00:00:00,1.0646925092144401
2003-05-27 00:00:00,1.0646925092144401
2003-05-28 00:00:00,1.0646925092144401
2003-05-29 00:00:00,1.0646925092144401
2003-05-30 00:00:00,1.0646925092144401
2003-06-02 00:00:00,1.0646925092144401
2003-06-03 00:00:00,1.0646925092144401
2003-06-04 00:00:00,1.0646925092144401
2003-06-05 00:00:00,1.0646925092144401
2003-06-06 00:00:00,1.0646925092144401
2003-06-09 00:00:00,1.0646925092144401
2003-06-10 00:00:00,1.0646925092144401
2003-06-11 00:00:00,1.0646925092144401
2003-06-12 00:00:00,1.0646925092144401
2003-06-13 00:00:00,1.0646925092144401
2003-06-16 00:00:00,1.0646925092144401
2003-06-17 00:00:00,1.0646925092144401
2003-06-18 00:00:00,1.0646925092144401
2003-06-19 00:00:00,1.0646925092144401
2003-06-20 00:00:00,1.0646925092144401
2003-06-23 00:00:00,1.0646925092144401
2003-06-24 00:00:00,1.0646925092144401
2003-06-25 00:00:00,1.0646925092144401
2003-06-26 00:00:00,1.0646925092144401
2003-06-27 00:00:00,1.0646925092144401
2003-06-30 00:00:00,1.0646925092144401
2003-07-01 00:00:00,1.0646925092144401
2003-07-02 00:00:00,1.0646925092144401
2003-07-03 00:00:00,1.0646925092144401
2003-07-07 00:00:00,1.0646925092144401
2003-07-08 00:00:00,1.0646925092144401
2003-07-09 00:00:00,1.0646925092144401
2003-07-10 00:00:00,1.0646925092144401
2003-07-11 00:00:00,1.0646925092144401
2003-07-14 00:00:00,1.0646925092144401
2003-07-15 00:00:00,1.0646925092144401
2003-07-16 00:00:00,1.0646925092144401
2003-07-17 00:00:00,1.0646925092144401
2003-07-18 00:00:00,1.0646925092144401
2003-07-21 00:00:00,1.0646925092144401
2003-07-22 00:00:00,1.0646925092144401
2003-07-23 00:00:00,1.0646925092144401
2003-07-24 00:00:00,1.0646925092144401
2003-07-25 00:00:00,1.0646925092144401
2003-07-28 00:00:00,1.0646925092144401
2003-07-29 00:00:00,1.0646925092144401
2003-07-30 00:00:00,1.0646925092144401
2003-07-31 00:00:00,1.0646925092144401
2003-08-01 00:00:00,1.0646925092144401
2003-08-04 00:00:00,1.0646925092144401
2003-08-05 00:00:00,1.0646925092144401
2003-08-06 00:00:00,1.0646925092144401
2003-08-07 00:00:00,1.0646925092144401
2003-08-08 00:00:00,1.0646925092144401
2003-08-11 00:00:00,1.0646925092144401
2003-08-12 00:00:00,1.0646925092144401
2003-08-13 00:00:00,1.0646925092144401
2003-08-14 00:00:00,1.0646925092144401
2003-08-15 00:00:00,1.0646925092144401
2003-08-18 00:00:00,1.0646925092144401
2003-08-19 00:00:00,1.0646925092144401
2003-08-20 00:00:00,1.0646925092144401
2003-08-21 00:00:00,1.0646925092144401
2003-08-22 00:00:00,1.0646925092144401
2003-08-25 00:00:00,1.0646925092144401
2003-08-26 00:00:00,1.0646925092144401
2003-08-27 00:00:00,1.0646925092144401
2003-08-28 00:00:00,1.0646925092144401
2003-08-29 00:00:00,1.0646925092144401
2003-09-02 00:00:00,1.0646925092144401
2003-09-03 00:00:00,1.0646925092144401
2003-09-04 00:00:00,1.0646925092144401
2003-09-05 00:00:00,1.0646925092144401
2003-09-08 00:00:00,1.0646925092144401
2003-09-09 00:00:00,1.0646925092144401
2003-09-10 00:00:00,1.0646925092144401
2003-09-11 00:00:00,1.0646925092144401
2003-09-12 00:00:00,1.0646925092144401
2003-09-15 00:00:00,1.0646925092144401
2003-09-16 00:00:00,1.0646925092144401
2003-09-17 00:00:00,1.0646925092144401
2003-09-18 00:00:00,1.0646925092144401
2003-09-19 00:00:00,1.0646925092144401
2003-09-22 00:00:00,1.0646925092144401
2003-09-23 00:00:00,1.0646925092144401
2003-09-24 00:00:00,1.0646925092144401
2003-09-25 00:00:00,1.0646925092144401
2003-09-26 00:00:00,1.0646925092144401
2003-09-29 00:00:00,1.0646925092144401
2003-09-30 00:00:00,1.0646925092144401
2003-10-01 00:00:00,1.0646925092144401
2003-10-02 00:00:00,1.0646925092144401
2003-10-03 00:00:00,1.0646925092144401
2003-10-06 00:00:00,1.0646925092144401
2003-10-07 00:00:00,1.0646925092144401
2003-10-08 00:00:00,1.0646925092144401
2003-10-09 00:00:00,1.0646925092144401
2003-10-10 00:00:00,1.0646925092144401
2003-10-13 00:00:00,1.0646925092144401
2003-10-14 00:00:00,1.0646925092144401
2003-10-15 00:00:00,1.0646925092144401
2003-10-16 00:00:00,1.0646925092144401
2003-10-17 00:00:00,1.0646925092144401
2003-10-20 00:00:00,1.0646925092144401
2003-10-21 00:00:00,1.0646925092144401
2003-10-22 00:00:00,1.0646925092144401
2003-10-23 00:00:00,1.0646925092144401
2003-10-24 00:00:00,1.0646925092144401
2003-10-27 00:00:00,1.0646925092144401
2003-10-28 00:00:00,1.0646925092144401
2003-10-29 00:00:00,1.0646925092144401
2003-10-30 00:00:00,1.0646925092144401
2003-10-31 00:00:00,1.0646925092144401
2003-11-03 00:00:00,1.0646925092144401
2003-11-04 00:00:00,1.0646925092144401
2003-11-05 00:00:00,1.0646925092144401
2003-11-06 00:00:00,1.0646925092144401
2003-11-07 00:00:00,1.0646925092144401
2003-11-10 00:00:00,1.0646925092144401
2003-11-11 00:00:00,1.0646925092144401
2003-11-12 00:00:00,1.0646925092144401
2003-11-13 00:00:00,1.0646925092144401
2003-11-14 00:00:00,1.0646925092144401
2003-11-17 00:00:00,1.0646925092144401
2003-11-18 00:00:00,1.0646925092144401
2003-11-19 00:00:00,1.0646925092144401
2003-11-20 00:00:00,1.0646925092144401
2003-11-21 00:00:00,1.0646925092144401
2003-11-24 00:00:00,1.0646925092144401
2003-11-25 00:00:00,1.0646925092144401
2003-11-26 00:00:00,1.0646925092144401
2003-11-28 00:00:00,1.0646925092144401
2003-12-01 00:00:00,1.0646925092144401
2003-12-02 00:00:00,1.0646925092144401
2003-12-03 00:00:00,1.0646925092144401
2003-12-04 00:00:00,1.0646925092144401
2003-12-05 00:00:00,1.0646925092144401
2003-12-08 00:00:00,1.0646925092144401
2003-12-09 00:00:00,1.0646925092144401
2003-12-10 00:00:00,1.0646925092144401
2003-12-11 00:00:00,1.0646925092144401
2003-12-12 00:00:00,1.0646925092144401
2003-12-15 00:00:00,1.0646925092144401
2003-12-16 00:00:00,1.0646925092144401
2003-12-17 00:00:00,1.0646925092144401
2003-12-18 00:00:00,1.0646925092144401
2003-12-19 00:00:00,1.0646925092144401
2003-12-22 00:00:00,1.0646925092144401
2003-12-23 00:00:00,1.0646925092144401
2003-12-24 00:00:00,1.0646925092144401
2003-12-26 00:00:00,1.0646925092144401
2003-12-29 00:00:00,1.0646925092144401
2003-12-30 00:00:00,1.0646925092144401
2003-12-31 00:00:00,1.0646925092144401
2004-01-02 00:00:00,1.0646925092144401
2004-01-05 00:00:00,1.0646925092144401
2004-01-06 00:00:00,1.0646925092144401
2004-01-07 00:00:00,1.0646925092144401
2004-01-08 00:00:00,1.0646925092144401
2004-01-09 00:00:00,1.0646925092144401
2004-01-12 00:00:00,1.0646925092144401
2004-01-13 00:00:00,1.0646925092144401
2004-01-14 00:00:00,1.0646925092144401
2004-01-15 00:00:00,1.0646925092144401
2004-01-16 00:00:00,1.0646925092144401
2004-01-20 00:00:00,1.0646925092144401
2004-01-21 00:00:00,1.0646925092144401
2004-01-22 00:00:00,1.0646925092144401
2004-01-23 00:00:00,1.0646925092144401
2004-01-26 00:00:00,1.0646925092144401
2004-01-27 00:00:00,1.0646925092144401
2004-01-28 00:00:00,1.0646925092144401
2004-01-29 00:00:00,1.0646925092144401
2004-01-30 00:00:00,1.0646925092144401
2004-02-02 00:00:00,1.0646925092144401
2004-02-03 00:00:00,1.0646925092144401
2004-02-04 00:00:00,1.0646925092144401
2004-02-05 00:00:00,1.0646925092144401
2004-02-06 00:00:00,1.0646925092144401
2004-02-09 00:00:00,1.0646925092144401
2004-02-10 00:00:00,1.0646925092144401
2004-02-11 00:00:00,1.0646925092144401
2004-02-12 00:00:00,1.0646925092144401
2004-02-13 00:00:00,1.0646925092144401
2004-02-17 00:00:00,1.0646925092144401
2004-02-18 00:00:00,1.0646925092144401
2004-02-19 00:00:00,1.0646925092144401
2004-02-20 00:00:00,1.0646925092144401
2004-02-23 00:00:00,1.0646925092144401
2004-02-24 00:00:00,1.0646925092144401
2004-02-25 00:00:00,1.0646925092144401
2004-02-26 00:00:00,1.0646925092144401
2004-02-27 00:00:00,1.0646925092144401
2004-03-01 00:00:00,1.0646925092144401
2004-03-02 00:00:00,1.0646925092144401
2004-03-03 00:00:00,1.0646925092144401
2004-03-04 00:00:00,1.0646925092144401
2004-03-05 00:00:00,1.0646925092144401
2004-03-08 00:00:00,1.0646925092144401
2004-03-09 00:00:00,1.0646925092144401
2004-03-10 00:00:00,1.0646925092144401
2004-03-11 00:00:00,1.0707643227828145
2004-03-12 00:00:00,1.0513133945126434
2004-03-15 00:00:00,1.0701148917232304
2004-03-16 00:00:00,1.0682722228013448
2004-03-17 00:00:00,1.051553610636942
2004-03-18 00:00:00,1.0563899366402683
2004-03-19 00:00:00,1.0742806618155991
2004-03-22 00:00:00,1.0876175268146495
2004-03-23 00:00:00,1.0960969409590002
2004-03-24 00:00:00,1.084235779649297
2004-03-25 00:00:00,1.0562843123834016
2004-03-26 00:00:00,1.059906275673053
2004-03-29 00:00:00,1.0425804821518128
2004-03-30 00:00:00,1.038916269159415
2004-03-31 00:00:00,1.0410202790569725
2004-04-01 00:00:00,1.0312842524962007
2004-04-02 00:00:00,1.008675131116575
2004-04-05 00:00:00,1.008675131116575
2004-04-06 00:00:00,1.008675131116575
2004-04-07 00:00:00,1.008675131116575
2004-04-08 00:00:00,1.008675131116575
2004-04-12 00:00:00,1.008675131116575
2004-04-13 00:00:00,1.008675131116575
2004-04-14 00:00:00,1.008675131116575
2004-04-15 00:00:00,1.008675131116575
2004-04-16 00:00:00,1.0116008123560998
2004-04-19 00:00:00,0.9998789839238171
2004-04-20 00:00:00,1.0224674173005084
2004-04-21 00:00:00,1.0142032121513007
2004-04-22 00:00:00,0.9894488036520434
2004-04-23 00:00:00,0.9817165405463856
2004-04-26 00:00:00,0.9888786546601274
2004-04-27 00:00:00,0.9907213483383692
2004-04-28 00:00:00,1.0085223033231105
2004-04-29 00:00:00,1.0233975770683272
2004-04-30 00:00:00,1.0465179524885684
2004-05-03 00:00:00,1.0377218052958106
2004-05-04 00:00:00,1.0337131364950027
2004-05-05 00:00:00,1.02624684441112
2004-05-06 00:00:00,1.0334089585248618
2004-05-07 00:00:00,1.0411030146821534
2004-05-10 00:00:00,1.0490630418612201
2004-05-11 00:00:00,1.0352134452547375
2004-05-12 00:00:00,1.0333325446281296
2004-05-13 00:00:00,1.0399627166983212
2004-05-14 00:00:00,1.034505037770883
2004-05-17 00:00:00,1.0333383091650725
2004-05-18 00:00:00,1.0242762655804234
2004-05-19 00:00:00,1.0254230972966172
2004-05-20 00:00:00,1.0207362859837574
2004-05-21 00:00:00,1.0157577925194454
2004-05-24 00:00:00,1.008737523994965
2004-05-25 00:00:00,0.9932043999203868
2004-05-26 00:00:00,0.9840644821297084
2004-05-27 00:00:00,0.9776745299603048
2004-05-28 00:00:00,0.9740542498486829
2004-06-01 00:00:00,0.975419379441067
2004-06-02 00:00:00,0.9776154106507857
2004-06-03 00:00:00,0.9897822612685174
2004-06-04 00:00:00,0.9839462435106703
2004-06-07 00:00:00,0.9601073573772444
2004-06-08 00:00:00,0.9587028149118474
2004-06-09 00:00:00,0.973085403175804
2004-06-10 00:00:00,0.9658645493890661
2004-06-14 00:00:00,0.9802471376530227
2004-06-15 00:00:00,0.967209972544944
2004-06-16 00:00:00,0.9688520693431066
2004-06-17 00:00:00,0.9782492479030566
2004-06-18 00:00:00,0.9768447054376598
2004-06-21 00:00:00,0.9848570479687192
2004-06-22 00:00:00,0.9701580796259717
2004-06-23 00:00:00,0.9579518161352275
2004-06-24 00:00:00,0.9547740529206157
2004-06-25 00:00:00,0.9547740529206157
2004-06-28 00:00:00,0.9547740529206157
2004-06-29 00:00:00,0.9547740529206157
2004-06-30 00:00:00,0.9547740529206157
2004-07-01 00:00:00,0.9547740529206157
2004-07-02 00:00:00,0.9547740529206157
2004-07-06 00:00:00,0.9547740529206157
2004-07-07 00:00:00,0.9547740529206157
2004-07-08 00:00:00,0.9547740529206157
2004-07-09 00:00:00,0.9547740529206157
2004-07-12 00:00:00,0.9547740529206157
2004-07-13 00:00:00,0.9547740529206157
2004-07-14 00:00:00,0.9547740529206157
2004-07-15 00:00:00,0.9547740529206157
2004-07-16 00:00:00,0.9547740529206157
2004-07-19 00:00:00,0.9597153792439541
2004-07-20 00:00:00,0.936911430601161
2004-07-21 00:00:00,0.9651678539661984
2004-07-22 00:00:00,0.9522465579700822
2004-07-23 00:00:00,0.9703458105593683
2004-07-26 00:00:00,0.9744446385658623
2004-07-27 00:00:00,0.961523342569746
2004-07-28 00:00:00,0.9656221705762399
2004-07-29 00:00:00,0.9546225014836441
2004-07-30 00:00:00,0.9515838581342047
2004-08-02 00:00:00,0.949643287301063
2004-08-03 00:00:00,0.9696641667938696
2004-08-04 00:00:00,0.9693707047351737
2004-08-05 00:00:00,0.9869209210663111
2004-08-06 00:00:00,1.0110595724952334
2004-08-09 00:00:00,1.008844483533017
2004-08-10 00:00:00,0.9975702963113467
2004-08-11 00:00:00,1.0055123781248816
2004-08-12 00:00:00,1.0178467500036064
2004-08-13 00:00:00,1.016455215428613
2004-08-16 00:00:00,1.0135836987161544
2004-08-17 00:00:00,1.0094158932489492
2004-08-18 00:00:00,0.9918320070400646
2004-08-19 00:00:00,0.9971710509008088
2004-08-20 00:00:00,0.9870296744547912
2004-08-23 00:00:00,0.9846285081621541
2004-08-24 00:00:00,0.9849066453841493
2004-08-25 00:00:00,0.9754476806231281
2004-08-26 00:00:00,0.9770288135290073
2004-08-27 00:00:00,0.9727944413091179
2004-08-30 00:00:00,0.9880607082617371
2004-08-31 00:00:00,0.9869886018536057
2004-09-01 00:00:00,0.9803825302748977
2004-09-02 00:00:00,0.966924882770714
2004-09-03 00:00:00,0.9837722826292122
2004-09-07 00:00:00,0.9761121224465849
2004-09-08 00:00:00,0.9795198926051111
2004-09-09 00:00:00,0.9718597324224836
2004-09-10 00:00:00,0.9578750406163402
2004-09-13 00:00:00,0.9427128627331165
2004-09-14 00:00:00,0.9427128627331165
2004-09-15 00:00:00,0.9427128627331165
2004-09-16 00:00:00,0.9427128627331165
2004-09-17 00:00:00,0.9427128627331165
2004-09-20 00:00:00,0.9427128627331165
2004-09-21 00:00:00,0.9427128627331165
2004-09-22 00:00:00,0.9427128627331165
2004-09-23 00:00:00,0.9427128627331165
2004-09-24 00:00:00,0.9427128627331165
2004-09-27 00:00:00,0.9427128627331165
2004-09-28 00:00:00,0.9427128627331165
2004-09-29 00:00:00,0.9427128627331165
2004-09-30 00:00:00,0.9427128627331165
2004-10-01 00:00:00,0.9427128627331165
2004-10-04 00:00:00,0.9427128627331165
2004-10-05 00:00:00,0.9427128627331165
2004-10-06 00:00:00,0.9427128627331165
2004-10-07 00:00:00,0.9427128627331165
2004-10-08 00:00:00,0.9427128627331165
2004-10-11 00:00:00,0.9427128627331165
2004-10-12 00:00:00,0.9427128627331165
2004-10-13 00:00:00,0.9427128627331165
2004-10-14 00:00:00,0.9427128627331165
2004-10-15 00:00:00,0.9427128627331165
2004-10-18 00:00:00,0.9427128627331165
2004-10-19 00:00:00,0.9427128627331165
2004-10-20 00:00:00,0.9427128627331165
2004-10-21 00:00:00,0.9427128627331165
2004-10-22 00:00:00,0.9427128627331165
2004-10-25 00:00:00,0.9427128627331165
2004-10-26 00:00:00,0.9427128627331165
2004-10-27 00:00:00,0.9427128627331165
2004-10-28 00:00:00,0.9427128627331165
2004-10-29 00:00:00,0.9427128627331165
2004-11-01 00:00:00,0.9427128627331165
2004-11-02 00:00:00,0.9427128627331165
2004-11-03 00:00:00,0.9427128627331165
2004-11-04 00:00:00,0.9427128627331165
2004-11-05 00:00:00,0.9427128627331165
2004-11-08 00:00:00,0.9427128627331165
2004-11-09 00:00:00,0.9427128627331165
2004-11-10 00:00:00,0.9427128627331165
2004-11-11 00:00:00,0.9427128627331165
2004-11-12 00:00:00,0.9427128627331165
2004-11-15 00:00:00,0.9427128627331165
2004-11-16 00:00:00,0.9427128627331165
2004-11-17 00:00:00,0.9427128627331165
2004-11-18 00:00:00,0.9427128627331165
2004-11-19 00:00:00,0.9427128627331165
2004-11-22 00:00:00,0.9427128627331165
2004-11-23 00:00:00,0.9427128627331165
2004-11-24 00:00:00,0.9427128627331165
2004-11-26 00:00:00,0.9427128627331165
2004-11-29 00:00:00,0.9427128627331165
2004-11-30 00:00:00,0.9427128627331165
2004-12-01 00:00:00,0.9427128627331165
2004-12-02 00:00:00,0.9427128627331165
2004-12-03 00:00:00,0.9427128627331165
2004-12-06 00:00:00,0.9427128627331165
2004-12-07 00:00:00,0.9427128627331165
2004-12-08 00:00:00,0.9427128627331165
2004-12-09 00:00:00,0.9427128627331165
2004-12-10 00:00:00,0.9427128627331165
2004-12-13 00:00:00,0.9427128627331165
2004-12-14 00:00:00,0.9427128627331165
2004-12-15 00:00:00,0.9427128627331165
2004-12-16 00:00:00,0.9427128627331165
2004-12-17 00:00:00,0.9427128627331165
2004-12-20 00:00:00,0.9427128627331165
2004-12-21 00:00:00,0.9427128627331165
2004-12-22 00:00:00,0.9427128627331165
2004-12-23 00:00:00,0.9427128627331165
2004-12-27 00:00:00,0.9427128627331165
2004-12-28 00:00:00,0.9427128627331165
2004-12-29 00:00:00,0.9427128627331165
2004-12-30 00:00:00,0.9427128627331165
2004-12-31 00:00:00,0.9427128627331165
2005-01-03 00:00:00,0.9427128627331165
2005-01-04 00:00:00,0.9427128627331165
2005-01-05 00:00:00,0.9427128627331165
2005-01-06 00:00:00,0.9427128627331165
2005-01-07 00:00:00,0.9427128627331165
2005-01-10 00:00:00,0.9427128627331165
2005-01-11 00:00:00,0.9427128627331165
2005-01-12 00:00:00,0.9427128627331165
2005-01-13 00:00:00,0.9427128627331165
2005-01-14 00:00:00,0.9427128627331165
2005-01-18 00:00:00,0.9427128627331165
2005-01-19 00:00:00,0.9427128627331165
2005-01-20 00:00:00,0.9427128627331165
2005-01-21 00:00:00,0.9427128627331165
2005-01-24 00:00:00,0.9427128627331165
2005-01-25 00:00:00,0.9427128627331165
2005-01-26 00:00:00,0.9427128627331165
2005-01-27 00:00:00,0.9427128627331165
2005-01-28 00:00:00,0.9503113006380045
2005-01-31 00:00:00,0.9381350953698914
2005-02-01 00:00:00,0.9350770155876436
2005-02-02 00:00:00,0.9335386233863738
2005-02-03 00:00:00,0.9443097005910225
2005-02-04 00:00:00,0.9291954326663526
2005-02-07 00:00:00,0.931101665648632
2005-02-08 00:00:00,0.9294113046892641
2005-02-09 00:00:00,0.9453493196692369
2005-02-10 00:00:00,0.9443174899949595
2005-02-11 00:00:00,0.9303683158823722
2005-02-14 00:00:00,0.926069157908993
2005-02-15 00:00:00,0.9117262704628881
2005-02-16 00:00:00,0.9117262704628881
2005-02-17 00:00:00,0.9117262704628881
2005-02-18 00:00:00,0.9148886081139066
2005-02-22 00:00:00,0.9260603284567109
2005-02-23 00:00:00,0.9248259549378272
2005-02-24 00:00:00,0.9133747982387295
2005-02-25 00:00:00,0.9082483168416691
2005-02-28 00:00:00,0.917960496730157
2005-03-01 00:00:00,0.9079688804853755
2005-03-02 00:00:00,0.908437304163194
2005-03-03 00:00:00,0.9159601733702079
2005-03-04 00:00:00,0.9105904352307611
2005-03-07 00:00:00,0.8974364813349611
2005-03-08 00:00:00,0.9066621477386774
2005-03-09 00:00:00,0.90931988209797
2005-03-10 00:00:00,0.9105180760029467
2005-03-11 00:00:00,0.9190139721795045
2005-03-14 00:00:00,0.9148605177519882
2005-03-15 00:00:00,0.9221401302166159
2005-03-16 00:00:00,0.932460451961069
2005-03-17 00:00:00,0.930131423101448
2005-03-18 00:00:00,0.9349784681422153
2005-03-21 00:00:00,0.932406377145602
2005-03-22 00:00:00,0.9451337369209992
2005-03-23 00:00:00,0.9418061232528655
2005-03-24 00:00:00,0.9415330759308267
2005-03-28 00:00:00,0.9397327454357404
2005-03-29 00:00:00,0.9470961139789403
2005-03-30 00:00:00,0.9297684045578694
2005-03-31 00:00:00,0.9338226595594658
2005-04-01 00:00:00,0.943222405666729
2005-04-04 00:00:00,0.9365856784569918
2005-04-05 00:00:00,0.9340217063753816
2005-04-06 00:00:00,0.9355304894218988
2005-04-07 00:00:00,0.9243119126930185
2005-04-08 00:00:00,0.9319298284317261
2005-04-11 00:00:00,0.9359840834333227
2005-04-12 00:00:00,0.9313837337876492
2005-04-13 00:00:00,0.9466380653915949
2005-04-14 00:00:00,0.9596014722359696
2005-04-15 00:00:00,0.9802012949455823
2005-04-18 00:00:00,0.9799282476235437
2005-04-19 00:00:00,0.9738006148048224
2005-04-20 00:00:00,0.9678091138262587
2005-04-21 00:00:00,0.952202847204445
2005-04-22 00:00:00,0.9680656403567346
2005-04-25 00:00:00,0.9601881586655939
2005-04-26 00:00:00,0.969130151602203
2005-04-27 00:00:00,0.9677323035791296
2005-04-28 00:00:00,0.9773636192463842
2005-04-29 00:00:00,0.9710026475626635
2005-05-02 00:00:00,0.9671232377092664
2005-05-03 00:00:00,0.9621409114868368
2005-05-04 00:00:00,0.9503205037764038
2005-05-05 00:00:00,0.9494189681193953
2005-05-06 00:00:00,0.9467251933627087
2005-05-09 00:00:00,0.9419358775048596
2005-05-10 00:00:00,0.9491959229786936
2005-05-11 00:00:00,0.9441033051193605
2005-05-12 00:00:00,0.9468413934801603
2005-05-13 00:00:00,0.9366329701649984
2005-05-16 00:00:00,0.9303267216903776
2005-05-17 00:00:00,0.9247255570859968
2005-05-18 00:00:00,0.908126933631123
2005-05-19 00:00:00,0.908126933631123
2005-05-20 00:00:00,0.908126933631123
2005-05-23 00:00:00,0.908126933631123
2005-05-24 00:00:00,0.908126933631123
2005-05-25 00:00:00,0.908126933631123
2005-05-26 00:00:00,0.908126933631123
2005-05-27 00:00:00,0.908126933631123
2005-05-31 00:00:00,0.908126933631123
2005-06-01 00:00:00,0.908126933631123
2005-06-02 00:00:00,0.908126933631123
2005-06-03 00:00:00,0.908126933631123
2005-06-06 00:00:00,0.908126933631123
2005-06-07 00:00:00,0.908126933631123
2005-06-08 00:00:00,0.908126933631123
2005-06-09 00:00:00,0.908126933631123
2005-06-10 00:00:00,0.908126933631123
2005-06-13 00:00:00,0.908126933631123
2005-06-14 00:00:00,0.908126933631123
2005-06-15 00:00:00,0.908126933631123
2005-06-16 00:00:00,0.908126933631123
2005-06-17 00:00:00,0.908126933631123
2005-06-20 00:00:00,0.908126933631123
2005-06-21 00:00:00,0.908126933631123
2005-06-22 00:00:00,0.908126933631123
2005-06-23 00:00:00,0.908126933631123
2005-06-24 00:00:00,0.908126933631123
2005-06-27 00:00:00,0.908126933631123
2005-06-28 00:00:00,0.908126933631123
2005-06-29 00:00:00,0.908126933631123
2005-06-30 00:00:00,0.908126933631123
2005-07-01 00:00:00,0.908126933631123
2005-07-05 00:00:00,0.908126933631123
2005-07-06 00:00:00,0.908126933631123
2005-07-07 00:00:00,0.908126933631123
2005-07-08 00:00:00,0.908126933631123
2005-07-11 00:00:00,0.908126933631123
2005-07-12 00:00:00,0.908126933631123
2005-07-13 00:00:00,0.908126933631123
2005-07-14 00:00:00,0.908126933631123
2005-07-15 00:00:00,0.908126933631123
2005-07-18 00:00:00,0.908126933631123
2005-07-19 00:00:00,0.908126933631123
2005-07-20 00:00:00,0.908126933631123
2005-07-21 00:00:00,0.908126933631123
2005-07-22 00:00:00,0.908126933631123
2005-07-25 00:00:00,0.908126933631123
2005-07-26 00:00:00,0.908126933631123
2005-07-27 00:00:00,0.908126933631123
2005-07-28 00:00:00,0.908126933631123
2005-07-29 00:00:00,0.908126933631123
2005-08-01 00:00:00,0.908126933631123
2005-08-02 00:00:00,0.908126933631123
2005-08-03 00:00:00,0.908126933631123
2005-08-04 00:00:00,0.908126933631123
2005-08-05 00:00:00,0.908126933631123
2005-08-08 00:00:00,0.908126933631123
2005-08-09 00:00:00,0.908126933631123
2005-08-10 00:00:00,0.908126933631123
2005-08-11 00:00:00,0.908126933631123
2005-08-12 00:00:00,0.908126933631123
2005-08-15 00:00:00,0.908126933631123
2005-08-16 00:00:00,0.908126933631123
2005-08-17 00:00:00,0.908126933631123
2005-08-18 00:00:00,0.908126933631123
2005-08-19 00:00:00,0.908126933631123
2005-08-22 00:00:00,0.908126933631123
2005-08-23 00:00:00,0.908126933631123
2005-08-24 00:00:00,0.908126933631123
2005-08-25 00:00:00,0.908126933631123
2005-08-26 00:00:00,0.908126933631123
2005-08-29 00:00:00,0.908126933631123
2005-08-30 00:00:00,0.908126933631123
2005-08-31 00:00:00,0.908126933631123
2005-09-01 00:00:00,0.908126933631123
2005-09-02 00:00:00,0.908126933631123
2005-09-06 00:00:00,0.908126933631123
2005-09-07 00:00:00,0.908126933631123
2005-09-08 00:00:00,0.908126933631123
2005-09-09 00:00:00,0.908126933631123
2005-09-12 00:00:00,0.908126933631123
2005-09-13 00:00:00,0.908126933631123
2005-09-14 00:00:00,0.908126933631123
2005-09-15 00:00:00,0.908126933631123
2005-09-16 00:00:00,0.908126933631123
2005-09-19 00:00:00,0.908126933631123
2005-09-20 00:00:00,0.908126933631123
2005-09-21 00:00:00,0.908126933631123
2005-09-22 00:00:00,0.908126933631123
2005-09-23 00:00:00,0.908126933631123
2005-09-26 00:00:00,0.908126933631123
2005-09-27 00:00:00,0.908126933631123
2005-09-28 00:00:00,0.908126933631123
2005-09-29 00:00:00,0.908126933631123
2005-09-30 00:00:00,0.908126933631123
2005-10-03 00:00:00,0.908126933631123
2005-10-04 00:00:00,0.908126933631123
2005-10-05 00:00:00,0.908126933631123
2005-10-06 00:00:00,0.908126933631123
2005-10-07 00:00:00,0.908126933631123
2005-10-10 00:00:00,0.908126933631123
2005-10-11 00:00:00,0.908126933631123
2005-10-12 00:00:00,0.908126933631123
2005-10-13 00:00:00,0.908126933631123
2005-10-14 00:00:00,0.9035707118885848
2005-10-17 00:00:00,0.9006750797649153
2005-10-18 00:00:00,0.9071316922706659
2005-10-19 00:00:00,0.8888887869089737
2005-10-20 00:00:00,0.8975995301715588
2005-10-21 00:00:00,0.8917303638580223
2005-10-24 00:00:00,0.8838307593364
2005-10-25 00:00:00,0.8838307593364
2005-10-26 00:00:00,0.8838307593364
2005-10-27 00:00:00,0.8838307593364
2005-10-28 00:00:00,0.8803111817776068
2005-10-31 00:00:00,0.8676046421489472
2005-11-01 00:00:00,0.8682817592899083
2005-11-02 00:00:00,0.8579468659252076
2005-11-03 00:00:00,0.8579468659252076
2005-11-04 00:00:00,0.8579468659252076
2005-11-07 00:00:00,0.8579468659252076
2005-11-08 00:00:00,0.8579468659252076
2005-11-09 00:00:00,0.8579468659252076
2005-11-10 00:00:00,0.8579468659252076
2005-11-11 00:00:00,0.8579468659252076
2005-11-14 00:00:00,0.8579468659252076
2005-11-15 00:00:00,0.8579468659252076
2005-11-16 00:00:00,0.8579468659252076
2005-11-17 00:00:00,0.8579468659252076
2005-11-18 00:00:00,0.8579468659252076
2005-11-21 00:00:00,0.8579468659252076
2005-11-22 00:00:00,0.8579468659252076
2005-11-23 00:00:00,0.8579468659252076
2005-11-25 00:00:00,0.8579468659252076
2005-11-28 00:00:00,0.8579468659252076
2005-11-29 00:00:00,0.8579468659252076
2005-11-30 00:00:00,0.8579468659252076
2005-12-01 00:00:00,0.8579468659252076
2005-12-02 00:00:00,0.8579468659252076
2005-12-05 00:00:00,0.8579468659252076
2005-12-06 00:00:00,0.8579468659252076
2005-12-07 00:00:00,0.8579468659252076
2005-12-08 00:00:00,0.8579468659252076
2005-12-09 00:00:00,0.8579468659252076
2005-12-12 00:00:00,0.8579468659252076
2005-12-13 00:00:00,0.8579468659252076
2005-12-14 00:00:00,0.8579468659252076
2005-12-15 00:00:00,0.8579468659252076
2005-12-16 00:00:00,0.8579468659252076
2005-12-19 00:00:00,0.8579468659252076
2005-12-20 00:00:00,0.8579468659252076
2005-12-21 00:00:00,0.8579468659252076
2005-12-22 00:00:00,0.8579468659252076
2005-12-23 00:00:00,0.8579468659252076
2005-12-27 00:00:00,0.8579468659252076
2005-12-28 00:00:00,0.8579468659252076
2005-12-29 00:00:00,0.8579468659252076
2005-12-30 00:00:00,0.8579468659252076
2006-01-03 00:00:00,0.8579468659252076
2006-01-04 00:00:00,0.8579468659252076
2006-01-05 00:00:00,0.8579468659252076
2006-01-06 00:00:00,0.8579468659252076
2006-01-09 00:00:00,0.8579468659252076
2006-01-10 00:00:00,0.8579468659252076
2006-01-11 00:00:00,0.8579468659252076
2006-01-12 00:00:00,0.8579468659252076
2006-01-13 00:00:00,0.8579468659252076
2006-01-17 00:00:00,0.8579468659252076
2006-01-18 00:00:00,0.8579468659252076
2006-01-19 00:00:00,0.8579468659252076
2006-01-20 00:00:00,0.8579468659252076
2006-01-23 00:00:00,0.8579468659252076
2006-01-24 00:00:00,0.8579468659252076
2006-01-25 00:00:00,0.8579468659252076
2006-01-26 00:00:00,0.8579468659252076
2006-01-27 00:00:00,0.8579468659252076
2006-01-30 00:00:00,0.8579468659252076
2006-01-31 00:00:00,0.8579468659252076
2006-02-01 00:00:00,0.8579468659252076
2006-02-02 00:00:00,0.8579468659252076
2006-02-03 00:00:00,0.8579468659252076
2006-02-06 00:00:00,0.8579468659252076
2006-02-07 00:00:00,0.8579468659252076
2006-02-08 00:00:00,0.8579468659252076
2006-02-09 00:00:00,0.8579468659252076
2006-02-10 00:00:00,0.8579468659252076
2006-02-13 00:00:00,0.8579468659252076
2006-02-14 00:00:00,0.8579468659252076
2006-02-15 00:00:00,0.8579468659252076
2006-02-16 00:00:00,0.8579468659252076
2006-02-17 00:00:00,0.8579468659252076
2006-02-21 00:00:00,0.8579468659252076
2006-02-22 00:00:00,0.8579468659252076
2006-02-23 00:00:00,0.8579468659252076
2006-02-24 00:00:00,0.8579468659252076
2006-02-27 00:00:00,0.8579468659252076
2006-02-28 00:00:00,0.8579468659252076
2006-03-01 00:00:00,0.8579468659252076
2006-03-02 00:00:00,0.8579468659252076
2006-03-03 00:00:00,0.8579468659252076
2006-03-06 00:00:00,0.8579468659252076
2006-03-07 00:00:00,0.8579468659252076
2006-03-08 00:00:00,0.8579468659252076
2006-03-09 00:00:00,0.8579468659252076
2006-03-10 00:00:00,0.8579468659252076
2006-03-13 00:00:00,0.8579468659252076
2006-03-14 00:00:00,0.8579468659252076
2006-03-15 00:00:00,0.8579468659252076
2006-03-16 00:00:00,0.8579468659252076
2006-03-17 00:00:00,0.8579468659252076
2006-03-20 00:00:00,0.8579468659252076
2006-03-21 00:00:00,0.8579468659252076
2006-03-22 00:00:00,0.8510211696004689
2006-03-23 00:00:00,0.8535225818723703
2006-03-24 00:00:00,0.8490982978195332
2006-03-27 00:00:00,0.8488714054786587
2006-03-28 00:00:00,0.8524221656785507
2006-03-29 00:00:00,0.8339563898833531
2006-03-30 00:00:00,0.8339563898833531
2006-03-31 00:00:00,0.8339563898833531
2006-04-03 00:00:00,0.8339563898833531
2006-04-04 00:00:00,0.8339563898833531
2006-04-05 00:00:00,0.8339563898833531
2006-04-06 00:00:00,0.8339563898833531
2006-04-07 00:00:00,0.8339563898833531
2006-04-10 00:00:00,0.8339563898833531
2006-04-11 00:00:00,0.8339563898833531
2006-04-12 00:00:00,0.8339563898833531
2006-04-13 00:00:00,0.8339563898833531
2006-04-17 00:00:00,0.8339563898833531
2006-04-18 00:00:00,0.8339563898833531
2006-04-19 00:00:00,0.8339563898833531
2006-04-20 00:00:00,0.8339563898833531
2006-04-21 00:00:00,0.8339563898833531
2006-04-24 00:00:00,0.8339563898833531
2006-04-25 00:00:00,0.8339563898833531
2006-04-26 00:00:00,0.8339563898833531
2006-04-27 00:00:00,0.8339563898833531
2006-04-28 00:00:00,0.8339563898833531
2006-05-01 00:00:00,0.8339563898833531
2006-05-02 00:00:00,0.8339563898833531
2006-05-03 00:00:00,0.8339563898833531
2006-05-04 00:00:00,0.8339563898833531
2006-05-05 00:00:00,0.8339563898833531
2006-05-08 00:00:00,0.8339563898833531
2006-05-09 00:00:00,0.8339563898833531
2006-05-10 00:00:00,0.8339563898833531
2006-05-11 00:00:00,0.8339563898833531
2006-05-12 00:00:00,0.8339563898833531
2006-05-15 00:00:00,0.8339563898833531
2006-05-16 00:00:00,0.8401861437918442
2006-05-17 00:00:00,0.8513831540733607
2006-05-18 00:00:00,0.8569733858372355
2006-05-19 00:00:00,0.8507270851749766
2006-05-22 00:00:00,0.8586015600386313
2006-05-23 00:00:00,0.8664760349022858
2006-05-24 00:00:00,0.8610603680944927
2006-05-25 00:00:00,0.8504532396962902
2006-05-26 00:00:00,0.8477371329155097
2006-05-30 00:00:00,0.8653715555691339
2006-05-31 00:00:00,0.8616171564702716
2006-06-01 00:00:00,0.8424960310637979
2006-06-02 00:00:00,0.8445145372534707
2006-06-05 00:00:00,0.8623981500634346
2006-06-06 00:00:00,0.8630045787005162
2006-06-07 00:00:00,0.8690101273916234
2006-06-08 00:00:00,0.8702395314195542
2006-06-09 00:00:00,0.8722995693019504
2006-06-12 00:00:00,0.8909722842736564
2006-06-13 00:00:00,0.8940706144741345
2006-06-14 00:00:00,0.8914362420646336
2006-06-15 00:00:00,0.8723542294834403
2006-06-16 00:00:00,0.8796395347257608
2006-06-19 00:00:00,0.8869248399680812
2006-06-20 00:00:00,0.8857292507298715
2006-06-21 00:00:00,0.8715767393686291
2006-06-22 00:00:00,0.8831024918512148
2006-06-23 00:00:00,0.8840271262331375
2006-06-26 00:00:00,0.8816536349837429
2006-06-27 00:00:00,0.8985977367177784
2006-06-28 00:00:00,0.8919837982281186
2006-06-29 00:00:00,0.8648743647438439
2006-06-30 00:00:00,0.8693327051593208
2006-07-03 00:00:00,0.8638966686808458
2006-07-05 00:00:00,0.8839033156439619
2006-07-06 00:00:00,0.8848279500258847
2006-07-07 00:00:00,0.8947046396928117
2006-07-10 00:00:00,0.902461105739606
2006-07-11 00:00:00,0.8958471672499462
2006-07-12 00:00:00,0.9125556885817449
2006-07-13 00:00:00,0.9271439862934108
2006-07-14 00:00:00,0.9270053049717969
2006-07-17 00:00:00,0.9250330675347906
2006-07-18 00:00:00,0.9220571265737605
2006-07-19 00:00:00,0.9104526468258283
2006-07-20 00:00:00,0.9237476647200992
2006-07-21 00:00:00,0.9330982077403576
2006-07-24 00:00:00,0.9155770156814068
2006-07-25 00:00:00,0.9103823076037446
2006-07-26 00:00:00,0.9111043118371008
2006-07-27 00:00:00,0.9170034393425985
2006-07-28 00:00:00,0.8982495988855188
2006-07-31 00:00:00,0.8936820061776294
2006-08-01 00:00:00,0.9011136021979785
2006-08-02 00:00:00,0.8912672178801289
2006-08-03 00:00:00,0.8857359538321595
2006-08-04 00:00:00,0.889793845939479
2006-08-07 00:00:00,0.8955298403739743
2006-08-08 00:00:00,0.9010261059045873
2006-08-09 00:00:00,0.8998099621264979
2006-08-10 00:00:00,0.8935595113668818
2006-08-11 00:00:00,0.8997749636091414
2006-08-14 00:00:00,0.8940039706572896
2006-08-15 00:00:00,0.8716916833375643
2006-08-16 00:00:00,0.8619836570853135
2006-08-17 00:00:00,0.8561579292235465
2006-08-18 00:00:00,0.8547964276358766
2006-08-21 00:00:00,0.8630697836657446
2006-08-22 00:00:00,0.8628286143591838
2006-08-23 00:00:00,0.8693094387392774
2006-08-24 00:00:00,0.8668276048704985
2006-08-25 00:00:00,0.8652420368266067
2006-08-28 00:00:00,0.8587270067458351
2006-08-29 00:00:00,0.8560211064208345
2006-08-30 00:00:00,0.8519708073585028
2006-08-31 00:00:00,0.8528499703330511
2006-09-01 00:00:00,0.8481274719020541
2006-09-05 00:00:00,0.8395958437152862
2006-09-06 00:00:00,0.8572799909064702
2006-09-07 00:00:00,0.861522391388908
2006-09-08 00:00:00,0.8561254529246833
2006-09-11 00:00:00,0.8507307551250207
2006-09-12 00:00:00,0.8345808674267112
2006-09-13 00:00:00,0.8296245828622619
2006-09-14 00:00:00,0.8296245828622619
2006-09-15 00:00:00,0.8296245828622619
2006-09-18 00:00:00,0.8296245828622619
2006-09-19 00:00:00,0.8296245828622619
2006-09-20 00:00:00,0.8296245828622619
2006-09-21 00:00:00,0.8296245828622619
2006-09-22 00:00:00,0.8296245828622619
2006-09-25 00:00:00,0.8296245828622619
2006-09-26 00:00:00,0.8296245828622619
2006-09-27 00:00:00,0.8296245828622619
2006-09-28 00:00:00,0.8296245828622619
2006-09-29 00:00:00,0.8296245828622619
2006-10-02 00:00:00,0.8296245828622619
2006-10-03 00:00:00,0.8296245828622619
2006-10-04 00:00:00,0.8296245828622619
2006-10-05 00:00:00,0.8296245828622619
2006-10-06 00:00:00,0.8296245828622619
2006-10-09 00:00:00,0.8296245828622619
2006-10-10 00:00:00,0.8296245828622619
2006-10-11 00:00:00,0.8296245828622619
2006-10-12 00:00:00,0.8296245828622619
2006-10-13 00:00:00,0.8296245828622619
2006-10-16 00:00:00,0.8296245828622619
2006-10-17 00:00:00,0.8296245828622619
2006-10-18 00:00:00,0.8296245828622619
2006-10-19 00:00:00,0.8296245828622619
2006-10-20 00:00:00,0.8296245828622619
2006-10-23 00:00:00,0.8296245828622619
2006-10-24 00:00:00,0.8296245828622619
2006-10-25 00:00:00,0.8296245828622619
2006-10-26 00:00:00,0.8296245828622619
2006-10-27 00:00:00,0.8296245828622619
2006-10-30 00:00:00,0.8296245828622619
2006-10-31 00:00:00,0.8296245828622619
2006-11-01 00:00:00,0.8296245828622619
2006-11-02 00:00:00,0.8296245828622619
2006-11-03 00:00:00,0.8296245828622619
2006-11-06 00:00:00,0.8296245828622619
2006-11-07 00:00:00,0.8296245828622619
2006-11-08 00:00:00,0.8296245828622619
2006-11-09 00:00:00,0.8296245828622619
2006-11-10 00:00:00,0.8296245828622619
2006-11-13 00:00:00,0.8296245828622619
2006-11-14 00:00:00,0.8296245828622619
2006-11-15 00:00:00,0.8296245828622619
2006-11-16 00:00:00,0.8296245828622619
2006-11-17 00:00:00,0.8296245828622619
2006-11-20 00:00:00,0.8296245828622619
2006-11-21 00:00:00,0.8296245828622619
2006-11-22 00:00:00,0.8296245828622619
2006-11-24 00:00:00,0.8296245828622619
2006-11-27 00:00:00,0.8296245828622619
2006-11-28 00:00:00,0.8296245828622619
2006-11-29 00:00:00,0.8296245828622619
2006-11-30 00:00:00,0.8296245828622619
2006-12-01 00:00:00,0.8296245828622619
2006-12-04 00:00:00,0.8296245828622619
2006-12-05 00:00:00,0.8296245828622619
2006-12-06 00:00:00,0.8296245828622619
2006-12-07 00:00:00,0.8296245828622619
2006-12-08 00:00:00,0.8296245828622619
2006-12-11 00:00:00,0.8296245828622619
2006-12-12 00:00:00,0.8296245828622619
2006-12-13 00:00:00,0.8296245828622619
2006-12-14 00:00:00,0.8296245828622619
2006-12-15 00:00:00,0.8296245828622619
2006-12-18 00:00:00,0.8296245828622619
2006-12-19 00:00:00,0.8296245828622619
2006-12-20 00:00:00,0.8296245828622619
2006-12-21 00:00:00,0.8296245828622619
2006-12-22 00:00:00,0.8296245828622619
2006-12-26 00:00:00,0.8296245828622619
2006-12-27 00:00:00,0.8296245828622619
2006-12-28 00:00:00,0.8296245828622619
2006-12-29 00:00:00,0.8296245828622619
2007-01-03 00:00:00,0.8296245828622619
2007-01-04 00:00:00,0.8296245828622619
2007-01-05 00:00:00,0.8296245828622619
2007-01-08 00:00:00,0.8296245828622619
2007-01-09 00:00:00,0.8296245828622619
2007-01-10 00:00:00,0.8296245828622619
2007-01-11 00:00:00,0.8296245828622619
2007-01-12 00:00:00,0.8296245828622619
2007-01-16 00:00:00,0.8296245828622619
2007-01-17 00:00:00,0.8296245828622619
2007-01-18 00:00:00,0.8296245828622619
2007-01-19 00:00:00,0.8296245828622619
2007-01-22 00:00:00,0.8296245828622619
2007-01-23 00:00:00,0.8296245828622619
2007-01-24 00:00:00,0.8296245828622619
2007-01-25 00:00:00,0.8296245828622619
2007-01-26 00:00:00,0.8296245828622619
2007-01-29 00:00:00,0.8296245828622619
2007-01-30 00:00:00,0.8296245828622619
2007-01-31 00:00:00,0.8296245828622619
2007-02-01 00:00:00,0.8296245828622619
2007-02-02 00:00:00,0.8296245828622619
2007-02-05 00:00:00,0.8296245828622619
2007-02-06 00:00:00,0.8296245828622619
2007-02-07 00:00:00,0.8296245828622619
2007-02-08 00:00:00,0.8296245828622619
2007-02-09 00:00:00,0.8296245828622619
2007-02-12 00:00:00,0.8296245828622619
2007-02-13 00:00:00,0.8296245828622619
2007-02-14 00:00:00,0.8296245828622619
2007-02-15 00:00:00,0.8296245828622619
2007-02-16 00:00:00,0.8296245828622619
2007-02-20 00:00:00,0.8296245828622619
2007-02-21 00:00:00,0.8296245828622619
2007-02-22 00:00:00,0.8296245828622619
2007-02-23 00:00:00,0.8296245828622619
2007-02-26 00:00:00,0.8296245828622619
2007-02-27 00:00:00,0.8296245828622619
2007-02-28 00:00:00,0.8296245828622619
2007-03-01 00:00:00,0.8296245828622619
2007-03-02 00:00:00,0.8296245828622619
2007-03-05 00:00:00,0.8296245828622619
2007-03-06 00:00:00,0.8296245828622619
2007-03-07 00:00:00,0.8296245828622619
2007-03-08 00:00:00,0.8296245828622619
2007-03-09 00:00:00,0.8296245828622619
2007-03-12 00:00:00,0.8296245828622619
2007-03-13 00:00:00,0.8296245828622619
2007-03-14 00:00:00,0.8186750243799883
2007-03-15 00:00:00,0.8206138418751787
2007-03-16 00:00:00,0.821770548050207
2007-03-19 00:00:00,0.813150862723205
2007-03-20 00:00:00,0.8070730391867309
2007-03-21 00:00:00,0.800690772815023
2007-03-22 00:00:00,0.800690772815023
2007-03-23 00:00:00,0.800690772815023
2007-03-26 00:00:00,0.800690772815023
2007-03-27 00:00:00,0.800690772815023
2007-03-28 00:00:00,0.800690772815023
2007-03-29 00:00:00,0.800690772815023
2007-03-30 00:00:00,0.800690772815023
2007-04-02 00:00:00,0.800690772815023
2007-04-03 00:00:00,0.800690772815023
2007-04-04 00:00:00,0.800690772815023
2007-04-05 00:00:00,0.800690772815023
2007-04-09 00:00:00,0.800690772815023
2007-04-10 00:00:00,0.800690772815023
2007-04-11 00:00:00,0.800690772815023
2007-04-12 00:00:00,0.800690772815023
2007-04-13 00:00:00,0.800690772815023
2007-04-16 00:00:00,0.800690772815023
2007-04-17 00:00:00,0.800690772815023
2007-04-18 00:00:00,0.800690772815023
2007-04-19 00:00:00,0.800690772815023
2007-04-20 00:00:00,0.800690772815023
2007-04-23 00:00:00,0.800690772815023
2007-04-24 00:00:00,0.800690772815023
2007-04-25 00:00:00,0.800690772815023
2007-04-26 00:00:00,0.800690772815023
2007-04-27 00:00:00,0.800690772815023
2007-04-30 00:00:00,0.800690772815023
2007-05-01 00:00:00,0.800690772815023
2007-05-02 00:00:00,0.800690772815023
2007-05-03 00:00:00,0.800690772815023
2007-05-04 00:00:00,0.800690772815023
2007-05-07 00:00:00,0.800690772815023
2007-05-08 00:00:00,0.800690772815023
2007-05-09 00:00:00,0.800690772815023
2007-05-10 00:00:00,0.800690772815023
2007-05-11 00:00:00,0.800690772815023
2007-05-14 00:00:00,0.800690772815023
2007-05-15 00:00:00,0.800690772815023
2007-05-16 00:00:00,0.800690772815023
2007-05-17 00:00:00,0.800690772815023
2007-05-18 00:00:00,0.800690772815023
2007-05-21 00:00:00,0.800690772815023
2007-05-22 00:00:00,0.800690772815023
2007-05-23 00:00:00,0.800690772815023
2007-05-24 00:00:00,0.800690772815023
2007-05-25 00:00:00,0.800690772815023
2007-05-29 00:00:00,0.800690772815023
2007-05-30 00:00:00,0.800690772815023
2007-05-31 00:00:00,0.800690772815023
2007-06-01 00:00:00,0.800690772815023
2007-06-04 00:00:00,0.800690772815023
2007-06-05 00:00:00,0.800690772815023
2007-06-06 00:00:00,0.800690772815023
2007-06-07 00:00:00,0.800690772815023
2007-06-08 00:00:00,0.800690772815023
2007-06-11 00:00:00,0.800690772815023
2007-06-12 00:00:00,0.800690772815023
2007-06-13 00:00:00,0.800690772815023
2007-06-14 00:00:00,0.800690772815023
2007-06-15 00:00:00,0.800690772815023
2007-06-18 00:00:00,0.800690772815023
2007-06-19 00:00:00,0.800690772815023
2007-06-20 00:00:00,0.800690772815023
2007-06-21 00:00:00,0.800690772815023
2007-06-22 00:00:00,0.800690772815023
2007-06-25 00:00:00,0.800690772815023
2007-06-26 00:00:00,0.800690772815023
2007-06-27 00:00:00,0.800690772815023
2007-06-28 00:00:00,0.800690772815023
2007-06-29 00:00:00,0.800690772815023
2007-07-02 00:00:00,0.800690772815023
2007-07-03 00:00:00,0.800690772815023
2007-07-05 00:00:00,0.800690772815023
2007-07-06 00:00:00,0.800690772815023
2007-07-09 00:00:00,0.800690772815023
2007-07-10 00:00:00,0.800690772815023
2007-07-11 00:00:00,0.800690772815023
2007-07-12 00:00:00,0.800690772815023
2007-07-13 00:00:00,0.800690772815023
2007-07-16 00:00:00,0.800690772815023
2007-07-17 00:00:00,0.800690772815023
2007-07-18 00:00:00,0.800690772815023
2007-07-19 00:00:00,0.800690772815023
2007-07-20 00:00:00,0.800690772815023
2007-07-23 00:00:00,0.800690772815023
2007-07-24 00:00:00,0.800690772815023
2007-07-25 00:00:00,0.800690772815023
2007-07-26 00:00:00,0.800690772815023
2007-07-27 00:00:00,0.800690772815023
2007-07-30 00:00:00,0.800690772815023
2007-07-31 00:00:00,0.800690772815023
2007-08-01 00:00:00,0.800690772815023
2007-08-02 00:00:00,0.800690772815023
2007-08-03 00:00:00,0.800690772815023
2007-08-06 00:00:00,0.800690772815023
2007-08-07 00:00:00,0.800690772815023
2007-08-08 00:00:00,0.800690772815023
2007-08-09 00:00:00,0.800690772815023
2007-08-10 00:00:00,0.800690772815023
2007-08-13 00:00:00,0.800690772815023
2007-08-14 00:00:00,0.800690772815023
2007-08-15 00:00:00,0.800690772815023
2007-08-16 00:00:00,0.800690772815023
2007-08-17 00:00:00,0.800690772815023
2007-08-20 00:00:00,0.800690772815023
2007-08-21 00:00:00,0.800690772815023
2007-08-22 00:00:00,0.800690772815023
2007-08-23 00:00:00,0.800690772815023
2007-08-24 00:00:00,0.800690772815023
2007-08-27 00:00:00,0.800690772815023
2007-08-28 00:00:00,0.800690772815023
2007-08-29 00:00:00,0.800690772815023
2007-08-30 00:00:00,0.800690772815023
2007-08-31 00:00:00,0.800690772815023
2007-09-04 00:00:00,0.800690772815023
2007-09-05 00:00:00,0.800690772815023
2007-09-06 00:00:00,0.800690772815023
2007-09-07 00:00:00,0.800690772815023
2007-09-10 00:00:00,0.800690772815023
2007-09-11 00:00:00,0.800690772815023
2007-09-12 00:00:00,0.800690772815023
2007-09-13 00:00:00,0.800690772815023
2007-09-14 00:00:00,0.800690772815023
2007-09-17 00:00:00,0.800690772815023
2007-09-18 00:00:00,0.800690772815023
2007-09-19 00:00:00,0.800690772815023
2007-09-20 00:00:00,0.800690772815023
2007-09-21 00:00:00,0.800690772815023
2007-09-24 00:00:00,0.800690772815023
2007-09-25 00:00:00,0.800690772815023
2007-09-26 00:00:00,0.800690772815023
2007-09-27 00:00:00,0.800690772815023
2007-09-28 00:00:00,0.800690772815023
2007-10-01 00:00:00,0.800690772815023
2007-10-02 00:00:00,0.800690772815023
2007-10-03 00:00:00,0.800690772815023
2007-10-04 00:00:00,0.800690772815023
2007-10-05 00:00:00,0.800690772815023
2007-10-08 00:00:00,0.800690772815023
2007-10-09 00:00:00,0.800690772815023
2007-10-10 00:00:00,0.800690772815023
2007-10-11 00:00:00,0.800690772815023
2007-10-12 00:00:00,0.800690772815023
2007-10-15 00:00:00,0.800690772815023
2007-10-16 00:00:00,0.800690772815023
2007-10-17 00:00:00,0.800690772815023
2007-10-18 00:00:00,0.800690772815023
2007-10-19 00:00:00,0.800690772815023
2007-10-22 00:00:00,0.800690772815023
2007-10-23 00:00:00,0.800690772815023
2007-10-24 00:00:00,0.800690772815023
2007-10-25 00:00:00,0.800690772815023
2007-10-26 00:00:00,0.800690772815023
2007-10-29 00:00:00,0.800690772815023
2007-10-30 00:00:00,0.800690772815023
2007-10-31 00:00:00,0.800690772815023
2007-11-01 00:00:00,0.800690772815023
2007-11-02 00:00:00,0.800690772815023
2007-11-05 00:00:00,0.800690772815023
2007-11-06 00:00:00,0.800690772815023
2007-11-07 00:00:00,0.800690772815023
2007-11-08 00:00:00,0.800690772815023
2007-11-09 00:00:00,0.800690772815023
2007-11-12 00:00:00,0.800690772815023
2007-11-13 00:00:00,0.800690772815023
2007-11-14 00:00:00,0.800690772815023
2007-11-15 00:00:00,0.800690772815023
2007-11-16 00:00:00,0.800690772815023
2007-11-19 00:00:00,0.800690772815023
2007-11-20 00:00:00,0.800690772815023
2007-11-21 00:00:00,0.800690772815023
2007-11-23 00:00:00,0.800690772815023
2007-11-26 00:00:00,0.800690772815023
2007-11-27 00:00:00,0.800690772815023
2007-11-28 00:00:00,0.800690772815023
2007-11-29 00:00:00,0.800690772815023
2007-11-30 00:00:00,0.800690772815023
2007-12-03 00:00:00,0.800690772815023
2007-12-04 00:00:00,0.800690772815023
2007-12-05 00:00:00,0.800690772815023
2007-12-06 00:00:00,0.800690772815023
2007-12-07 00:00:00,0.800690772815023
2007-12-10 00:00:00,0.800690772815023
2007-12-11 00:00:00,0.800690772815023
2007-12-12 00:00:00,0.800690772815023
2007-12-13 00:00:00,0.800690772815023
2007-12-14 00:00:00,0.800690772815023
2007-12-17 00:00:00,0.800690772815023
2007-12-18 00:00:00,0.800690772815023
2007-12-19 00:00:00,0.800690772815023
2007-12-20 00:00:00,0.800690772815023
2007-12-21 00:00:00,0.800690772815023
2007-12-24 00:00:00,0.800690772815023
2007-12-26 00:00:00,0.800690772815023
2007-12-27 00:00:00,0.800690772815023
2007-12-28 00:00:00,0.800690772815023
2007-12-31 00:00:00,0.800690772815023
2008-01-02 00:00:00,0.800690772815023
2008-01-03 00:00:00,0.800690772815023
2008-01-04 00:00:00,0.800690772815023
2008-01-07 00:00:00,0.8038600827879124
2008-01-08 00:00:00,0.8203542215111473
2008-01-09 00:00:00,0.8071360792385434
2008-01-10 00:00:00,0.8061990131108862
2008-01-11 00:00:00,0.8185994597858056
2008-01-14 00:00:00,0.8077582999928687
2008-01-15 00:00:00,0.8251768207915298
2008-01-16 00:00:00,0.8317668658494851
2008-01-17 00:00:00,0.8402056750582926
2008-01-18 00:00:00,0.8409853184992838
2008-01-22 00:00:00,0.856423020564889
2008-01-23 00:00:00,0.8585232098279174
2008-01-24 00:00:00,0.8467576679595545
2008-01-25 00:00:00,0.8588940054700663
2008-01-28 00:00:00,0.8543914656229086
2008-01-29 00:00:00,0.8533223449130476
2008-01-30 00:00:00,0.8538378791896314
2008-01-31 00:00:00,0.8437890468899168
2008-02-01 00:00:00,0.8377031726021363
2008-02-04 00:00:00,0.8461406612651218
2008-02-05 00:00:00,0.8568327970428209
2008-02-06 00:00:00,0.8731283195977428
2008-02-07 00:00:00,0.8687113311739436
2008-02-08 00:00:00,0.8615050190695719
2008-02-11 00:00:00,0.8545923199842078
2008-02-12 00:00:00,0.8582496895831176
2008-02-13 00:00:00,0.8441434715320673
2008-02-14 00:00:00,0.8560220056631899
2008-02-15 00:00:00,0.8582113101670616
2008-02-19 00:00:00,0.8593729691044066
2008-02-20 00:00:00,0.8564240457756453
2008-02-21 00:00:00,0.8625771260361197
2008-02-22 00:00:00,0.8602154287453735
2008-02-25 00:00:00,0.8569728923976045
2008-02-26 00:00:00,0.8544643885973545
2008-02-27 00:00:00,0.8512218522495856
2008-02-28 00:00:00,0.853704769772465
2008-02-29 00:00:00,0.8708683382457244
2008-03-03 00:00:00,0.8749661273731455
2008-03-04 00:00:00,0.871429978006369
2008-03-05 00:00:00,0.8683357162331988
2008-03-06 00:00:00,0.8685039648820335
2008-03-07 00:00:00,0.865418818346788
2008-03-10 00:00:00,0.8810213386423696
2008-03-11 00:00:00,0.8507303760095898
2008-03-12 00:00:00,0.8530301300885096
2008-03-13 00:00:00,0.8466509813204672
2008-03-14 00:00:00,0.861867858299143
2008-03-17 00:00:00,0.8766990919609134
2008-03-18 00:00:00,0.8410110511080384
2008-03-19 00:00:00,0.8616269345233941
2008-03-20 00:00:00,0.8456067028327092
2008-03-24 00:00:00,0.8283547713497883
2008-03-25 00:00:00,0.8263842624171509
2008-03-26 00:00:00,0.828080391013385
2008-03-27 00:00:00,0.8410741041567401
2008-03-28 00:00:00,0.8439525381125565
2008-03-31 00:00:00,0.840919445270461
2008-04-01 00:00:00,0.8163421214315301
2008-04-02 00:00:00,0.8176441482412368
2008-04-03 00:00:00,0.8163188298074269
2008-04-04 00:00:00,0.812760267916628
2008-04-07 00:00:00,0.8140622947263345
2008-04-08 00:00:00,0.8186485030904369
2008-04-09 00:00:00,0.8253365876493524
2008-04-10 00:00:00,0.816917437058048
2008-04-11 00:00:00,0.8334580662801503
2008-04-14 00:00:00,0.8360737657116152
2008-04-15 00:00:00,0.8352739163265086
2008-04-16 00:00:00,0.8191040972668305
2008-04-17 00:00:00,0.820406124076537
2008-04-18 00:00:00,0.8014775925111666
2008-04-21 00:00:00,0.7971308270473128
2008-04-22 00:00:00,0.8006940522673994
2008-04-23 00:00:00,0.8006940522673994
2008-04-24 00:00:00,0.8006940522673994
2008-04-25 00:00:00,0.8006940522673994
2008-04-28 00:00:00,0.8006940522673994
2008-04-29 00:00:00,0.8006940522673994
2008-04-30 00:00:00,0.8006940522673994
2008-05-01 00:00:00,0.8006940522673994
2008-05-02 00:00:00,0.8006940522673994
2008-05-05 00:00:00,0.8006940522673994
2008-05-06 00:00:00,0.8006940522673994
2008-05-07 00:00:00,0.8006940522673994
2008-05-08 00:00:00,0.8006940522673994
2008-05-09 00:00:00,0.8006940522673994
2008-05-12 00:00:00,0.8006940522673994
2008-05-13 00:00:00,0.8006940522673994
2008-05-14 00:00:00,0.8006940522673994
2008-05-15 00:00:00,0.8006940522673994
2008-05-16 00:00:00,0.8006940522673994
2008-05-19 00:00:00,0.8006940522673994
2008-05-20 00:00:00,0.8006940522673994
2008-05-21 00:00:00,0.8006940522673994
2008-05-22 00:00:00,0.8006940522673994
2008-05-23 00:00:00,0.8006940522673994
2008-05-27 00:00:00,0.8006940522673994
2008-05-28 00:00:00,0.8006940522673994
2008-05-29 00:00:00,0.8006940522673994
2008-05-30 00:00:00,0.8006940522673994
2008-06-02 00:00:00,0.8006940522673994
2008-06-03 00:00:00,0.8006940522673994
2008-06-04 00:00:00,0.8006940522673994
2008-06-05 00:00:00,0.8006940522673994
2008-06-06 00:00:00,0.8006940522673994
2008-06-09 00:00:00,0.8006940522673994
2008-06-10 00:00:00,0.8006940522673994
2008-06-11 00:00:00,0.8006940522673994
2008-06-12 00:00:00,0.8006940522673994
2008-06-13 00:00:00,0.8006940522673994
2008-06-16 00:00:00,0.8006940522673994
2008-06-17 00:00:00,0.8006940522673994
2008-06-18 00:00:00,0.8006940522673994
2008-06-19 00:00:00,0.8006940522673994
2008-06-20 00:00:00,0.8006940522673994
2008-06-23 00:00:00,0.8006940522673994
2008-06-24 00:00:00,0.8006940522673994
2008-06-25 00:00:00,0.8006940522673994
2008-06-26 00:00:00,0.8006940522673994
2008-06-27 00:00:00,0.8006940522673994
2008-06-30 00:00:00,0.8006940522673994
2008-07-01 00:00:00,0.8006940522673994
2008-07-02 00:00:00,0.8006940522673994
2008-07-03 00:00:00,0.8006940522673994
2008-07-07 00:00:00,0.8006940522673994
2008-07-08 00:00:00,0.8006940522673994
2008-07-09 00:00:00,0.8169815346957492
2008-07-10 00:00:00,0.8098350732744175
2008-07-11 00:00:00,0.8195145234526208
2008-07-14 00:00:00,0.8239442892117692
2008-07-15 00:00:00,0.823797407015844
2008-07-16 00:00:00,0.8089783299051246
2008-07-17 00:00:00,0.8049278362181075
2008-07-18 00:00:00,0.8190493270585879
2008-07-21 00:00:00,0.8164795135923298
2008-07-22 00:00:00,0.816467238689201
2008-07-23 00:00:00,0.8085131335110919
2008-07-24 00:00:00,0.81765415451811
2008-07-25 00:00:00,0.809834656632797
2008-07-28 00:00:00,0.8212640016173518
2008-07-29 00:00:00,0.8088678557769654
2008-07-30 00:00:00,0.8057596131395222
2008-07-31 00:00:00,0.8072280184571525
2008-08-01 00:00:00,0.8150229665362079
2008-08-04 00:00:00,0.8210680198089115
2008-08-05 00:00:00,0.800864650986341
2008-08-06 00:00:00,0.800335699450543
2008-08-07 00:00:00,0.800335699450543
2008-08-08 00:00:00,0.7867748190240953
2008-08-11 00:00:00,0.7813134892636426
2008-08-12 00:00:00,0.7806681731125825
2008-08-13 00:00:00,0.7819239149652298
2008-08-14 00:00:00,0.7727517693491686
2008-08-15 00:00:00,0.7727517693491686
2008-08-18 00:00:00,0.7727517693491686
2008-08-19 00:00:00,0.7727517693491686
2008-08-20 00:00:00,0.7727517693491686
2008-08-21 00:00:00,0.7727517693491686
2008-08-22 00:00:00,0.7727517693491686
2008-08-25 00:00:00,0.7727517693491686
2008-08-26 00:00:00,0.7727517693491686
2008-08-27 00:00:00,0.7727517693491686
2008-08-28 00:00:00,0.7727517693491686
2008-08-29 00:00:00,0.7727517693491686
2008-09-02 00:00:00,0.7727517693491686
2008-09-03 00:00:00,0.7778504615387077
2008-09-04 00:00:00,0.8007412097687749
2008-09-05 00:00:00,0.8040216034236911
2008-09-08 00:00:00,0.806203817222399
2008-09-09 00:00:00,0.8196815952563936
2008-09-10 00:00:00,0.8141765500616426
2008-09-11 00:00:00,0.8016117772198369
2008-09-12 00:00:00,0.8042646395283485
2008-09-15 00:00:00,0.8254296765558023
2008-09-16 00:00:00,0.8202383970342535
2008-09-17 00:00:00,0.8547384751728098
2008-09-18 00:00:00,0.8333882634813368
2008-09-19 00:00:00,0.8125087002996674
2008-09-22 00:00:00,0.8441848873794019
2008-09-23 00:00:00,0.8490341094003303
2008-09-24 00:00:00,0.8446272440617876
2008-09-25 00:00:00,0.8344157137690001
2008-09-26 00:00:00,0.8409906469925418
2008-09-29 00:00:00,0.8921203058108259
2008-09-30 00:00:00,0.8750059307075855
2008-10-01 00:00:00,0.8759616658663125
2008-10-02 00:00:00,0.8930492088188022
2008-10-03 00:00:00,0.8995338296577069
2008-10-06 00:00:00,0.9145622219728565
2008-10-07 00:00:00,0.9397292231064833
2008-10-08 00:00:00,0.9426824184018734
2008-10-09 00:00:00,0.952584547831276
2008-10-10 00:00:00,0.9548542414085666
2008-10-13 00:00:00,0.9114432368262011
2008-10-14 00:00:00,0.9287499682016827
2008-10-15 00:00:00,0.9630303255766374
2008-10-16 00:00:00,0.9441114658928407
2008-10-17 00:00:00,0.9436471525977328
2008-10-20 00:00:00,0.9333859813431975
2008-10-21 00:00:00,0.9529710517790109
2008-10-22 00:00:00,0.9628731812084136
2008-10-23 00:00:00,0.9642315391615713
2008-10-24 00:00:00,0.9753867550741565
2008-10-27 00:00:00,0.9847192997384762
2008-10-28 00:00:00,0.948598980149173
2008-10-29 00:00:00,0.9495016702902643
2008-10-30 00:00:00,0.9391801230506303
2008-10-31 00:00:00,0.935043479065898
2008-11-03 00:00:00,0.9355848169731603
2008-11-04 00:00:00,0.9283211662299844
2008-11-05 00:00:00,0.9420529349564871
2008-11-06 00:00:00,0.9532090574283453
2008-11-07 00:00:00,0.9482869032803007
2008-11-10 00:00:00,0.9515599872152164
2008-11-11 00:00:00,0.9567843183127416
2008-11-12 00:00:00,0.9676282412385822
2008-11-13 00:00:00,0.953964499802047
2008-11-14 00:00:00,0.965510871706427
2008-11-17 00:00:00,0.970266903484926
2008-11-18 00:00:00,0.9704960418461707
2008-11-19 00:00:00,0.9820424137505507
2008-11-20 00:00:00,0.9921838876978519
2008-11-21 00:00:00,0.9835153389975971
2008-11-24 00:00:00,0.9707881961991145
2008-11-25 00:00:00,0.971797833425403
2008-11-26 00:00:00,0.9625829355196176
2008-11-28 00:00:00,0.96437307161095
2008-12-01 00:00:00,0.9691061255028619
2008-12-02 00:00:00,0.9632510422629523
2008-12-03 00:00:00,0.9548352514638532
2008-12-04 00:00:00,0.9634524300899457
2008-12-05 00:00:00,0.9514171332879935
2008-12-08 00:00:00,0.9392753804271337
2008-12-09 00:00:00,0.933399974841517
2008-12-10 00:00:00,0.9350641621903569
2008-12-11 00:00:00,0.9426399403380125
2008-12-12 00:00:00,0.9371795842530884
2008-12-15 00:00:00,0.941981716819344
2008-12-16 00:00:00,0.9290325176646401
2008-12-17 00:00:00,0.9324478274401958
2008-12-18 00:00:00,0.9373424148591647
2008-12-19 00:00:00,0.9354877980300605
2008-12-22 00:00:00,0.9414918436815894
2008-12-23 00:00:00,0.9428731466974518
2008-12-24 00:00:00,0.9421279881009076
2008-12-26 00:00:00,0.9422149231787833
2008-12-29 00:00:00,0.9444283198690656
2008-12-30 00:00:00,0.9388755089314282
2008-12-31 00:00:00,0.9365586178387574
2009-01-02 00:00:00,0.9246264220639002
2009-01-05 00:00:00,0.9247133571417759
2009-01-06 00:00:00,0.9218417369328251
2009-01-07 00:00:00,0.9300646990494739
2009-01-08 00:00:00,0.9271006239878097
2009-01-09 00:00:00,0.9267064609941064
2009-01-12 00:00:00,0.9351252705911128
2009-01-13 00:00:00,0.934976571696207
2009-01-14 00:00:00,0.9475964006900942
2009-01-15 00:00:00,0.9410073124534785
2009-01-16 00:00:00,0.9364948639174575
2009-01-20 00:00:00,0.9569722485352175
2009-01-21 00:00:00,0.9402665574328657
2009-01-22 00:00:00,0.9457303982692974
2009-01-23 00:00:00,0.9437576239617068
2009-01-26 00:00:00,0.9408026552011322
2009-01-27 00:00:00,0.9378476864405575
2009-01-28 00:00:00,0.9233870112307406
2009-01-29 00:00:00,0.9341827648119432
2009-01-30 00:00:00,0.9414706810610597
2009-02-02 00:00:00,0.9365513233945169
2009-02-03 00:00:00,0.9300885173018562
2009-02-04 00:00:00,0.9295188779271
2009-02-05 00:00:00,0.9202498019687705
2009-02-06 00:00:00,0.9090163371044728
2009-02-09 00:00:00,0.9071838762901657
2009-02-10 00:00:00,0.9098127110575042
2009-02-11 00:00:00,0.912278683130842
2009-02-12 00:00:00,0.9061860522477694
2009-02-13 00:00:00,0.9084777264140452
2009-02-17 00:00:00,0.9283600013701309
2009-02-18 00:00:00,0.9280213053248464
2009-02-19 00:00:00,0.9354093217760204
2009-02-20 00:00:00,0.9340842369014009
2009-02-23 00:00:00,0.9506785490930361
2009-02-24 00:00:00,0.9355440206077248
2009-02-25 00:00:00,0.9386576854651132
2009-02-26 00:00:00,0.9517996367540755
2009-02-27 00:00:00,0.9560640885790216
2009-03-02 00:00:00,0.9706856231119866
2009-03-03 00:00:00,0.9710045196195922
2009-03-04 00:00:00,0.9593223520369539
2009-03-05 00:00:00,0.9727930996023612
2009-03-06 00:00:00,0.9762355607361947
2009-03-09 00:00:00,0.9854319567078165
2009-03-10 00:00:00,0.9592827529615964
2009-03-11 00:00:00,0.952368131387411
2009-03-12 00:00:00,0.952651846693437
2009-03-13 00:00:00,0.9516233713179723
2009-03-16 00:00:00,0.9598414201306298
2009-03-17 00:00:00,0.9414905217437797
2009-03-18 00:00:00,0.9351385027373523
2009-03-19 00:00:00,0.9354715736714464
2009-03-20 00:00:00,0.9440324476092589
2009-03-23 00:00:00,0.9164131730820431
2009-03-24 00:00:00,0.9164131730820431
2009-03-25 00:00:00,0.9164131730820431
2009-03-26 00:00:00,0.9164131730820431
2009-03-27 00:00:00,0.9164131730820431
2009-03-30 00:00:00,0.9164131730820431
2009-03-31 00:00:00,0.9164131730820431
2009-04-01 00:00:00,0.9164131730820431
2009-04-02 00:00:00,0.9164131730820431
2009-04-03 00:00:00,0.9164131730820431
2009-04-06 00:00:00,0.9164131730820431
2009-04-07 00:00:00,0.9164131730820431
2009-04-08 00:00:00,0.9164131730820431
2009-04-09 00:00:00,0.9164131730820431
2009-04-13 00:00:00,0.9164131730820431
2009-04-14 00:00:00,0.9164131730820431
2009-04-15 00:00:00,0.9164131730820431
2009-04-16 00:00:00,0.9164131730820431
2009-04-17 00:00:00,0.9164131730820431
2009-04-20 00:00:00,0.9164131730820431
2009-04-21 00:00:00,0.9164131730820431
2009-04-22 00:00:00,0.9164131730820431
2009-04-23 00:00:00,0.9164131730820431
2009-04-24 00:00:00,0.9164131730820431
2009-04-27 00:00:00,0.9164131730820431
2009-04-28 00:00:00,0.9164131730820431
2009-04-29 00:00:00,0.9164131730820431
2009-04-30 00:00:00,0.9164131730820431
2009-05-01 00:00:00,0.9164131730820431
2009-05-04 00:00:00,0.9164131730820431
2009-05-05 00:00:00,0.9164131730820431
2009-05-06 00:00:00,0.9164131730820431
2009-05-07 00:00:00,0.9164131730820431
2009-05-08 00:00:00,0.9164131730820431
2009-05-11 00:00:00,0.9164131730820431
2009-05-12 00:00:00,0.9164131730820431
2009-05-13 00:00:00,0.9164131730820431
2009-05-14 00:00:00,0.9164131730820431
2009-05-15 00:00:00,0.9164131730820431
2009-05-18 00:00:00,0.9164131730820431
2009-05-19 00:00:00,0.9164131730820431
2009-05-20 00:00:00,0.9164131730820431
2009-05-21 00:00:00,0.9164131730820431
2009-05-22 00:00:00,0.9164131730820431
2009-05-26 00:00:00,0.9164131730820431
2009-05-27 00:00:00,0.9164131730820431
2009-05-28 00:00:00,0.9164131730820431
2009-05-29 00:00:00,0.9164131730820431
2009-06-01 00:00:00,0.9164131730820431
2009-06-02 00:00:00,0.9164131730820431
2009-06-03 00:00:00,0.9164131730820431
2009-06-04 00:00:00,0.9164131730820431
2009-06-05 00:00:00,0.9164131730820431
2009-06-08 00:00:00,0.9164131730820431
2009-06-09 00:00:00,0.9164131730820431
2009-06-10 00:00:00,0.9164131730820431
2009-06-11 00:00:00,0.9164131730820431
2009-06-12 00:00:00,0.9164131730820431
2009-06-15 00:00:00,0.9164131730820431
2009-06-16 00:00:00,0.9164131730820431
2009-06-17 00:00:00,0.9164131730820431
2009-06-18 00:00:00,0.9164131730820431
2009-06-19 00:00:00,0.9164131730820431
2009-06-22 00:00:00,0.9164131730820431
2009-06-23 00:00:00,0.9164131730820431
2009-06-24 00:00:00,0.9164131730820431
2009-06-25 00:00:00,0.9164131730820431
2009-06-26 00:00:00,0.9164131730820431
2009-06-29 00:00:00,0.9164131730820431
2009-06-30 00:00:00,0.9164131730820431
2009-07-01 00:00:00,0.9164131730820431
2009-07-02 00:00:00,0.9164131730820431
2009-07-06 00:00:00,0.9164131730820431
2009-07-07 00:00:00,0.9164131730820431
2009-07-08 00:00:00,0.9164131730820431
2009-07-09 00:00:00,0.9164131730820431
2009-07-10 00:00:00,0.9164131730820431
2009-07-13 00:00:00,0.9164131730820431
2009-07-14 00:00:00,0.9164131730820431
2009-07-15 00:00:00,0.9164131730820431
2009-07-16 00:00:00,0.9164131730820431
2009-07-17 00:00:00,0.9164131730820431
2009-07-20 00:00:00,0.9164131730820431
2009-07-21 00:00:00,0.9164131730820431
2009-07-22 00:00:00,0.9164131730820431
2009-07-23 00:00:00,0.9164131730820431
2009-07-24 00:00:00,0.9164131730820431
2009-07-27 00:00:00,0.9164131730820431
2009-07-28 00:00:00,0.9164131730820431
2009-07-29 00:00:00,0.9164131730820431
2009-07-30 00:00:00,0.9164131730820431
2009-07-31 00:00:00,0.9164131730820431
2009-08-03 00:00:00,0.9164131730820431
2009-08-04 00:00:00,0.9164131730820431
2009-08-05 00:00:00,0.9164131730820431
2009-08-06 00:00:00,0.9164131730820431
2009-08-07 00:00:00,0.9164131730820431
2009-08-10 00:00:00,0.9164131730820431
2009-08-11 00:00:00,0.9164131730820431
2009-08-12 00:00:00,0.9164131730820431
2009-08-13 00:00:00,0.9164131730820431
2009-08-14 00:00:00,0.9164131730820431
2009-08-17 00:00:00,0.9164131730820431
2009-08-18 00:00:00,0.9164131730820431
2009-08-19 00:00:00,0.9164131730820431
2009-08-20 00:00:00,0.9164131730820431
2009-08-21 00:00:00,0.9164131730820431
2009-08-24 00:00:00,0.9164131730820431
2009-08-25 00:00:00,0.9164131730820431
2009-08-26 00:00:00,0.9164131730820431
2009-08-27 00:00:00,0.9164131730820431
2009-08-28 00:00:00,0.9164131730820431
2009-08-31 00:00:00,0.9164131730820431
2009-09-01 00:00:00,0.9164131730820431
2009-09-02 00:00:00,0.9164131730820431
2009-09-03 00:00:00,0.9164131730820431
2009-09-04 00:00:00,0.9164131730820431
2009-09-08 00:00:00,0.9164131730820431
2009-09-09 00:00:00,0.9164131730820431
2009-09-10 00:00:00,0.9164131730820431
2009-09-11 00:00:00,0.9164131730820431
2009-09-14 00:00:00,0.9164131730820431
2009-09-15 00:00:00,0.9164131730820431
2009-09-16 00:00:00,0.9164131730820431
2009-09-17 00:00:00,0.9164131730820431
2009-09-18 00:00:00,0.9164131730820431
2009-09-21 00:00:00,0.9164131730820431
2009-09-22 00:00:00,0.9164131730820431
2009-09-23 00:00:00,0.9164131730820431
2009-09-24 00:00:00,0.9164131730820431
2009-09-25 00:00:00,0.9164131730820431
2009-09-28 00:00:00,0.9164131730820431
2009-09-29 00:00:00,0.9164131730820431
2009-09-30 00:00:00,0.9164131730820431
2009-10-01 00:00:00,0.9164131730820431
2009-10-02 00:00:00,0.9164131730820431
2009-10-05 00:00:00,0.9164131730820431
2009-10-06 00:00:00,0.9164131730820431
2009-10-07 00:00:00,0.9164131730820431
2009-10-08 00:00:00,0.9164131730820431
2009-10-09 00:00:00,0.9164131730820431
2009-10-12 00:00:00,0.9164131730820431
2009-10-13 00:00:00,0.9164131730820431
2009-10-14 00:00:00,0.9164131730820431
2009-10-15 00:00:00,0.9164131730820431
2009-10-16 00:00:00,0.9164131730820431
2009-10-19 00:00:00,0.9164131730820431
2009-10-20 00:00:00,0.9164131730820431
2009-10-21 00:00:00,0.9164131730820431
2009-10-22 00:00:00,0.9164131730820431
2009-10-23 00:00:00,0.9164131730820431
2009-10-26 00:00:00,0.9164131730820431
2009-10-27 00:00:00,0.9164131730820431
2009-10-28 00:00:00,0.9164131730820431
2009-10-29 00:00:00,0.9164131730820431
2009-10-30 00:00:00,0.9164131730820431
2009-11-02 00:00:00,0.9164131730820431
2009-11-03 00:00:00,0.9164131730820431
2009-11-04 00:00:00,0.9164131730820431
2009-11-05 00:00:00,0.9164131730820431
2009-11-06 00:00:00,0.9164131730820431
2009-11-09 00:00:00,0.9164131730820431
2009-11-10 00:00:00,0.9164131730820431
2009-11-11 00:00:00,0.9164131730820431
2009-11-12 00:00:00,0.9164131730820431
2009-11-13 00:00:00,0.9164131730820431
2009-11-16 00:00:00,0.9164131730820431
2009-11-17 00:00:00,0.9164131730820431
2009-11-18 00:00:00,0.9164131730820431
2009-11-19 00:00:00,0.9164131730820431
2009-11-20 00:00:00,0.9164131730820431
2009-11-23 00:00:00,0.9164131730820431
2009-11-24 00:00:00,0.9164131730820431
2009-11-25 00:00:00,0.9164131730820431
2009-11-27 00:00:00,0.9164131730820431
2009-11-30 00:00:00,0.9164131730820431
2009-12-01 00:00:00,0.9164131730820431
2009-12-02 00:00:00,0.9164131730820431
2009-12-03 00:00:00,0.9164131730820431
2009-12-04 00:00:00,0.9164131730820431
2009-12-07 00:00:00,0.9164131730820431
2009-12-08 00:00:00,0.9164131730820431
2009-12-09 00:00:00,0.9164131730820431
2009-12-10 00:00:00,0.9164131730820431
2009-12-11 00:00:00,0.9164131730820431
2009-12-14 00:00:00,0.9164131730820431
2009-12-15 00:00:00,0.9164131730820431
2009-12-16 00:00:00,0.9164131730820431
2009-12-17 00:00:00,0.9164131730820431
2009-12-18 00:00:00,0.9164131730820431
2009-12-21 00:00:00,0.9164131730820431
2009-12-22 00:00:00,0.9164131730820431
2009-12-23 00:00:00,0.9164131730820431
2009-12-24 00:00:00,0.9164131730820431
2009-12-28 00:00:00,0.9164131730820431
2009-12-29 00:00:00,0.9164131730820431
2009-12-30 00:00:00,0.9164131730820431
2009-12-31 00:00:00,0.9164131730820431
2010-01-04 00:00:00,0.9164131730820431
2010-01-05 00:00:00,0.9164131730820431
2010-01-06 00:00:00,0.9164131730820431
2010-01-07 00:00:00,0.9164131730820431
2010-01-08 00:00:00,0.9164131730820431
2010-01-11 00:00:00,0.9164131730820431
2010-01-12 00:00:00,0.9164131730820431
2010-01-13 00:00:00,0.9164131730820431
2010-01-14 00:00:00,0.9164131730820431
2010-01-15 00:00:00,0.9164131730820431
2010-01-19 00:00:00,0.9164131730820431
2010-01-20 00:00:00,0.9164131730820431
2010-01-21 00:00:00,0.9164131730820431
2010-01-22 00:00:00,0.9164131730820431
2010-01-25 00:00:00,0.9164131730820431
2010-01-26 00:00:00,0.9164131730820431
2010-01-27 00:00:00,0.9164131730820431
2010-01-28 00:00:00,0.9164131730820431
2010-01-29 00:00:00,0.9164131730820431
2010-02-01 00:00:00,0.9164131730820431
2010-02-02 00:00:00,0.9164131730820431
2010-02-03 00:00:00,0.9164131730820431
2010-02-04 00:00:00,0.9164131730820431
2010-02-05 00:00:00,0.9164131730820431
2010-02-08 00:00:00,0.9164131730820431
2010-02-09 00:00:00,0.9176868536561669
2010-02-10 00:00:00,0.9195791917162992
2010-02-11 00:00:00,0.905762802695572
2010-02-12 00:00:00,0.9038340990333331
2010-02-16 00:00:00,0.8919282308737916
2010-02-17 00:00:00,0.8866030456805559
2010-02-18 00:00:00,0.8823737718743603
2010-02-19 00:00:00,0.8823737718743603
2010-02-22 00:00:00,0.8823737718743603
2010-02-23 00:00:00,0.8823737718743603
2010-02-24 00:00:00,0.8823737718743603
2010-02-25 00:00:00,0.8823737718743603
2010-02-26 00:00:00,0.8823737718743603
2010-03-01 00:00:00,0.8823737718743603
2010-03-02 00:00:00,0.8823737718743603
2010-03-03 00:00:00,0.8823737718743603
2010-03-04 00:00:00,0.8823737718743603
2010-03-05 00:00:00,0.8823737718743603
2010-03-08 00:00:00,0.8823737718743603
2010-03-09 00:00:00,0.8823737718743603
2010-03-10 00:00:00,0.8823737718743603
2010-03-11 00:00:00,0.8823737718743603
2010-03-12 00:00:00,0.8823737718743603
2010-03-15 00:00:00,0.8823737718743603
2010-03-16 00:00:00,0.8823737718743603
2010-03-17 00:00:00,0.8823737718743603
2010-03-18 00:00:00,0.8823737718743603
2010-03-19 00:00:00,0.8823737718743603
2010-03-22 00:00:00,0.8823737718743603
2010-03-23 00:00:00,0.8823737718743603
2010-03-24 00:00:00,0.8823737718743603
2010-03-25 00:00:00,0.8823737718743603
2010-03-26 00:00:00,0.8823737718743603
2010-03-29 00:00:00,0.8823737718743603
2010-03-30 00:00:00,0.8823737718743603
2010-03-31 00:00:00,0.8823737718743603
2010-04-01 00:00:00,0.8823737718743603
2010-04-05 00:00:00,0.8823737718743603
2010-04-06 00:00:00,0.8823737718743603
2010-04-07 00:00:00,0.8823737718743603
2010-04-08 00:00:00,0.8823737718743603
2010-04-09 00:00:00,0.8823737718743603
2010-04-12 00:00:00,0.8823737718743603
2010-04-13 00:00:00,0.8823737718743603
2010-04-14 00:00:00,0.8823737718743603
2010-04-15 00:00:00,0.8823737718743603
2010-04-16 00:00:00,0.8823737718743603
2010-04-19 00:00:00,0.8823737718743603
2010-04-20 00:00:00,0.8823737718743603
2010-04-21 00:00:00,0.8823737718743603
2010-04-22 00:00:00,0.8823737718743603
2010-04-23 00:00:00,0.8823737718743603
2010-04-26 00:00:00,0.8823737718743603
2010-04-27 00:00:00,0.8823737718743603
2010-04-28 00:00:00,0.8823737718743603
2010-04-29 00:00:00,0.8823737718743603
2010-04-30 00:00:00,0.8823737718743603
2010-05-03 00:00:00,0.8823737718743603
2010-05-04 00:00:00,0.8823737718743603
2010-05-05 00:00:00,0.8823737718743603
2010-05-06 00:00:00,0.8823737718743603
2010-05-07 00:00:00,0.8823737718743603
2010-05-10 00:00:00,0.8823737718743603
2010-05-11 00:00:00,0.8823737718743603
2010-05-12 00:00:00,0.8823737718743603
2010-05-13 00:00:00,0.8823737718743603
2010-05-14 00:00:00,0.8823737718743603
2010-05-17 00:00:00,0.8823737718743603
2010-05-18 00:00:00,0.8823737718743603
2010-05-19 00:00:00,0.8823737718743603
2010-05-20 00:00:00,0.8823737718743603
2010-05-21 00:00:00,0.8823737718743603
2010-05-24 00:00:00,0.8823737718743603
2010-05-25 00:00:00,0.8679864795667104
2010-05-26 00:00:00,0.8749584990053316
2010-05-27 00:00:00,0.851619426883176
2010-05-28 00:00:00,0.855378749981254
2010-06-01 00:00:00,0.8612333098231645
2010-06-02 00:00:00,0.8462751846763388
2010-06-03 00:00:00,0.8444825773870993
2010-06-04 00:00:00,0.8444825773870993
2010-06-07 00:00:00,0.8565376163672315
2010-06-08 00:00:00,0.8574287924112259
2010-06-09 00:00:00,0.8615872220105834
2010-06-10 00:00:00,0.8474940972661893
2010-06-11 00:00:00,0.842639413609373
2010-06-14 00:00:00,0.8427419422434523
2010-06-15 00:00:00,0.8289868092461647
2010-06-16 00:00:00,0.8268360595662008
2010-06-17 00:00:00,0.8251359655490452
2010-06-18 00:00:00,0.8256891498459332
2010-06-21 00:00:00,0.8301855711923971
2010-06-22 00:00:00,0.8342313368760523
2010-06-23 00:00:00,0.8363618159927707
2010-06-24 00:00:00,0.8442381548102996
2010-06-25 00:00:00,0.8451293308542941
2010-06-28 00:00:00,0.8469218182239059
2010-06-29 00:00:00,0.8665152042744605
2010-06-30 00:00:00,0.8739408874291807
2010-07-01 00:00:00,0.8752827191359839
2010-07-02 00:00:00,0.8766245508427871
2010-07-06 00:00:00,0.8694249255101122
2010-07-07 00:00:00,0.8501510809438384
2010-07-08 00:00:00,0.8463461078110255
2010-07-09 00:00:00,0.8396974526930245
2010-07-12 00:00:00,0.8353300591206013
2010-07-13 00:00:00,0.8323895066218179
2010-07-14 00:00:00,0.8289947058579125
2010-07-15 00:00:00,0.8283934299678513
2010-07-16 00:00:00,0.846905745319882
2010-07-19 00:00:00,0.841305530181889
2010-07-20 00:00:00,0.8333528730448693
2010-07-21 00:00:00,0.8424554204007932
2010-07-22 00:00:00,0.8258281333923623
2010-07-23 00:00:00,0.8215511668788218
2010-07-26 00:00:00,0.815950951740829
2010-07-27 00:00:00,0.8162318416004026
2010-07-28 00:00:00,0.8216586983328474
2010-07-29 00:00:00,0.8266444721904747
2010-07-30 00:00:00,0.8251610305507784
2010-08-02 00:00:00,0.812503489415705
2010-08-03 00:00:00,0.8154308765241839
2010-08-04 00:00:00,0.8085368182867261
2010-08-05 00:00:00,0.8101115512457646
2010-08-06 00:00:00,0.8111275792300342
2010-08-09 00:00:00,0.80552964344628
2010-08-10 00:00:00,0.80552964344628
2010-08-11 00:00:00,0.80552964344628
2010-08-12 00:00:00,0.80552964344628
2010-08-13 00:00:00,0.8081920924767783
2010-08-16 00:00:00,0.8067563175324705
2010-08-17 00:00:00,0.7965877097681278
2010-08-18 00:00:00,0.7934124681238943
2010-08-19 00:00:00,0.8056439315361447
2010-08-20 00:00:00,0.804563149795903
2010-08-23 00:00:00,0.8123571981573231
2010-08-24 00:00:00,0.8270736139980386
2010-08-25 00:00:00,0.819602954584601
2010-08-26 00:00:00,0.8289944723643199
2010-08-27 00:00:00,0.8195713503285167
2010-08-30 00:00:00,0.827720391894003
2010-08-31 00:00:00,0.8303670387964592
2010-09-01 00:00:00,0.8072766784040978
2010-09-02 00:00:00,0.7983860461743943
2010-09-03 00:00:00,0.7850579988938603
2010-09-07 00:00:00,0.7905445914288483
2010-09-08 00:00:00,0.7807664761889788
2010-09-09 00:00:00,0.7740848246708992
2010-09-10 00:00:00,0.7740848246708992
2010-09-13 00:00:00,0.7740848246708992
2010-09-14 00:00:00,0.7740848246708992
2010-09-15 00:00:00,0.7740848246708992
2010-09-16 00:00:00,0.7740848246708992
2010-09-17 00:00:00,0.7740848246708992
2010-09-20 00:00:00,0.7740848246708992
2010-09-21 00:00:00,0.7740848246708992
2010-09-22 00:00:00,0.7740848246708992
2010-09-23 00:00:00,0.7740848246708992
2010-09-24 00:00:00,0.7740848246708992
2010-09-27 00:00:00,0.7740848246708992
2010-09-28 00:00:00,0.7740848246708992
2010-09-29 00:00:00,0.7740848246708992
2010-09-30 00:00:00,0.7740848246708992
2010-10-01 00:00:00,0.7740848246708992
2010-10-04 00:00:00,0.7740848246708992
2010-10-05 00:00:00,0.7740848246708992
2010-10-06 00:00:00,0.7740848246708992
2010-10-07 00:00:00,0.7740848246708992
2010-10-08 00:00:00,0.7740848246708992
2010-10-11 00:00:00,0.7740848246708992
2010-10-12 00:00:00,0.7740848246708992
2010-10-13 00:00:00,0.7740848246708992
2010-10-14 00:00:00,0.7740848246708992
2010-10-15 00:00:00,0.7740848246708992
2010-10-18 00:00:00,0.7740848246708992
2010-10-19 00:00:00,0.7740848246708992
2010-10-20 00:00:00,0.7740848246708992
2010-10-21 00:00:00,0.7740848246708992
2010-10-22 00:00:00,0.7740848246708992
2010-10-25 00:00:00,0.7740848246708992
2010-10-26 00:00:00,0.7740848246708992
2010-10-27 00:00:00,0.7740848246708992
2010-10-28 00:00:00,0.7740848246708992
2010-10-29 00:00:00,0.7740848246708992
2010-11-01 00:00:00,0.7740848246708992
2010-11-02 00:00:00,0.7740848246708992
2010-11-03 00:00:00,0.7740848246708992
2010-11-04 00:00:00,0.7740848246708992
2010-11-05 00:00:00,0.7740848246708992
2010-11-08 00:00:00,0.7740848246708992
2010-11-09 00:00:00,0.7740848246708992
2010-11-10 00:00:00,0.7740848246708992
2010-11-11 00:00:00,0.7740848246708992
2010-11-12 00:00:00,0.7740848246708992
2010-11-15 00:00:00,0.7740848246708992
2010-11-16 00:00:00,0.7740848246708992
2010-11-17 00:00:00,0.7740848246708992
2010-11-18 00:00:00,0.7740848246708992
2010-11-19 00:00:00,0.7740848246708992
2010-11-22 00:00:00,0.7740848246708992
2010-11-23 00:00:00,0.7740848246708992
2010-11-24 00:00:00,0.7740848246708992
2010-11-26 00:00:00,0.7740848246708992
2010-11-29 00:00:00,0.7740848246708992
2010-11-30 00:00:00,0.7740848246708992
2010-12-01 00:00:00,0.7740848246708992
2010-12-02 00:00:00,0.7740848246708992
2010-12-03 00:00:00,0.7740848246708992
2010-12-06 00:00:00,0.7740848246708992
2010-12-07 00:00:00,0.7740848246708992
2010-12-08 00:00:00,0.7740848246708992
2010-12-09 00:00:00,0.7740848246708992
2010-12-10 00:00:00,0.7740848246708992
2010-12-13 00:00:00,0.7740848246708992
2010-12-14 00:00:00,0.7740848246708992
2010-12-15 00:00:00,0.7740848246708992
2010-12-16 00:00:00,0.7740848246708992
2010-12-17 00:00:00,0.7740848246708992
2010-12-20 00:00:00,0.7740848246708992
2010-12-21 00:00:00,0.7740848246708992
2010-12-22 00:00:00,0.7740848246708992
2010-12-23 00:00:00,0.7740848246708992
2010-12-27 00:00:00,0.7740848246708992
2010-12-28 00:00:00,0.7740848246708992
2010-12-29 00:00:00,0.7740848246708992
2010-12-30 00:00:00,0.7740848246708992
2010-12-31 00:00:00,0.7740848246708992
2011-01-03 00:00:00,0.7740848246708992
2011-01-04 00:00:00,0.7740848246708992
2011-01-05 00:00:00,0.7740848246708992
2011-01-06 00:00:00,0.7740848246708992
2011-01-07 00:00:00,0.7740848246708992
2011-01-10 00:00:00,0.7740848246708992
2011-01-11 00:00:00,0.7740848246708992
2011-01-12 00:00:00,0.7740848246708992
2011-01-13 00:00:00,0.7740848246708992
2011-01-14 00:00:00,0.7740848246708992
2011-01-18 00:00:00,0.7740848246708992
2011-01-19 00:00:00,0.7740848246708992
2011-01-20 00:00:00,0.7740848246708992
2011-01-21 00:00:00,0.7740848246708992
2011-01-24 00:00:00,0.7740848246708992
2011-01-25 00:00:00,0.7740848246708992
2011-01-26 00:00:00,0.7740848246708992
2011-01-27 00:00:00,0.7740848246708992
2011-01-28 00:00:00,0.7740848246708992
2011-01-31 00:00:00,0.7740848246708992
2011-02-01 00:00:00,0.7740848246708992
2011-02-02 00:00:00,0.7740848246708992
2011-02-03 00:00:00,0.7740848246708992
2011-02-04 00:00:00,0.7740848246708992
2011-02-07 00:00:00,0.7740848246708992
2011-02-08 00:00:00,0.7740848246708992
2011-02-09 00:00:00,0.7740848246708992
2011-02-10 00:00:00,0.7740848246708992
2011-02-11 00:00:00,0.7740848246708992
2011-02-14 00:00:00,0.7740848246708992
2011-02-15 00:00:00,0.7740848246708992
2011-02-16 00:00:00,0.7740848246708992
2011-02-17 00:00:00,0.7740848246708992
2011-02-18 00:00:00,0.7740848246708992
2011-02-22 00:00:00,0.7740848246708992
2011-02-23 00:00:00,0.7740848246708992
2011-02-24 00:00:00,0.7740848246708992
2011-02-25 00:00:00,0.7740848246708992
2011-02-28 00:00:00,0.7740848246708992
2011-03-01 00:00:00,0.7740848246708992
2011-03-02 00:00:00,0.7740848246708992
2011-03-03 00:00:00,0.7740848246708992
2011-03-04 00:00:00,0.7740848246708992
2011-03-07 00:00:00,0.7740848246708992
2011-03-08 00:00:00,0.7740848246708992
2011-03-09 00:00:00,0.7740848246708992
2011-03-10 00:00:00,0.7740848246708992
2011-03-11 00:00:00,0.7740848246708992
2011-03-14 00:00:00,0.7740848246708992
2011-03-15 00:00:00,0.7740848246708992
2011-03-16 00:00:00,0.7740848246708992
2011-03-17 00:00:00,0.7740848246708992
2011-03-18 00:00:00,0.7740848246708992
2011-03-21 00:00:00,0.7740848246708992
2011-03-22 00:00:00,0.7740848246708992
2011-03-23 00:00:00,0.7740848246708992
2011-03-24 00:00:00,0.7740848246708992
2011-03-25 00:00:00,0.7740848246708992
2011-03-28 00:00:00,0.7740848246708992
2011-03-29 00:00:00,0.7740848246708992
2011-03-30 00:00:00,0.7740848246708992
2011-03-31 00:00:00,0.7740848246708992
2011-04-01 00:00:00,0.7740848246708992
2011-04-04 00:00:00,0.7740848246708992
2011-04-05 00:00:00,0.7740848246708992
2011-04-06 00:00:00,0.7740848246708992
2011-04-07 00:00:00,0.7740848246708992
2011-04-08 00:00:00,0.7740848246708992
2011-04-11 00:00:00,0.7740848246708992
2011-04-12 00:00:00,0.7740848246708992
2011-04-13 00:00:00,0.7740848246708992
2011-04-14 00:00:00,0.7740848246708992
2011-04-15 00:00:00,0.7740848246708992
2011-04-18 00:00:00,0.7740848246708992
2011-04-19 00:00:00,0.7740848246708992
2011-04-20 00:00:00,0.7740848246708992
2011-04-21 00:00:00,0.7740848246708992
2011-04-25 00:00:00,0.7740848246708992
2011-04-26 00:00:00,0.7740848246708992
2011-04-27 00:00:00,0.7740848246708992
2011-04-28 00:00:00,0.7740848246708992
2011-04-29 00:00:00,0.7740848246708992
2011-05-02 00:00:00,0.7740848246708992
2011-05-03 00:00:00,0.7740848246708992
2011-05-04 00:00:00,0.7740848246708992
2011-05-05 00:00:00,0.7740848246708992
2011-05-06 00:00:00,0.7740848246708992
2011-05-09 00:00:00,0.7740848246708992
2011-05-10 00:00:00,0.7740848246708992
2011-05-11 00:00:00,0.7740848246708992
2011-05-12 00:00:00,0.7740848246708992
2011-05-13 00:00:00,0.7740848246708992
2011-05-16 00:00:00,0.7740848246708992
2011-05-17 00:00:00,0.7740848246708992
2011-05-18 00:00:00,0.7740848246708992
2011-05-19 00:00:00,0.7740848246708992
2011-05-20 00:00:00,0.7740848246708992
2011-05-23 00:00:00,0.7740848246708992
2011-05-24 00:00:00,0.7740848246708992
2011-05-25 00:00:00,0.7740848246708992
2011-05-26 00:00:00,0.7669550960226146
2011-05-27 00:00:00,0.7629954865447051
2011-05-31 00:00:00,0.7543016703479051
2011-06-01 00:00:00,0.7543016703479051
2011-06-02 00:00:00,0.7543016703479051
2011-06-03 00:00:00,0.7543016703479051
2011-06-06 00:00:00,0.7604592350038063
2011-06-07 00:00:00,0.7617828697129757
2011-06-08 00:00:00,0.7671223074586024
2011-06-09 00:00:00,0.7658356701940745
2011-06-10 00:00:00,0.7771318824437796
2011-06-13 00:00:00,0.7771169161407965
2011-06-14 00:00:00,0.7677317427527462
2011-06-15 00:00:00,0.7817720870773639
2011-06-16 00:00:00,0.7845681828999009
2011-06-17 00:00:00,0.7884351595321599
2011-06-20 00:00:00,0.7846721103951501
2011-06-21 00:00:00,0.7691293723511985
2011-06-22 00:00:00,0.7744554240867036
2011-06-23 00:00:00,0.7676269786318646
2011-06-24 00:00:00,0.780462582045545
2011-06-27 00:00:00,0.7688687169874433
2011-06-28 00:00:00,0.7578102923342024
2011-06-29 00:00:00,0.7547165437032688
2011-06-30 00:00:00,0.7446620698091422
2011-07-01 00:00:00,0.7337844215323674
2011-07-05 00:00:00,0.7337844215323674
2011-07-06 00:00:00,0.7337844215323674
2011-07-07 00:00:00,0.7337844215323674
2011-07-08 00:00:00,0.7337844215323674
2011-07-11 00:00:00,0.7337844215323674
2011-07-12 00:00:00,0.7337844215323674
2011-07-13 00:00:00,0.7337844215323674
2011-07-14 00:00:00,0.7337844215323674
2011-07-15 00:00:00,0.7337844215323674
2011-07-18 00:00:00,0.7337844215323674
2011-07-19 00:00:00,0.7337844215323674
2011-07-20 00:00:00,0.7337844215323674
2011-07-21 00:00:00,0.7337844215323674
2011-07-22 00:00:00,0.7337844215323674
2011-07-25 00:00:00,0.7337844215323674
2011-07-26 00:00:00,0.7337844215323674
2011-07-27 00:00:00,0.7337844215323674
2011-07-28 00:00:00,0.7337844215323674
2011-07-29 00:00:00,0.7337844215323674
2011-08-01 00:00:00,0.7337844215323674
2011-08-02 00:00:00,0.7337844215323674
2011-08-03 00:00:00,0.7337844215323674
2011-08-04 00:00:00,0.7337844215323674
2011-08-05 00:00:00,0.7337844215323674
2011-08-08 00:00:00,0.7337844215323674
2011-08-09 00:00:00,0.7170905401986056
2011-08-10 00:00:00,0.7381421257774589
2011-08-11 00:00:00,0.7163913760761437
2011-08-12 00:00:00,0.7118197949566649
2011-08-15 00:00:00,0.7058400825570125
2011-08-16 00:00:00,0.7052639154819627
2011-08-17 00:00:00,0.7075608929805797
2011-08-18 00:00:00,0.7264946947712583
2011-08-19 00:00:00,0.7331129253327483
2011-08-22 00:00:00,0.7318088586123043
2011-08-23 00:00:00,0.7168928447438097
2011-08-24 00:00:00,0.7139322976825975
2011-08-25 00:00:00,0.7201184029378003
2011-08-26 00:00:00,0.7107479971666595
2011-08-29 00:00:00,0.7000812154766569
2011-08-30 00:00:00,0.6974807728373509
2011-08-31 00:00:00,0.6968248940763377
2011-09-01 00:00:00,0.7004182474938165
2011-09-02 00:00:00,0.7096292298930306
2011-09-06 00:00:00,0.7095495182070672
2011-09-07 00:00:00,0.6998190080140204
2011-09-08 00:00:00,0.7016118393219687
2011-09-09 00:00:00,0.7103186755305142
2011-09-12 00:00:00,0.7054135645910091
2011-09-13 00:00:00,0.7002203701139792
2011-09-14 00:00:00,0.6981130688742082
2011-09-15 00:00:00,0.6968884009613899
2011-09-16 00:00:00,0.694490906402286
2011-09-19 00:00:00,0.6943677951098444
2011-09-20 00:00:00,0.6958192568481691
2011-09-21 00:00:00,0.7015278975215288
2011-09-22 00:00:00,0.7120185748068454
2011-09-23 00:00:00,0.7086879999332132
2011-09-26 00:00:00,0.705007519941633
2011-09-27 00:00:00,0.7016769450680008
2011-09-28 00:00:00,0.7064525054268322
2011-09-29 00:00:00,0.7102366679514774
2011-09-30 00:00:00,0.7183363269308156
2011-10-03 00:00:00,0.7262027158315216
2011-10-04 00:00:00,0.7200729000143049
2011-10-05 00:00:00,0.7122518761270058
2011-10-06 00:00:00,0.7069968231046593
2011-10-07 00:00:00,0.7090897775592222
2011-10-10 00:00:00,0.6981779251300485
2011-10-11 00:00:00,0.6959553831299186
2011-10-12 00:00:00,0.6943160163263687
2011-10-13 00:00:00,0.694820471526471
2011-10-14 00:00:00,0.694820471526471
2011-10-17 00:00:00,0.694820471526471
2011-10-18 00:00:00,0.694820471526471
2011-10-19 00:00:00,0.694820471526471
2011-10-20 00:00:00,0.694820471526471
2011-10-21 00:00:00,0.694820471526471
2011-10-24 00:00:00,0.694820471526471
2011-10-25 00:00:00,0.694820471526471
2011-10-26 00:00:00,0.694820471526471
2011-10-27 00:00:00,0.694820471526471
2011-10-28 00:00:00,0.694820471526471
2011-10-31 00:00:00,0.694820471526471
2011-11-01 00:00:00,0.694820471526471
2011-11-02 00:00:00,0.694820471526471
2011-11-03 00:00:00,0.694820471526471
2011-11-04 00:00:00,0.694820471526471
2011-11-07 00:00:00,0.694820471526471
2011-11-08 00:00:00,0.694820471526471
2011-11-09 00:00:00,0.694820471526471
2011-11-10 00:00:00,0.694820471526471
2011-11-11 00:00:00,0.694820471526471
2011-11-14 00:00:00,0.694820471526471
2011-11-15 00:00:00,0.694820471526471
2011-11-16 00:00:00,0.694820471526471
2011-11-17 00:00:00,0.694820471526471
2011-11-18 00:00:00,0.694820471526471
2011-11-21 00:00:00,0.694820471526471
2011-11-22 00:00:00,0.694820471526471
2011-11-23 00:00:00,0.694820471526471
2011-11-25 00:00:00,0.694820471526471
2011-11-28 00:00:00,0.694820471526471
2011-11-29 00:00:00,0.694820471526471
2011-11-30 00:00:00,0.694820471526471
2011-12-01 00:00:00,0.694820471526471
2011-12-02 00:00:00,0.694820471526471
2011-12-05 00:00:00,0.694820471526471
2011-12-06 00:00:00,0.694820471526471
2011-12-07 00:00:00,0.694820471526471
2011-12-08 00:00:00,0.694820471526471
2011-12-09 00:00:00,0.694820471526471
2011-12-12 00:00:00,0.694820471526471
2011-12-13 00:00:00,0.694820471526471
2011-12-14 00:00:00,0.694820471526471
2011-12-15 00:00:00,0.694820471526471
2011-12-16 00:00:00,0.694820471526471
2011-12-19 00:00:00,0.694820471526471
2011-12-20 00:00:00,0.694820471526471
2011-12-21 00:00:00,0.694820471526471
2011-12-22 00:00:00,0.694820471526471
2011-12-23 00:00:00,0.694820471526471
2011-12-27 00:00:00,0.694820471526471
2011-12-28 00:00:00,0.694820471526471
2011-12-29 00:00:00,0.694820471526471
2011-12-30 00:00:00,0.694820471526471
2012-01-03 00:00:00,0.694820471526471
2012-01-04 00:00:00,0.694820471526471
2012-01-05 00:00:00,0.694820471526471
2012-01-06 00:00:00,0.694820471526471
2012-01-09 00:00:00,0.694820471526471
2012-01-10 00:00:00,0.694820471526471
2012-01-11 00:00:00,0.694820471526471
2012-01-12 00:00:00,0.694820471526471
2012-01-13 00:00:00,0.694820471526471
2012-01-17 00:00:00,0.694820471526471
2012-01-18 00:00:00,0.694820471526471
2012-01-19 00:00:00,0.694820471526471
2012-01-20 00:00:00,0.694820471526471
2012-01-23 00:00:00,0.694820471526471
2012-01-24 00:00:00,0.694820471526471
2012-01-25 00:00:00,0.694820471526471
2012-01-26 00:00:00,0.694820471526471
2012-01-27 00:00:00,0.694820471526471
2012-01-30 00:00:00,0.694820471526471
2012-01-31 00:00:00,0.694820471526471
2012-02-01 00:00:00,0.694820471526471
2012-02-02 00:00:00,0.694820471526471
2012-02-03 00:00:00,0.694820471526471
2012-02-06 00:00:00,0.694820471526471
2012-02-07 00:00:00,0.694820471526471
2012-02-08 00:00:00,0.694820471526471
2012-02-09 00:00:00,0.694820471526471
2012-02-10 00:00:00,0.694820471526471
2012-02-13 00:00:00,0.694820471526471
2012-02-14 00:00:00,0.694820471526471
2012-02-15 00:00:00,0.694820471526471
2012-02-16 00:00:00,0.694820471526471
2012-02-17 00:00:00,0.694820471526471
2012-02-21 00:00:00,0.694820471526471
2012-02-22 00:00:00,0.694820471526471
2012-02-23 00:00:00,0.694820471526471
2012-02-24 00:00:00,0.694820471526471
2012-02-27 00:00:00,0.694820471526471
2012-02-28 00:00:00,0.694820471526471
2012-02-29 00:00:00,0.694820471526471
2012-03-01 00:00:00,0.694820471526471
2012-03-02 00:00:00,0.694820471526471
2012-03-05 00:00:00,0.694820471526471
2012-03-06 00:00:00,0.694820471526471
2012-03-07 00:00:00,0.694820471526471
2012-03-08 00:00:00,0.694820471526471
2012-03-09 00:00:00,0.694820471526471
2012-03-12 00:00:00,0.694820471526471
2012-03-13 00:00:00,0.694820471526471
2012-03-14 00:00:00,0.694820471526471
2012-03-15 00:00:00,0.694820471526471
2012-03-16 00:00:00,0.694820471526471
2012-03-19 00:00:00,0.694820471526471
2012-03-20 00:00:00,0.694820471526471
2012-03-21 00:00:00,0.694820471526471
2012-03-22 00:00:00,0.694820471526471
2012-03-23 00:00:00,0.694820471526471
2012-03-26 00:00:00,0.694820471526471
2012-03-27 00:00:00,0.694820471526471
2012-03-28 00:00:00,0.694820471526471
2012-03-29 00:00:00,0.694820471526471
2012-03-30 00:00:00,0.694820471526471
2012-04-02 00:00:00,0.694820471526471
2012-04-03 00:00:00,0.694820471526471
2012-04-04 00:00:00,0.694820471526471
2012-04-05 00:00:00,0.694820471526471
2012-04-09 00:00:00,0.694820471526471
2012-04-10 00:00:00,0.694820471526471
2012-04-11 00:00:00,0.694820471526471
2012-04-12 00:00:00,0.694820471526471
2012-04-13 00:00:00,0.694820471526471
2012-04-16 00:00:00,0.694820471526471
2012-04-17 00:00:00,0.694820471526471
2012-04-18 00:00:00,0.694820471526471
2012-04-19 00:00:00,0.694820471526471
2012-04-20 00:00:00,0.694820471526471
2012-04-23 00:00:00,0.694820471526471
2012-04-24 00:00:00,0.694820471526471
2012-04-25 00:00:00,0.694820471526471
2012-04-26 00:00:00,0.694820471526471
2012-04-27 00:00:00,0.694820471526471
2012-04-30 00:00:00,0.694820471526471
2012-05-01 00:00:00,0.694820471526471
2012-05-02 00:00:00,0.694820471526471
2012-05-03 00:00:00,0.694820471526471
2012-05-04 00:00:00,0.694820471526471
2012-05-07 00:00:00,0.694820471526471
2012-05-08 00:00:00,0.694820471526471
2012-05-09 00:00:00,0.694820471526471
2012-05-10 00:00:00,0.694820471526471
2012-05-11 00:00:00,0.694820471526471
2012-05-14 00:00:00,0.694820471526471
2012-05-15 00:00:00,0.694820471526471
2012-05-16 00:00:00,0.694820471526471
2012-05-17 00:00:00,0.694820471526471
2012-05-18 00:00:00,0.694820471526471
2012-05-21 00:00:00,0.694820471526471
2012-05-22 00:00:00,0.694820471526471
2012-05-23 00:00:00,0.6877522187077776
2012-05-24 00:00:00,0.6923384066439209
2012-05-25 00:00:00,0.6932221764369388
2012-05-29 00:00:00,0.684345025670809
2012-05-30 00:00:00,0.6902775474771795
2012-05-31 00:00:00,0.693293012564724
2012-06-01 00:00:00,0.7118025366088012
2012-06-04 00:00:00,0.7066165845368779
2012-06-05 00:00:00,0.7037979361867709
2012-06-06 00:00:00,0.688076921580319
2012-06-07 00:00:00,0.6908679976894923
2012-06-08 00:00:00,0.684122542217889
2012-06-11 00:00:00,0.6960574691956896
2012-06-12 00:00:00,0.6875729991417092
2012-06-13 00:00:00,0.6923835760562237
2012-06-14 00:00:00,0.6897893166844878
2012-06-15 00:00:00,0.6827072777453278
2012-06-18 00:00:00,0.6760740167629102
2012-06-19 00:00:00,0.6706366216554355
2012-06-20 00:00:00,0.6713660275522018
2012-06-21 00:00:00,0.6880248560532564
2012-06-22 00:00:00,0.6811342941729981
2012-06-25 00:00:00,0.6938334906630355
2012-06-26 00:00:00,0.6897563515274474
2012-06-27 00:00:00,0.6857834132342545
2012-06-28 00:00:00,0.693064165919742
2012-06-29 00:00:00,0.6726274945281094
2012-07-02 00:00:00,0.6706343722404251
2012-07-03 00:00:00,0.6649942204689092
2012-07-05 00:00:00,0.6645641108171525
2012-07-06 00:00:00,0.6729910727689873
2012-07-09 00:00:00,0.6742281765955538
2012-07-10 00:00:00,0.680779523384275
2012-07-11 00:00:00,0.684413246585931
2012-07-12 00:00:00,0.6905477900050714
2012-07-13 00:00:00,0.6806354036953527
2012-07-16 00:00:00,0.6824977125762903
2012-07-17 00:00:00,0.6790457784950735
2012-07-18 00:00:00,0.6700711997669115
2012-07-19 00:00:00,0.66510060092829
2012-07-20 00:00:00,0.66510060092829
2012-07-23 00:00:00,0.6602443108262739
2012-07-24 00:00:00,0.665509690583623
2012-07-25 00:00:00,0.6699304981493169
2012-07-26 00:00:00,0.661154865220402
2012-07-27 00:00:00,0.6453059401863765
2012-07-30 00:00:00,0.6435487021701145
2012-07-31 00:00:00,0.6435487021701145
2012-08-01 00:00:00,0.6435487021701145
2012-08-02 00:00:00,0.6435487021701145
2012-08-03 00:00:00,0.6413831972071682
2012-08-06 00:00:00,0.6364488261951984
2012-08-07 00:00:00,0.6310222949643768
2012-08-08 00:00:00,0.631304822272232
2012-08-09 00:00:00,0.6293234125733707
2012-08-10 00:00:00,0.6289169155748338
2012-08-13 00:00:00,0.6273292340510535
2012-08-14 00:00:00,0.6270211690962868
2012-08-15 00:00:00,0.6253350555287361
2012-08-16 00:00:00,0.6226040661301554
2012-08-17 00:00:00,0.6226040661301554
2012-08-20 00:00:00,0.6226040661301554
2012-08-21 00:00:00,0.6226040661301554
2012-08-22 00:00:00,0.6226040661301554
2012-08-23 00:00:00,0.6226040661301554
2012-08-24 00:00:00,0.6226040661301554
2012-08-27 00:00:00,0.6226040661301554
2012-08-28 00:00:00,0.6226040661301554
2012-08-29 00:00:00,0.6226040661301554
2012-08-30 00:00:00,0.6226040661301554
2012-08-31 00:00:00,0.6226040661301554
2012-09-04 00:00:00,0.6226040661301554
2012-09-05 00:00:00,0.6226040661301554
2012-09-06 00:00:00,0.6226040661301554
2012-09-07 00:00:00,0.6226040661301554
2012-09-10 00:00:00,0.6226040661301554
2012-09-11 00:00:00,0.6226040661301554
2012-09-12 00:00:00,0.6226040661301554
2012-09-13 00:00:00,0.6226040661301554
2012-09-14 00:00:00,0.6226040661301554
2012-09-17 00:00:00,0.6226040661301554
2012-09-18 00:00:00,0.6226040661301554
2012-09-19 00:00:00,0.6226040661301554
2012-09-20 00:00:00,0.6226040661301554
2012-09-21 00:00:00,0.6226040661301554
2012-09-24 00:00:00,0.6226040661301554
2012-09-25 00:00:00,0.6226040661301554
2012-09-26 00:00:00,0.6226040661301554
2012-09-27 00:00:00,0.6226040661301554
2012-09-28 00:00:00,0.6226040661301554
2012-10-01 00:00:00,0.6226040661301554
2012-10-02 00:00:00,0.6226040661301554
2012-10-03 00:00:00,0.6226040661301554
2012-10-04 00:00:00,0.6226040661301554
2012-10-05 00:00:00,0.6226040661301554
2012-10-08 00:00:00,0.6226040661301554
2012-10-09 00:00:00,0.6226040661301554
2012-10-10 00:00:00,0.6226040661301554
2012-10-11 00:00:00,0.6226040661301554
2012-10-12 00:00:00,0.6226040661301554
2012-10-15 00:00:00,0.6226040661301554
2012-10-16 00:00:00,0.6226040661301554
2012-10-17 00:00:00,0.6226040661301554
2012-10-18 00:00:00,0.6226040661301554
2012-10-19 00:00:00,0.6226040661301554
2012-10-22 00:00:00,0.6226040661301554
2012-10-23 00:00:00,0.6226040661301554
2012-10-24 00:00:00,0.6226040661301554
2012-10-25 00:00:00,0.6226040661301554
2012-10-26 00:00:00,0.6209802138558056
2012-10-31 00:00:00,0.6247886894813485
2012-11-01 00:00:00,0.6159607287907887
2012-11-02 00:00:00,0.622662527086335
2012-11-05 00:00:00,0.6185427827841696
2012-11-06 00:00:00,0.6173841808646422
2012-11-07 00:00:00,0.6321775395225521
2012-11-08 00:00:00,0.6418127791913506
2012-11-09 00:00:00,0.6392213664415145
2012-11-12 00:00:00,0.6393045339082547
2012-11-13 00:00:00,0.64349509242188
2012-11-14 00:00:00,0.6505512725961227
2012-11-15 00:00:00,0.6525458097104948
2012-11-16 00:00:00,0.6499534417534385
2012-11-19 00:00:00,0.6357982903957907
2012-11-20 00:00:00,0.6356006269397905
2012-11-21 00:00:00,0.6343465042982425
2012-11-23 00:00:00,0.6250686410069656
2012-11-26 00:00:00,0.6223721554629069
2012-11-27 00:00:00,0.6244708101642815
2012-11-28 00:00:00,0.6270750369431666
2012-11-29 00:00:00,0.6262175961451585
2012-11-30 00:00:00,0.6272531373777052
2012-12-03 00:00:00,0.628479221009809
2012-12-04 00:00:00,0.628847863843905
2012-12-05 00:00:00,0.6357597326787996
2012-12-06 00:00:00,0.6317763871070062
2012-12-07 00:00:00,0.6354795219333553
2012-12-10 00:00:00,0.633656927172542
2012-12-11 00:00:00,0.6255464332263369
2012-12-12 00:00:00,0.6268677880582194
2012-12-13 00:00:00,0.6317989686497156
2012-12-14 00:00:00,0.6377038209029497
2012-12-17 00:00:00,0.6294980557569659
2012-12-18 00:00:00,0.6199851697500187
2012-12-19 00:00:00,0.6227041530826545
2012-12-20 00:00:00,0.6226964746776246
2012-12-21 00:00:00,0.6327827798891442
2012-12-24 00:00:00,0.6340088635212483
2012-12-26 00:00:00,0.6394268799436132
2012-12-27 00:00:00,0.6403671499763812
2012-12-28 00:00:00,0.6445816243861825
2012-12-31 00:00:00,0.6299034237969487
2013-01-02 00:00:00,0.6138431838034963
2013-01-03 00:00:00,0.6138431838034963
2013-01-04 00:00:00,0.6138431838034963
2013-01-07 00:00:00,0.6120845960485131
2013-01-08 00:00:00,0.6132768275617011
2013-01-09 00:00:00,0.610955578077013
2013-01-10 00:00:00,0.607248886558462
2013-01-11 00:00:00,0.6064054419098942
2013-01-14 00:00:00,0.6091641465493698
2013-01-15 00:00:00,0.612199939595618
2013-01-16 00:00:00,0.6096939645064148
2013-01-17 00:00:00,0.606726175405924
2013-01-18 00:00:00,0.6080994380115369
2013-01-22 00:00:00,0.6070712677584539
2013-01-23 00:00:00,0.6032722134376455
2013-01-24 00:00:00,0.6118497746193451
2013-01-25 00:00:00,0.6086972599143392
2013-01-28 00:00:00,0.6072996384522262
2013-01-29 00:00:00,0.6071950962217187
2013-01-30 00:00:00,0.6084759960250739
2013-01-31 00:00:00,0.6098492586306866
2013-02-01 00:00:00,0.6025404178240923
2013-02-04 00:00:00,0.6134270490622299
2013-02-05 00:00:00,0.6105831738972478
2013-02-06 00:00:00,0.6105831738972478
2013-02-07 00:00:00,0.6105831738972478
2013-02-08 00:00:00,0.6105831738972478
2013-02-11 00:00:00,0.6105831738972478
2013-02-12 00:00:00,0.6105831738972478
2013-02-13 00:00:00,0.6105831738972478
2013-02-14 00:00:00,0.6105831738972478
2013-02-15 00:00:00,0.6105831738972478
2013-02-19 00:00:00,0.6105831738972478
2013-02-20 00:00:00,0.6105831738972478
2013-02-21 00:00:00,0.6105831738972478
2013-02-22 00:00:00,0.6105831738972478
2013-02-25 00:00:00,0.6105831738972478
2013-02-26 00:00:00,0.6105831738972478
2013-02-27 00:00:00,0.6105831738972478
2013-02-28 00:00:00,0.6105831738972478
2013-03-01 00:00:00,0.6105831738972478
2013-03-04 00:00:00,0.6105831738972478
2013-03-05 00:00:00,0.6105831738972478
2013-03-06 00:00:00,0.6105831738972478
2013-03-07 00:00:00,0.6105831738972478
2013-03-08 00:00:00,0.6105831738972478
2013-03-11 00:00:00,0.6105831738972478
2013-03-12 00:00:00,0.6105831738972478
2013-03-13 00:00:00,0.6105831738972478
2013-03-14 00:00:00,0.6105831738972478
2013-03-15 00:00:00,0.6105831738972478
2013-03-18 00:00:00,0.6105831738972478
2013-03-19 00:00:00,0.6105831738972478
2013-03-20 00:00:00,0.6105831738972478
2013-03-21 00:00:00,0.6105831738972478
2013-03-22 00:00:00,0.6105831738972478
2013-03-25 00:00:00,0.6105831738972478
2013-03-26 00:00:00,0.6105831738972478
2013-03-27 00:00:00,0.6105831738972478
2013-03-28 00:00:00,0.6105831738972478
2013-04-01 00:00:00,0.6105831738972478
2013-04-02 00:00:00,0.6105831738972478
2013-04-03 00:00:00,0.6105831738972478
2013-04-04 00:00:00,0.6105831738972478
2013-04-05 00:00:00,0.6105831738972478
2013-04-08 00:00:00,0.6105831738972478
2013-04-09 00:00:00,0.6105831738972478
2013-04-10 00:00:00,0.6105831738972478
2013-04-11 00:00:00,0.6105831738972478
2013-04-12 00:00:00,0.6105831738972478
2013-04-15 00:00:00,0.6105831738972478
2013-04-16 00:00:00,0.6105831738972478
2013-04-17 00:00:00,0.6105831738972478
2013-04-18 00:00:00,0.6105831738972478
2013-04-19 00:00:00,0.6105831738972478
2013-04-22 00:00:00,0.6105831738972478
2013-04-23 00:00:00,0.6105831738972478
2013-04-24 00:00:00,0.6105831738972478
2013-04-25 00:00:00,0.6105831738972478
2013-04-26 00:00:00,0.6105831738972478
2013-04-29 00:00:00,0.6105831738972478
2013-04-30 00:00:00,0.6105831738972478
2013-05-01 00:00:00,0.6105831738972478
2013-05-02 00:00:00,0.6105831738972478
2013-05-03 00:00:00,0.6105831738972478
2013-05-06 00:00:00,0.6105831738972478
2013-05-07 00:00:00,0.6105831738972478
2013-05-08 00:00:00,0.6105831738972478
2013-05-09 00:00:00,0.6105831738972478
2013-05-10 00:00:00,0.6105831738972478
2013-05-13 00:00:00,0.6105831738972478
2013-05-14 00:00:00,0.6105831738972478
2013-05-15 00:00:00,0.6105831738972478
2013-05-16 00:00:00,0.6105831738972478
2013-05-17 00:00:00,0.6105831738972478
2013-05-20 00:00:00,0.6105831738972478
2013-05-21 00:00:00,0.6105831738972478
2013-05-22 00:00:00,0.6105831738972478
2013-05-23 00:00:00,0.6105831738972478
2013-05-24 00:00:00,0.6105831738972478
2013-05-28 00:00:00,0.6105831738972478
2013-05-29 00:00:00,0.6105831738972478
2013-05-30 00:00:00,0.6105831738972478
2013-05-31 00:00:00,0.6105831738972478
2013-06-03 00:00:00,0.6105831738972478
2013-06-04 00:00:00,0.6105831738972478
2013-06-05 00:00:00,0.6105831738972478
2013-06-06 00:00:00,0.6105831738972478
2013-06-07 00:00:00,0.6105831738972478
2013-06-10 00:00:00,0.6105831738972478
2013-06-11 00:00:00,0.6105831738972478
2013-06-12 00:00:00,0.6105831738972478
2013-06-13 00:00:00,0.6105831738972478
2013-06-14 00:00:00,0.6105831738972478
2013-06-17 00:00:00,0.6105831738972478
2013-06-18 00:00:00,0.6105831738972478
2013-06-19 00:00:00,0.6105831738972478
2013-06-20 00:00:00,0.6105831738972478
2013-06-21 00:00:00,0.6105831738972478
2013-06-24 00:00:00,0.6105831738972478
2013-06-25 00:00:00,0.6105831738972478
2013-06-26 00:00:00,0.6105831738972478
2013-06-27 00:00:00,0.6105831738972478
2013-06-28 00:00:00,0.6105831738972478
2013-07-01 00:00:00,0.6105831738972478
2013-07-02 00:00:00,0.6105831738972478
2013-07-03 00:00:00,0.6105831738972478
2013-07-05 00:00:00,0.6105831738972478
2013-07-08 00:00:00,0.6105831738972478
2013-07-09 00:00:00,0.6105831738972478
2013-07-10 00:00:00,0.6105831738972478
2013-07-11 00:00:00,0.6105831738972478
2013-07-12 00:00:00,0.6105831738972478
2013-07-15 00:00:00,0.6105831738972478
2013-07-16 00:00:00,0.6105831738972478
2013-07-17 00:00:00,0.6105831738972478
2013-07-18 00:00:00,0.6105831738972478
2013-07-19 00:00:00,0.6105831738972478
2013-07-22 00:00:00,0.6105831738972478
2013-07-23 00:00:00,0.6105831738972478
2013-07-24 00:00:00,0.6105831738972478
2013-07-25 00:00:00,0.6105831738972478
2013-07-26 00:00:00,0.6105831738972478
2013-07-29 00:00:00,0.6105831738972478
2013-07-30 00:00:00,0.6105831738972478
2013-07-31 00:00:00,0.6105831738972478
2013-08-01 00:00:00,0.6105831738972478
2013-08-02 00:00:00,0.6105831738972478
2013-08-05 00:00:00,0.6105831738972478
2013-08-06 00:00:00,0.6105831738972478
2013-08-07 00:00:00,0.6105831738972478
2013-08-08 00:00:00,0.6105831738972478
2013-08-09 00:00:00,0.6105831738972478
2013-08-12 00:00:00,0.6105831738972478
2013-08-13 00:00:00,0.6105831738972478
2013-08-14 00:00:00,0.6105831738972478
2013-08-15 00:00:00,0.6105831738972478
2013-08-16 00:00:00,0.6105831738972478
2013-08-19 00:00:00,0.6105831738972478
2013-08-20 00:00:00,0.6105831738972478
2013-08-21 00:00:00,0.6105831738972478
2013-08-22 00:00:00,0.6105831738972478
2013-08-23 00:00:00,0.6105831738972478
2013-08-26 00:00:00,0.6105831738972478
2013-08-27 00:00:00,0.6105831738972478
2013-08-28 00:00:00,0.6105831738972478
2013-08-29 00:00:00,0.6105831738972478
2013-08-30 00:00:00,0.6105831738972478
2013-09-03 00:00:00,0.6105831738972478
2013-09-04 00:00:00,0.6105831738972478
2013-09-05 00:00:00,0.6105831738972478
2013-09-06 00:00:00,0.6105831738972478
2013-09-09 00:00:00,0.6105831738972478
2013-09-10 00:00:00,0.6105831738972478
2013-09-11 00:00:00,0.6105831738972478
2013-09-12 00:00:00,0.6105831738972478
2013-09-13 00:00:00,0.6105831738972478
2013-09-16 00:00:00,0.6105831738972478
2013-09-17 00:00:00,0.6105831738972478
2013-09-18 00:00:00,0.6105831738972478
2013-09-19 00:00:00,0.6105831738972478
2013-09-20 00:00:00,0.6105831738972478
2013-09-23 00:00:00,0.6105831738972478
2013-09-24 00:00:00,0.6105831738972478
2013-09-25 00:00:00,0.6105831738972478
2013-09-26 00:00:00,0.6105831738972478
2013-09-27 00:00:00,0.6105831738972478
2013-09-30 00:00:00,0.6105831738972478
2013-10-01 00:00:00,0.6105831738972478
2013-10-02 00:00:00,0.6105831738972478
2013-10-03 00:00:00,0.6105831738972478
2013-10-04 00:00:00,0.6105831738972478
2013-10-07 00:00:00,0.6105831738972478
2013-10-08 00:00:00,0.6105831738972478
2013-10-09 00:00:00,0.6105831738972478
2013-10-10 00:00:00,0.6105831738972478
2013-10-11 00:00:00,0.6105831738972478
2013-10-14 00:00:00,0.6105831738972478
2013-10-15 00:00:00,0.6105831738972478
2013-10-16 00:00:00,0.6105831738972478
2013-10-17 00:00:00,0.6105831738972478
2013-10-18 00:00:00,0.6105831738972478
2013-10-21 00:00:00,0.6105831738972478
2013-10-22 00:00:00,0.6105831738972478
2013-10-23 00:00:00,0.6105831738972478
2013-10-24 00:00:00,0.6105831738972478
2013-10-25 00:00:00,0.6105831738972478
2013-10-28 00:00:00,0.6105831738972478
2013-10-29 00:00:00,0.6105831738972478
2013-10-30 00:00:00,0.6105831738972478
2013-10-31 00:00:00,0.6105831738972478
2013-11-01 00:00:00,0.6105831738972478
2013-11-04 00:00:00,0.6105831738972478
2013-11-05 00:00:00,0.6105831738972478
2013-11-06 00:00:00,0.6105831738972478
2013-11-07 00:00:00,0.6105831738972478
2013-11-08 00:00:00,0.6105831738972478
2013-11-11 00:00:00,0.6105831738972478
2013-11-12 00:00:00,0.6105831738972478
2013-11-13 00:00:00,0.6105831738972478
2013-11-14 00:00:00,0.6105831738972478
2013-11-15 00:00:00,0.6105831738972478
2013-11-18 00:00:00,0.6105831738972478
2013-11-19 00:00:00,0.6105831738972478
2013-11-20 00:00:00,0.6105831738972478
2013-11-21 00:00:00,0.6105831738972478
2013-11-22 00:00:00,0.6105831738972478
2013-11-25 00:00:00,0.6105831738972478
2013-11-26 00:00:00,0.6105831738972478
2013-11-27 00:00:00,0.6105831738972478
2013-11-29 00:00:00,0.6105831738972478
2013-12-02 00:00:00,0.6105831738972478
2013-12-03 00:00:00,0.6105831738972478
2013-12-04 00:00:00,0.6105831738972478
2013-12-05 00:00:00,0.6105831738972478
2013-12-06 00:00:00,0.6105831738972478
2013-12-09 00:00:00,0.6105831738972478
2013-12-10 00:00:00,0.6105831738972478
2013-12-11 00:00:00,0.6105831738972478
2013-12-12 00:00:00,0.6105831738972478
2013-12-13 00:00:00,0.6105831738972478
2013-12-16 00:00:00,0.6105831738972478
2013-12-17 00:00:00,0.6105831738972478
2013-12-18 00:00:00,0.6105831738972478
2013-12-19 00:00:00,0.6105831738972478
2013-12-20 00:00:00,0.6105831738972478
2013-12-23 00:00:00,0.6105831738972478
2013-12-24 00:00:00,0.6105831738972478
2013-12-26 00:00:00,0.6105831738972478
2013-12-27 00:00:00,0.6105831738972478
2013-12-30 00:00:00,0.6105831738972478
2013-12-31 00:00:00,0.6105831738972478
2014-01-02 00:00:00,0.6105831738972478
2014-01-03 00:00:00,0.6105831738972478
2014-01-06 00:00:00,0.6105831738972478
2014-01-07 00:00:00,0.6105831738972478
2014-01-08 00:00:00,0.6105831738972478
2014-01-09 00:00:00,0.6105831738972478
2014-01-10 00:00:00,0.6105831738972478
2014-01-13 00:00:00,0.6105831738972478
2014-01-14 00:00:00,0.6105831738972478
2014-01-15 00:00:00,0.6105831738972478
2014-01-16 00:00:00,0.6105831738972478
2014-01-17 00:00:00,0.6105831738972478
2014-01-21 00:00:00,0.6105831738972478
2014-01-22 00:00:00,0.6105831738972478
2014-01-23 00:00:00,0.6105831738972478
2014-01-24 00:00:00,0.6105831738972478
2014-01-27 00:00:00,0.6105831738972478
2014-01-28 00:00:00,0.6105831738972478
2014-01-29 00:00:00,0.6105831738972478
2014-01-30 00:00:00,0.6105831738972478
2014-01-31 00:00:00,0.6105831738972478
2014-02-03 00:00:00,0.6105831738972478
2014-02-04 00:00:00,0.6105831738972478
2014-02-05 00:00:00,0.6105831738972478
2014-02-06 00:00:00,0.6105831738972478
2014-02-07 00:00:00,0.6105831738972478
2014-02-10 00:00:00,0.6105831738972478
2014-02-11 00:00:00,0.6105831738972478
2014-02-12 00:00:00,0.6105831738972478
2014-02-13 00:00:00,0.6105831738972478
2014-02-14 00:00:00,0.6105831738972478
2014-02-18 00:00:00,0.6105831738972478
2014-02-19 00:00:00,0.6105831738972478
2014-02-20 00:00:00,0.6105831738972478
2014-02-21 00:00:00,0.6105831738972478
2014-02-24 00:00:00,0.6105831738972478
2014-02-25 00:00:00,0.6105831738972478
2014-02-26 00:00:00,0.6105831738972478
2014-02-27 00:00:00,0.6105831738972478
2014-02-28 00:00:00,0.6105831738972478
2014-03-03 00:00:00,0.6105831738972478
2014-03-04 00:00:00,0.6105831738972478
2014-03-05 00:00:00,0.6105831738972478
2014-03-06 00:00:00,0.6105831738972478
2014-03-07 00:00:00,0.6105831738972478
2014-03-10 00:00:00,0.6105831738972478
2014-03-11 00:00:00,0.6105831738972478
2014-03-12 00:00:00,0.6105831738972478
2014-03-13 00:00:00,0.6105831738972478
2014-03-14 00:00:00,0.6105831738972478
2014-03-17 00:00:00,0.6105831738972478
2014-03-18 00:00:00,0.6105831738972478
2014-03-19 00:00:00,0.6105831738972478
2014-03-20 00:00:00,0.6105831738972478
2014-03-21 00:00:00,0.6105831738972478
2014-03-24 00:00:00,0.6105831738972478
2014-03-25 00:00:00,0.6105831738972478
2014-03-26 00:00:00,0.6105831738972478
2014-03-27 00:00:00,0.6105831738972478
2014-03-28 00:00:00,0.6105831738972478
2014-03-31 00:00:00,0.6105831738972478
2014-04-01 00:00:00,0.6105831738972478
2014-04-02 00:00:00,0.6105831738972478
2014-04-03 00:00:00,0.6105831738972478
2014-04-04 00:00:00,0.6105831738972478
2014-04-07 00:00:00,0.6105831738972478
2014-04-08 00:00:00,0.6105831738972478
2014-04-09 00:00:00,0.6105831738972478
2014-04-10 00:00:00,0.6105831738972478
2014-04-11 00:00:00,0.6105831738972478
2014-04-14 00:00:00,0.6111588563240219
2014-04-15 00:00:00,0.6091311334817653
2014-04-16 00:00:00,0.6009882240611012
2014-04-17 00:00:00,0.6008321887088939
2014-04-21 00:00:00,0.5962146145491873
2014-04-22 00:00:00,0.5912372388727473
2014-04-23 00:00:00,0.5967660674849338
2014-04-24 00:00:00,0.5861474357879278
2014-04-25 00:00:00,0.5921381479819018
2014-04-28 00:00:00,0.5902417996294136
2014-04-29 00:00:00,0.5855856849853193
2014-04-30 00:00:00,0.5840258934976611
2014-05-01 00:00:00,0.5822641678911048
2014-05-02 00:00:00,0.5833295199491207
2014-05-05 00:00:00,0.5802215668832443
2014-05-06 00:00:00,0.5878834334919282
2014-05-07 00:00:00,0.589554587906638
2014-05-08 00:00:00,0.5900814489809257
2014-05-09 00:00:00,0.5879158551365734
2014-05-12 00:00:00,0.5782786988929952
2014-05-13 00:00:00,0.5778632007457589
2014-05-14 00:00:00,0.5809478939927548
2014-05-15 00:00:00,0.5856144045044515
2014-05-16 00:00:00,0.5817323706494664
2014-05-19 00:00:00,0.5776147469891001
2014-05-20 00:00:00,0.5797570810145718
2014-05-21 00:00:00,0.5740912957759875
2014-05-22 00:00:00,0.5714545223208732
2014-05-23 00:00:00,0.570535319707458
2014-05-27 00:00:00,0.570535319707458
2014-05-28 00:00:00,0.570535319707458
2014-05-29 00:00:00,0.570535319707458
2014-05-30 00:00:00,0.570535319707458
2014-06-02 00:00:00,0.570535319707458
2014-06-03 00:00:00,0.570535319707458
2014-06-04 00:00:00,0.570535319707458
2014-06-05 00:00:00,0.570535319707458
2014-06-06 00:00:00,0.570535319707458
2014-06-09 00:00:00,0.570535319707458
2014-06-10 00:00:00,0.570535319707458
2014-06-11 00:00:00,0.570535319707458
2014-06-12 00:00:00,0.570535319707458
2014-06-13 00:00:00,0.570535319707458
2014-06-16 00:00:00,0.570535319707458
2014-06-17 00:00:00,0.570535319707458
2014-06-18 00:00:00,0.570535319707458
2014-06-19 00:00:00,0.570535319707458
2014-06-20 00:00:00,0.570535319707458
2014-06-23 00:00:00,0.570535319707458
2014-06-24 00:00:00,0.570535319707458
2014-06-25 00:00:00,0.570535319707458
2014-06-26 00:00:00,0.570535319707458
2014-06-27 00:00:00,0.570535319707458
2014-06-30 00:00:00,0.570535319707458
2014-07-01 00:00:00,0.570535319707458
2014-07-02 00:00:00,0.570535319707458
2014-07-03 00:00:00,0.570535319707458
2014-07-07 00:00:00,0.570535319707458
2014-07-08 00:00:00,0.570535319707458
2014-07-09 00:00:00,0.570535319707458
2014-07-10 00:00:00,0.570535319707458
2014-07-11 00:00:00,0.570535319707458
2014-07-14 00:00:00,0.570535319707458
2014-07-15 00:00:00,0.570535319707458
2014-07-16 00:00:00,0.570535319707458
2014-07-17 00:00:00,0.570535319707458
2014-07-18 00:00:00,0.570535319707458
2014-07-21 00:00:00,0.570535319707458
2014-07-22 00:00:00,0.570535319707458
2014-07-23 00:00:00,0.570535319707458
2014-07-24 00:00:00,0.570535319707458
2014-07-25 00:00:00,0.570535319707458
2014-07-28 00:00:00,0.570535319707458
2014-07-29 00:00:00,0.570535319707458
2014-07-30 00:00:00,0.570535319707458
2014-07-31 00:00:00,0.570535319707458
2014-08-01 00:00:00,0.570535319707458
2014-08-04 00:00:00,0.570535319707458
2014-08-05 00:00:00,0.570535319707458
2014-08-06 00:00:00,0.570535319707458
2014-08-07 00:00:00,0.570535319707458
2014-08-08 00:00:00,0.570535319707458
2014-08-11 00:00:00,0.570535319707458
2014-08-12 00:00:00,0.570535319707458
2014-08-13 00:00:00,0.570535319707458
2014-08-14 00:00:00,0.570535319707458
2014-08-15 00:00:00,0.570535319707458
2014-08-18 00:00:00,0.570535319707458
2014-08-19 00:00:00,0.570535319707458
2014-08-20 00:00:00,0.570535319707458
2014-08-21 00:00:00,0.570535319707458
2014-08-22 00:00:00,0.570535319707458
2014-08-25 00:00:00,0.570535319707458
2014-08-26 00:00:00,0.570535319707458
2014-08-27 00:00:00,0.570535319707458
2014-08-28 00:00:00,0.570535319707458
2014-08-29 00:00:00,0.570535319707458
2014-09-02 00:00:00,0.570535319707458
2014-09-03 00:00:00,0.570535319707458
2014-09-04 00:00:00,0.570535319707458
2014-09-05 00:00:00,0.570535319707458
2014-09-08 00:00:00,0.570535319707458
2014-09-09 00:00:00,0.570535319707458
2014-09-10 00:00:00,0.570535319707458
2014-09-11 00:00:00,0.570535319707458
2014-09-12 00:00:00,0.570535319707458
2014-09-15 00:00:00,0.570535319707458
2014-09-16 00:00:00,0.570535319707458
2014-09-17 00:00:00,0.570535319707458
2014-09-18 00:00:00,0.570535319707458
2014-09-19 00:00:00,0.570535319707458
2014-09-22 00:00:00,0.570535319707458
2014-09-23 00:00:00,0.570535319707458
2014-09-24 00:00:00,0.570535319707458
2014-09-25 00:00:00,0.570535319707458
2014-09-26 00:00:00,0.570535319707458
2014-09-29 00:00:00,0.570535319707458
2014-09-30 00:00:00,0.570535319707458
2014-10-01 00:00:00,0.570535319707458
2014-10-02 00:00:00,0.570535319707458
2014-10-03 00:00:00,0.570535319707458
2014-10-06 00:00:00,0.570535319707458
2014-10-07 00:00:00,0.570535319707458
2014-10-08 00:00:00,0.570535319707458
2014-10-09 00:00:00,0.570535319707458
2014-10-10 00:00:00,0.570535319707458
2014-10-13 00:00:00,0.570535319707458
2014-10-14 00:00:00,0.570535319707458
2014-10-15 00:00:00,0.570535319707458
2014-10-16 00:00:00,0.570535319707458
2014-10-17 00:00:00,0.570535319707458
2014-10-20 00:00:00,0.5617587974701336
2014-10-21 00:00:00,0.5503273228006601
2014-10-22 00:00:00,0.5503273228006601
2014-10-23 00:00:00,0.5503273228006601
2014-10-24 00:00:00,0.5503273228006601
2014-10-27 00:00:00,0.5503273228006601
2014-10-28 00:00:00,0.5503273228006601
2014-10-29 00:00:00,0.5503273228006601
2014-10-30 00:00:00,0.5503273228006601
2014-10-31 00:00:00,0.5503273228006601
2014-11-03 00:00:00,0.5503273228006601
2014-11-04 00:00:00,0.5503273228006601
2014-11-05 00:00:00,0.5503273228006601
2014-11-06 00:00:00,0.5503273228006601
2014-11-07 00:00:00,0.5503273228006601
2014-11-10 00:00:00,0.5503273228006601
2014-11-11 00:00:00,0.5503273228006601
2014-11-12 00:00:00,0.5503273228006601
2014-11-13 00:00:00,0.5503273228006601
2014-11-14 00:00:00,0.5503273228006601
2014-11-17 00:00:00,0.5503273228006601
2014-11-18 00:00:00,0.5503273228006601
2014-11-19 00:00:00,0.5503273228006601
2014-11-20 00:00:00,0.5503273228006601
2014-11-21 00:00:00,0.5503273228006601
2014-11-24 00:00:00,0.5503273228006601
2014-11-25 00:00:00,0.5503273228006601
2014-11-26 00:00:00,0.5503273228006601
2014-11-28 00:00:00,0.5503273228006601
2014-12-01 00:00:00,0.5503273228006601
2014-12-02 00:00:00,0.5503273228006601
2014-12-03 00:00:00,0.5503273228006601
2014-12-04 00:00:00,0.5503273228006601
2014-12-05 00:00:00,0.5503273228006601
2014-12-08 00:00:00,0.5503273228006601
2014-12-09 00:00:00,0.5503273228006601
2014-12-10 00:00:00,0.5503273228006601
2014-12-11 00:00:00,0.5503273228006601
2014-12-12 00:00:00,0.5503273228006601
2014-12-15 00:00:00,0.5503273228006601
2014-12-16 00:00:00,0.5503273228006601
2014-12-17 00:00:00,0.5503273228006601
2014-12-18 00:00:00,0.5503273228006601
2014-12-19 00:00:00,0.5503273228006601
2014-12-22 00:00:00,0.5503273228006601
2014-12-23 00:00:00,0.5503273228006601
2014-12-24 00:00:00,0.5503273228006601
2014-12-26 00:00:00,0.5503273228006601
2014-12-29 00:00:00,0.5503273228006601
2014-12-30 00:00:00,0.5503273228006601
2014-12-31 00:00:00,0.5503273228006601
2015-01-02 00:00:00,0.5503273228006601
2015-01-05 00:00:00,0.5503273228006601
2015-01-06 00:00:00,0.5503273228006601
2015-01-07 00:00:00,0.5503273228006601
2015-01-08 00:00:00,0.5503273228006601
2015-01-09 00:00:00,0.5503273228006601
2015-01-12 00:00:00,0.5503273228006601
2015-01-13 00:00:00,0.5503273228006601
2015-01-14 00:00:00,0.5503273228006601
2015-01-15 00:00:00,0.5503273228006601
2015-01-16 00:00:00,0.5503273228006601
2015-01-20 00:00:00,0.5503273228006601
2015-01-21 00:00:00,0.5503273228006601
2015-01-22 00:00:00,0.5503273228006601
2015-01-23 00:00:00,0.5503273228006601
2015-01-26 00:00:00,0.5503273228006601
2015-01-27 00:00:00,0.5503273228006601
2015-01-28 00:00:00,0.5503273228006601
2015-01-29 00:00:00,0.5503273228006601
2015-01-30 00:00:00,0.5503273228006601
2015-02-02 00:00:00,0.5503273228006601
2015-02-03 00:00:00,0.5503273228006601
2015-02-04 00:00:00,0.5503273228006601
2015-02-05 00:00:00,0.5503273228006601
2015-02-06 00:00:00,0.5503273228006601
2015-02-09 00:00:00,0.5503273228006601
2015-02-10 00:00:00,0.5503273228006601
2015-02-11 00:00:00,0.5503273228006601
2015-02-12 00:00:00,0.5503273228006601
2015-02-13 00:00:00,0.5503273228006601
2015-02-17 00:00:00,0.5503273228006601
2015-02-18 00:00:00,0.5503273228006601
2015-02-19 00:00:00,0.5503273228006601
2015-02-20 00:00:00,0.5503273228006601
2015-02-23 00:00:00,0.5503273228006601
2015-02-24 00:00:00,0.5503273228006601
2015-02-25 00:00:00,0.5503273228006601
2015-02-26 00:00:00,0.5503273228006601
2015-02-27 00:00:00,0.5503273228006601
2015-03-02 00:00:00,0.5503273228006601
2015-03-03 00:00:00,0.5503273228006601
2015-03-04 00:00:00,0.5503273228006601
2015-03-05 00:00:00,0.5503273228006601
2015-03-06 00:00:00,0.5503273228006601
2015-03-09 00:00:00,0.5503273228006601
2015-03-10 00:00:00,0.5503273228006601
2015-03-11 00:00:00,0.5503273228006601
2015-03-12 00:00:00,0.5503273228006601
2015-03-13 00:00:00,0.5503273228006601
2015-03-16 00:00:00,0.5503273228006601
2015-03-17 00:00:00,0.5503273228006601
2015-03-18 00:00:00,0.5503273228006601
2015-03-19 00:00:00,0.5503273228006601
2015-03-20 00:00:00,0.5503273228006601
2015-03-23 00:00:00,0.5503273228006601
2015-03-24 00:00:00,0.5503273228006601
2015-03-25 00:00:00,0.5503273228006601
2015-03-26 00:00:00,0.5503273228006601
2015-03-27 00:00:00,0.5503273228006601
2015-03-30 00:00:00,0.5503273228006601
2015-03-31 00:00:00,0.5503273228006601
2015-04-01 00:00:00,0.5503273228006601
2015-04-02 00:00:00,0.5503273228006601
2015-04-06 00:00:00,0.5503273228006601
2015-04-07 00:00:00,0.5503273228006601
2015-04-08 00:00:00,0.5503273228006601
2015-04-09 00:00:00,0.5503273228006601
2015-04-10 00:00:00,0.5503273228006601
2015-04-13 00:00:00,0.5503273228006601
2015-04-14 00:00:00,0.5503273228006601
2015-04-15 00:00:00,0.5503273228006601
2015-04-16 00:00:00,0.5503273228006601
2015-04-17 00:00:00,0.5503273228006601
2015-04-20 00:00:00,0.5503273228006601
2015-04-21 00:00:00,0.5503273228006601
2015-04-22 00:00:00,0.5503273228006601
2015-04-23 00:00:00,0.5503273228006601
2015-04-24 00:00:00,0.5503273228006601
2015-04-27 00:00:00,0.5503273228006601
2015-04-28 00:00:00,0.5503273228006601
2015-04-29 00:00:00,0.5503273228006601
2015-04-30 00:00:00,0.5503273228006601
2015-05-01 00:00:00,0.5503273228006601
2015-05-04 00:00:00,0.5503273228006601
2015-05-05 00:00:00,0.5503273228006601
2015-05-06 00:00:00,0.5503273228006601
2015-05-07 00:00:00,0.5503273228006601
2015-05-08 00:00:00,0.5503273228006601
2015-05-11 00:00:00,0.5503273228006601
2015-05-12 00:00:00,0.5503273228006601
2015-05-13 00:00:00,0.5503273228006601
2015-05-14 00:00:00,0.5503273228006601
2015-05-15 00:00:00,0.5503273228006601
2015-05-18 00:00:00,0.5503273228006601
2015-05-19 00:00:00,0.5503273228006601
2015-05-20 00:00:00,0.5503273228006601
2015-05-21 00:00:00,0.5503273228006601
2015-05-22 00:00:00,0.5503273228006601
2015-05-26 00:00:00,0.5503273228006601
2015-05-27 00:00:00,0.5503273228006601
2015-05-28 00:00:00,0.5503273228006601
2015-05-29 00:00:00,0.5503273228006601
2015-06-01 00:00:00,0.5503273228006601
2015-06-02 00:00:00,0.5503273228006601
2015-06-03 00:00:00,0.5503273228006601
2015-06-04 00:00:00,0.5503273228006601
2015-06-05 00:00:00,0.5503273228006601
2015-06-08 00:00:00,0.5503273228006601
2015-06-09 00:00:00,0.5503273228006601
2015-06-10 00:00:00,0.5503273228006601
2015-06-11 00:00:00,0.5503273228006601
2015-06-12 00:00:00,0.5503273228006601
2015-06-15 00:00:00,0.5503273228006601
2015-06-16 00:00:00,0.5503273228006601
2015-06-17 00:00:00,0.5503273228006601
2015-06-18 00:00:00,0.5503273228006601
2015-06-19 00:00:00,0.5503273228006601
2015-06-22 00:00:00,0.5503273228006601
2015-06-23 00:00:00,0.5503273228006601
2015-06-24 00:00:00,0.5503273228006601
2015-06-25 00:00:00,0.5503273228006601
2015-06-26 00:00:00,0.5503273228006601
2015-06-29 00:00:00,0.5503273228006601
2015-06-30 00:00:00,0.5503273228006601
2015-07-01 00:00:00,0.5503273228006601
2015-07-02 00:00:00,0.5503273228006601
2015-07-06 00:00:00,0.5503273228006601
2015-07-07 00:00:00,0.5503273228006601
2015-07-08 00:00:00,0.5503273228006601
2015-07-09 00:00:00,0.5503273228006601
2015-07-10 00:00:00,0.5503273228006601
2015-07-13 00:00:00,0.5454616548149478
2015-07-14 00:00:00,0.541801484632751
2015-07-15 00:00:00,0.5411823569416243
2015-07-16 00:00:00,0.5359672756185249
2015-07-17 00:00:00,0.5359672756185249
2015-07-20 00:00:00,0.5359672756185249
2015-07-21 00:00:00,0.5359672756185249
2015-07-22 00:00:00,0.5359672756185249
2015-07-23 00:00:00,0.5359672756185249
2015-07-24 00:00:00,0.5359672756185249
2015-07-27 00:00:00,0.5359672756185249
2015-07-28 00:00:00,0.5359672756185249
2015-07-29 00:00:00,0.5359672756185249
2015-07-30 00:00:00,0.5359672756185249
2015-07-31 00:00:00,0.5359672756185249
2015-08-03 00:00:00,0.5359672756185249
2015-08-04 00:00:00,0.5359672756185249
2015-08-05 00:00:00,0.5359672756185249
2015-08-06 00:00:00,0.5359672756185249
2015-08-07 00:00:00,0.5359672756185249
2015-08-10 00:00:00,0.5359672756185249
2015-08-11 00:00:00,0.5359672756185249
2015-08-12 00:00:00,0.5359672756185249
2015-08-13 00:00:00,0.5359672756185249
2015-08-14 00:00:00,0.5359672756185249
2015-08-17 00:00:00,0.5359672756185249
2015-08-18 00:00:00,0.5359672756185249
2015-08-19 00:00:00,0.5359672756185249
2015-08-20 00:00:00,0.5359672756185249
2015-08-21 00:00:00,0.5359672756185249
2015-08-24 00:00:00,0.5359672756185249
2015-08-25 00:00:00,0.5548855487069828
2015-08-26 00:00:00,0.5313944476231607
2015-08-27 00:00:00,0.5189786169654961
2015-08-28 00:00:00,0.5190640572180435
2015-08-31 00:00:00,0.5252812995520261
2015-09-01 00:00:00,0.5407675450323637
2015-09-02 00:00:00,0.5272109139874552
2015-09-03 00:00:00,0.5296254883639588
2015-09-04 00:00:00,0.5354624639021934
2015-09-08 00:00:00,0.5217632328088796
2015-09-09 00:00:00,0.5273625415997717
2015-09-10 00:00:00,0.5219816466634434
2015-09-11 00:00:00,0.5192150859478816
2015-09-14 00:00:00,0.5207265266844838
2015-09-15 00:00:00,0.5148227649040019
2015-09-16 00:00:00,0.5119611374895033
2015-09-17 00:00:00,0.5081027207902499
2015-09-18 00:00:00,0.5077337135594695
2015-09-21 00:00:00,0.5067125232662758
2015-09-22 00:00:00,0.5115646980630041
2015-09-23 00:00:00,0.5113122728339363
2015-09-24 00:00:00,0.5124743753228602
2015-09-25 00:00:00,0.515174007940036
2015-09-28 00:00:00,0.5242082646856091
2015-09-29 00:00:00,0.5257701250078785
2015-09-30 00:00:00,0.5187833178170678
2015-10-01 00:00:00,0.5173008684853986
2015-10-02 00:00:00,0.5117900902177097
2015-10-05 00:00:00,0.5072018300269718
2015-10-06 00:00:00,0.5087329397466762
2015-10-07 00:00:00,0.5067892313765315
2015-10-08 00:00:00,0.5054912856602526
2015-10-09 00:00:00,0.5040088363285834
2015-10-12 00:00:00,0.5032029002533449
2015-10-13 00:00:00,0.505318271421785
2015-10-14 00:00:00,0.5058346112568431
2015-10-15 00:00:00,0.5004775860019794
2015-10-16 00:00:00,0.49963446629811936
2015-10-19 00:00:00,0.49963446629811936
2015-10-20 00:00:00,0.49963446629811936
2015-10-21 00:00:00,0.49963446629811936
2015-10-22 00:00:00,0.49963446629811936
2015-10-23 00:00:00,0.49963446629811936
2015-10-26 00:00:00,0.49963446629811936
2015-10-27 00:00:00,0.49963446629811936
2015-10-28 00:00:00,0.49963446629811936
2015-10-29 00:00:00,0.49963446629811936
2015-10-30 00:00:00,0.49963446629811936
2015-11-02 00:00:00,0.49963446629811936
2015-11-03 00:00:00,0.49963446629811936
2015-11-04 00:00:00,0.49963446629811936
2015-11-05 00:00:00,0.49963446629811936
2015-11-06 00:00:00,0.49963446629811936
2015-11-09 00:00:00,0.49963446629811936
2015-11-10 00:00:00,0.49963446629811936
2015-11-11 00:00:00,0.49963446629811936
2015-11-12 00:00:00,0.49963446629811936
2015-11-13 00:00:00,0.49963446629811936
2015-11-16 00:00:00,0.49963446629811936
2015-11-17 00:00:00,0.49963446629811936
2015-11-18 00:00:00,0.49963446629811936
2015-11-19 00:00:00,0.49963446629811936
2015-11-20 00:00:00,0.49963446629811936
2015-11-23 00:00:00,0.49963446629811936
2015-11-24 00:00:00,0.49963446629811936
2015-11-25 00:00:00,0.49963446629811936
2015-11-27 00:00:00,0.49963446629811936
2015-11-30 00:00:00,0.49963446629811936
2015-12-01 00:00:00,0.49963446629811936
2015-12-02 00:00:00,0.49963446629811936
2015-12-03 00:00:00,0.49963446629811936
2015-12-04 00:00:00,0.49963446629811936
2015-12-07 00:00:00,0.49963446629811936
2015-12-08 00:00:00,0.49963446629811936
2015-12-09 00:00:00,0.49963446629811936
2015-12-10 00:00:00,0.49963446629811936
2015-12-11 00:00:00,0.49963446629811936
2015-12-14 00:00:00,0.49963446629811936
2015-12-15 00:00:00,0.49963446629811936
2015-12-16 00:00:00,0.49963446629811936
2015-12-17 00:00:00,0.49963446629811936
2015-12-18 00:00:00,0.49963446629811936
2015-12-21 00:00:00,0.49963446629811936
2015-12-22 00:00:00,0.49963446629811936
2015-12-23 00:00:00,0.49963446629811936
2015-12-24 00:00:00,0.49963446629811936
2015-12-28 00:00:00,0.49963446629811936
2015-12-29 00:00:00,0.49963446629811936
2015-12-30 00:00:00,0.49963446629811936
2015-12-31 00:00:00,0.49963446629811936
2016-01-04 00:00:00,0.49963446629811936
2016-01-05 00:00:00,0.49963446629811936
2016-01-06 00:00:00,0.49963446629811936
2016-01-07 00:00:00,0.49963446629811936
2016-01-08 00:00:00,0.49963446629811936
2016-01-11 00:00:00,0.49963446629811936
2016-01-12 00:00:00,0.49963446629811936
2016-01-13 00:00:00,0.49963446629811936
2016-01-14 00:00:00,0.49963446629811936
2016-01-15 00:00:00,0.4985074590678772
2016-01-19 00:00:00,0.4975808277270431
2016-01-20 00:00:00,0.49886646983816585
2016-01-21 00:00:00,0.4984407305996616
2016-01-22 00:00:00,0.4862440269564062
2016-01-25 00:00:00,0.4926638131164097
2016-01-26 00:00:00,0.4888153111786515
2016-01-27 00:00:00,0.49953442121698616
2016-01-28 00:00:00,0.49359886885285376
2016-01-29 00:00:00,0.48469970488326974
2016-02-01 00:00:00,0.4835226274912708
2016-02-02 00:00:00,0.4929477662652532
2016-02-03 00:00:00,0.49498474652987073
2016-02-04 00:00:00,0.4950181583851688
2016-02-05 00:00:00,0.509744405242142
2016-02-08 00:00:00,0.5159972273680357
2016-02-09 00:00:00,0.5172411284706309
2016-02-10 00:00:00,0.5156883820018845
2016-02-11 00:00:00,0.51626442696804
2016-02-12 00:00:00,0.51012016956127
2016-02-16 00:00:00,0.5040167014680332
2016-02-17 00:00:00,0.4987528760878305
2016-02-18 00:00:00,0.502879135223046
2016-02-19 00:00:00,0.5018122243522896
2016-02-22 00:00:00,0.49597607572094676
2016-02-23 00:00:00,0.5019747022732814
2016-02-24 00:00:00,0.49854083636578955
2016-02-25 00:00:00,0.4949656597098359
2016-02-26 00:00:00,0.4954178393850441
2016-02-29 00:00:00,0.4986962340294887
2016-03-01 00:00:00,0.48706634471121124
2016-03-02 00:00:00,0.4869179537054567
2016-03-03 00:00:00,0.48761742719047313
2016-03-04 00:00:00,0.48647772136219947
2016-03-07 00:00:00,0.4868402237303095
2016-03-08 00:00:00,0.4899864335691891
2016-03-09 00:00:00,0.48755010693917417
2016-03-10 00:00:00,0.4881225499644725
2016-03-11 00:00:00,0.48148119586438104
2016-03-14 00:00:00,0.48082113083810524
2016-03-15 00:00:00,0.48095857102167155
2016-03-16 00:00:00,0.4775072377609485
2016-03-17 00:00:00,0.47771717841813677
2016-03-18 00:00:00,0.47825337120662403
2016-03-21 00:00:00,0.47672330049688416
2016-03-22 00:00:00,0.47551948191844334
2016-03-23 00:00:00,0.478738192230945
2016-03-24 00:00:00,0.4786218807568342
2016-03-28 00:00:00,0.4791580735453216
2016-03-29 00:00:00,0.47291547205015116
2016-03-30 00:00:00,0.4703992208980153
2016-03-31 00:00:00,0.4703992208980153
2016-04-01 00:00:00,0.4703992208980153
2016-04-04 00:00:00,0.4703992208980153
2016-04-05 00:00:00,0.4703992208980153
2016-04-06 00:00:00,0.4703992208980153
2016-04-07 00:00:00,0.4703992208980153
2016-04-08 00:00:00,0.4703992208980153
2016-04-11 00:00:00,0.4703992208980153
2016-04-12 00:00:00,0.4703992208980153
2016-04-13 00:00:00,0.4703992208980153
2016-04-14 00:00:00,0.4703992208980153
2016-04-15 00:00:00,0.4703992208980153
2016-04-18 00:00:00,0.4703992208980153
2016-04-19 00:00:00,0.4703992208980153
2016-04-20 00:00:00,0.4703992208980153
2016-04-21 00:00:00,0.4703992208980153
2016-04-22 00:00:00,0.4703992208980153
2016-04-25 00:00:00,0.4703992208980153
2016-04-26 00:00:00,0.4703992208980153
2016-04-27 00:00:00,0.4703992208980153
2016-04-28 00:00:00,0.4703992208980153
2016-04-29 00:00:00,0.4703992208980153
2016-05-02 00:00:00,0.4703992208980153
2016-05-03 00:00:00,0.4703992208980153
2016-05-04 00:00:00,0.4703992208980153
2016-05-05 00:00:00,0.4703992208980153
2016-05-06 00:00:00,0.4703992208980153
2016-05-09 00:00:00,0.4703992208980153
2016-05-10 00:00:00,0.4703992208980153
2016-05-11 00:00:00,0.4703992208980153
2016-05-12 00:00:00,0.4703992208980153
2016-05-13 00:00:00,0.4703992208980153
2016-05-16 00:00:00,0.4703992208980153
2016-05-17 00:00:00,0.4703992208980153
2016-05-18 00:00:00,0.4703992208980153
2016-05-19 00:00:00,0.4703992208980153
2016-05-20 00:00:00,0.4703992208980153
2016-05-23 00:00:00,0.4703992208980153
2016-05-24 00:00:00,0.4703992208980153
2016-05-25 00:00:00,0.4703992208980153
2016-05-26 00:00:00,0.4703992208980153
2016-05-27 00:00:00,0.4703992208980153
2016-05-31 00:00:00,0.4703992208980153
2016-06-01 00:00:00,0.4703992208980153
2016-06-02 00:00:00,0.4703992208980153
2016-06-03 00:00:00,0.4703992208980153
2016-06-06 00:00:00,0.4703992208980153
2016-06-07 00:00:00,0.4703992208980153
2016-06-08 00:00:00,0.4703992208980153
2016-06-09 00:00:00,0.4703992208980153
2016-06-10 00:00:00,0.4703992208980153
2016-06-13 00:00:00,0.4703992208980153
2016-06-14 00:00:00,0.4703992208980153
2016-06-15 00:00:00,0.4703992208980153
2016-06-16 00:00:00,0.4703992208980153
2016-06-17 00:00:00,0.4703992208980153
2016-06-20 00:00:00,0.4703992208980153
2016-06-21 00:00:00,0.4703992208980153
2016-06-22 00:00:00,0.4703992208980153
2016-06-23 00:00:00,0.4703992208980153
2016-06-24 00:00:00,0.4703992208980153
2016-06-27 00:00:00,0.4703992208980153
2016-06-28 00:00:00,0.4703992208980153
2016-06-29 00:00:00,0.46570684789836764
2016-06-30 00:00:00,0.4602007347809053
2016-07-01 00:00:00,0.45614611152291434
2016-07-05 00:00:00,0.45614611152291434
2016-07-06 00:00:00,0.45614611152291434
2016-07-07 00:00:00,0.45614611152291434
2016-07-08 00:00:00,0.45614611152291434
2016-07-11 00:00:00,0.45614611152291434
2016-07-12 00:00:00,0.45614611152291434
2016-07-13 00:00:00,0.45614611152291434
2016-07-14 00:00:00,0.45614611152291434
2016-07-15 00:00:00,0.45614611152291434
2016-07-18 00:00:00,0.45614611152291434
2016-07-19 00:00:00,0.45614611152291434
2016-07-20 00:00:00,0.45614611152291434
2016-07-21 00:00:00,0.45614611152291434
2016-07-22 00:00:00,0.45614611152291434
2016-07-25 00:00:00,0.45614611152291434
2016-07-26 00:00:00,0.45614611152291434
2016-07-27 00:00:00,0.45614611152291434
2016-07-28 00:00:00,0.45614611152291434
2016-07-29 00:00:00,0.45614611152291434
2016-08-01 00:00:00,0.45614611152291434
2016-08-02 00:00:00,0.45614611152291434
2016-08-03 00:00:00,0.45614611152291434
2016-08-04 00:00:00,0.45614611152291434
2016-08-05 00:00:00,0.45614611152291434
2016-08-08 00:00:00,0.45614611152291434
2016-08-09 00:00:00,0.45614611152291434
2016-08-10 00:00:00,0.45614611152291434
2016-08-11 00:00:00,0.45614611152291434
2016-08-12 00:00:00,0.45614611152291434
2016-08-15 00:00:00,0.45614611152291434
2016-08-16 00:00:00,0.45614611152291434
2016-08-17 00:00:00,0.45614611152291434
2016-08-18 00:00:00,0.45614611152291434
2016-08-19 00:00:00,0.45614611152291434
2016-08-22 00:00:00,0.45614611152291434
2016-08-23 00:00:00,0.45614611152291434
2016-08-24 00:00:00,0.45614611152291434
2016-08-25 00:00:00,0.45614611152291434
2016-08-26 00:00:00,0.45614611152291434
2016-08-29 00:00:00,0.45614611152291434
2016-08-30 00:00:00,0.45614611152291434
2016-08-31 00:00:00,0.45614611152291434
2016-09-01 00:00:00,0.45614611152291434
2016-09-02 00:00:00,0.45614611152291434
2016-09-06 00:00:00,0.45614611152291434
2016-09-07 00:00:00,0.45614611152291434
2016-09-08 00:00:00,0.45614611152291434
2016-09-09 00:00:00,0.45614611152291434
2016-09-12 00:00:00,0.45614611152291434
2016-09-13 00:00:00,0.45614611152291434
2016-09-14 00:00:00,0.45614611152291434
2016-09-15 00:00:00,0.45614611152291434
2016-09-16 00:00:00,0.45614611152291434
2016-09-19 00:00:00,0.45614611152291434
2016-09-20 00:00:00,0.45614611152291434
2016-09-21 00:00:00,0.45614611152291434
2016-09-22 00:00:00,0.45614611152291434
2016-09-23 00:00:00,0.45614611152291434
2016-09-26 00:00:00,0.45614611152291434
2016-09-27 00:00:00,0.45614611152291434
2016-09-28 00:00:00,0.45614611152291434
2016-09-29 00:00:00,0.45614611152291434
2016-09-30 00:00:00,0.45614611152291434
2016-10-03 00:00:00,0.45614611152291434
2016-10-04 00:00:00,0.45614611152291434
2016-10-05 00:00:00,0.45614611152291434
2016-10-06 00:00:00,0.45614611152291434
2016-10-07 00:00:00,0.45614611152291434
2016-10-10 00:00:00,0.45614611152291434
2016-10-11 00:00:00,0.45614611152291434
2016-10-12 00:00:00,0.45614611152291434
2016-10-13 00:00:00,0.45614611152291434
2016-10-14 00:00:00,0.45614611152291434
2016-10-17 00:00:00,0.45614611152291434
2016-10-18 00:00:00,0.45614611152291434
2016-10-19 00:00:00,0.45614611152291434
2016-10-20 00:00:00,0.45614611152291434
2016-10-21 00:00:00,0.45614611152291434
2016-10-24 00:00:00,0.45614611152291434
2016-10-25 00:00:00,0.45614611152291434
2016-10-26 00:00:00,0.45614611152291434
2016-10-27 00:00:00,0.45614611152291434
2016-10-28 00:00:00,0.45614611152291434
2016-10-31 00:00:00,0.45614611152291434
2016-11-01 00:00:00,0.45614611152291434
2016-11-02 00:00:00,0.45614611152291434
2016-11-03 00:00:00,0.45614611152291434
2016-11-04 00:00:00,0.45614611152291434
2016-11-07 00:00:00,0.45614611152291434
2016-11-08 00:00:00,0.45614611152291434
2016-11-09 00:00:00,0.45614611152291434
2016-11-10 00:00:00,0.45614611152291434
2016-11-11 00:00:00,0.45614611152291434
2016-11-14 00:00:00,0.45614611152291434
2016-11-15 00:00:00,0.45614611152291434
2016-11-16 00:00:00,0.45614611152291434
2016-11-17 00:00:00,0.45614611152291434
2016-11-18 00:00:00,0.45614611152291434
2016-11-21 00:00:00,0.45614611152291434
2016-11-22 00:00:00,0.45614611152291434
2016-11-23 00:00:00,0.45614611152291434
2016-11-25 00:00:00,0.45614611152291434
2016-11-28 00:00:00,0.45614611152291434
2016-11-29 00:00:00,0.45614611152291434
2016-11-30 00:00:00,0.45614611152291434
2016-12-01 00:00:00,0.45614611152291434
2016-12-02 00:00:00,0.45614611152291434
2016-12-05 00:00:00,0.45614611152291434
2016-12-06 00:00:00,0.45614611152291434
2016-12-07 00:00:00,0.45614611152291434
2016-12-08 00:00:00,0.45614611152291434
2016-12-09 00:00:00,0.45614611152291434
2016-12-12 00:00:00,0.45614611152291434
2016-12-13 00:00:00,0.45614611152291434
2016-12-14 00:00:00,0.45614611152291434
2016-12-15 00:00:00,0.45614611152291434
2016-12-16 00:00:00,0.45614611152291434
2016-12-19 00:00:00,0.45614611152291434
2016-12-20 00:00:00,0.45614611152291434
2016-12-21 00:00:00,0.45614611152291434
2016-12-22 00:00:00,0.45614611152291434
2016-12-23 00:00:00,0.45614611152291434
2016-12-27 00:00:00,0.45614611152291434
2016-12-28 00:00:00,0.45614611152291434
2016-12-29 00:00:00,0.45614611152291434
2016-12-30 00:00:00,0.45614611152291434
2017-01-03 00:00:00,0.45614611152291434
2017-01-04 00:00:00,0.45614611152291434
2017-01-05 00:00:00,0.45614611152291434
2017-01-06 00:00:00,0.45614611152291434
2017-01-09 00:00:00,0.45614611152291434
2017-01-10 00:00:00,0.45614611152291434
2017-01-11 00:00:00,0.45614611152291434
2017-01-12 00:00:00,0.45614611152291434
2017-01-13 00:00:00,0.45614611152291434
2017-01-17 00:00:00,0.45614611152291434
2017-01-18 00:00:00,0.45614611152291434
2017-01-19 00:00:00,0.45614611152291434
2017-01-20 00:00:00,0.45614611152291434
2017-01-23 00:00:00,0.45614611152291434
2017-01-24 00:00:00,0.45614611152291434
2017-01-25 00:00:00,0.45614611152291434
2017-01-26 00:00:00,0.45614611152291434
2017-01-27 00:00:00,0.45614611152291434
2017-01-30 00:00:00,0.45614611152291434
2017-01-31 00:00:00,0.45614611152291434
2017-02-01 00:00:00,0.45614611152291434
2017-02-02 00:00:00,0.45614611152291434
2017-02-03 00:00:00,0.45614611152291434
2017-02-06 00:00:00,0.45614611152291434
2017-02-07 00:00:00,0.45614611152291434
2017-02-08 00:00:00,0.45614611152291434
2017-02-09 00:00:00,0.45614611152291434
2017-02-10 00:00:00,0.45614611152291434
2017-02-13 00:00:00,0.45614611152291434
2017-02-14 00:00:00,0.45614611152291434
2017-02-15 00:00:00,0.45614611152291434
2017-02-16 00:00:00,0.45614611152291434
2017-02-17 00:00:00,0.45614611152291434
2017-02-21 00:00:00,0.45614611152291434
2017-02-22 00:00:00,0.45614611152291434
2017-02-23 00:00:00,0.45614611152291434
2017-02-24 00:00:00,0.45614611152291434
2017-02-27 00:00:00,0.45614611152291434
2017-02-28 00:00:00,0.45614611152291434
2017-03-01 00:00:00,0.45614611152291434
2017-03-02 00:00:00,0.45614611152291434
2017-03-03 00:00:00,0.45614611152291434
2017-03-06 00:00:00,0.45614611152291434
2017-03-07 00:00:00,0.45614611152291434
2017-03-08 00:00:00,0.45614611152291434
2017-03-09 00:00:00,0.45614611152291434
2017-03-10 00:00:00,0.45614611152291434
2017-03-13 00:00:00,0.45614611152291434
2017-03-14 00:00:00,0.45614611152291434
2017-03-15 00:00:00,0.45614611152291434
2017-03-16 00:00:00,0.45614611152291434
2017-03-17 00:00:00,0.45614611152291434
2017-03-20 00:00:00,0.45614611152291434
2017-03-21 00:00:00,0.45614611152291434
2017-03-22 00:00:00,0.45614611152291434
2017-03-23 00:00:00,0.45614611152291434
2017-03-24 00:00:00,0.45614611152291434
2017-03-27 00:00:00,0.45614611152291434
2017-03-28 00:00:00,0.45614611152291434
2017-03-29 00:00:00,0.45614611152291434
2017-03-30 00:00:00,0.45614611152291434
2017-03-31 00:00:00,0.45614611152291434
2017-04-03 00:00:00,0.45614611152291434
2017-04-04 00:00:00,0.45614611152291434
2017-04-05 00:00:00,0.45614611152291434
2017-04-06 00:00:00,0.45614611152291434
2017-04-07 00:00:00,0.45614611152291434
2017-04-10 00:00:00,0.45614611152291434
2017-04-11 00:00:00,0.45614611152291434
2017-04-12 00:00:00,0.45614611152291434
2017-04-13 00:00:00,0.45614611152291434
2017-04-17 00:00:00,0.45614611152291434
2017-04-18 00:00:00,0.45614611152291434
2017-04-19 00:00:00,0.45614611152291434
2017-04-20 00:00:00,0.45614611152291434
2017-04-21 00:00:00,0.45614611152291434
2017-04-24 00:00:00,0.45614611152291434
2017-04-25 00:00:00,0.45614611152291434
2017-04-26 00:00:00,0.45614611152291434
2017-04-27 00:00:00,0.45614611152291434
2017-04-28 00:00:00,0.45614611152291434
2017-05-01 00:00:00,0.45614611152291434
2017-05-02 00:00:00,0.45614611152291434
2017-05-03 00:00:00,0.45614611152291434
2017-05-04 00:00:00,0.45614611152291434
2017-05-05 00:00:00,0.45614611152291434
2017-05-08 00:00:00,0.45614611152291434
2017-05-09 00:00:00,0.45614611152291434
2017-05-10 00:00:00,0.45614611152291434
2017-05-11 00:00:00,0.45614611152291434
2017-05-12 00:00:00,0.45614611152291434
2017-05-15 00:00:00,0.45614611152291434
2017-05-16 00:00:00,0.45614611152291434
2017-05-17 00:00:00,0.45614611152291434
2017-05-18 00:00:00,0.45614611152291434
2017-05-19 00:00:00,0.45614611152291434
2017-05-22 00:00:00,0.45614611152291434
2017-05-23 00:00:00,0.45614611152291434
2017-05-24 00:00:00,0.45614611152291434
2017-05-25 00:00:00,0.45614611152291434
2017-05-26 00:00:00,0.45614611152291434
2017-05-30 00:00:00,0.45614611152291434
2017-05-31 00:00:00,0.45614611152291434
2017-06-01 00:00:00,0.45614611152291434
2017-06-02 00:00:00,0.45614611152291434
2017-06-05 00:00:00,0.45614611152291434
2017-06-06 00:00:00,0.45614611152291434
2017-06-07 00:00:00,0.45614611152291434
2017-06-08 00:00:00,0.45614611152291434
2017-06-09 00:00:00,0.45614611152291434
2017-06-12 00:00:00,0.45614611152291434
2017-06-13 00:00:00,0.45614611152291434
2017-06-14 00:00:00,0.45614611152291434
2017-06-15 00:00:00,0.45614611152291434
2017-06-16 00:00:00,0.45614611152291434
2017-06-19 00:00:00,0.45614611152291434
2017-06-20 00:00:00,0.45614611152291434
2017-06-21 00:00:00,0.45614611152291434
2017-06-22 00:00:00,0.45614611152291434
2017-06-23 00:00:00,0.45614611152291434
2017-06-26 00:00:00,0.45614611152291434
2017-06-27 00:00:00,0.45614611152291434
2017-06-28 00:00:00,0.45614611152291434
2017-06-29 00:00:00,0.45614611152291434
2017-06-30 00:00:00,0.45614611152291434
2017-07-03 00:00:00,0.45614611152291434
2017-07-05 00:00:00,0.45614611152291434
2017-07-06 00:00:00,0.45614611152291434
2017-07-07 00:00:00,0.45614611152291434
2017-07-10 00:00:00,0.45614611152291434
2017-07-11 00:00:00,0.45614611152291434
2017-07-12 00:00:00,0.45614611152291434
2017-07-13 00:00:00,0.45614611152291434
2017-07-14 00:00:00,0.45614611152291434
2017-07-17 00:00:00,0.45614611152291434
2017-07-18 00:00:00,0.45614611152291434
2017-07-19 00:00:00,0.45614611152291434
2017-07-20 00:00:00,0.45614611152291434
2017-07-21 00:00:00,0.45614611152291434
2017-07-24 00:00:00,0.45614611152291434
2017-07-25 00:00:00,0.45614611152291434
2017-07-26 00:00:00,0.45614611152291434
2017-07-27 00:00:00,0.45614611152291434
2017-07-28 00:00:00,0.45614611152291434
2017-07-31 00:00:00,0.45614611152291434
2017-08-01 00:00:00,0.45614611152291434
2017-08-02 00:00:00,0.45614611152291434
2017-08-03 00:00:00,0.45614611152291434
2017-08-04 00:00:00,0.45614611152291434
2017-08-07 00:00:00,0.45614611152291434
2017-08-08 00:00:00,0.45614611152291434
2017-08-09 00:00:00,0.45614611152291434
2017-08-10 00:00:00,0.45614611152291434
2017-08-11 00:00:00,0.45614611152291434
2017-08-14 00:00:00,0.45614611152291434
2017-08-15 00:00:00,0.45614611152291434
2017-08-16 00:00:00,0.45614611152291434
2017-08-17 00:00:00,0.45614611152291434
2017-08-18 00:00:00,0.45614611152291434
2017-08-21 00:00:00,0.45614611152291434
2017-08-22 00:00:00,0.45614611152291434
2017-08-23 00:00:00,0.45614611152291434
2017-08-24 00:00:00,0.45614611152291434
2017-08-25 00:00:00,0.45614611152291434
2017-08-28 00:00:00,0.45614611152291434
2017-08-29 00:00:00,0.45614611152291434
2017-08-30 00:00:00,0.45614611152291434
2017-08-31 00:00:00,0.45614611152291434
2017-09-01 00:00:00,0.45614611152291434
2017-09-05 00:00:00,0.45614611152291434
2017-09-06 00:00:00,0.45614611152291434
2017-09-07 00:00:00,0.45614611152291434
2017-09-08 00:00:00,0.45614611152291434
2017-09-11 00:00:00,0.45614611152291434
2017-09-12 00:00:00,0.45614611152291434
2017-09-13 00:00:00,0.45614611152291434
2017-09-14 00:00:00,0.45614611152291434
2017-09-15 00:00:00,0.45614611152291434
2017-09-18 00:00:00,0.45614611152291434
2017-09-19 00:00:00,0.45614611152291434
2017-09-20 00:00:00,0.45614611152291434
2017-09-21 00:00:00,0.45614611152291434
2017-09-22 00:00:00,0.45614611152291434
2017-09-25 00:00:00,0.45614611152291434
2017-09-26 00:00:00,0.45614611152291434
2017-09-27 00:00:00,0.45614611152291434
2017-09-28 00:00:00,0.45614611152291434
2017-09-29 00:00:00,0.45614611152291434
2017-10-02 00:00:00,0.45614611152291434
2017-10-03 00:00:00,0.45614611152291434
2017-10-04 00:00:00,0.45614611152291434
2017-10-05 00:00:00,0.45614611152291434
2017-10-06 00:00:00,0.45614611152291434
2017-10-09 00:00:00,0.45614611152291434
2017-10-10 00:00:00,0.45614611152291434
2017-10-11 00:00:00,0.45614611152291434
2017-10-12 00:00:00,0.45614611152291434
2017-10-13 00:00:00,0.45614611152291434
2017-10-16 00:00:00,0.45614611152291434
2017-10-17 00:00:00,0.45614611152291434
2017-10-18 00:00:00,0.45614611152291434
2017-10-19 00:00:00,0.45614611152291434
2017-10-20 00:00:00,0.45614611152291434
2017-10-23 00:00:00,0.45614611152291434
2017-10-24 00:00:00,0.45614611152291434
2017-10-25 00:00:00,0.45614611152291434
2017-10-26 00:00:00,0.45614611152291434
2017-10-27 00:00:00,0.45614611152291434
2017-10-30 00:00:00,0.45614611152291434
2017-10-31 00:00:00,0.45614611152291434
2017-11-01 00:00:00,0.45614611152291434
2017-11-02 00:00:00,0.45614611152291434
2017-11-03 00:00:00,0.45614611152291434
2017-11-06 00:00:00,0.45614611152291434
2017-11-07 00:00:00,0.45614611152291434
2017-11-08 00:00:00,0.45614611152291434
2017-11-09 00:00:00,0.45614611152291434
2017-11-10 00:00:00,0.45614611152291434
2017-11-13 00:00:00,0.45614611152291434
2017-11-14 00:00:00,0.45614611152291434
2017-11-15 00:00:00,0.45614611152291434
2017-11-16 00:00:00,0.45614611152291434
2017-11-17 00:00:00,0.45614611152291434
2017-11-20 00:00:00,0.45614611152291434
2017-11-21 00:00:00,0.45614611152291434
2017-11-22 00:00:00,0.45614611152291434
2017-11-24 00:00:00,0.45614611152291434
2017-11-27 00:00:00,0.45614611152291434
2017-11-28 00:00:00,0.45614611152291434
2017-11-29 00:00:00,0.45614611152291434
2017-11-30 00:00:00,0.45614611152291434
2017-12-01 00:00:00,0.45614611152291434
2017-12-04 00:00:00,0.45614611152291434
2017-12-05 00:00:00,0.45614611152291434
2017-12-06 00:00:00,0.45614611152291434
2017-12-07 00:00:00,0.45614611152291434
2017-12-08 00:00:00,0.45614611152291434
2017-12-11 00:00:00,0.45614611152291434
2017-12-12 00:00:00,0.45614611152291434
2017-12-13 00:00:00,0.45614611152291434
2017-12-14 00:00:00,0.45614611152291434
2017-12-15 00:00:00,0.45614611152291434
2017-12-18 00:00:00,0.45614611152291434
2017-12-19 00:00:00,0.45614611152291434
2017-12-20 00:00:00,0.45614611152291434
2017-12-21 00:00:00,0.45614611152291434
2017-12-22 00:00:00,0.45614611152291434
2017-12-26 00:00:00,0.45614611152291434
2017-12-27 00:00:00,0.45614611152291434
2017-12-28 00:00:00,0.45614611152291434
2017-12-29 00:00:00,0.45614611152291434
2018-01-02 00:00:00,0.45614611152291434
2018-01-03 00:00:00,0.45614611152291434
2018-01-04 00:00:00,0.45614611152291434
2018-01-05 00:00:00,0.45614611152291434
2018-01-08 00:00:00,0.45614611152291434
2018-01-09 00:00:00,0.45614611152291434
2018-01-10 00:00:00,0.45614611152291434
2018-01-11 00:00:00,0.45614611152291434
2018-01-12 00:00:00,0.45614611152291434
2018-01-16 00:00:00,0.45614611152291434
2018-01-17 00:00:00,0.45614611152291434
2018-01-18 00:00:00,0.45614611152291434
2018-01-19 00:00:00,0.45614611152291434
2018-01-22 00:00:00,0.45614611152291434
2018-01-23 00:00:00,0.45614611152291434
2018-01-24 00:00:00,0.45614611152291434
2018-01-25 00:00:00,0.45614611152291434
2018-01-26 00:00:00,0.45614611152291434
2018-01-29 00:00:00,0.45614611152291434
2018-01-30 00:00:00,0.45614611152291434
2018-01-31 00:00:00,0.45614611152291434
2018-02-01 00:00:00,0.45614611152291434
2018-02-02 00:00:00,0.45614611152291434
2018-02-05 00:00:00,0.45614611152291434
2018-02-06 00:00:00,0.45614611152291434
2018-02-07 00:00:00,0.45614611152291434
2018-02-08 00:00:00,0.45614611152291434
2018-02-09 00:00:00,0.45614611152291434
2018-02-12 00:00:00,0.45614611152291434
2018-02-13 00:00:00,0.45614611152291434
2018-02-14 00:00:00,0.45614611152291434
2018-02-15 00:00:00,0.45614611152291434
2018-02-16 00:00:00,0.45614611152291434
2018-02-20 00:00:00,0.45614611152291434
2018-02-21 00:00:00,0.45614611152291434
2018-02-22 00:00:00,0.45614611152291434
2018-02-23 00:00:00,0.45614611152291434
2018-02-26 00:00:00,0.45614611152291434
2018-02-27 00:00:00,0.45614611152291434
2018-02-28 00:00:00,0.45614611152291434
2018-03-01 00:00:00,0.45614611152291434
2018-03-02 00:00:00,0.45614611152291434
2018-03-05 00:00:00,0.45614611152291434
2018-03-06 00:00:00,0.45614611152291434
2018-03-07 00:00:00,0.45614611152291434
2018-03-08 00:00:00,0.45614611152291434
2018-03-09 00:00:00,0.45614611152291434
2018-03-12 00:00:00,0.45614611152291434
2018-03-13 00:00:00,0.45614611152291434
2018-03-14 00:00:00,0.45614611152291434
2018-03-15 00:00:00,0.45614611152291434
2018-03-16 00:00:00,0.45614611152291434
2018-03-19 00:00:00,0.45614611152291434
2018-03-20 00:00:00,0.45614611152291434
2018-03-21 00:00:00,0.45614611152291434
2018-03-22 00:00:00,0.45614611152291434
2018-03-23 00:00:00,0.45614611152291434
2018-03-26 00:00:00,0.45614611152291434
2018-03-27 00:00:00,0.45614611152291434
2018-03-28 00:00:00,0.45614611152291434
2018-03-29 00:00:00,0.45614611152291434
2018-04-02 00:00:00,0.45614611152291434
2018-04-03 00:00:00,0.45614611152291434
2018-04-04 00:00:00,0.45614611152291434
2018-04-05 00:00:00,0.45614611152291434
2018-04-06 00:00:00,0.4610694453406877
2018-04-09 00:00:00,0.4586555842636655
2018-04-10 00:00:00,0.4510339300816207
2018-04-11 00:00:00,0.4530620101824117
2018-04-12 00:00:00,0.4488319859637219
2018-04-13 00:00:00,0.4506631327118021
2018-04-16 00:00:00,0.4479648123475307
2018-04-17 00:00:00,0.4402993951982168
2018-04-18 00:00:00,0.4390941989534479
2018-04-19 00:00:00,0.4390941989534479
2018-04-20 00:00:00,0.4390941989534479
2018-04-23 00:00:00,0.4390941989534479
2018-04-24 00:00:00,0.4390941989534479
2018-04-25 00:00:00,0.4392759595774092
2018-04-26 00:00:00,0.4325242600455307
2018-04-27 00:00:00,0.43231594297625986
2018-04-30 00:00:00,0.43463207901756296
2018-05-01 00:00:00,0.4309097232183731
2018-05-02 00:00:00,0.43284214238686897
2018-05-03 00:00:00,0.43287617281621316
2018-05-04 00:00:00,0.4266697551562186
2018-05-07 00:00:00,0.4249800970799129
2018-05-08 00:00:00,0.4249800970799129
2018-05-09 00:00:00,0.4249800970799129
2018-05-10 00:00:00,0.4249800970799129
2018-05-11 00:00:00,0.4249800970799129
2018-05-14 00:00:00,0.4249800970799129
2018-05-15 00:00:00,0.4249800970799129
2018-05-16 00:00:00,0.4249800970799129
2018-05-17 00:00:00,0.4249800970799129
2018-05-18 00:00:00,0.4249800970799129
2018-05-21 00:00:00,0.4249800970799129
2018-05-22 00:00:00,0.4249800970799129
2018-05-23 00:00:00,0.4249800970799129
2018-05-24 00:00:00,0.4249800970799129
2018-05-25 00:00:00,0.4249800970799129
2018-05-29 00:00:00,0.4249800970799129
2018-05-30 00:00:00,0.4249800970799129
2018-05-31 00:00:00,0.4249800970799129
2018-06-01 00:00:00,0.4249800970799129
2018-06-04 00:00:00,0.4249800970799129
2018-06-05 00:00:00,0.4249800970799129
2018-06-06 00:00:00,0.4249800970799129
2018-06-07 00:00:00,0.4249800970799129
2018-06-08 00:00:00,0.4249800970799129
2018-06-11 00:00:00,0.4249800970799129
2018-06-12 00:00:00,0.4249800970799129
2018-06-13 00:00:00,0.4249800970799129
2018-06-14 00:00:00,0.4249800970799129
2018-06-15 00:00:00,0.4249800970799129
2018-06-18 00:00:00,0.4249800970799129
2018-06-19 00:00:00,0.4249800970799129
2018-06-20 00:00:00,0.4249800970799129
2018-06-21 00:00:00,0.4249800970799129
2018-06-22 00:00:00,0.4249800970799129
2018-06-25 00:00:00,0.4249800970799129
2018-06-26 00:00:00,0.4249800970799129
2018-06-27 00:00:00,0.4249800970799129
2018-06-28 00:00:00,0.4249800970799129
2018-06-29 00:00:00,0.4249800970799129
2018-07-02 00:00:00,0.4249800970799129
2018-07-03 00:00:00,0.4249800970799129
2018-07-05 00:00:00,0.4249800970799129
2018-07-06 00:00:00,0.4249800970799129
2018-07-09 00:00:00,0.4249800970799129
2018-07-10 00:00:00,0.4249800970799129
2018-07-11 00:00:00,0.4249800970799129
2018-07-12 00:00:00,0.4249800970799129
2018-07-13 00:00:00,0.4249800970799129
2018-07-16 00:00:00,0.4249800970799129
2018-07-17 00:00:00,0.4249800970799129
2018-07-18 00:00:00,0.4249800970799129
2018-07-19 00:00:00,0.4249800970799129
2018-07-20 00:00:00,0.4249800970799129
2018-07-23 00:00:00,0.4249800970799129
2018-07-24 00:00:00,0.4249800970799129
2018-07-25 00:00:00,0.4249800970799129
2018-07-26 00:00:00,0.4249800970799129
2018-07-27 00:00:00,0.4249800970799129
2018-07-30 00:00:00,0.4249800970799129
2018-07-31 00:00:00,0.4249800970799129
2018-08-01 00:00:00,0.4249800970799129
2018-08-02 00:00:00,0.4249800970799129
2018-08-03 00:00:00,0.4249800970799129
2018-08-06 00:00:00,0.4249800970799129
2018-08-07 00:00:00,0.4249800970799129
2018-08-08 00:00:00,0.4249800970799129
2018-08-09 00:00:00,0.4249800970799129
2018-08-10 00:00:00,0.4249800970799129
2018-08-13 00:00:00,0.4249800970799129
2018-08-14 00:00:00,0.4249800970799129
2018-08-15 00:00:00,0.4249800970799129
2018-08-16 00:00:00,0.4249800970799129
2018-08-17 00:00:00,0.4249800970799129
2018-08-20 00:00:00,0.4249800970799129
2018-08-21 00:00:00,0.4249800970799129
2018-08-22 00:00:00,0.4249800970799129
2018-08-23 00:00:00,0.4249800970799129
2018-08-24 00:00:00,0.4249800970799129
2018-08-27 00:00:00,0.4249800970799129
2018-08-28 00:00:00,0.4249800970799129
2018-08-29 00:00:00,0.4249800970799129
2018-08-30 00:00:00,0.4249800970799129
2018-08-31 00:00:00,0.4249800970799129
2018-09-04 00:00:00,0.4249800970799129
2018-09-05 00:00:00,0.4249800970799129
2018-09-06 00:00:00,0.4249800970799129
2018-09-07 00:00:00,0.4249800970799129
2018-09-10 00:00:00,0.4249800970799129
2018-09-11 00:00:00,0.4249800970799129
2018-09-12 00:00:00,0.4249800970799129
2018-09-13 00:00:00,0.4249800970799129
2018-09-14 00:00:00,0.4249800970799129
2018-09-17 00:00:00,0.4249800970799129
2018-09-18 00:00:00,0.4249800970799129
2018-09-19 00:00:00,0.4249800970799129
2018-09-20 00:00:00,0.4249800970799129
2018-09-21 00:00:00,0.4249800970799129
2018-09-24 00:00:00,0.4249800970799129
2018-09-25 00:00:00,0.4249800970799129
2018-09-26 00:00:00,0.4249800970799129
2018-09-27 00:00:00,0.4249800970799129
2018-09-28 00:00:00,0.4249800970799129
2018-10-01 00:00:00,0.4249800970799129
2018-10-02 00:00:00,0.4249800970799129
2018-10-03 00:00:00,0.4249800970799129
2018-10-04 00:00:00,0.4249800970799129
2018-10-05 00:00:00,0.4249800970799129
2018-10-08 00:00:00,0.4249800970799129
2018-10-09 00:00:00,0.4249800970799129
2018-10-10 00:00:00,0.4249800970799129
2018-10-11 00:00:00,0.4249800970799129
2018-10-12 00:00:00,0.4249800970799129
2018-10-15 00:00:00,0.4249800970799129
2018-10-16 00:00:00,0.4249800970799129
2018-10-17 00:00:00,0.4249800970799129
2018-10-18 00:00:00,0.4249800970799129
2018-10-19 00:00:00,0.4249800970799129
2018-10-22 00:00:00,0.42530995243804426
2018-10-23 00:00:00,0.42670974077246854
2018-10-24 00:00:00,0.44414049951207557
2018-10-25 00:00:00,0.43155442066173144
2018-10-26 00:00:00,0.4412225833066478
2018-10-29 00:00:00,0.4487576813023149
2018-10-30 00:00:00,0.4428346806862237
2018-10-31 00:00:00,0.434250846847873
2018-11-01 00:00:00,0.4293174123061758
2018-11-02 00:00:00,0.4352032335111862
2018-11-05 00:00:00,0.4361192339870179
2018-11-06 00:00:00,0.4332968737373612
2018-11-07 00:00:00,0.42154642846094975
2018-11-08 00:00:00,0.4240017539413944
2018-11-09 00:00:00,0.43045932443383245
2018-11-12 00:00:00,0.44186472529824045
2018-11-13 00:00:00,0.4415492657703819
2018-11-14 00:00:00,0.4443344466089578
2018-11-15 00:00:00,0.43797163884869145
2018-11-16 00:00:00,0.439261475397072
2018-11-19 00:00:00,0.4408600037838062
2018-11-20 00:00:00,0.43958126254021174
2018-11-21 00:00:00,0.43761759792673693
2018-11-23 00:00:00,0.43949015704404554
2018-11-26 00:00:00,0.43352840271958565
2018-11-27 00:00:00,0.43263305357544285
2018-11-28 00:00:00,0.42684185102676514
2018-11-29 00:00:00,0.4265892653516366
2018-11-30 00:00:00,0.42465803769044264
2018-12-03 00:00:00,0.4199799408122259
2018-12-04 00:00:00,0.43040962462763455
2018-12-06 00:00:00,0.42855732998991825
2018-12-07 00:00:00,0.4372504872888182
2018-12-10 00:00:00,0.43457728920693417
2018-12-11 00:00:00,0.4337195506650365
2018-12-12 00:00:00,0.4314410177005408
2018-12-13 00:00:00,0.4313568227887242
2018-12-14 00:00:00,0.43769777598798965
2018-12-17 00:00:00,0.44345462481352044
2018-12-18 00:00:00,0.4418864890603238
2018-12-19 00:00:00,0.4480222163985473
2018-12-20 00:00:00,0.4515531539620079
2018-12-21 00:00:00,0.45899916948996067
2018-12-24 00:00:00,0.4654190557127038
2018-12-26 00:00:00,0.4512689960171671
2018-12-27 00:00:00,0.4503323244517917
2018-12-28 00:00:00,0.4504533554010171
2018-12-31 00:00:00,0.44797402313943613
2019-01-02 00:00:00,0.4413600763797852
2019-01-03 00:00:00,0.44995821425167887
2019-01-04 00:00:00,0.43905456052120845
2019-01-07 00:00:00,0.4358870141831318
2019-01-08 00:00:00,0.4334505724997209
2019-01-09 00:00:00,0.43168471567469735
2019-01-10 00:00:00,0.42920776349295076
2019-01-11 00:00:00,0.4300729766508803
2019-01-14 00:00:00,0.4321619221366965
2019-01-15 00:00:00,0.42757194298958895
2019-01-16 00:00:00,0.42761150542026966
2019-01-17 00:00:00,0.42571963489970743
2019-01-18 00:00:00,0.4233264764376013
2019-01-22 00:00:00,0.42820199312788243
2019-01-23 00:00:00,0.427887705246885
2019-01-24 00:00:00,0.4263349412750143
2019-01-25 00:00:00,0.4234552386343508
2019-01-28 00:00:00,0.4264582974253354
2019-01-29 00:00:00,0.4287241680669907
2019-01-30 00:00:00,0.42265981262122443
2019-01-31 00:00:00,0.4182780568257721
2019-02-01 00:00:00,0.4180902096553187
2019-02-04 00:00:00,0.41482899486695696
2019-02-05 00:00:00,0.4124757080691205
2019-02-06 00:00:00,0.41326886137637975
2019-02-07 00:00:00,0.41684841437869913
2019-02-08 00:00:00,0.41632663749278404
2019-02-11 00:00:00,0.416571903219554
2019-02-12 00:00:00,0.4126688772654763
2019-02-13 00:00:00,0.41247583292785484
2019-02-14 00:00:00,0.4121419032123932
2019-02-15 00:00:00,0.4110096230225043
2019-02-19 00:00:00,0.4104721922057182
2019-02-20 00:00:00,0.4105139568311635
2019-02-21 00:00:00,0.4114949573088763
2019-02-22 00:00:00,0.4095017109210756
2019-02-25 00:00:00,0.4073254199888127
2019-02-26 00:00:00,0.4073254199888127
2019-02-27 00:00:00,0.4073254199888127
2019-02-28 00:00:00,0.4073254199888127
2019-03-01 00:00:00,0.4073254199888127
2019-03-04 00:00:00,0.4073254199888127
2019-03-05 00:00:00,0.4073254199888127
2019-03-06 00:00:00,0.4073254199888127
2019-03-07 00:00:00,0.4073254199888127
2019-03-08 00:00:00,0.4073254199888127
2019-03-11 00:00:00,0.4073254199888127
2019-03-12 00:00:00,0.4073254199888127
2019-03-13 00:00:00,0.4073254199888127
2019-03-14 00:00:00,0.4073254199888127
2019-03-15 00:00:00,0.4073254199888127
2019-03-18 00:00:00,0.4073254199888127
2019-03-19 00:00:00,0.4073254199888127
2019-03-20 00:00:00,0.4073254199888127
2019-03-21 00:00:00,0.4073254199888127
2019-03-22 00:00:00,0.4073254199888127
2019-03-25 00:00:00,0.4073254199888127
2019-03-26 00:00:00,0.4073254199888127
2019-03-27 00:00:00,0.4073254199888127
2019-03-28 00:00:00,0.4073254199888127
2019-03-29 00:00:00,0.4073254199888127
2019-04-01 00:00:00,0.4073254199888127
2019-04-02 00:00:00,0.4073254199888127
2019-04-03 00:00:00,0.4073254199888127
2019-04-04 00:00:00,0.4073254199888127
2019-04-05 00:00:00,0.4073254199888127
2019-04-08 00:00:00,0.4073254199888127
2019-04-09 00:00:00,0.4073254199888127
2019-04-10 00:00:00,0.4073254199888127
2019-04-11 00:00:00,0.4073254199888127
2019-04-12 00:00:00,0.4073254199888127
2019-04-15 00:00:00,0.4073254199888127
2019-04-16 00:00:00,0.4073254199888127
2019-04-17 00:00:00,0.4073254199888127
2019-04-18 00:00:00,0.4073254199888127
2019-04-22 00:00:00,0.4073254199888127
2019-04-23 00:00:00,0.4073254199888127
2019-04-24 00:00:00,0.4073254199888127
2019-04-25 00:00:00,0.4073254199888127
2019-04-26 00:00:00,0.4073254199888127
2019-04-29 00:00:00,0.4073254199888127
2019-04-30 00:00:00,0.4073254199888127
2019-05-01 00:00:00,0.4073254199888127
2019-05-02 00:00:00,0.4073254199888127
2019-05-03 00:00:00,0.4073254199888127
2019-05-06 00:00:00,0.4073254199888127
2019-05-07 00:00:00,0.4073254199888127
2019-05-08 00:00:00,0.4073254199888127
2019-05-09 00:00:00,0.4073254199888127
2019-05-10 00:00:00,0.4073254199888127
2019-05-13 00:00:00,0.4073254199888127
2019-05-14 00:00:00,0.4073254199888127
2019-05-15 00:00:00,0.4073254199888127
2019-05-16 00:00:00,0.4073254199888127
2019-05-17 00:00:00,0.4073254199888127
2019-05-20 00:00:00,0.4073254199888127
2019-05-21 00:00:00,0.4073254199888127
2019-05-22 00:00:00,0.4073254199888127
2019-05-23 00:00:00,0.4073254199888127
2019-05-24 00:00:00,0.4073254199888127
2019-05-28 00:00:00,0.4073254199888127
2019-05-29 00:00:00,0.4073254199888127
2019-05-30 00:00:00,0.4073254199888127
2019-05-31 00:00:00,0.4073254199888127
2019-06-03 00:00:00,0.4073254199888127
2019-06-04 00:00:00,0.4073254199888127
2019-06-05 00:00:00,0.4081551172267408
2019-06-06 00:00:00,0.40500786577637193
2019-06-07 00:00:00,0.3973084916422357
2019-06-10 00:00:00,0.3935996010906037
2019-06-11 00:00:00,0.3935996010906037
2019-06-12 00:00:00,0.3935996010906037
2019-06-13 00:00:00,0.3935996010906037
2019-06-14 00:00:00,0.3935996010906037
2019-06-17 00:00:00,0.3935996010906037
2019-06-18 00:00:00,0.3935996010906037
2019-06-19 00:00:00,0.3935996010906037
2019-06-20 00:00:00,0.3935996010906037
2019-06-21 00:00:00,0.3935996010906037
2019-06-24 00:00:00,0.3935996010906037
2019-06-25 00:00:00,0.3935996010906037
2019-06-26 00:00:00,0.3935996010906037
2019-06-27 00:00:00,0.3935996010906037
2019-06-28 00:00:00,0.3935996010906037
2019-07-01 00:00:00,0.3935996010906037
2019-07-02 00:00:00,0.3935996010906037
2019-07-03 00:00:00,0.3935996010906037
2019-07-05 00:00:00,0.3935996010906037
2019-07-08 00:00:00,0.3935996010906037
2019-07-09 00:00:00,0.3935996010906037
2019-07-10 00:00:00,0.3935996010906037
2019-07-11 00:00:00,0.3935996010906037
2019-07-12 00:00:00,0.3935996010906037
2019-07-15 00:00:00,0.3935996010906037
2019-07-16 00:00:00,0.3935996010906037
2019-07-17 00:00:00,0.3935996010906037
2019-07-18 00:00:00,0.3935996010906037
2019-07-19 00:00:00,0.3935996010906037
2019-07-22 00:00:00,0.3935996010906037
2019-07-23 00:00:00,0.3935996010906037
2019-07-24 00:00:00,0.3935996010906037
2019-07-25 00:00:00,0.3935996010906037
2019-07-26 00:00:00,0.3935996010906037
2019-07-29 00:00:00,0.3935996010906037
2019-07-30 00:00:00,0.3935996010906037
2019-07-31 00:00:00,0.3935996010906037
2019-08-01 00:00:00,0.3935996010906037
2019-08-02 00:00:00,0.3935996010906037
2019-08-05 00:00:00,0.3935996010906037
2019-08-06 00:00:00,0.3935996010906037
2019-08-07 00:00:00,0.3935996010906037
2019-08-08 00:00:00,0.3935996010906037
2019-08-09 00:00:00,0.3935996010906037
2019-08-12 00:00:00,0.3935996010906037
2019-08-13 00:00:00,0.3935996010906037
2019-08-14 00:00:00,0.3935996010906037
2019-08-15 00:00:00,0.3935996010906037
2019-08-16 00:00:00,0.3935996010906037
2019-08-19 00:00:00,0.3935996010906037
2019-08-20 00:00:00,0.3935996010906037
2019-08-21 00:00:00,0.3935996010906037
2019-08-22 00:00:00,0.3935996010906037
2019-08-23 00:00:00,0.3935996010906037
2019-08-26 00:00:00,0.39233610040942096
2019-08-27 00:00:00,0.3930539665501158
2019-08-28 00:00:00,0.3918208389919255
2019-08-29 00:00:00,0.38655565778937256
2019-08-30 00:00:00,0.3873850092842895
2019-09-03 00:00:00,0.39075994303394224
2019-09-04 00:00:00,0.3857734752169443
2019-09-05 00:00:00,0.3804802060577546
2019-09-06 00:00:00,0.3804802060577546
2019-09-09 00:00:00,0.3804802060577546
2019-09-10 00:00:00,0.3804802060577546
2019-09-11 00:00:00,0.3804802060577546
2019-09-12 00:00:00,0.3804802060577546
2019-09-13 00:00:00,0.3804802060577546
2019-09-16 00:00:00,0.3804802060577546
2019-09-17 00:00:00,0.3804802060577546
2019-09-18 00:00:00,0.3804802060577546
2019-09-19 00:00:00,0.3804802060577546
2019-09-20 00:00:00,0.3804802060577546
2019-09-23 00:00:00,0.3804802060577546
2019-09-24 00:00:00,0.3804802060577546
2019-09-25 00:00:00,0.3804802060577546
2019-09-26 00:00:00,0.3804802060577546
2019-09-27 00:00:00,0.3804802060577546
2019-09-30 00:00:00,0.3804802060577546
2019-10-01 00:00:00,0.3804802060577546
2019-10-02 00:00:00,0.3804802060577546
2019-10-03 00:00:00,0.3804802060577546
2019-10-04 00:00:00,0.3804802060577546
2019-10-07 00:00:00,0.3804802060577546
2019-10-08 00:00:00,0.3804802060577546
2019-10-09 00:00:00,0.3799918631011588
2019-10-10 00:00:00,0.37703390852795443
2019-10-11 00:00:00,0.37208188688198357
2019-10-14 00:00:00,0.37211503291792897
2019-10-15 00:00:00,0.3684218666923584
2019-10-16 00:00:00,0.3684218666923584
2019-10-17 00:00:00,0.3684218666923584
2019-10-18 00:00:00,0.3684218666923584
2019-10-21 00:00:00,0.3684218666923584
2019-10-22 00:00:00,0.3684218666923584
2019-10-23 00:00:00,0.3684218666923584
2019-10-24 00:00:00,0.3684218666923584
2019-10-25 00:00:00,0.3684218666923584
2019-10-28 00:00:00,0.3684218666923584
2019-10-29 00:00:00,0.3684218666923584
2019-10-30 00:00:00,0.3684218666923584
2019-10-31 00:00:00,0.3684218666923584
2019-11-01 00:00:00,0.3684218666923584
2019-11-04 00:00:00,0.3684218666923584
2019-11-05 00:00:00,0.3684218666923584
2019-11-06 00:00:00,0.3684218666923584
2019-11-07 00:00:00,0.3684218666923584
2019-11-08 00:00:00,0.3684218666923584
2019-11-11 00:00:00,0.3684218666923584
2019-11-12 00:00:00,0.3684218666923584
2019-11-13 00:00:00,0.3684218666923584
2019-11-14 00:00:00,0.3684218666923584
2019-11-15 00:00:00,0.3684218666923584
2019-11-18 00:00:00,0.3684218666923584
2019-11-19 00:00:00,0.3684218666923584
2019-11-20 00:00:00,0.3684218666923584
2019-11-21 00:00:00,0.3684218666923584
2019-11-22 00:00:00,0.3684218666923584
2019-11-25 00:00:00,0.3684218666923584
2019-11-26 00:00:00,0.3684218666923584
2019-11-27 00:00:00,0.3684218666923584
2019-11-29 00:00:00,0.3684218666923584
2019-12-02 00:00:00,0.3684218666923584
2019-12-03 00:00:00,0.3684218666923584
2019-12-04 00:00:00,0.3684218666923584
2019-12-05 00:00:00,0.3684218666923584
2019-12-06 00:00:00,0.3684218666923584
2019-12-09 00:00:00,0.3684218666923584
2019-12-10 00:00:00,0.3684218666923584
2019-12-11 00:00:00,0.3684218666923584
2019-12-12 00:00:00,0.3684218666923584
2019-12-13 00:00:00,0.3684218666923584
2019-12-16 00:00:00,0.3684218666923584
2019-12-17 00:00:00,0.3684218666923584
2019-12-18 00:00:00,0.3684218666923584
2019-12-19 00:00:00,0.3684218666923584
2019-12-20 00:00:00,0.3684218666923584
2019-12-23 00:00:00,0.3684218666923584
2019-12-24 00:00:00,0.3684218666923584
2019-12-26 00:00:00,0.3684218666923584
2019-12-27 00:00:00,0.3684218666923584
2019-12-30 00:00:00,0.3684218666923584
2019-12-31 00:00:00,0.3684218666923584
2020-01-02 00:00:00,0.3684218666923584
2020-01-03 00:00:00,0.3684218666923584
2020-01-06 00:00:00,0.3684218666923584
2020-01-07 00:00:00,0.3684218666923584
2020-01-08 00:00:00,0.3684218666923584
2020-01-09 00:00:00,0.3684218666923584
2020-01-10 00:00:00,0.3684218666923584
2020-01-13 00:00:00,0.3684218666923584
2020-01-14 00:00:00,0.3684218666923584
2020-01-15 00:00:00,0.3684218666923584
2020-01-16 00:00:00,0.3684218666923584
2020-01-17 00:00:00,0.3684218666923584
2020-01-21 00:00:00,0.3684218666923584
2020-01-22 00:00:00,0.3684218666923584
2020-01-23 00:00:00,0.3684218666923584
2020-01-24 00:00:00,0.3684218666923584
2020-01-27 00:00:00,0.3684218666923584
2020-01-28 00:00:00,0.3684218666923584
2020-01-29 00:00:00,0.3684218666923584
2020-01-30 00:00:00,0.3684218666923584
2020-01-31 00:00:00,0.3684218666923584
2020-02-03 00:00:00,0.3684218666923584
2020-02-04 00:00:00,0.3684218666923584
2020-02-05 00:00:00,0.3684218666923584
2020-02-06 00:00:00,0.3684218666923584
2020-02-07 00:00:00,0.3684218666923584
2020-02-10 00:00:00,0.3684218666923584
2020-02-11 00:00:00,0.3684218666923584
2020-02-12 00:00:00,0.3684218666923584
2020-02-13 00:00:00,0.3684218666923584
2020-02-14 00:00:00,0.3684218666923584
2020-02-18 00:00:00,0.3684218666923584
2020-02-19 00:00:00,0.3684218666923584
2020-02-20 00:00:00,0.3684218666923584
2020-02-21 00:00:00,0.3684218666923584
2020-02-24 00:00:00,0.3684218666923584
2020-02-25 00:00:00,0.3684218666923584
2020-02-26 00:00:00,0.3684218666923584
2020-02-27 00:00:00,0.3684218666923584
2020-02-28 00:00:00,0.3684218666923584
2020-03-02 00:00:00,0.3684218666923584
2020-03-03 00:00:00,0.3684218666923584
2020-03-04 00:00:00,0.3684218666923584
2020-03-05 00:00:00,0.3684218666923584
2020-03-06 00:00:00,0.3684218666923584
2020-03-09 00:00:00,0.3684218666923584
2020-03-10 00:00:00,0.3684218666923584
2020-03-11 00:00:00,0.3684218666923584
2020-03-12 00:00:00,0.3684218666923584
2020-03-13 00:00:00,0.36441891646029284
2020-03-16 00:00:00,0.38191666135042535
2020-03-17 00:00:00,0.3721609234461533
2020-03-18 00:00:00,0.3763661391026716
2020-03-19 00:00:00,0.3755581723053696
2020-03-20 00:00:00,0.3808419817625583
2020-03-23 00:00:00,0.3810214599940391
2020-03-24 00:00:00,0.37099227577410415
2020-03-25 00:00:00,0.37202247587653625
2020-03-26 00:00:00,0.3647277548132305
2020-03-27 00:00:00,0.36973811795475625
2020-03-30 00:00:00,0.3646157759547727
2020-03-31 00:00:00,0.3658586565249426
2020-04-01 00:00:00,0.3720007835840732
2020-04-02 00:00:00,0.36918754380524316
2020-04-03 00:00:00,0.37118999747447673
2020-04-06 00:00:00,0.3612291748334575
2020-04-07 00:00:00,0.36128712136908814
2020-04-08 00:00:00,0.35811688223369814
2020-04-09 00:00:00,0.3578937867226752
2020-04-13 00:00:00,0.3584873629397187
2020-04-14 00:00:00,0.35650571379748036
2020-04-15 00:00:00,0.3575439987772383
2020-04-16 00:00:00,0.35590727141596173
2020-04-17 00:00:00,0.35503238756941174
2020-04-20 00:00:00,0.35612203278611754
2020-04-21 00:00:00,0.3594800884680206
2020-04-22 00:00:00,0.35687607664422594
2020-04-23 00:00:00,0.3570669177143441
2020-04-24 00:00:00,0.3556441913403503
2020-04-27 00:00:00,0.3549062681256613
2020-04-28 00:00:00,0.356642196323961
2020-04-29 00:00:00,0.3534304216962833
2020-04-30 00:00:00,0.35346718205555794
2020-05-01 00:00:00,0.35610619442019087
2020-05-04 00:00:00,0.3550429897048321
2020-05-05 00:00:00,0.35399690506845594
2020-05-06 00:00:00,0.35342162260410187
2020-05-07 00:00:00,0.3522128972173908
2020-05-08 00:00:00,0.3509582990262054
2020-05-11 00:00:00,0.3509582990262054
2020-05-12 00:00:00,0.3509582990262054
2020-05-13 00:00:00,0.3509582990262054
2020-05-14 00:00:00,0.3509582990262054
2020-05-15 00:00:00,0.3509582990262054
2020-05-18 00:00:00,0.3509582990262054
2020-05-19 00:00:00,0.3509582990262054
2020-05-20 00:00:00,0.3509582990262054
2020-05-21 00:00:00,0.3509582990262054
2020-05-22 00:00:00,0.3509582990262054
2020-05-26 00:00:00,0.3509582990262054
2020-05-27 00:00:00,0.3509582990262054
2020-05-28 00:00:00,0.3509582990262054
2020-05-29 00:00:00,0.3509582990262054
2020-06-01 00:00:00,0.3509582990262054
2020-06-02 00:00:00,0.3509582990262054
2020-06-03 00:00:00,0.3509582990262054
2020-06-04 00:00:00,0.3509582990262054
2020-06-05 00:00:00,0.3509582990262054
2020-06-08 00:00:00,0.3509582990262054
2020-06-09 00:00:00,0.3509582990262054
2020-06-10 00:00:00,0.3509582990262054
2020-06-11 00:00:00,0.3509582990262054
2020-06-12 00:00:00,0.3509582990262054
2020-06-15 00:00:00,0.3509582990262054
2020-06-16 00:00:00,0.3509582990262054
2020-06-17 00:00:00,0.3509582990262054
2020-06-18 00:00:00,0.3509582990262054
2020-06-19 00:00:00,0.3509582990262054
2020-06-22 00:00:00,0.3509582990262054
2020-06-23 00:00:00,0.3509582990262054
2020-06-24 00:00:00,0.3509582990262054
2020-06-25 00:00:00,0.3509582990262054
2020-06-26 00:00:00,0.3509582990262054
2020-06-29 00:00:00,0.3509582990262054
2020-06-30 00:00:00,0.3509582990262054
2020-07-01 00:00:00,0.3509582990262054
2020-07-02 00:00:00,0.3509582990262054
2020-07-06 00:00:00,0.3509582990262054
2020-07-07 00:00:00,0.3509582990262054
2020-07-08 00:00:00,0.3509582990262054
2020-07-09 00:00:00,0.3509582990262054
2020-07-10 00:00:00,0.3509582990262054
2020-07-13 00:00:00,0.3509582990262054
2020-07-14 00:00:00,0.3509582990262054
2020-07-15 00:00:00,0.3509582990262054
2020-07-16 00:00:00,0.3509582990262054
2020-07-17 00:00:00,0.3509582990262054
2020-07-20 00:00:00,0.3509582990262054
2020-07-21 00:00:00,0.3509582990262054
2020-07-22 00:00:00,0.3509582990262054
2020-07-23 00:00:00,0.3509582990262054
2020-07-24 00:00:00,0.3509582990262054
2020-07-27 00:00:00,0.3509582990262054
2020-07-28 00:00:00,0.3509582990262054
2020-07-29 00:00:00,0.3509582990262054
2020-07-30 00:00:00,0.3509582990262054
2020-07-31 00:00:00,0.3509582990262054
2020-08-03 00:00:00,0.3509582990262054
2020-08-04 00:00:00,0.3509582990262054
2020-08-05 00:00:00,0.3509582990262054
2020-08-06 00:00:00,0.3509582990262054
2020-08-07 00:00:00,0.3509582990262054
2020-08-10 00:00:00,0.3509582990262054
2020-08-11 00:00:00,0.3509582990262054
2020-08-12 00:00:00,0.3509582990262054
2020-08-13 00:00:00,0.3509582990262054
2020-08-14 00:00:00,0.3509582990262054
2020-08-17 00:00:00,0.3509582990262054
2020-08-18 00:00:00,0.3509582990262054
2020-08-19 00:00:00,0.3509582990262054
2020-08-20 00:00:00,0.3509582990262054
2020-08-21 00:00:00,0.3509582990262054
2020-08-24 00:00:00,0.3509582990262054
2020-08-25 00:00:00,0.3509582990262054
2020-08-26 00:00:00,0.3509582990262054
2020-08-27 00:00:00,0.3509582990262054
2020-08-28 00:00:00,0.3509582990262054
2020-08-31 00:00:00,0.3509582990262054
2020-09-01 00:00:00,0.3509582990262054
2020-09-02 00:00:00,0.3509582990262054
2020-09-03 00:00:00,0.3509582990262054
2020-09-04 00:00:00,0.3509582990262054
2020-09-08 00:00:00,0.3509582990262054
2020-09-09 00:00:00,0.3509582990262054
2020-09-10 00:00:00,0.3509582990262054
2020-09-11 00:00:00,0.3509582990262054
2020-09-14 00:00:00,0.3509582990262054
2020-09-15 00:00:00,0.3509582990262054
2020-09-16 00:00:00,0.3509582990262054
2020-09-17 00:00:00,0.3509582990262054
2020-09-18 00:00:00,0.3509582990262054
2020-09-21 00:00:00,0.3509582990262054
2020-09-22 00:00:00,0.3509582990262054
2020-09-23 00:00:00,0.3509582990262054
2020-09-24 00:00:00,0.3509582990262054
2020-09-25 00:00:00,0.3509582990262054
2020-09-28 00:00:00,0.3509582990262054
2020-09-29 00:00:00,0.3509582990262054
2020-09-30 00:00:00,0.3509582990262054
2020-10-01 00:00:00,0.3509582990262054
2020-10-02 00:00:00,0.3509582990262054
2020-10-05 00:00:00,0.3509582990262054
2020-10-06 00:00:00,0.3509582990262054
2020-10-07 00:00:00,0.3509582990262054
2020-10-08 00:00:00,0.3509582990262054
2020-10-09 00:00:00,0.3509582990262054
2020-10-12 00:00:00,0.3509582990262054
2020-10-13 00:00:00,0.3509582990262054
2020-10-14 00:00:00,0.3509582990262054
2020-10-15 00:00:00,0.3509582990262054
2020-10-16 00:00:00,0.3509582990262054
2020-10-19 00:00:00,0.3509582990262054
2020-10-20 00:00:00,0.3509582990262054
2020-10-21 00:00:00,0.3509582990262054
2020-10-22 00:00:00,0.3509582990262054
2020-10-23 00:00:00,0.3509582990262054
2020-10-26 00:00:00,0.3509582990262054
2020-10-27 00:00:00,0.3509582990262054
2020-10-28 00:00:00,0.3509582990262054
2020-10-29 00:00:00,0.3509582990262054
2020-10-30 00:00:00,0.3509582990262054
2020-11-02 00:00:00,0.3509582990262054
2020-11-03 00:00:00,0.3509582990262054
2020-11-04 00:00:00,0.3509582990262054
2020-11-05 00:00:00,0.3509582990262054
2020-11-06 00:00:00,0.3509582990262054
2020-11-09 00:00:00,0.3509582990262054
2020-11-10 00:00:00,0.3509582990262054
2020-11-11 00:00:00,0.3509582990262054
2020-11-12 00:00:00,0.3509582990262054
2020-11-13 00:00:00,0.3509582990262054
2020-11-16 00:00:00,0.3509582990262054
2020-11-17 00:00:00,0.3509582990262054
2020-11-18 00:00:00,0.3509582990262054
2020-11-19 00:00:00,0.3509582990262054
2020-11-20 00:00:00,0.3509582990262054
2020-11-23 00:00:00,0.3509582990262054
2020-11-24 00:00:00,0.3509582990262054
2020-11-25 00:00:00,0.3509582990262054
2020-11-27 00:00:00,0.3509582990262054
2020-11-30 00:00:00,0.3509582990262054
2020-12-01 00:00:00,0.3509582990262054
2020-12-02 00:00:00,0.3509582990262054
2020-12-03 00:00:00,0.3509582990262054
2020-12-04 00:00:00,0.3509582990262054
2020-12-07 00:00:00,0.3509582990262054
2020-12-08 00:00:00,0.3509582990262054
2020-12-09 00:00:00,0.3509582990262054
2020-12-10 00:00:00,0.3509582990262054
2020-12-11 00:00:00,0.3509582990262054
2020-12-14 00:00:00,0.3509582990262054
2020-12-15 00:00:00,0.3509582990262054
2020-12-16 00:00:00,0.3509582990262054
2020-12-17 00:00:00,0.3509582990262054
2020-12-18 00:00:00,0.3509582990262054
2020-12-21 00:00:00,0.3509582990262054
2020-12-22 00:00:00,0.3509582990262054
2020-12-23 00:00:00,0.3509582990262054
2020-12-24 00:00:00,0.3509582990262054
2020-12-28 00:00:00,0.3509582990262054
2020-12-29 00:00:00,0.3509582990262054
2020-12-30 00:00:00,0.3509582990262054
2020-12-31 00:00:00,0.3509582990262054
2021-01-04 00:00:00,0.3509582990262054
2021-01-05 00:00:00,0.3509582990262054
2021-01-06 00:00:00,0.3509582990262054
2021-01-07 00:00:00,0.3509582990262054
2021-01-08 00:00:00,0.3509582990262054
2021-01-11 00:00:00,0.3509582990262054
2021-01-12 00:00:00,0.3509582990262054
2021-01-13 00:00:00,0.3509582990262054
2021-01-14 00:00:00,0.3509582990262054
2021-01-15 00:00:00,0.3509582990262054
2021-01-19 00:00:00,0.3509582990262054
2021-01-20 00:00:00,0.3509582990262054
2021-01-21 00:00:00,0.3509582990262054
2021-01-22 00:00:00,0.3509582990262054
2021-01-25 00:00:00,0.3509582990262054
2021-01-26 00:00:00,0.3509582990262054
2021-01-27 00:00:00,0.3509582990262054
2021-01-28 00:00:00,0.3509582990262054
2021-01-29 00:00:00,0.3509582990262054
2021-02-01 00:00:00,0.3509582990262054
2021-02-02 00:00:00,0.3509582990262054
2021-02-03 00:00:00,0.3509582990262054
2021-02-04 00:00:00,0.3509582990262054
2021-02-05 00:00:00,0.3509582990262054
2021-02-08 00:00:00,0.3509582990262054
2021-02-09 00:00:00,0.3509582990262054
2021-02-10 00:00:00,0.3509582990262054
2021-02-11 00:00:00,0.3509582990262054
2021-02-12 00:00:00,0.3509582990262054
2021-02-16 00:00:00,0.3509582990262054
2021-02-17 00:00:00,0.3509582990262054
2021-02-18 00:00:00,0.3509582990262054
2021-02-19 00:00:00,0.3509582990262054
2021-02-22 00:00:00,0.3509582990262054
2021-02-23 00:00:00,0.3509582990262054
2021-02-24 00:00:00,0.3509582990262054
2021-02-25 00:00:00,0.3509582990262054
2021-02-26 00:00:00,0.3509582990262054
2021-03-01 00:00:00,0.3509582990262054
2021-03-02 00:00:00,0.3509582990262054
2021-03-03 00:00:00,0.3509582990262054
2021-03-04 00:00:00,0.3509582990262054
2021-03-05 00:00:00,0.3509582990262054
2021-03-08 00:00:00,0.3509582990262054
2021-03-09 00:00:00,0.3509582990262054
2021-03-10 00:00:00,0.3509582990262054
2021-03-11 00:00:00,0.3509582990262054
2021-03-12 00:00:00,0.3509582990262054
2021-03-15 00:00:00,0.3509582990262054
2021-03-16 00:00:00,0.3509582990262054
2021-03-17 00:00:00,0.3509582990262054
2021-03-18 00:00:00,0.3509582990262054
2021-03-19 00:00:00,0.3509582990262054
2021-03-22 00:00:00,0.3509582990262054
2021-03-23 00:00:00,0.3509582990262054
2021-03-24 00:00:00,0.3509582990262054
2021-03-25 00:00:00,0.3509582990262054
2021-03-26 00:00:00,0.3509582990262054
2021-03-29 00:00:00,0.3509582990262054
2021-03-30 00:00:00,0.3509582990262054
2021-03-31 00:00:00,0.3509582990262054
2021-04-01 00:00:00,0.3509582990262054
2021-04-05 00:00:00,0.3509582990262054
2021-04-06 00:00:00,0.3509582990262054
2021-04-07 00:00:00,0.3509582990262054
2021-04-08 00:00:00,0.3509582990262054
2021-04-09 00:00:00,0.3509582990262054
2021-04-12 00:00:00,0.3509582990262054
2021-04-13 00:00:00,0.3509582990262054
2021-04-14 00:00:00,0.3509582990262054
2021-04-15 00:00:00,0.3509582990262054
2021-04-16 00:00:00,0.3509582990262054
2021-04-19 00:00:00,0.3509582990262054
2021-04-20 00:00:00,0.3509582990262054
2021-04-21 00:00:00,0.3509582990262054
2021-04-22 00:00:00,0.3509582990262054
2021-04-23 00:00:00,0.3509582990262054
2021-04-26 00:00:00,0.3509582990262054
2021-04-27 00:00:00,0.3509582990262054
2021-04-28 00:00:00,0.3509582990262054
2021-04-29 00:00:00,0.3509582990262054
2021-04-30 00:00:00,0.3509582990262054
2021-05-03 00:00:00,0.3509582990262054
2021-05-04 00:00:00,0.3509582990262054
2021-05-05 00:00:00,0.3509582990262054
2021-05-06 00:00:00,0.3509582990262054
2021-05-07 00:00:00,0.3509582990262054
2021-05-10 00:00:00,0.3509582990262054
2021-05-11 00:00:00,0.3509582990262054
2021-05-12 00:00:00,0.3509582990262054
2021-05-13 00:00:00,0.3509582990262054
2021-05-14 00:00:00,0.3509582990262054
2021-05-17 00:00:00,0.3509582990262054
2021-05-18 00:00:00,0.3509582990262054
2021-05-19 00:00:00,0.34438600472561365
2021-05-20 00:00:00,0.338013850461382
2021-05-21 00:00:00,0.338013850461382
2021-05-24 00:00:00,0.338013850461382
2021-05-25 00:00:00,0.338013850461382
2021-05-26 00:00:00,0.338013850461382
2021-05-27 00:00:00,0.338013850461382
2021-05-28 00:00:00,0.338013850461382
2021-06-01 00:00:00,0.338013850461382
2021-06-02 00:00:00,0.338013850461382
2021-06-03 00:00:00,0.338013850461382
2021-06-04 00:00:00,0.338013850461382
2021-06-07 00:00:00,0.338013850461382
2021-06-08 00:00:00,0.338013850461382
2021-06-09 00:00:00,0.338013850461382
2021-06-10 00:00:00,0.338013850461382
2021-06-11 00:00:00,0.338013850461382
2021-06-14 00:00:00,0.338013850461382
2021-06-15 00:00:00,0.338013850461382
2021-06-16 00:00:00,0.338013850461382
2021-06-17 00:00:00,0.338013850461382
2021-06-18 00:00:00,0.338013850461382
2021-06-21 00:00:00,0.338013850461382
2021-06-22 00:00:00,0.338013850461382
2021-06-23 00:00:00,0.338013850461382
2021-06-24 00:00:00,0.338013850461382
2021-06-25 00:00:00,0.338013850461382
2021-06-28 00:00:00,0.338013850461382
2021-06-29 00:00:00,0.338013850461382
2021-06-30 00:00:00,0.338013850461382
2021-07-01 00:00:00,0.338013850461382
2021-07-02 00:00:00,0.338013850461382
2021-07-06 00:00:00,0.338013850461382
2021-07-07 00:00:00,0.338013850461382
2021-07-08 00:00:00,0.338013850461382
2021-07-09 00:00:00,0.338013850461382
2021-07-12 00:00:00,0.338013850461382
2021-07-13 00:00:00,0.338013850461382
2021-07-14 00:00:00,0.338013850461382
2021-07-15 00:00:00,0.338013850461382
2021-07-16 00:00:00,0.338013850461382
2021-07-19 00:00:00,0.338013850461382
2021-07-20 00:00:00,0.338013850461382
2021-07-21 00:00:00,0.338013850461382
2021-07-22 00:00:00,0.338013850461382
2021-07-23 00:00:00,0.338013850461382
2021-07-26 00:00:00,0.338013850461382
2021-07-27 00:00:00,0.338013850461382
2021-07-28 00:00:00,0.338013850461382
2021-07-29 00:00:00,0.338013850461382
2021-07-30 00:00:00,0.338013850461382
2021-08-02 00:00:00,0.338013850461382
2021-08-03 00:00:00,0.338013850461382
2021-08-04 00:00:00,0.338013850461382
2021-08-05 00:00:00,0.338013850461382
2021-08-06 00:00:00,0.338013850461382
2021-08-09 00:00:00,0.338013850461382
2021-08-10 00:00:00,0.338013850461382
2021-08-11 00:00:00,0.338013850461382
2021-08-12 00:00:00,0.338013850461382
2021-08-13 00:00:00,0.338013850461382
2021-08-16 00:00:00,0.338013850461382
2021-08-17 00:00:00,0.338013850461382
2021-08-18 00:00:00,0.338013850461382
2021-08-19 00:00:00,0.338013850461382
2021-08-20 00:00:00,0.338013850461382
2021-08-23 00:00:00,0.338013850461382
2021-08-24 00:00:00,0.338013850461382
2021-08-25 00:00:00,0.338013850461382
2021-08-26 00:00:00,0.338013850461382
2021-08-27 00:00:00,0.338013850461382
2021-08-30 00:00:00,0.338013850461382
2021-08-31 00:00:00,0.338013850461382
2021-09-01 00:00:00,0.338013850461382
2021-09-02 00:00:00,0.338013850461382
2021-09-03 00:00:00,0.338013850461382
2021-09-07 00:00:00,0.338013850461382
2021-09-08 00:00:00,0.338013850461382
2021-09-09 00:00:00,0.338013850461382
2021-09-10 00:00:00,0.338013850461382
2021-09-13 00:00:00,0.338013850461382
2021-09-14 00:00:00,0.338013850461382
2021-09-15 00:00:00,0.338013850461382
2021-09-16 00:00:00,0.338013850461382
2021-09-17 00:00:00,0.338013850461382
2021-09-20 00:00:00,0.338013850461382
2021-09-21 00:00:00,0.338013850461382
2021-09-22 00:00:00,0.338013850461382
2021-09-23 00:00:00,0.338013850461382
2021-09-24 00:00:00,0.338013850461382
2021-09-27 00:00:00,0.338013850461382
2021-09-28 00:00:00,0.338013850461382
2021-09-29 00:00:00,0.338013850461382
2021-09-30 00:00:00,0.338013850461382
2021-10-01 00:00:00,0.338013850461382
2021-10-04 00:00:00,0.338013850461382
2021-10-05 00:00:00,0.338013850461382
2021-10-06 00:00:00,0.338013850461382
2021-10-07 00:00:00,0.338013850461382
2021-10-08 00:00:00,0.338013850461382
2021-10-11 00:00:00,0.338013850461382
2021-10-12 00:00:00,0.338013850461382
2021-10-13 00:00:00,0.33755314898791505
2021-10-14 00:00:00,0.33131286936576454
2021-10-15 00:00:00,0.3291342843668322
2021-10-18 00:00:00,0.32764099726132007
2021-10-19 00:00:00,0.32764099726132007
2021-10-20 00:00:00,0.32764099726132007
2021-10-21 00:00:00,0.32764099726132007
2021-10-22 00:00:00,0.32764099726132007
2021-10-25 00:00:00,0.32764099726132007
2021-10-26 00:00:00,0.32764099726132007
2021-10-27 00:00:00,0.32764099726132007
2021-10-28 00:00:00,0.32764099726132007
2021-10-29 00:00:00,0.32764099726132007
2021-11-01 00:00:00,0.32764099726132007
2021-11-02 00:00:00,0.32764099726132007
2021-11-03 00:00:00,0.32764099726132007
2021-11-04 00:00:00,0.32764099726132007
2021-11-05 00:00:00,0.32764099726132007
2021-11-08 00:00:00,0.32764099726132007
2021-11-09 00:00:00,0.32764099726132007
2021-11-10 00:00:00,0.32764099726132007
2021-11-11 00:00:00,0.32764099726132007
2021-11-12 00:00:00,0.32764099726132007
2021-11-15 00:00:00,0.32764099726132007
2021-11-16 00:00:00,0.32764099726132007
2021-11-17 00:00:00,0.32764099726132007
2021-11-18 00:00:00,0.32764099726132007
2021-11-19 00:00:00,0.32764099726132007
2021-11-22 00:00:00,0.32764099726132007
2021-11-23 00:00:00,0.32764099726132007
2021-11-24 00:00:00,0.32764099726132007
2021-11-26 00:00:00,0.32764099726132007
2021-11-29 00:00:00,0.32764099726132007
2021-11-30 00:00:00,0.32764099726132007
2021-12-01 00:00:00,0.32764099726132007
2021-12-02 00:00:00,0.32764099726132007
2021-12-03 00:00:00,0.32764099726132007
2021-12-06 00:00:00,0.32764099726132007
2021-12-07 00:00:00,0.32764099726132007
2021-12-08 00:00:00,0.32764099726132007
2021-12-09 00:00:00,0.32764099726132007
2021-12-10 00:00:00,0.32764099726132007
2021-12-13 00:00:00,0.32764099726132007
2021-12-14 00:00:00,0.32764099726132007
2021-12-15 00:00:00,0.32764099726132007
2021-12-16 00:00:00,0.32764099726132007
2021-12-17 00:00:00,0.32764099726132007
2021-12-20 00:00:00,0.32764099726132007
2021-12-21 00:00:00,0.32764099726132007
2021-12-22 00:00:00,0.32764099726132007
2021-12-23 00:00:00,0.32764099726132007
2021-12-27 00:00:00,0.32764099726132007
2021-12-28 00:00:00,0.32764099726132007
2021-12-29 00:00:00,0.32764099726132007
2021-12-30 00:00:00,0.32764099726132007
2021-12-31 00:00:00,0.32764099726132007
2022-01-03 00:00:00,0.32764099726132007
2022-01-04 00:00:00,0.32764099726132007
2022-01-05 00:00:00,0.32764099726132007
2022-01-06 00:00:00,0.32764099726132007
2022-01-07 00:00:00,0.32764099726132007
2022-01-10 00:00:00,0.32764099726132007
2022-01-11 00:00:00,0.32764099726132007
2022-01-12 00:00:00,0.32764099726132007
2022-01-13 00:00:00,0.32764099726132007
2022-01-14 00:00:00,0.32764099726132007
2022-01-18 00:00:00,0.32764099726132007
2022-01-19 00:00:00,0.32764099726132007
2022-01-20 00:00:00,0.32764099726132007
2022-01-21 00:00:00,0.33388257560519424
2022-01-24 00:00:00,0.33258521593932683
2022-01-25 00:00:00,0.3391499986603446
2022-01-26 00:00:00,0.3395774967630286
2022-01-27 00:00:00,0.3423556149875057
2022-01-28 00:00:00,0.3337657171280887
2022-01-31 00:00:00,0.3247345765836934
2022-02-01 00:00:00,0.3227472738104055
2022-02-02 00:00:00,0.320358841323501
2022-02-03 00:00:00,0.33233887517834276
2022-02-04 00:00:00,0.32875507614486077
2022-02-07 00:00:00,0.3310598613072704
2022-02-08 00:00:00,0.327853124204588
2022-02-09 00:00:00,0.3217422079753215
2022-02-10 00:00:00,0.32839523923333497
2022-02-11 00:00:00,0.3375112069329543
2022-02-14 00:00:00,0.337160513391222
2022-02-15 00:00:00,0.3302232699519054
2022-02-16 00:00:00,0.33028975131233435
2022-02-17 00:00:00,0.3387799566587118
2022-02-18 00:00:00,0.33788871034202295
2022-02-22 00:00:00,0.33815663587548633
2022-02-23 00:00:00,0.34381135712615096
2022-02-24 00:00:00,0.3365729789250295
2022-02-25 00:00:00,0.3331182320379396
2022-02-28 00:00:00,0.3324407620221163
2022-03-01 00:00:00,0.33590633562131195
2022-03-02 00:00:00,0.3321575241243232
2022-03-03 00:00:00,0.3353943808047087
2022-03-04 00:00:00,0.3386312374850941
2022-03-07 00:00:00,0.34675610145890884
2022-03-08 00:00:00,0.3477384627967367
2022-03-09 00:00:00,0.3401276027564101
2022-03-10 00:00:00,0.3425541480672966
2022-03-11 00:00:00,0.34703914564747484
2022-03-14 00:00:00,0.3511059180046858
2022-03-15 00:00:00,0.34457982963643047
2022-03-16 00:00:00,0.3366226268333341
2022-03-17 00:00:00,0.3339259131628723
2022-03-18 00:00:00,0.32931451214351365
2022-03-21 00:00:00,0.3302315257902529
2022-03-22 00:00:00,0.32980538560826406
2022-03-23 00:00:00,0.3309835736735961
2022-03-24 00:00:00,0.3267534331812942
2022-03-25 00:00:00,0.3269117730057336
2022-03-28 00:00:00,0.32390305683804194
2022-03-29 00:00:00,0.32050521433684614
2022-03-30 00:00:00,0.32271727647700205
2022-03-31 00:00:00,0.325172542575598
2022-04-01 00:00:00,0.3255416591640189
2022-04-04 00:00:00,0.32151148637087884
2022-04-05 00:00:00,0.3259394067990445
2022-04-06 00:00:00,0.33017276406045815
2022-04-07 00:00:00,0.32971498719018266
2022-04-08 00:00:00,0.33238643458516987
2022-04-11 00:00:00,0.33684678220779424
2022-04-12 00:00:00,0.3376212387269486
2022-04-13 00:00:00,0.33388831521634643
2022-04-14 00:00:00,0.3381649087370383
2022-04-18 00:00:00,0.3380205947465301
2022-04-19 00:00:00,0.33392556756447267
2022-04-20 00:00:00,0.3366510602835577
2022-04-21 00:00:00,0.33441972989587576
2022-04-22 00:00:00,0.34048158931654626
2022-04-25 00:00:00,0.3376332412234138
2022-04-26 00:00:00,0.34609219992843443
2022-04-27 00:00:00,0.3463462175994162
2022-04-28 00:00:00,0.33868784188516815
2022-04-29 00:00:00,0.3487251972070187
2022-05-02 00:00:00,0.3451624885760969
2022-05-03 00:00:00,0.34492665902116587
2022-05-04 00:00:00,0.3375880446904998
2022-05-05 00:00:00,0.3488772318119052
2022-05-06 00:00:00,0.3514240066375065
2022-05-09 00:00:00,0.35965164859695714
2022-05-10 00:00:00,0.35719109622433903
2022-05-11 00:00:00,0.36325524626934164
2022-05-12 00:00:00,0.36372017038481363
2022-05-13 00:00:00,0.35637475262045426
2022-05-16 00:00:00,0.3587514416037247
2022-05-17 00:00:00,0.3534878745494946
2022-05-18 00:00:00,0.3637089225810625
2022-05-19 00:00:00,0.3647657454278458
2022-05-20 00:00:00,0.3622550354206676
2022-05-23 00:00:00,0.3599414333168595
2022-05-24 00:00:00,0.3638083438291667
2022-05-25 00:00:00,0.3613112978843503
2022-05-26 00:00:00,0.35630216386435354
2022-05-27 00:00:00,0.3502385731214415
2022-05-31 00:00:00,0.34893401111641037
2022-06-01 00:00:00,0.35129850036190546
2022-06-02 00:00:00,0.3468624857282393
2022-06-03 00:00:00,0.3511861896416421
2022-06-06 00:00:00,0.3506433832511177
2022-06-07 00:00:00,0.34923835818718013
2022-06-08 00:00:00,0.35041469945836917
2022-06-09 00:00:00,0.3547701414824498
2022-06-10 00:00:00,0.3603527904527381
2022-06-13 00:00:00,0.3674535790504471
2022-06-14 00:00:00,0.3671858362857969
2022-06-15 00:00:00,0.3635379847339624
2022-06-16 00:00:00,0.36957025693885276
2022-06-17 00:00:00,0.3678214023425725
2022-06-21 00:00:00,0.3644380350463862
2022-06-22 00:00:00,0.36465165362701574
2022-06-23 00:00:00,0.3624373067407946
2022-06-24 00:00:00,0.3572713155615394
2022-06-27 00:00:00,0.35841062903693766
2022-06-28 00:00:00,0.3631204799635868
2022-06-29 00:00:00,0.3629796896416478
2022-06-30 00:00:00,0.364524093550619
2022-07-01 00:00:00,0.3623252950872914
2022-07-05 00:00:00,0.35898178366698025
2022-07-06 00:00:00,0.3577056959590431
2022-07-07 00:00:00,0.3534287323609042
2022-07-08 00:00:00,0.3522851094928053
2022-07-11 00:00:00,0.35491564886358123
2022-07-12 00:00:00,0.3568297696660831
2022-07-13 00:00:00,0.3572299602577998
2022-07-14 00:00:00,0.35652724241541506
2022-07-15 00:00:00,0.35296107286213363
2022-07-18 00:00:00,0.35464913168745943
2022-07-19 00:00:00,0.34854832784462814
2022-07-20 00:00:00,0.34530412534974897
2022-07-21 00:00:00,0.3423202366467694
2022-07-22 00:00:00,0.3460086014519561
2022-07-25 00:00:00,0.3471828830564272
2022-07-26 00:00:00,0.351220616371795
2022-07-27 00:00:00,0.3426947840465297
2022-07-28 00:00:00,0.3410055248099916
2022-07-29 00:00:00,0.338087542686902
2022-08-01 00:00:00,0.3382191717693215
2022-08-02 00:00:00,0.3388878527762359
2022-08-03 00:00:00,0.3327538760728802
2022-08-04 00:00:00,0.3316681874597776
2022-08-05 00:00:00,0.3335613468545407
2022-08-08 00:00:00,0.3343016347847212
2022-08-09 00:00:00,0.3368965420274911
2022-08-10 00:00:00,0.3305549052466639
2022-08-11 00:00:00,0.3287606274601057
2022-08-12 00:00:00,0.3287606274601057
2022-08-15 00:00:00,0.3287606274601057
2022-08-16 00:00:00,0.3287606274601057
2022-08-17 00:00:00,0.3287606274601057
2022-08-18 00:00:00,0.3287606274601057
2022-08-19 00:00:00,0.3287606274601057
2022-08-22 00:00:00,0.3287606274601057
2022-08-23 00:00:00,0.3287606274601057
2022-08-24 00:00:00,0.3287606274601057
2022-08-25 00:00:00,0.3287606274601057
2022-08-26 00:00:00,0.3287606274601057
2022-08-29 00:00:00,0.3287606274601057
2022-08-30 00:00:00,0.3287606274601057
2022-08-31 00:00:00,0.3287606274601057
2022-09-01 00:00:00,0.3287606274601057
2022-09-02 00:00:00,0.3287606274601057
2022-09-06 00:00:00,0.3287606274601057
2022-09-07 00:00:00,0.3287606274601057
2022-09-08 00:00:00,0.3257758616078672
2022-09-09 00:00:00,0.3204277712632494
2022-09-12 00:00:00,0.3173824389901133
2022-09-13 00:00:00,0.3173824389901133
2022-09-14 00:00:00,0.31653405627798603
2022-09-15 00:00:00,0.3201199475321465
2022-09-16 00:00:00,0.32141192844879546
2022-09-19 00:00:00,0.32014783784650275
2022-09-20 00:00:00,0.3218330605352965
2022-09-21 00:00:00,0.3255937259104103
2022-09-22 00:00:00,0.32813097243885125
2022-09-23 00:00:00,0.33144742025654217
2022-09-26 00:00:00,0.33227333685064897
2022-09-27 00:00:00,0.3321889715647909
2022-09-28 00:00:00,0.32820859983268275
2022-09-29 00:00:00,0.33408111916931527
2022-09-30 00:00:00,0.33743397826220484
2022-10-03 00:00:00,0.33286374387187945
2022-10-04 00:00:00,0.3265967440572994
2022-10-05 00:00:00,0.32670171740247395
2022-10-06 00:00:00,0.32831411754087053
2022-10-07 00:00:00,0.3360727409327904
2022-10-10 00:00:00,0.33802740705805373
2022-10-11 00:00:00,0.3406884519221699
2022-10-12 00:00:00,0.3401249535788755
2022-10-13 00:00:00,0.327788814300952
2022-10-14 00:00:00,0.3255427278182682
2022-10-17 00:00:00,0.32360077484379457
2022-10-18 00:00:00,0.3219487264781508
2022-10-19 00:00:00,0.3227105798178288
2022-10-20 00:00:00,0.32377417087067206
2022-10-21 00:00:00,0.31888811316905236
2022-10-24 00:00:00,0.31653974700379656
2022-10-25 00:00:00,0.3128054099962716
2022-10-26 00:00:00,0.3132132250785978
2022-10-27 00:00:00,0.3171024536413163
2022-10-28 00:00:00,0.310673191158762
2022-10-31 00:00:00,0.3131850819906052
2022-11-01 00:00:00,0.3153661039820705
2022-11-02 00:00:00,0.32261788331793156
2022-11-03 00:00:00,0.32660714199518287
2022-11-04 00:00:00,0.3233788431776797
2022-11-07 00:00:00,0.32113545625711526
2022-11-08 00:00:00,0.31963075325925494
2022-11-09 00:00:00,0.32441255822857423
2022-11-10 00:00:00,0.3094576521381436
2022-11-11 00:00:00,0.30544450165276726
2022-11-14 00:00:00,0.30737929566999783
2022-11-15 00:00:00,0.3043356678331707
2022-11-16 00:00:00,0.30737079311026255
2022-11-17 00:00:00,0.30785130315466946
2022-11-18 00:00:00,0.30783935725060696
2022-11-21 00:00:00,0.3100896308598258
2022-11-22 00:00:00,0.30696136215685543
2022-11-23 00:00:00,0.3068560158264664
2022-11-25 00:00:00,0.30702004023899976
2022-11-28 00:00:00,0.30957414442609177
2022-11-29 00:00:00,0.3108707281170945
2022-11-30 00:00:00,0.3030973692928253
2022-12-01 00:00:00,0.30287520842333376
2022-12-02 00:00:00,0.30358251922486473
2022-12-05 00:00:00,0.3065618718888951
2022-12-06 00:00:00,0.3101790972683331
2022-12-07 00:00:00,0.3108742581133801
2022-12-08 00:00:00,0.30885390368426324
2022-12-09 00:00:00,0.30995001309328074
2022-12-12 00:00:00,0.3077960091428405
2022-12-13 00:00:00,0.3059275291697731
2022-12-14 00:00:00,0.30722411286077583
2022-12-15 00:00:00,0.3130647802767775
2022-12-16 00:00:00,0.314665112879879
2022-12-19 00:00:00,0.3173953914359884
2022-12-20 00:00:00,0.3175195043262895
2022-12-21 00:00:00,0.31514072618089606
2022-12-22 00:00:00,0.3192014249719984
2022-12-23 00:00:00,0.3199118485923805
2022-12-27 00:00:00,0.32297879222999054
2022-12-28 00:00:00,0.32635117583169465
2022-12-29 00:00:00,0.32019274091399036
2022-12-30 00:00:00,0.3203428925926358
2023-01-03 00:00:00,0.3220847491971295
2023-01-04 00:00:00,0.32085671734241855
2023-01-05 00:00:00,0.3248890761572793
2023-01-06 00:00:00,0.31787655566960765
2023-01-09 00:00:00,0.3161826589585508
2023-01-10 00:00:00,0.31395495876626445
2023-01-11 00:00:00,0.3093688177387273
2023-01-12 00:00:00,0.3069849390688185
2023-01-13 00:00:00,0.303235107242114
2023-01-17 00:00:00,0.3027523385317626
2023-01-18 00:00:00,0.3058180683956752
2023-01-19 00:00:00,0.3081036319063808
2023-01-20 00:00:00,0.30178219887525454
2023-01-23 00:00:00,0.29654359936800173
2023-01-24 00:00:00,0.29654359936800173
2023-01-25 00:00:00,0.29654359936800173
2023-01-26 00:00:00,0.29654359936800173
2023-01-27 00:00:00,0.29654359936800173
2023-01-30 00:00:00,0.29654359936800173
2023-01-31 00:00:00,0.29654359936800173
2023-02-01 00:00:00,0.29654359936800173
2023-02-02 00:00:00,0.29654359936800173
2023-02-03 00:00:00,0.29654359936800173
2023-02-06 00:00:00,0.29654359936800173
2023-02-07 00:00:00,0.29654359936800173
2023-02-08 00:00:00,0.29654359936800173
2023-02-09 00:00:00,0.29654359936800173
2023-02-10 00:00:00,0.29654359936800173
2023-02-13 00:00:00,0.29654359936800173
2023-02-14 00:00:00,0.29654359936800173
2023-02-15 00:00:00,0.29654359936800173
2023-02-16 00:00:00,0.29654359936800173
2023-02-17 00:00:00,0.29654359936800173
2023-02-21 00:00:00,0.29654359936800173
2023-02-22 00:00:00,0.29654359936800173
2023-02-23 00:00:00,0.29654359936800173
2023-02-24 00:00:00,0.29654359936800173
2023-02-27 00:00:00,0.29654359936800173
2023-02-28 00:00:00,0.29654359936800173
2023-03-01 00:00:00,0.29654359936800173
2023-03-02 00:00:00,0.29654359936800173
2023-03-03 00:00:00,0.29654359936800173
2023-03-06 00:00:00,0.29654359936800173
2023-03-07 00:00:00,0.29654359936800173
2023-03-08 00:00:00,0.29654359936800173
2023-03-09 00:00:00,0.29654359936800173
2023-03-10 00:00:00,0.29654359936800173
2023-03-13 00:00:00,0.29654359936800173
2023-03-14 00:00:00,0.29654359936800173
2023-03-15 00:00:00,0.29654359936800173
2023-03-16 00:00:00,0.29654359936800173
2023-03-17 00:00:00,0.29654359936800173
2023-03-20 00:00:00,0.29654359936800173
2023-03-21 00:00:00,0.29654359936800173
2023-03-22 00:00:00,0.29654359936800173
2023-03-23 00:00:00,0.29654359936800173
2023-03-24 00:00:00,0.29654359936800173
2023-03-27 00:00:00,0.29654359936800173
2023-03-28 00:00:00,0.29654359936800173
2023-03-29 00:00:00,0.29654359936800173
2023-03-30 00:00:00,0.29654359936800173
2023-03-31 00:00:00,0.29654359936800173
2023-04-03 00:00:00,0.29654359936800173
2023-04-04 00:00:00,0.29654359936800173
2023-04-05 00:00:00,0.29654359936800173
2023-04-06 00:00:00,0.29654359936800173
2023-04-10 00:00:00,0.29654359936800173
2023-04-11 00:00:00,0.29654359936800173
2023-04-12 00:00:00,0.29654359936800173
2023-04-13 00:00:00,0.29654359936800173
2023-04-14 00:00:00,0.29654359936800173
2023-04-17 00:00:00,0.29654359936800173
2023-04-18 00:00:00,0.29654359936800173
2023-04-19 00:00:00,0.29654359936800173
2023-04-20 00:00:00,0.29654359936800173
2023-04-21 00:00:00,0.29654359936800173
2023-04-24 00:00:00,0.29654359936800173
2023-04-25 00:00:00,0.29654359936800173
2023-04-26 00:00:00,0.29654359936800173
2023-04-27 00:00:00,0.29654359936800173
2023-04-28 00:00:00,0.29654359936800173
2023-05-01 00:00:00,0.29654359936800173
2023-05-02 00:00:00,0.29654359936800173
2023-05-03 00:00:00,0.29654359936800173
2023-05-04 00:00:00,0.29654359936800173
2023-05-05 00:00:00,0.29654359936800173
2023-05-08 00:00:00,0.29654359936800173
2023-05-09 00:00:00,0.29654359936800173
2023-05-10 00:00:00,0.29654359936800173
2023-05-11 00:00:00,0.29654359936800173
2023-05-12 00:00:00,0.29654359936800173
2023-05-15 00:00:00,0.29654359936800173
2023-05-16 00:00:00,0.29654359936800173
2023-05-17 00:00:00,0.29654359936800173
2023-05-18 00:00:00,0.29654359936800173
2023-05-19 00:00:00,0.29654359936800173
2023-05-22 00:00:00,0.29654359936800173
2023-05-23 00:00:00,0.29654359936800173
2023-05-24 00:00:00,0.29654359936800173
2023-05-25 00:00:00,0.29654359936800173
2023-05-26 00:00:00,0.29654359936800173
2023-05-30 00:00:00,0.29654359936800173
2023-05-31 00:00:00,0.29654359936800173
2023-06-01 00:00:00,0.29654359936800173
2023-06-02 00:00:00,0.29654359936800173
2023-06-05 00:00:00,0.29654359936800173
2023-06-06 00:00:00,0.29654359936800173
2023-06-07 00:00:00,0.29654359936800173
2023-06-08 00:00:00,0.29654359936800173
2023-06-09 00:00:00,0.29654359936800173
2023-06-12 00:00:00,0.29654359936800173
2023-06-13 00:00:00,0.29654359936800173
2023-06-14 00:00:00,0.29654359936800173
2023-06-15 00:00:00,0.29654359936800173
2023-06-16 00:00:00,0.29654359936800173
2023-06-20 00:00:00,0.29654359936800173
2023-06-21 00:00:00,0.29654359936800173
2023-06-22 00:00:00,0.29654359936800173
2023-06-23 00:00:00,0.29654359936800173
2023-06-26 00:00:00,0.29654359936800173
2023-06-27 00:00:00,0.29654359936800173
2023-06-28 00:00:00,0.29654359936800173
2023-06-29 00:00:00,0.29654359936800173
2023-06-30 00:00:00,0.29654359936800173
2023-07-03 00:00:00,0.29654359936800173
2023-07-05 00:00:00,0.29654359936800173
2023-07-06 00:00:00,0.29654359936800173
2023-07-07 00:00:00,0.29654359936800173
2023-07-10 00:00:00,0.29654359936800173
2023-07-11 00:00:00,0.29654359936800173
2023-07-12 00:00:00,0.29654359936800173
2023-07-13 00:00:00,0.29654359936800173
2023-07-14 00:00:00,0.29654359936800173
2023-07-17 00:00:00,0.29654359936800173
2023-07-18 00:00:00,0.29654359936800173
2023-07-19 00:00:00,0.29654359936800173
2023-07-20 00:00:00,0.29654359936800173
2023-07-21 00:00:00,0.29654359936800173
2023-07-24 00:00:00,0.29654359936800173
2023-07-25 00:00:00,0.29654359936800173
2023-07-26 00:00:00,0.29654359936800173
2023-07-27 00:00:00,0.29654359936800173
2023-07-28 00:00:00,0.29654359936800173
2023-07-31 00:00:00,0.29654359936800173
2023-08-01 00:00:00,0.29654359936800173
2023-08-02 00:00:00,0.29654359936800173
2023-08-03 00:00:00,0.29654359936800173
2023-08-04 00:00:00,0.29654359936800173
2023-08-07 00:00:00,0.29654359936800173
2023-08-08 00:00:00,0.29654359936800173
2023-08-09 00:00:00,0.29654359936800173
2023-08-10 00:00:00,0.29654359936800173
2023-08-11 00:00:00,0.29654359936800173
2023-08-14 00:00:00,0.29654359936800173
2023-08-15 00:00:00,0.29654359936800173
2023-08-16 00:00:00,0.29654359936800173
2023-08-17 00:00:00,0.29654359936800173
2023-08-18 00:00:00,0.29654359936800173
2023-08-21 00:00:00,0.29654359936800173
2023-08-22 00:00:00,0.29654359936800173
2023-08-23 00:00:00,0.29654359936800173
2023-08-24 00:00:00,0.29654359936800173
2023-08-25 00:00:00,0.29654359936800173
2023-08-28 00:00:00,0.29654359936800173
2023-08-29 00:00:00,0.29654359936800173
2023-08-30 00:00:00,0.29654359936800173
2023-08-31 00:00:00,0.29654359936800173
2023-09-01 00:00:00,0.29654359936800173
2023-09-05 00:00:00,0.29654359936800173
2023-09-06 00:00:00,0.29654359936800173
2023-09-07 00:00:00,0.29654359936800173
2023-09-08 00:00:00,0.29654359936800173
2023-09-11 00:00:00,0.29654359936800173
2023-09-12 00:00:00,0.29654359936800173
2023-09-13 00:00:00,0.29654359936800173
2023-09-14 00:00:00,0.29654359936800173
2023-09-15 00:00:00,0.29654359936800173
2023-09-18 00:00:00,0.29654359936800173
2023-09-19 00:00:00,0.29654359936800173
2023-09-20 00:00:00,0.29654359936800173
2023-09-21 00:00:00,0.29654359936800173
2023-09-22 00:00:00,0.29654359936800173
2023-09-25 00:00:00,0.29654359936800173
2023-09-26 00:00:00,0.29654359936800173
2023-09-27 00:00:00,0.29654359936800173
2023-09-28 00:00:00,0.29654359936800173
2023-09-29 00:00:00,0.2992257301693885
2023-10-02 00:00:00,0.2967673781426925
2023-10-03 00:00:00,0.3019617112465587
2023-10-04 00:00:00,0.29799414800440355
2023-10-05 00:00:00,0.29885770109869114
2023-10-06 00:00:00,0.2939222741422741
2023-10-09 00:00:00,0.29239077465550684
2023-10-10 00:00:00,0.29071983717600697
2023-10-11 00:00:00,0.2885567656045095
2023-10-12 00:00:00,0.28765922253272297
2023-10-13 00:00:00,0.28765922253272297
2023-10-16 00:00:00,0.28547011874442363
2023-10-17 00:00:00,0.2864138074867772
2023-10-18 00:00:00,0.29019783877882366
2023-10-19 00:00:00,0.29285985630124006
2023-10-20 00:00:00,0.29706758510069936
2023-10-23 00:00:00,0.2962223288117545
2023-10-24 00:00:00,0.29350181874000125
2023-10-25 00:00:00,0.3003929650864081
2023-10-26 00:00:00,0.3056285526538502
2023-10-27 00:00:00,0.3043282138569435
2023-10-30 00:00:00,0.3012703150292875
2023-10-31 00:00:00,0.2999542837321062
2023-11-01 00:00:00,0.29517020987425
2023-11-02 00:00:00,0.2900801322610402
2023-11-03 00:00:00,0.28672407592816773
2023-11-06 00:00:00,0.2855414308833201
2023-11-07 00:00:00,0.282797382061155
2023-11-08 00:00:00,0.28260336453360385
2023-11-09 00:00:00,0.28484953079874475
2023-11-10 00:00:00,0.2783208185689683
2023-11-13 00:00:00,0.2783208185689683
2023-11-14 00:00:00,0.2783208185689683
2023-11-15 00:00:00,0.2783208185689683
2023-11-16 00:00:00,0.2783208185689683
2023-11-17 00:00:00,0.2783208185689683
2023-11-20 00:00:00,0.2783208185689683
2023-11-21 00:00:00,0.2783208185689683
2023-11-22 00:00:00,0.2783208185689683
2023-11-24 00:00:00,0.2783208185689683
2023-11-27 00:00:00,0.2783208185689683
2023-11-28 00:00:00,0.2783208185689683
2023-11-29 00:00:00,0.2783208185689683
2023-11-30 00:00:00,0.2783208185689683
2023-12-01 00:00:00,0.2783208185689683
2023-12-04 00:00:00,0.2783208185689683
2023-12-05 00:00:00,0.2783208185689683
2023-12-06 00:00:00,0.2783208185689683
2023-12-07 00:00:00,0.2783208185689683
2023-12-08 00:00:00,0.2783208185689683
2023-12-11 00:00:00,0.2783208185689683
2023-12-12 00:00:00,0.2783208185689683
2023-12-13 00:00:00,0.2783208185689683
2023-12-14 00:00:00,0.2783208185689683
2023-12-15 00:00:00,0.2783208185689683
2023-12-18 00:00:00,0.2783208185689683
2023-12-19 00:00:00,0.2783208185689683
2023-12-20 00:00:00,0.2783208185689683
2023-12-21 00:00:00,0.2783208185689683
2023-12-22 00:00:00,0.2783208185689683
2023-12-26 00:00:00,0.2783208185689683
2023-12-27 00:00:00,0.2783208185689683
2023-12-28 00:00:00,0.2783208185689683
2023-12-29 00:00:00,0.2783208185689683
